reading	surface	categories	sources	reading_evidence	reason	left_id	right_id	verdict	review_note
えいみ	えいみ	character,person	person	https://www.wikidata.org/wiki/Q136443655#P1814;https://www.wikidata.org/wiki/Q27181816#P1814	https://www.wikidata.org/wiki/Q136443655,https://www.wikidata.org/wiki/Q27181816	1851	1851	accepted_after_review	読み・表記・意味分類を確認。各役割の読みを個別に確認
はいしゃふっかつせん	敗者復活戦	event	common	mozc-exact-reading-surface	https://www.wikidata.org/wiki/Q1423755	1851	1851	accepted_after_review	読み・表記・意味分類を確認。具体的な型または根拠付き個別対応を確認
せいどうのきし	青銅の騎士	facility	common	mozc-exact-reading-surface	https://www.wikidata.org/wiki/Q672444	1851	1851	accepted_after_review	読み・表記・意味分類を確認。具体的な型または根拠付き個別対応を確認
しぶやすくらんぶるすくえあ	渋谷スクランブルスクエア	facility	place	https://www.shibuya-scramble-square.com/	lexical-and-confirmed-referents;https://www.shibuya-scramble-square.com/	1851	1851	accepted_after_review	読み・表記・意味分類を確認。具体的な型または根拠付き個別対応を確認
あかさかびずたわー	赤坂Bizタワー	facility	place,neologd	https://www.wikidata.org/wiki/Q5364168	lexical-and-confirmed-referents;https://www.wikidata.org/wiki/Q5364168	1851	1851	accepted_after_review	読み・表記・意味分類を確認。具体的な型または根拠付き個別対応を確認
けいこういん	慶光院	facility,person	common	https://www.wikidata.org/wiki/Q11495108#P1814;https://www.wikidata.org/wiki/Q117306405#P1814	https://www.wikidata.org/wiki/Q11495108,https://www.wikidata.org/wiki/Q117306405	1851	1851	accepted_after_review	読み・表記・意味分類を確認。各役割の読みを個別に確認
ちょうらくじ	長楽寺	facility,place	place	https://www.post.japanpost.jp/service/search/zipcode/download/utf-zip.html;mozc-exact-reading-surface	https://www.wikidata.org/wiki/Q107922354#P31;reading:P1814;categories:facility;https://www.wikidata.org/wiki/Q11653111#P31;reading:P1814;categories:facility;https://www.wikidata.org/wiki/Q11653112#P31;reading:P1814;categories:facility;https://www.wikidata.org/wiki/Q134918710#P31;reading:P1814;categories:facility;https://www.wikidata.org/wiki/Q135417759#P31;reading:P1814;categories:facility;https://www.wikidata.org/wiki/Q135444071#P31;reading:P1814;categories:facility;https://www.wikidata.org/wiki/Q135445770#P31;reading:P1814;categories:facility;https://www.wikidata.org/wiki/Q18338711#P31;reading:P1814;categories:facility;lexical-and-confirmed-referents;https://www.post.japanpost.jp/service/search/zipcode/download/utf-zip.html	1851	1851	accepted_after_review	読み・表記・意味分類を確認。各役割の読みを個別に確認
つうきんらっしゅ	通勤ラッシュ	general	neologd	https://www.wikidata.org/wiki/Q868252	lexical-and-confirmed-referents;https://www.wikidata.org/wiki/Q868252	1851	1851	accepted_after_review	読み・表記・意味分類を確認。具体的な型または根拠付き個別対応を確認
かじょうしょうひ	過剰消費	general	wiki	https://www.wikidata.org/wiki/Q3174091	lexical-and-confirmed-referents;https://www.wikidata.org/wiki/Q3174091	1851	1851	accepted_after_review	読み・表記・意味分類を確認。具体的な型または根拠付き個別対応を確認
おーえ	オーエ	organization	common	mozc-exact-reading-surface	https://www.wikidata.org/wiki/Q11293101	1851	1851	accepted_after_review	読み・表記・意味分類を確認。具体的な型または根拠付き個別対応を確認
だいきょういん	大教院	organization	neologd	mozc-exact-reading-surface	https://www.wikidata.org/wiki/Q11435598	1851	1851	accepted_after_review	読み・表記・意味分類を確認。具体的な型または根拠付き個別対応を確認
たいきょういん	大教院	organization	wiki	mozc-exact-reading-surface	https://www.wikidata.org/wiki/Q11435598	1851	1851	accepted_after_review	読み・表記・意味分類を確認。具体的な型または根拠付き個別対応を確認
おおうら	大浦	organization,person,place	place	https://www.post.japanpost.jp/service/search/zipcode/download/utf-zip.html;mozc-exact-reading-surface	https://www.wikidata.org/wiki/Q39239870#P31;reading:P1814;categories:person;https://www.wikidata.org/wiki/Q92951837#P31;reading:P1814;categories:organization;lexical-and-confirmed-referents;https://www.post.japanpost.jp/service/search/zipcode/download/utf-zip.html	1851	1851	accepted_after_review	読み・表記・意味分類を確認。各役割の読みを個別に確認
たかす	高須	organization,place	place	https://www.post.japanpost.jp/service/search/zipcode/download/utf-zip.html;mozc-exact-reading-surface	https://www.wikidata.org/wiki/Q92953186#P31;reading:P1814;categories:organization;lexical-and-confirmed-referents;https://www.post.japanpost.jp/service/search/zipcode/download/utf-zip.html	1851	1851	accepted_after_review	読み・表記・意味分類を確認。各役割の読みを個別に確認
にしはらだい	西原台	organization,place	place,common	https://www.post.japanpost.jp/service/search/zipcode/download/utf-zip.html	https://www.wikidata.org/wiki/Q11677056#P31;reading:P1814;categories:organization;lexical-and-confirmed-referents;https://www.post.japanpost.jp/service/search/zipcode/download/utf-zip.html	1851	1851	accepted_after_review	読み・表記・意味分類を確認。各役割の読みを個別に確認
ちどり	千鳥	organization,place,work	place	https://www.post.japanpost.jp/service/search/zipcode/download/utf-zip.html;mozc-exact-reading-surface	https://www.wikidata.org/wiki/Q11406898#P31;reading:P1814;categories:work;https://www.wikidata.org/wiki/Q13603384#P31;reading:P1814;categories:organization;lexical-and-confirmed-referents;https://www.post.japanpost.jp/service/search/zipcode/download/utf-zip.html	1851	1851	accepted_after_review	読み・表記・意味分類を確認。各役割の読みを個別に確認
しぇまつお	シェ松尾	organization,product	common	https://www.wikidata.org/wiki/Q11307027#P1814	https://www.wikidata.org/wiki/Q11307027	1851	1851	accepted_after_review	読み・表記・意味分類を確認。各役割の読みを個別に確認
ふぁんざ	FANZA	organization,product	neologd	https://www.wikidata.org/wiki/Q56347583#P1814	https://www.wikidata.org/wiki/Q56347583	1851	1851	accepted_after_review	読み・表記・意味分類を確認。各役割の読みを個別に確認
みっちゃん	みっちゃん	organization,product	person	mozc-exact-reading-surface	https://www.wikidata.org/wiki/Q11279012	1851	1851	accepted_after_review	読み・表記・意味分類を確認。各役割の読みを個別に確認
かいとりだいきち	買取大吉	organization,product	wiki	mozc-exact-reading-surface	https://www.wikidata.org/wiki/Q128991726	1851	1851	accepted_after_review	読み・表記・意味分類を確認。各役割の読みを個別に確認
とみけん	とみけん	person	common	https://www.wikidata.org/wiki/Q26216193#P1814	https://www.wikidata.org/wiki/Q26216193	1851	1851	accepted_after_review	読み・表記・意味分類を確認。姓・名・人物の型を確認
かずはら	數原	person	neologd	https://www.wikidata.org/wiki/Q72277083#P1814	https://www.wikidata.org/wiki/Q72277083	1851	1851	accepted_after_review	読み・表記・意味分類を確認。姓・名・人物の型を確認
としみつ	としみつ	person	person	https://www.wikidata.org/wiki/Q131302484#P1814;https://www.wikidata.org/wiki/Q136213902#P1814;https://www.wikidata.org/wiki/Q7827733#P1814	https://www.wikidata.org/wiki/Q131302484,https://www.wikidata.org/wiki/Q136213902,https://www.wikidata.org/wiki/Q7827733	1851	1851	accepted_after_review	読み・表記・意味分類を確認。姓・名・人物の型を確認
ふぢわら	ふぢわら	person	person,common	https://www.wikidata.org/wiki/Q26000635#P1814	https://www.wikidata.org/wiki/Q26000635	1851	1851	accepted_after_review	読み・表記・意味分類を確認。姓・名・人物の型を確認
みった	みった	person	wiki	https://www.wikidata.org/wiki/Q26229549#P1814	https://www.wikidata.org/wiki/Q26229549	1851	1851	accepted_after_review	読み・表記・意味分類を確認。姓・名・人物の型を確認
おおつぼ	大坪	person,place	place	https://www.post.japanpost.jp/service/search/zipcode/download/utf-zip.html;mozc-exact-reading-surface	https://www.wikidata.org/wiki/Q26212778#P31;reading:P1814;categories:person;lexical-and-confirmed-referents;https://www.post.japanpost.jp/service/search/zipcode/download/utf-zip.html	1851	1851	accepted_after_review	読み・表記・意味分類を確認。各役割の読みを個別に確認
えすける	エスケル	place	common	mozc-exact-reading-surface	https://www.wikidata.org/wiki/Q81656	1851	1851	accepted_after_review	読み・表記・意味分類を確認。日本郵便の正式町域・行政地域（連結住所を保持）
とうきょうとちゅうおうくつきじ	東京都中央区築地	place	neologd	https://www.post.japanpost.jp/service/search/zipcode/download/utf-zip.html	lexical-and-confirmed-referents;https://www.post.japanpost.jp/service/search/zipcode/download/utf-zip.html	1851	1851	accepted_after_review	読み・表記・意味分類を確認。日本郵便の正式町域・行政地域（連結住所を保持）
いさわちょうひがしたかはし	石和町東高橋	place	place	https://www.post.japanpost.jp/service/search/zipcode/download/utf-zip.html	lexical-and-confirmed-referents;https://www.post.japanpost.jp/service/search/zipcode/download/utf-zip.html	1851	1851	accepted_after_review	読み・表記・意味分類を確認。日本郵便の正式町域・行政地域（連結住所を保持）
ふじみまちこぐれ	富士見町小暮	place	place,common	https://www.post.japanpost.jp/service/search/zipcode/download/utf-zip.html	lexical-and-confirmed-referents;https://www.post.japanpost.jp/service/search/zipcode/download/utf-zip.html	1851	1851	accepted_after_review	読み・表記・意味分類を確認。日本郵便の正式町域・行政地域（連結住所を保持）
いしべきた	石部北	place	place,neologd	https://www.post.japanpost.jp/service/search/zipcode/download/utf-zip.html	lexical-and-confirmed-referents;https://www.post.japanpost.jp/service/search/zipcode/download/utf-zip.html	1851	1851	accepted_after_review	読み・表記・意味分類を確認。日本郵便の正式町域・行政地域（連結住所を保持）
たきみなみまち	多気南町	place	place,wiki	https://www.post.japanpost.jp/service/search/zipcode/download/utf-zip.html	lexical-and-confirmed-referents;https://www.post.japanpost.jp/service/search/zipcode/download/utf-zip.html	1851	1851	accepted_after_review	読み・表記・意味分類を確認。日本郵便の正式町域・行政地域（連結住所を保持）
あまぞんうぇぶさーびす	AWS	product	neologd	https://aws.amazon.com/jp/what-is-aws/	lexical-and-confirmed-referents;https://aws.amazon.com/jp/what-is-aws/	1851	1851	accepted_after_review	読み・表記・意味分類を確認。具体的な型または根拠付き個別対応を確認
じゃゔぁ	Java	technical	neologd	https://www.java.com/ja/download/help/whatis_java.html	lexical-and-confirmed-referents;https://www.java.com/ja/download/help/whatis_java.html	1851	1851	accepted_after_review	読み・表記・意味分類を確認。具体的な型または根拠付き個別対応を確認
はなのまち	花の街	work	common	mozc-exact-reading-surface	https://www.wikidata.org/wiki/Q11615058	1851	1851	accepted_after_review	読み・表記・意味分類を確認。具体的な型または根拠付き個別対応を確認
いきたい	生きたい	work	wiki	mozc-exact-reading-surface	https://www.wikidata.org/wiki/Q8003247	1851	1851	accepted_after_review	読み・表記・意味分類を確認。具体的な型または根拠付き個別対応を確認
やぐもじんじゃ	八雲神社	facility,place	place	https://www.post.japanpost.jp/service/search/zipcode/download/utf-zip.html;mozc-exact-reading-surface	https://www.wikidata.org/wiki/Q134603271#P31;reading:P1814;categories:facility;https://www.wikidata.org/wiki/Q134886365#P31;reading:P1814;categories:facility;https://www.wikidata.org/wiki/Q134886929#P31;reading:P1814;categories:facility;https://www.wikidata.org/wiki/Q134887265#P31;reading:P1814;categories:facility;https://www.wikidata.org/wiki/Q134955759#P31;reading:P1814;categories:facility;https://www.wikidata.org/wiki/Q134956114#P31;reading:P1814;categories:facility;https://www.wikidata.org/wiki/Q135154206#P31;reading:P1814;categories:facility;https://www.wikidata.org/wiki/Q135260643#P31;reading:P1814;categories:facility;https://www.wikidata.org/wiki/Q137321737#P31;reading:P1814;categories:facility;https://www.wikidata.org/wiki/Q19754774#P31;reading:P1814;categories:facility;lexical-and-confirmed-referents;https://www.post.japanpost.jp/service/search/zipcode/download/utf-zip.html	1851	1851	accepted_after_review	読み・表記・意味分類を確認。各役割の読みを個別に確認
へきかいでんきてつどう	碧海電気鉄道	organization	common	mozc-exact-reading-surface	https://www.wikidata.org/wiki/Q24886494	1851	1851	accepted_after_review	読み・表記・意味分類を確認。具体的な型または根拠付き個別対応を確認
あさひ	旭	organization,person,place	place	https://www.post.japanpost.jp/service/search/zipcode/download/utf-zip.html;mozc-exact-reading-surface	https://www.wikidata.org/wiki/Q27263513#P31;reading:P1814;categories:person;https://www.wikidata.org/wiki/Q92951207#P31;reading:P1814;categories:organization;lexical-and-confirmed-referents;https://www.post.japanpost.jp/service/search/zipcode/download/utf-zip.html	1851	1851	accepted_after_review	読み・表記・意味分類を確認。各役割の読みを個別に確認
つちはし	土橋	organization,place	place	https://www.post.japanpost.jp/service/search/zipcode/download/utf-zip.html;mozc-exact-reading-surface	https://www.wikidata.org/wiki/Q92951158#P31;reading:P1814;categories:organization;lexical-and-confirmed-referents;https://www.post.japanpost.jp/service/search/zipcode/download/utf-zip.html	1851	1851	accepted_after_review	読み・表記・意味分類を確認。各役割の読みを個別に確認
きょうとかつぎゅう	京都勝牛	organization,product	common	https://www.wikidata.org/wiki/Q28682444#P1814	https://www.wikidata.org/wiki/Q28682444	1851	1851	accepted_after_review	読み・表記・意味分類を確認。各役割の読みを個別に確認
じょいさうんど	JOYSOUND	organization,product	neologd	https://www.wikidata.org/wiki/Q11226033#P1814	https://www.wikidata.org/wiki/Q11226033	1851	1851	accepted_after_review	読み・表記・意味分類を確認。各役割の読みを個別に確認
ゆきりん	YukiRing	organization,product	wiki	https://www.wikidata.org/wiki/Q4301358#P1814	https://www.wikidata.org/wiki/Q4301358	1851	1851	accepted_after_review	読み・表記・意味分類を確認。各役割の読みを個別に確認
おおやしま	大八洲	person	common	https://www.wikidata.org/wiki/Q39239747#P1814	https://www.wikidata.org/wiki/Q39239747	1851	1851	accepted_after_review	読み・表記・意味分類を確認。姓・名・人物の型を確認
ともはる	具治	person	neologd	https://www.wikidata.org/wiki/Q29965137#P1814	https://www.wikidata.org/wiki/Q29965137	1851	1851	accepted_after_review	読み・表記・意味分類を確認。姓・名・人物の型を確認
ゆめこ	ゆめこ	person	person	https://www.wikidata.org/wiki/Q140317376#P1814	https://www.wikidata.org/wiki/Q140317376	1851	1851	accepted_after_review	読み・表記・意味分類を確認。姓・名・人物の型を確認
かみぢ	かみぢ	person	wiki	https://www.wikidata.org/wiki/Q26448695#P1814	https://www.wikidata.org/wiki/Q26448695	1851	1851	accepted_after_review	読み・表記・意味分類を確認。姓・名・人物の型を確認
おおまつ	大松	person,place	place	https://www.post.japanpost.jp/service/search/zipcode/download/utf-zip.html;mozc-exact-reading-surface	https://www.wikidata.org/wiki/Q136647920#P31;reading:P1814;categories:person;lexical-and-confirmed-referents;https://www.post.japanpost.jp/service/search/zipcode/download/utf-zip.html	1851	1851	accepted_after_review	読み・表記・意味分類を確認。各役割の読みを個別に確認
けふぁろにあとう	ケファロニア島	place	common	mozc-exact-reading-surface	https://www.wikidata.org/wiki/Q178488	1851	1851	accepted_after_review	読み・表記・意味分類を確認。日本郵便の正式町域・行政地域（連結住所を保持）
いわてけんもりおかしあおやま	岩手県盛岡市青山	place	neologd	https://www.post.japanpost.jp/service/search/zipcode/download/utf-zip.html	lexical-and-confirmed-referents;https://www.post.japanpost.jp/service/search/zipcode/download/utf-zip.html	1851	1851	accepted_after_review	読み・表記・意味分類を確認。日本郵便の正式町域・行政地域（連結住所を保持）
かめがわしのゆまち	亀川四の湯町	place	place	https://www.post.japanpost.jp/service/search/zipcode/download/utf-zip.html	lexical-and-confirmed-referents;https://www.post.japanpost.jp/service/search/zipcode/download/utf-zip.html	1851	1851	accepted_after_review	読み・表記・意味分類を確認。日本郵便の正式町域・行政地域（連結住所を保持）
いけだちょうはやし	池田町ハヤシ	place	place,common	https://www.post.japanpost.jp/service/search/zipcode/download/utf-zip.html	lexical-and-confirmed-referents;https://www.post.japanpost.jp/service/search/zipcode/download/utf-zip.html	1851	1851	accepted_after_review	読み・表記・意味分類を確認。日本郵便の正式町域・行政地域（連結住所を保持）
さかうちひろせ	坂内広瀬	place	place,neologd	https://www.post.japanpost.jp/service/search/zipcode/download/utf-zip.html	lexical-and-confirmed-referents;https://www.post.japanpost.jp/service/search/zipcode/download/utf-zip.html	1851	1851	accepted_after_review	読み・表記・意味分類を確認。日本郵便の正式町域・行政地域（連結住所を保持）
たいけいじちょう	大慶寺町	place	place,wiki	https://www.post.japanpost.jp/service/search/zipcode/download/utf-zip.html	lexical-and-confirmed-referents;https://www.post.japanpost.jp/service/search/zipcode/download/utf-zip.html	1851	1851	accepted_after_review	読み・表記・意味分類を確認。日本郵便の正式町域・行政地域（連結住所を保持）
じゃば	Java	technical	neologd	https://www.java.com/ja/download/help/whatis_java.html	lexical-and-confirmed-referents;https://www.java.com/ja/download/help/whatis_java.html	1851	1851	accepted_after_review	読み・表記・意味分類を確認。具体的な型または根拠付き個別対応を確認
じょうどじ	浄土寺	facility,place	place	https://www.post.japanpost.jp/service/search/zipcode/download/utf-zip.html;mozc-exact-reading-surface	https://www.wikidata.org/wiki/Q106836762#P31;reading:P1814;categories:facility;https://www.wikidata.org/wiki/Q116053694#P31;reading:P1814;categories:facility;https://www.wikidata.org/wiki/Q134918288#P31;reading:P1814;categories:facility;https://www.wikidata.org/wiki/Q85881945#P31;reading:P1814;categories:facility;lexical-and-confirmed-referents;https://www.post.japanpost.jp/service/search/zipcode/download/utf-zip.html	1851	1851	accepted_after_review	読み・表記・意味分類を確認。各役割の読みを個別に確認
あくそん	アクソン	organization	common	mozc-exact-reading-surface	https://www.wikidata.org/wiki/Q690604	1851	1851	accepted_after_review	読み・表記・意味分類を確認。具体的な型または根拠付き個別対応を確認
みなみ	南	organization,person,place	place	https://www.post.japanpost.jp/service/search/zipcode/download/utf-zip.html;mozc-exact-reading-surface	https://www.wikidata.org/wiki/Q11407276#P31;reading:P1814;categories:place;https://www.wikidata.org/wiki/Q11676573#P31;reading:P1814;categories:organization;https://www.wikidata.org/wiki/Q139328935#P31;reading:P1814;categories:person;https://www.wikidata.org/wiki/Q24090532#P31;reading:P1814;categories:person;https://www.wikidata.org/wiki/Q92953194#P31;reading:P1814;categories:organization;lexical-and-confirmed-referents;https://www.post.japanpost.jp/service/search/zipcode/download/utf-zip.html	1851	1851	accepted_after_review	読み・表記・意味分類を確認。各役割の読みを個別に確認
やましろおんせん	山代温泉	organization,place	place	https://www.post.japanpost.jp/service/search/zipcode/download/utf-zip.html;mozc-exact-reading-surface	https://www.wikidata.org/wiki/Q11466275#P31;reading:P1814;categories:organization;lexical-and-confirmed-referents;https://www.post.japanpost.jp/service/search/zipcode/download/utf-zip.html	1851	1851	accepted_after_review	読み・表記・意味分類を確認。各役割の読みを個別に確認
ぎっとはぶ	GitHub	organization,product	neologd	https://www.wikidata.org/wiki/Q364#P1814	https://www.wikidata.org/wiki/Q364	1851	1851	accepted_after_review	読み・表記・意味分類を確認。各役割の読みを個別に確認
とちあずま	栃東	person	common	https://www.wikidata.org/wiki/Q16640621#P1814	https://www.wikidata.org/wiki/Q16640621	1851	1851	accepted_after_review	読み・表記・意味分類を確認。姓・名・人物の型を確認
やすちか	安親	person	neologd	https://www.wikidata.org/wiki/Q139570293#P1814	https://www.wikidata.org/wiki/Q139570293	1851	1851	accepted_after_review	読み・表記・意味分類を確認。姓・名・人物の型を確認
けんや	けんや	person	person	https://www.wikidata.org/wiki/Q123910238#P1814;https://www.wikidata.org/wiki/Q137973049#P1814	https://www.wikidata.org/wiki/Q123910238,https://www.wikidata.org/wiki/Q137973049	1851	1851	accepted_after_review	読み・表記・意味分類を確認。姓・名・人物の型を確認
もにえ	モニエ	person	wiki	mozc-exact-reading-surface	https://www.wikidata.org/wiki/Q21512228	1851	1851	accepted_after_review	読み・表記・意味分類を確認。姓・名・人物の型を確認
なかまち	中町	person,place	place	https://www.post.japanpost.jp/service/search/zipcode/download/utf-zip.html;mozc-exact-reading-surface	https://www.wikidata.org/wiki/Q11366784#P31;reading:P1814;categories:place;https://www.wikidata.org/wiki/Q11366790#P31;reading:P1814;categories:place;https://www.wikidata.org/wiki/Q11366791#P31;reading:P1814;categories:place;https://www.wikidata.org/wiki/Q130222035#P31;reading:P1814;categories:person;https://www.wikidata.org/wiki/Q137797036#P31;reading:P1814;categories:place;lexical-and-confirmed-referents;https://www.post.japanpost.jp/service/search/zipcode/download/utf-zip.html	1851	1851	accepted_after_review	読み・表記・意味分類を確認。各役割の読みを個別に確認
とうきょうときたくあかばね	東京都北区赤羽	place	common	https://www.post.japanpost.jp/service/search/zipcode/download/utf-zip.html	lexical-and-confirmed-referents;https://www.post.japanpost.jp/service/search/zipcode/download/utf-zip.html	1851	1851	accepted_after_review	読み・表記・意味分類を確認。日本郵便の正式町域・行政地域（連結住所を保持）
とうきょうとみなとく	東京都港区	place	neologd	https://www.post.japanpost.jp/service/search/zipcode/download/utf-zip.html	lexical-and-confirmed-referents;https://www.post.japanpost.jp/service/search/zipcode/download/utf-zip.html	1851	1851	accepted_after_review	読み・表記・意味分類を確認。日本郵便の正式町域・行政地域（連結住所を保持）
とやましふちゅうまちねむのき	富山市婦中町ねむの木	place	place	https://www.post.japanpost.jp/service/search/zipcode/download/utf-zip.html	lexical-and-confirmed-referents;https://www.post.japanpost.jp/service/search/zipcode/download/utf-zip.html	1851	1851	accepted_after_review	読み・表記・意味分類を確認。日本郵便の正式町域・行政地域（連結住所を保持）
みなくちちょうもとあやの	水口町本綾野	place	place,common	https://www.post.japanpost.jp/service/search/zipcode/download/utf-zip.html	lexical-and-confirmed-referents;https://www.post.japanpost.jp/service/search/zipcode/download/utf-zip.html	1851	1851	accepted_after_review	読み・表記・意味分類を確認。日本郵便の正式町域・行政地域（連結住所を保持）
ひがしこうぎょうだんち	東工業団地	place	place,neologd	https://www.post.japanpost.jp/service/search/zipcode/download/utf-zip.html	lexical-and-confirmed-referents;https://www.post.japanpost.jp/service/search/zipcode/download/utf-zip.html	1851	1851	accepted_after_review	読み・表記・意味分類を確認。日本郵便の正式町域・行政地域（連結住所を保持）
こまるちょう	小丸町	place	place,wiki	https://www.post.japanpost.jp/service/search/zipcode/download/utf-zip.html	lexical-and-confirmed-referents;https://www.post.japanpost.jp/service/search/zipcode/download/utf-zip.html	1851	1851	accepted_after_review	読み・表記・意味分類を確認。日本郵便の正式町域・行政地域（連結住所を保持）
ぱいそん	Python	technical	neologd	https://www.python.jp/pages/about.html	lexical-and-confirmed-referents;https://www.python.jp/pages/about.html	1851	1851	accepted_after_review	読み・表記・意味分類を確認。具体的な型または根拠付き個別対応を確認
まんねんじ	万年寺	facility,place	place	https://www.post.japanpost.jp/service/search/zipcode/download/utf-zip.html	https://www.wikidata.org/wiki/Q135115544#P31;reading:P1814;categories:facility;lexical-and-confirmed-referents;https://www.post.japanpost.jp/service/search/zipcode/download/utf-zip.html	1851	1851	accepted_after_review	読み・表記・意味分類を確認。各役割の読みを個別に確認
もりのがっこう	森の学校	organization	common	mozc-exact-reading-surface	https://www.wikidata.org/wiki/Q11539079	1851	1851	accepted_after_review	読み・表記・意味分類を確認。具体的な型または根拠付き個別対応を確認
かさぎ	笠木	organization,person,place	place	https://www.post.japanpost.jp/service/search/zipcode/download/utf-zip.html;mozc-exact-reading-surface	https://www.wikidata.org/wiki/Q40103103#P31;reading:P1814;categories:person;https://www.wikidata.org/wiki/Q92953321#P31;reading:P1814;categories:organization;lexical-and-confirmed-referents;https://www.post.japanpost.jp/service/search/zipcode/download/utf-zip.html	1851	1851	accepted_after_review	読み・表記・意味分類を確認。各役割の読みを個別に確認
ほんみょう	本名	organization,place	place	https://www.post.japanpost.jp/service/search/zipcode/download/utf-zip.html;mozc-exact-reading-surface	https://www.wikidata.org/wiki/Q11676610#P31;reading:P1814;categories:organization;lexical-and-confirmed-referents;https://www.post.japanpost.jp/service/search/zipcode/download/utf-zip.html	1851	1851	accepted_after_review	読み・表記・意味分類を確認。各役割の読みを個別に確認
どらまじっくす	Dramagix	organization,product	neologd	https://www.wikidata.org/wiki/Q11197158#P1814	https://www.wikidata.org/wiki/Q11197158	1851	1851	accepted_after_review	読み・表記・意味分類を確認。各役割の読みを個別に確認
くしむ	クシム	person	common	mozc-exact-reading-surface	https://www.wikidata.org/wiki/Q28220082	1851	1851	accepted_after_review	読み・表記・意味分類を確認。姓・名・人物の型を確認
たたみや	田々宮	person	neologd	https://www.wikidata.org/wiki/Q40105111#P1814	https://www.wikidata.org/wiki/Q40105111	1851	1851	accepted_after_review	読み・表記・意味分類を確認。姓・名・人物の型を確認
ゆきひこ	ゆきひこ	person	person	https://www.wikidata.org/wiki/Q136645133#P1814	https://www.wikidata.org/wiki/Q136645133	1851	1851	accepted_after_review	読み・表記・意味分類を確認。姓・名・人物の型を確認
いーそん	イーソン	person	wiki	mozc-exact-reading-surface	https://www.wikidata.org/wiki/Q37469834	1851	1851	accepted_after_review	読み・表記・意味分類を確認。姓・名・人物の型を確認
よしわら	よしわら	person,place	place	https://www.post.japanpost.jp/service/search/zipcode/download/utf-zip.html	https://www.wikidata.org/wiki/Q26203157#P31;reading:P1814;categories:person;lexical-and-confirmed-referents;https://www.post.japanpost.jp/service/search/zipcode/download/utf-zip.html	1851	1851	accepted_after_review	読み・表記・意味分類を確認。各役割の読みを個別に確認
とうきょうときたく	東京都北区	place	neologd	https://www.post.japanpost.jp/service/search/zipcode/download/utf-zip.html	lexical-and-confirmed-referents;https://www.post.japanpost.jp/service/search/zipcode/download/utf-zip.html	1851	1851	accepted_after_review	読み・表記・意味分類を確認。日本郵便の正式町域・行政地域（連結住所を保持）
みなみうわぐんあいなんちょうなかのかわ	南宇和郡愛南町中川	place	place	https://www.post.japanpost.jp/service/search/zipcode/download/utf-zip.html	lexical-and-confirmed-referents;https://www.post.japanpost.jp/service/search/zipcode/download/utf-zip.html	1851	1851	accepted_after_review	読み・表記・意味分類を確認。日本郵便の正式町域・行政地域（連結住所を保持）
ふじみまちみなざわ	富士見町皆沢	place	place,common	https://www.post.japanpost.jp/service/search/zipcode/download/utf-zip.html	lexical-and-confirmed-referents;https://www.post.japanpost.jp/service/search/zipcode/download/utf-zip.html	1851	1851	accepted_after_review	読み・表記・意味分類を確認。日本郵便の正式町域・行政地域（連結住所を保持）
さぎやまひがし	鷺山東	place	place,neologd	https://www.post.japanpost.jp/service/search/zipcode/download/utf-zip.html	lexical-and-confirmed-referents;https://www.post.japanpost.jp/service/search/zipcode/download/utf-zip.html	1851	1851	accepted_after_review	読み・表記・意味分類を確認。日本郵便の正式町域・行政地域（連結住所を保持）
しんまいこひがしまち	新舞子東町	place	place,wiki	https://www.post.japanpost.jp/service/search/zipcode/download/utf-zip.html	lexical-and-confirmed-referents;https://www.post.japanpost.jp/service/search/zipcode/download/utf-zip.html	1851	1851	accepted_after_review	読み・表記・意味分類を確認。日本郵便の正式町域・行政地域（連結住所を保持）
うぇぶじーえる	WebGL	technical	neologd	https://www.wikidata.org/wiki/Q375913#P1814	https://www.wikidata.org/wiki/Q375913	1851	1851	accepted_after_review	読み・表記・意味分類を確認。具体的な型または根拠付き個別対応を確認
そうこうじ	宗光寺	facility,place	place	https://www.post.japanpost.jp/service/search/zipcode/download/utf-zip.html;mozc-exact-reading-surface	https://www.wikidata.org/wiki/Q131991589#P31;reading:P1814;categories:facility;https://www.wikidata.org/wiki/Q135217804#P31;reading:P1814;categories:facility;lexical-and-confirmed-referents;https://www.post.japanpost.jp/service/search/zipcode/download/utf-zip.html	1851	1851	accepted_after_review	読み・表記・意味分類を確認。各役割の読みを個別に確認
にしの	西野	organization,person,place	place	https://www.post.japanpost.jp/service/search/zipcode/download/utf-zip.html;mozc-exact-reading-surface	https://www.wikidata.org/wiki/Q26157583#P31;reading:P1814;categories:person;https://www.wikidata.org/wiki/Q92954004#P31;reading:P1814;categories:organization;lexical-and-confirmed-referents;https://www.post.japanpost.jp/service/search/zipcode/download/utf-zip.html	1851	1851	accepted_after_review	読み・表記・意味分類を確認。各役割の読みを個別に確認
たかのす	鷹巣	organization,place	place	https://www.post.japanpost.jp/service/search/zipcode/download/utf-zip.html;mozc-exact-reading-surface	https://www.wikidata.org/wiki/Q92952592#P31;reading:P1814;categories:organization;https://www.wikidata.org/wiki/Q92955389#P31;reading:P1814;categories:organization;lexical-and-confirmed-referents;https://www.post.japanpost.jp/service/search/zipcode/download/utf-zip.html	1851	1851	accepted_after_review	読み・表記・意味分類を確認。各役割の読みを個別に確認
むーんすとーん	MOONSTONE	organization,product	neologd	https://www.wikidata.org/wiki/Q1134504#P1814	https://www.wikidata.org/wiki/Q1134504	1851	1851	accepted_after_review	読み・表記・意味分類を確認。各役割の読みを個別に確認
らっかす	ラッカス	person	common	mozc-exact-reading-surface	https://www.wikidata.org/wiki/Q4381991	1851	1851	accepted_after_review	読み・表記・意味分類を確認。姓・名・人物の型を確認
ひろまさ	太将	person	neologd	https://www.wikidata.org/wiki/Q127869115#P1814	https://www.wikidata.org/wiki/Q127869115	1851	1851	accepted_after_review	読み・表記・意味分類を確認。姓・名・人物の型を確認
かなまる	かなまる	person	person	https://www.wikidata.org/wiki/Q26229812#P1814	https://www.wikidata.org/wiki/Q26229812	1851	1851	accepted_after_review	読み・表記・意味分類を確認。姓・名・人物の型を確認
あらず	あらず	person	wiki	https://www.wikidata.org/wiki/Q27306981#P1814	https://www.wikidata.org/wiki/Q27306981	1851	1851	accepted_after_review	読み・表記・意味分類を確認。姓・名・人物の型を確認
かなおか	金岡	person,place	place	https://www.post.japanpost.jp/service/search/zipcode/download/utf-zip.html;mozc-exact-reading-surface	https://www.wikidata.org/wiki/Q27168984#P31;reading:P1814;categories:person;lexical-and-confirmed-referents;https://www.post.japanpost.jp/service/search/zipcode/download/utf-zip.html	1851	1851	accepted_after_review	読み・表記・意味分類を確認。各役割の読みを個別に確認
こうしゅうしえんざんおやしき	甲州市塩山小屋敷	place	place	https://www.post.japanpost.jp/service/search/zipcode/download/utf-zip.html	lexical-and-confirmed-referents;https://www.post.japanpost.jp/service/search/zipcode/download/utf-zip.html	1851	1851	accepted_after_review	読み・表記・意味分類を確認。日本郵便の正式町域・行政地域（連結住所を保持）
かすかわまちおなぶち	粕川町女渕	place	place,common	https://www.post.japanpost.jp/service/search/zipcode/download/utf-zip.html	lexical-and-confirmed-referents;https://www.post.japanpost.jp/service/search/zipcode/download/utf-zip.html	1851	1851	accepted_after_review	読み・表記・意味分類を確認。日本郵便の正式町域・行政地域（連結住所を保持）
わにいまじゅく	和邇今宿	place	place,neologd	https://www.post.japanpost.jp/service/search/zipcode/download/utf-zip.html	lexical-and-confirmed-referents;https://www.post.japanpost.jp/service/search/zipcode/download/utf-zip.html	1851	1851	accepted_after_review	読み・表記・意味分類を確認。日本郵便の正式町域・行政地域（連結住所を保持）
なかかわらまち	中瓦町	place	place,wiki	https://www.post.japanpost.jp/service/search/zipcode/download/utf-zip.html	lexical-and-confirmed-referents;https://www.post.japanpost.jp/service/search/zipcode/download/utf-zip.html	1851	1851	accepted_after_review	読み・表記・意味分類を確認。日本郵便の正式町域・行政地域（連結住所を保持）
ちゅうおうどおり	中央通り	facility,place	place	https://www.post.japanpost.jp/service/search/zipcode/download/utf-zip.html;mozc-exact-reading-surface	https://www.wikidata.org/wiki/Q10875123#P31;reading:P1814;categories:facility;lexical-and-confirmed-referents;https://www.post.japanpost.jp/service/search/zipcode/download/utf-zip.html	1851	1851	accepted_after_review	読み・表記・意味分類を確認。各役割の読みを個別に確認
たいせい	大成	organization,person,place	place	https://www.post.japanpost.jp/service/search/zipcode/download/utf-zip.html;mozc-exact-reading-surface	https://www.wikidata.org/wiki/Q136457342#P31;reading:P1814;categories:person;https://www.wikidata.org/wiki/Q92951314#P31;reading:P1814;categories:organization;lexical-and-confirmed-referents;https://www.post.japanpost.jp/service/search/zipcode/download/utf-zip.html	1851	1851	accepted_after_review	読み・表記・意味分類を確認。各役割の読みを個別に確認
よしだ	吉田	organization,place	place	https://www.post.japanpost.jp/service/search/zipcode/download/utf-zip.html;mozc-exact-reading-surface	https://www.wikidata.org/wiki/Q11676578#P31;reading:P1814;categories:organization;lexical-and-confirmed-referents;https://www.post.japanpost.jp/service/search/zipcode/download/utf-zip.html	1851	1851	accepted_after_review	読み・表記・意味分類を確認。各役割の読みを個別に確認
びーうぃー	BEWE	organization,product	neologd	https://www.wikidata.org/wiki/Q11191151#P1814	https://www.wikidata.org/wiki/Q11191151	1851	1851	accepted_after_review	読み・表記・意味分類を確認。各役割の読みを個別に確認
ひゅうず	ひゅうず	person	common	https://www.wikidata.org/wiki/Q26447012#P1814	https://www.wikidata.org/wiki/Q26447012	1851	1851	accepted_after_review	読み・表記・意味分類を確認。姓・名・人物の型を確認
まちだ	街田	person	neologd	https://www.wikidata.org/wiki/Q124527939#P1814	https://www.wikidata.org/wiki/Q124527939	1851	1851	accepted_after_review	読み・表記・意味分類を確認。姓・名・人物の型を確認
ひゅうが	ひゅうが	person	person	https://www.wikidata.org/wiki/Q133285390#P1814;https://www.wikidata.org/wiki/Q1641747#P1814;https://www.wikidata.org/wiki/Q26447820#P1814	https://www.wikidata.org/wiki/Q133285390,https://www.wikidata.org/wiki/Q26447820	1851	1851	accepted_after_review	読み・表記・意味分類を確認。姓・名・人物の型を確認
とむりん	トムリン	person	wiki	mozc-exact-reading-surface	https://www.wikidata.org/wiki/Q21493221	1851	1851	accepted_after_review	読み・表記・意味分類を確認。姓・名・人物の型を確認
ほりのうち	堀之内	person,place	place	https://www.post.japanpost.jp/service/search/zipcode/download/utf-zip.html;mozc-exact-reading-surface	https://www.wikidata.org/wiki/Q27157295#P31;reading:P1814;categories:person;lexical-and-confirmed-referents;https://www.post.japanpost.jp/service/search/zipcode/download/utf-zip.html	1851	1851	accepted_after_review	読み・表記・意味分類を確認。各役割の読みを個別に確認
わかやましもとまちぶぎょうちょう	和歌山市元町奉行丁	place	place	https://www.post.japanpost.jp/service/search/zipcode/download/utf-zip.html	lexical-and-confirmed-referents;https://www.post.japanpost.jp/service/search/zipcode/download/utf-zip.html	1851	1851	accepted_after_review	読み・表記・意味分類を確認。日本郵便の正式町域・行政地域（連結住所を保持）
きしだちょう	岸田町	place	place,common	https://www.post.japanpost.jp/service/search/zipcode/download/utf-zip.html	lexical-and-confirmed-referents;https://www.post.japanpost.jp/service/search/zipcode/download/utf-zip.html	1851	1851	accepted_after_review	読み・表記・意味分類を確認。日本郵便の正式町域・行政地域（連結住所を保持）
とよさとなか	豊郷中	place	place,neologd	https://www.post.japanpost.jp/service/search/zipcode/download/utf-zip.html	lexical-and-confirmed-referents;https://www.post.japanpost.jp/service/search/zipcode/download/utf-zip.html	1851	1851	accepted_after_review	読み・表記・意味分類を確認。日本郵便の正式町域・行政地域（連結住所を保持）
やくらちょう	矢倉町	place	place,wiki	https://www.post.japanpost.jp/service/search/zipcode/download/utf-zip.html	lexical-and-confirmed-referents;https://www.post.japanpost.jp/service/search/zipcode/download/utf-zip.html	1851	1851	accepted_after_review	読み・表記・意味分類を確認。日本郵便の正式町域・行政地域（連結住所を保持）
しょうほうじ	正法寺	facility,place	place	https://www.post.japanpost.jp/service/search/zipcode/download/utf-zip.html;mozc-exact-reading-surface	https://www.wikidata.org/wiki/Q115100762#P31;reading:P1814;categories:facility;https://www.wikidata.org/wiki/Q131323999#P31;reading:P1814;categories:facility;https://www.wikidata.org/wiki/Q135115450#P31;reading:P1814;categories:facility;https://www.wikidata.org/wiki/Q135433011#P31;reading:P1814;categories:facility;https://www.wikidata.org/wiki/Q135708230#P31;reading:P1814;categories:facility;https://www.wikidata.org/wiki/Q29408023#P31;reading:P1814;categories:facility;lexical-and-confirmed-referents;https://www.post.japanpost.jp/service/search/zipcode/download/utf-zip.html	1851	1851	accepted_after_review	読み・表記・意味分類を確認。各役割の読みを個別に確認
きたやま	北山	organization,person,place	place	https://www.post.japanpost.jp/service/search/zipcode/download/utf-zip.html;mozc-exact-reading-surface	https://www.wikidata.org/wiki/Q11447611#P31;reading:P1814;categories:organization;https://www.wikidata.org/wiki/Q26215462#P31;reading:P1814;categories:person;lexical-and-confirmed-referents;https://www.post.japanpost.jp/service/search/zipcode/download/utf-zip.html	1851	1851	accepted_after_review	読み・表記・意味分類を確認。各役割の読みを個別に確認
やまだ	山田	organization,place	place	https://www.post.japanpost.jp/service/search/zipcode/download/utf-zip.html;mozc-exact-reading-surface	https://www.wikidata.org/wiki/Q11447616#P31;reading:P1814;categories:organization;lexical-and-confirmed-referents;https://www.post.japanpost.jp/service/search/zipcode/download/utf-zip.html	1851	1851	accepted_after_review	読み・表記・意味分類を確認。各役割の読みを個別に確認
しんじゅん	真淳	person	common	https://www.wikidata.org/wiki/Q118545055#P1814	https://www.wikidata.org/wiki/Q118545055	1851	1851	accepted_after_review	読み・表記・意味分類を確認。姓・名・人物の型を確認
めいさ	芽衣咲	person	neologd	https://www.wikidata.org/wiki/Q127608811#P1814	https://www.wikidata.org/wiki/Q127608811	1851	1851	accepted_after_review	読み・表記・意味分類を確認。姓・名・人物の型を確認
もえか	もえか	person	person	https://www.wikidata.org/wiki/Q140134613#P1814	https://www.wikidata.org/wiki/Q140134613	1851	1851	accepted_after_review	読み・表記・意味分類を確認。姓・名・人物の型を確認
ふがし	ふがし	person	wiki	https://www.wikidata.org/wiki/Q26216190#P1814	https://www.wikidata.org/wiki/Q26216190	1851	1851	accepted_after_review	読み・表記・意味分類を確認。姓・名・人物の型を確認
しもやま	下山	person,place	place	https://www.post.japanpost.jp/service/search/zipcode/download/utf-zip.html;mozc-exact-reading-surface	https://www.wikidata.org/wiki/Q26216088#P31;reading:P1814;categories:person;lexical-and-confirmed-referents;https://www.post.japanpost.jp/service/search/zipcode/download/utf-zip.html	1851	1851	accepted_after_review	読み・表記・意味分類を確認。各役割の読みを個別に確認
やいづしかたのかみ	焼津市方ノ上	place	place	https://www.post.japanpost.jp/service/search/zipcode/download/utf-zip.html	lexical-and-confirmed-referents;https://www.post.japanpost.jp/service/search/zipcode/download/utf-zip.html	1851	1851	accepted_after_review	読み・表記・意味分類を確認。日本郵便の正式町域・行政地域（連結住所を保持）
まついだまちこくが	松井田町国衙	place	place,common	https://www.post.japanpost.jp/service/search/zipcode/download/utf-zip.html	lexical-and-confirmed-referents;https://www.post.japanpost.jp/service/search/zipcode/download/utf-zip.html	1851	1851	accepted_after_review	読み・表記・意味分類を確認。日本郵便の正式町域・行政地域（連結住所を保持）
ひだかちょうえばら	日高町江原	place	place,neologd	https://www.post.japanpost.jp/service/search/zipcode/download/utf-zip.html	lexical-and-confirmed-referents;https://www.post.japanpost.jp/service/search/zipcode/download/utf-zip.html	1851	1851	accepted_after_review	読み・表記・意味分類を確認。日本郵便の正式町域・行政地域（連結住所を保持）
なかやまうしろちょう	那加山後町	place	place,wiki	https://www.post.japanpost.jp/service/search/zipcode/download/utf-zip.html	lexical-and-confirmed-referents;https://www.post.japanpost.jp/service/search/zipcode/download/utf-zip.html	1851	1851	accepted_after_review	読み・表記・意味分類を確認。日本郵便の正式町域・行政地域（連結住所を保持）
だいほうじ	大宝寺	facility,place	place	https://www.post.japanpost.jp/service/search/zipcode/download/utf-zip.html;mozc-exact-reading-surface	https://www.wikidata.org/wiki/Q11434511#P31;reading:P1814;categories:facility;https://www.wikidata.org/wiki/Q135446495#P31;reading:P1814;categories:facility;lexical-and-confirmed-referents;https://www.post.japanpost.jp/service/search/zipcode/download/utf-zip.html	1851	1851	accepted_after_review	読み・表記・意味分類を確認。各役割の読みを個別に確認
たかおか	高岡	organization,person,place	place	https://www.post.japanpost.jp/service/search/zipcode/download/utf-zip.html;mozc-exact-reading-surface	https://www.wikidata.org/wiki/Q17225778#P31;reading:P1814;categories:place;https://www.wikidata.org/wiki/Q26215280#P31;reading:P1814;categories:person;https://www.wikidata.org/wiki/Q92953276#P31;reading:P1814;categories:organization;lexical-and-confirmed-referents;https://www.post.japanpost.jp/service/search/zipcode/download/utf-zip.html	1851	1851	accepted_after_review	読み・表記・意味分類を確認。各役割の読みを個別に確認
よしまつ	吉松	organization,place	place	https://www.post.japanpost.jp/service/search/zipcode/download/utf-zip.html;mozc-exact-reading-surface	https://www.wikidata.org/wiki/Q92952740#P31;reading:P1814;categories:organization;lexical-and-confirmed-referents;https://www.post.japanpost.jp/service/search/zipcode/download/utf-zip.html	1851	1851	accepted_after_review	読み・表記・意味分類を確認。各役割の読みを個別に確認
たてかぶと	楯甲	person	common	https://www.wikidata.org/wiki/Q40160609#P1814	https://www.wikidata.org/wiki/Q40160609	1851	1851	accepted_after_review	読み・表記・意味分類を確認。姓・名・人物の型を確認
きよえ	貴世江	person	neologd	https://www.wikidata.org/wiki/Q81196895#P1814	https://www.wikidata.org/wiki/Q81196895	1851	1851	accepted_after_review	読み・表記・意味分類を確認。姓・名・人物の型を確認
ゆずの	ゆずの	person	person	https://www.wikidata.org/wiki/Q127608820#P1814	https://www.wikidata.org/wiki/Q127608820	1851	1851	accepted_after_review	読み・表記・意味分類を確認。姓・名・人物の型を確認
おおだいら	大平	person,place	place	https://www.post.japanpost.jp/service/search/zipcode/download/utf-zip.html;mozc-exact-reading-surface	https://www.wikidata.org/wiki/Q26203370#P31;reading:P1814;categories:person;lexical-and-confirmed-referents;https://www.post.japanpost.jp/service/search/zipcode/download/utf-zip.html	1851	1851	accepted_after_review	読み・表記・意味分類を確認。各役割の読みを個別に確認
ぎょうだしかみいけもり	行田市上池守	place	place	https://www.post.japanpost.jp/service/search/zipcode/download/utf-zip.html	lexical-and-confirmed-referents;https://www.post.japanpost.jp/service/search/zipcode/download/utf-zip.html	1851	1851	accepted_after_review	読み・表記・意味分類を確認。日本郵便の正式町域・行政地域（連結住所を保持）
きたしおみざか	北汐見坂	place	place,common	https://www.post.japanpost.jp/service/search/zipcode/download/utf-zip.html	lexical-and-confirmed-referents;https://www.post.japanpost.jp/service/search/zipcode/download/utf-zip.html	1851	1851	accepted_after_review	読み・表記・意味分類を確認。日本郵便の正式町域・行政地域（連結住所を保持）
にじょうふかえ	二丈深江	place	place,neologd	https://www.post.japanpost.jp/service/search/zipcode/download/utf-zip.html	lexical-and-confirmed-referents;https://www.post.japanpost.jp/service/search/zipcode/download/utf-zip.html	1851	1851	accepted_after_review	読み・表記・意味分類を確認。日本郵便の正式町域・行政地域（連結住所を保持）
ひがしじょうちょう	東條町	place	place,wiki	https://www.post.japanpost.jp/service/search/zipcode/download/utf-zip.html	lexical-and-confirmed-referents;https://www.post.japanpost.jp/service/search/zipcode/download/utf-zip.html	1851	1851	accepted_after_review	読み・表記・意味分類を確認。日本郵便の正式町域・行政地域（連結住所を保持）
しょうわどおり	昭和通り	facility,place	place	https://www.post.japanpost.jp/service/search/zipcode/download/utf-zip.html;mozc-exact-reading-surface	https://www.wikidata.org/wiki/Q11088946#P31;reading:P1814;categories:facility;https://www.wikidata.org/wiki/Q11514149#P31;reading:P1814;categories:facility;lexical-and-confirmed-referents;https://www.post.japanpost.jp/service/search/zipcode/download/utf-zip.html	1851	1851	accepted_after_review	読み・表記・意味分類を確認。各役割の読みを個別に確認
さかい	境	organization,person,place	place	https://www.post.japanpost.jp/service/search/zipcode/download/utf-zip.html;mozc-exact-reading-surface	https://www.wikidata.org/wiki/Q124049729#P31;reading:P1814;categories:person;https://www.wikidata.org/wiki/Q20044472#P31;reading:P1814;categories:organization;lexical-and-confirmed-referents;https://www.post.japanpost.jp/service/search/zipcode/download/utf-zip.html	1851	1851	accepted_after_review	読み・表記・意味分類を確認。各役割の読みを個別に確認
くにみ	国見	organization,place	place	https://www.post.japanpost.jp/service/search/zipcode/download/utf-zip.html;mozc-exact-reading-surface	https://www.wikidata.org/wiki/Q92953916#P31;reading:P1814;categories:organization;lexical-and-confirmed-referents;https://www.post.japanpost.jp/service/search/zipcode/download/utf-zip.html	1851	1851	accepted_after_review	読み・表記・意味分類を確認。各役割の読みを個別に確認
みごう	御江	person	neologd	https://www.wikidata.org/wiki/Q137652990#P1814	https://www.wikidata.org/wiki/Q137652990	1851	1851	accepted_after_review	読み・表記・意味分類を確認。姓・名・人物の型を確認
やぎぬま	やぎぬま	person	person	https://www.wikidata.org/wiki/Q130785881#P1814;https://www.wikidata.org/wiki/Q26447666#P1814	https://www.wikidata.org/wiki/Q130785881,https://www.wikidata.org/wiki/Q26447666	1851	1851	accepted_after_review	読み・表記・意味分類を確認。姓・名・人物の型を確認
かみだに	上谷	person,place	place	https://www.post.japanpost.jp/service/search/zipcode/download/utf-zip.html;mozc-exact-reading-surface	https://www.wikidata.org/wiki/Q27167779#P31;reading:P1814;categories:person;lexical-and-confirmed-referents;https://www.post.japanpost.jp/service/search/zipcode/download/utf-zip.html	1851	1851	accepted_after_review	読み・表記・意味分類を確認。各役割の読みを個別に確認
ふくろいしてんじんちょう	袋井市天神町	place	place	https://www.post.japanpost.jp/service/search/zipcode/download/utf-zip.html	lexical-and-confirmed-referents;https://www.post.japanpost.jp/service/search/zipcode/download/utf-zip.html	1851	1851	accepted_after_review	読み・表記・意味分類を確認。日本郵便の正式町域・行政地域（連結住所を保持）
ひがしいやくき	東祖谷九鬼	place	place,common	https://www.post.japanpost.jp/service/search/zipcode/download/utf-zip.html	lexical-and-confirmed-referents;https://www.post.japanpost.jp/service/search/zipcode/download/utf-zip.html	1851	1851	accepted_after_review	読み・表記・意味分類を確認。日本郵便の正式町域・行政地域（連結住所を保持）
たいしんとよち	大信豊地	place	place,neologd	https://www.post.japanpost.jp/service/search/zipcode/download/utf-zip.html	lexical-and-confirmed-referents;https://www.post.japanpost.jp/service/search/zipcode/download/utf-zip.html	1851	1851	accepted_after_review	読み・表記・意味分類を確認。日本郵便の正式町域・行政地域（連結住所を保持）
はちにんまち	八人町	place	place,wiki	https://www.post.japanpost.jp/service/search/zipcode/download/utf-zip.html	lexical-and-confirmed-referents;https://www.post.japanpost.jp/service/search/zipcode/download/utf-zip.html	1851	1851	accepted_after_review	読み・表記・意味分類を確認。日本郵便の正式町域・行政地域（連結住所を保持）
かわはら	川原	organization,person,place	place	https://www.post.japanpost.jp/service/search/zipcode/download/utf-zip.html;mozc-exact-reading-surface	https://www.wikidata.org/wiki/Q17990442#P31;reading:P1814;categories:organization;https://www.wikidata.org/wiki/Q26157681#P31;reading:P1814;categories:person;lexical-and-confirmed-referents;https://www.post.japanpost.jp/service/search/zipcode/download/utf-zip.html	1851	1851	accepted_after_review	読み・表記・意味分類を確認。各役割の読みを個別に確認
おおた	大田	organization,place	place	https://www.post.japanpost.jp/service/search/zipcode/download/utf-zip.html;mozc-exact-reading-surface	https://www.wikidata.org/wiki/Q17990437#P31;reading:P1814;categories:organization;lexical-and-confirmed-referents;https://www.post.japanpost.jp/service/search/zipcode/download/utf-zip.html	1851	1851	accepted_after_review	読み・表記・意味分類を確認。各役割の読みを個別に確認
はるな	春七	person	neologd	https://www.wikidata.org/wiki/Q127471011#P1814	https://www.wikidata.org/wiki/Q127471011	1851	1851	accepted_after_review	読み・表記・意味分類を確認。姓・名・人物の型を確認
よじょう	よじょう	person	person	https://www.wikidata.org/wiki/Q47092355#P1814	https://www.wikidata.org/wiki/Q47092355	1851	1851	accepted_after_review	読み・表記・意味分類を確認。姓・名・人物の型を確認
すなはら	砂原	person,place	place	https://www.post.japanpost.jp/service/search/zipcode/download/utf-zip.html;mozc-exact-reading-surface	https://www.wikidata.org/wiki/Q27264878#P31;reading:P1814;categories:person;lexical-and-confirmed-referents;https://www.post.japanpost.jp/service/search/zipcode/download/utf-zip.html	1851	1851	accepted_after_review	読み・表記・意味分類を確認。各役割の読みを個別に確認
かったぐんしちかしゅくまちかみのだい	刈田郡七ヶ宿町上ノ台	place	place	https://www.post.japanpost.jp/service/search/zipcode/download/utf-zip.html	lexical-and-confirmed-referents;https://www.post.japanpost.jp/service/search/zipcode/download/utf-zip.html	1851	1851	accepted_after_review	読み・表記・意味分類を確認。日本郵便の正式町域・行政地域（連結住所を保持）
みなくちちょうしもやま	水口町下山	place	place,common	https://www.post.japanpost.jp/service/search/zipcode/download/utf-zip.html	lexical-and-confirmed-referents;https://www.post.japanpost.jp/service/search/zipcode/download/utf-zip.html	1851	1851	accepted_after_review	読み・表記・意味分類を確認。日本郵便の正式町域・行政地域（連結住所を保持）
おおさかしみなとく	大阪市港区	place	place,neologd	https://www.post.japanpost.jp/service/search/zipcode/download/utf-zip.html	lexical-and-confirmed-referents;https://www.post.japanpost.jp/service/search/zipcode/download/utf-zip.html	1851	1851	accepted_after_review	読み・表記・意味分類を確認。日本郵便の正式町域・行政地域（連結住所を保持）
ひえだちょう	冷田町	place	place,wiki	https://www.post.japanpost.jp/service/search/zipcode/download/utf-zip.html	lexical-and-confirmed-referents;https://www.post.japanpost.jp/service/search/zipcode/download/utf-zip.html	1851	1851	accepted_after_review	読み・表記・意味分類を確認。日本郵便の正式町域・行政地域（連結住所を保持）
おおさと	大里	organization,person,place	place	https://www.post.japanpost.jp/service/search/zipcode/download/utf-zip.html;mozc-exact-reading-surface	https://www.wikidata.org/wiki/Q11439447#P31;reading:P1814;categories:place;https://www.wikidata.org/wiki/Q26450103#P31;reading:P1814;categories:person;https://www.wikidata.org/wiki/Q92951245#P31;reading:P1814;categories:organization;lexical-and-confirmed-referents;https://www.post.japanpost.jp/service/search/zipcode/download/utf-zip.html	1851	1851	accepted_after_review	読み・表記・意味分類を確認。各役割の読みを個別に確認
ひろまさ	洋雅	person	neologd	https://www.wikidata.org/wiki/Q127868688#P1814	https://www.wikidata.org/wiki/Q127868688	1851	1851	accepted_after_review	読み・表記・意味分類を確認。姓・名・人物の型を確認
さくら	桜空	person	person	https://www.wikidata.org/wiki/Q130530519#P1814	https://www.wikidata.org/wiki/Q130530519	1851	1851	accepted_after_review	読み・表記・意味分類を確認。姓・名・人物の型を確認
みやこし	宮腰	person,place	place	https://www.post.japanpost.jp/service/search/zipcode/download/utf-zip.html;mozc-exact-reading-surface	https://www.wikidata.org/wiki/Q27166030#P31;reading:P1814;categories:person;lexical-and-confirmed-referents;https://www.post.japanpost.jp/service/search/zipcode/download/utf-zip.html	1851	1851	accepted_after_review	読み・表記・意味分類を確認。各役割の読みを個別に確認
いまばりしちかみちょう	今治市近見町	place	place	https://www.post.japanpost.jp/service/search/zipcode/download/utf-zip.html	lexical-and-confirmed-referents;https://www.post.japanpost.jp/service/search/zipcode/download/utf-zip.html	1851	1851	accepted_after_review	読み・表記・意味分類を確認。日本郵便の正式町域・行政地域（連結住所を保持）
くらつき	鞍月	place	place,common	https://www.post.japanpost.jp/service/search/zipcode/download/utf-zip.html	lexical-and-confirmed-referents;https://www.post.japanpost.jp/service/search/zipcode/download/utf-zip.html	1851	1851	accepted_after_review	読み・表記・意味分類を確認。日本郵便の正式町域・行政地域（連結住所を保持）
あやめがおか	あやめが丘	place	place,neologd	https://www.post.japanpost.jp/service/search/zipcode/download/utf-zip.html	lexical-and-confirmed-referents;https://www.post.japanpost.jp/service/search/zipcode/download/utf-zip.html	1851	1851	accepted_after_review	読み・表記・意味分類を確認。日本郵便の正式町域・行政地域（連結住所を保持）
ほくちく	北筑	place	place,wiki	https://www.post.japanpost.jp/service/search/zipcode/download/utf-zip.html	lexical-and-confirmed-referents;https://www.post.japanpost.jp/service/search/zipcode/download/utf-zip.html	1851	1851	accepted_after_review	読み・表記・意味分類を確認。日本郵便の正式町域・行政地域（連結住所を保持）
ひしだ	菱田	organization,person,place	place	https://www.post.japanpost.jp/service/search/zipcode/download/utf-zip.html;mozc-exact-reading-surface	https://www.wikidata.org/wiki/Q117184090#P31;reading:P1814;categories:person;https://www.wikidata.org/wiki/Q92953846#P31;reading:P1814;categories:organization;lexical-and-confirmed-referents;https://www.post.japanpost.jp/service/search/zipcode/download/utf-zip.html	1851	1851	accepted_after_review	読み・表記・意味分類を確認。各役割の読みを個別に確認
しょうた	将汰	person	neologd	https://www.wikidata.org/wiki/Q134594038#P1814	https://www.wikidata.org/wiki/Q134594038	1851	1851	accepted_after_review	読み・表記・意味分類を確認。姓・名・人物の型を確認
やまち	やまち	person	person	https://www.wikidata.org/wiki/Q26000429#P1814;https://www.wikidata.org/wiki/Q26448406#P1814	https://www.wikidata.org/wiki/Q26000429,https://www.wikidata.org/wiki/Q26448406	1851	1851	accepted_after_review	読み・表記・意味分類を確認。姓・名・人物の型を確認
いわや	岩谷	person,place	place	https://www.post.japanpost.jp/service/search/zipcode/download/utf-zip.html;mozc-exact-reading-surface	https://www.wikidata.org/wiki/Q134371513#P31;reading:P1814;categories:person;lexical-and-confirmed-referents;https://www.post.japanpost.jp/service/search/zipcode/download/utf-zip.html	1851	1851	accepted_after_review	読み・表記・意味分類を確認。各役割の読みを個別に確認
かみきたぐんしちのへまちてんじんばやし	上北郡七戸町天神林	place	place	https://www.post.japanpost.jp/service/search/zipcode/download/utf-zip.html	lexical-and-confirmed-referents;https://www.post.japanpost.jp/service/search/zipcode/download/utf-zip.html	1851	1851	accepted_after_review	読み・表記・意味分類を確認。日本郵便の正式町域・行政地域（連結住所を保持）
やましろちょうあいかわ	山城町相川	place	place,common	https://www.post.japanpost.jp/service/search/zipcode/download/utf-zip.html	lexical-and-confirmed-referents;https://www.post.japanpost.jp/service/search/zipcode/download/utf-zip.html	1851	1851	accepted_after_review	読み・表記・意味分類を確認。日本郵便の正式町域・行政地域（連結住所を保持）
たかやだい	高屋台	place	place,neologd	https://www.post.japanpost.jp/service/search/zipcode/download/utf-zip.html	lexical-and-confirmed-referents;https://www.post.japanpost.jp/service/search/zipcode/download/utf-zip.html	1851	1851	accepted_after_review	読み・表記・意味分類を確認。日本郵便の正式町域・行政地域（連結住所を保持）
みとちょうあかね	御津町赤根	place	place,wiki	https://www.post.japanpost.jp/service/search/zipcode/download/utf-zip.html	lexical-and-confirmed-referents;https://www.post.japanpost.jp/service/search/zipcode/download/utf-zip.html	1851	1851	accepted_after_review	読み・表記・意味分類を確認。日本郵便の正式町域・行政地域（連結住所を保持）
はちまん	八幡	organization,person,place	place	https://www.post.japanpost.jp/service/search/zipcode/download/utf-zip.html;mozc-exact-reading-surface	https://www.wikidata.org/wiki/Q26444479#P31;reading:P1814;categories:person;https://www.wikidata.org/wiki/Q92954452#P31;reading:P1814;categories:organization;lexical-and-confirmed-referents;https://www.post.japanpost.jp/service/search/zipcode/download/utf-zip.html	1851	1851	accepted_after_review	読み・表記・意味分類を確認。各役割の読みを個別に確認
てつひこ	鐵彦	person	neologd	https://www.wikidata.org/wiki/Q127624004#P1814	https://www.wikidata.org/wiki/Q127624004	1851	1851	accepted_after_review	読み・表記・意味分類を確認。姓・名・人物の型を確認
じょう	じょう	person	person	https://www.wikidata.org/wiki/Q11578854#P1814;https://www.wikidata.org/wiki/Q133323639#P1814;https://www.wikidata.org/wiki/Q136733937#P1814;https://www.wikidata.org/wiki/Q139504797#P1814;https://www.wikidata.org/wiki/Q26447458#P1814;https://www.wikidata.org/wiki/Q27180033#P1814	https://www.wikidata.org/wiki/Q133323639,https://www.wikidata.org/wiki/Q136733937,https://www.wikidata.org/wiki/Q139504797,https://www.wikidata.org/wiki/Q26447458,https://www.wikidata.org/wiki/Q27180033	1851	1851	accepted_after_review	読み・表記・意味分類を確認。姓・名・人物の型を確認
かわにし	川西	person,place	place	https://www.post.japanpost.jp/service/search/zipcode/download/utf-zip.html;mozc-exact-reading-surface	https://www.wikidata.org/wiki/Q26230438#P31;reading:P1814;categories:person;lexical-and-confirmed-referents;https://www.post.japanpost.jp/service/search/zipcode/download/utf-zip.html	1851	1851	accepted_after_review	読み・表記・意味分類を確認。各役割の読みを個別に確認
あきたしあらやまつみがおかひがしちょう	秋田市新屋松美ガ丘東町	place	place	https://www.post.japanpost.jp/service/search/zipcode/download/utf-zip.html	lexical-and-confirmed-referents;https://www.post.japanpost.jp/service/search/zipcode/download/utf-zip.html	1851	1851	accepted_after_review	読み・表記・意味分類を確認。日本郵便の正式町域・行政地域（連結住所を保持）
てんこう	天興	place	place,common	https://www.post.japanpost.jp/service/search/zipcode/download/utf-zip.html	lexical-and-confirmed-referents;https://www.post.japanpost.jp/service/search/zipcode/download/utf-zip.html	1851	1851	accepted_after_review	読み・表記・意味分類を確認。日本郵便の正式町域・行政地域（連結住所を保持）
あしあらい	足洗	place	place,neologd	https://www.post.japanpost.jp/service/search/zipcode/download/utf-zip.html	lexical-and-confirmed-referents;https://www.post.japanpost.jp/service/search/zipcode/download/utf-zip.html	1851	1851	accepted_after_review	読み・表記・意味分類を確認。日本郵便の正式町域・行政地域（連結住所を保持）
だいちしんまち	大地新町	place	place,wiki	https://www.post.japanpost.jp/service/search/zipcode/download/utf-zip.html	lexical-and-confirmed-referents;https://www.post.japanpost.jp/service/search/zipcode/download/utf-zip.html	1851	1851	accepted_after_review	読み・表記・意味分類を確認。日本郵便の正式町域・行政地域（連結住所を保持）
みやうち	宮内	organization,person,place	place	https://www.post.japanpost.jp/service/search/zipcode/download/utf-zip.html;mozc-exact-reading-surface	https://www.wikidata.org/wiki/Q17990462#P31;reading:P1814;categories:organization;https://www.wikidata.org/wiki/Q26203182#P31;reading:P1814;categories:person;https://www.wikidata.org/wiki/Q38742588#P31;reading:P1814;categories:place;lexical-and-confirmed-referents;https://www.post.japanpost.jp/service/search/zipcode/download/utf-zip.html	1851	1851	accepted_after_review	読み・表記・意味分類を確認。各役割の読みを個別に確認
せきや	關屋	person	neologd	https://www.wikidata.org/wiki/Q121422852#P1814	https://www.wikidata.org/wiki/Q121422852	1851	1851	accepted_after_review	読み・表記・意味分類を確認。姓・名・人物の型を確認
こぐれ	こぐれ	person	person	https://www.wikidata.org/wiki/Q26229911#P1814;https://www.wikidata.org/wiki/Q26438369#P1814	https://www.wikidata.org/wiki/Q26229911,https://www.wikidata.org/wiki/Q26438369	1851	1851	accepted_after_review	読み・表記・意味分類を確認。姓・名・人物の型を確認
やち	谷地	person,place	place	https://www.post.japanpost.jp/service/search/zipcode/download/utf-zip.html;mozc-exact-reading-surface	https://www.wikidata.org/wiki/Q124389220#P31;reading:P1814;categories:person;lexical-and-confirmed-referents;https://www.post.japanpost.jp/service/search/zipcode/download/utf-zip.html	1851	1851	accepted_after_review	読み・表記・意味分類を確認。各役割の読みを個別に確認
いなざわしえきまえ	稲沢市駅前	place	place	https://www.post.japanpost.jp/service/search/zipcode/download/utf-zip.html	lexical-and-confirmed-referents;https://www.post.japanpost.jp/service/search/zipcode/download/utf-zip.html	1851	1851	accepted_after_review	読み・表記・意味分類を確認。日本郵便の正式町域・行政地域（連結住所を保持）
はわいおんせん	はわい温泉	place	place,common	https://www.post.japanpost.jp/service/search/zipcode/download/utf-zip.html	lexical-and-confirmed-referents;https://www.post.japanpost.jp/service/search/zipcode/download/utf-zip.html	1851	1851	accepted_after_review	読み・表記・意味分類を確認。日本郵便の正式町域・行政地域（連結住所を保持）
ゆうひがおかきたく	雄飛が丘北区	place	place,neologd	https://www.post.japanpost.jp/service/search/zipcode/download/utf-zip.html	lexical-and-confirmed-referents;https://www.post.japanpost.jp/service/search/zipcode/download/utf-zip.html	1851	1851	accepted_after_review	読み・表記・意味分類を確認。日本郵便の正式町域・行政地域（連結住所を保持）
きんりょうちょう	錦綾町	place	place,wiki	https://www.post.japanpost.jp/service/search/zipcode/download/utf-zip.html	lexical-and-confirmed-referents;https://www.post.japanpost.jp/service/search/zipcode/download/utf-zip.html	1851	1851	accepted_after_review	読み・表記・意味分類を確認。日本郵便の正式町域・行政地域（連結住所を保持）
てつかわ	鐵川	person	neologd	https://www.wikidata.org/wiki/Q43609775#P1814	https://www.wikidata.org/wiki/Q43609775	1851	1851	accepted_after_review	読み・表記・意味分類を確認。姓・名・人物の型を確認
ますだ	ますだ	person	person	https://www.wikidata.org/wiki/Q127368222#P1814;https://www.wikidata.org/wiki/Q27157189#P1814;https://www.wikidata.org/wiki/Q27307268#P1814	https://www.wikidata.org/wiki/Q127368222,https://www.wikidata.org/wiki/Q27157189,https://www.wikidata.org/wiki/Q27307268	1851	1851	accepted_after_review	読み・表記・意味分類を確認。姓・名・人物の型を確認
あかつか	赤塚	person,place	place	https://www.post.japanpost.jp/service/search/zipcode/download/utf-zip.html;mozc-exact-reading-surface	https://www.wikidata.org/wiki/Q117462789#P31;reading:P1814;categories:place;https://www.wikidata.org/wiki/Q26439038#P31;reading:P1814;categories:person;lexical-and-confirmed-referents;https://www.post.japanpost.jp/service/search/zipcode/download/utf-zip.html	1851	1851	accepted_after_review	読み・表記・意味分類を確認。各役割の読みを個別に確認
きょうとしやましなくしのみやしばはたちょう	京都市山科区四ノ宮芝畑町	place	place	https://www.post.japanpost.jp/service/search/zipcode/download/utf-zip.html	lexical-and-confirmed-referents;https://www.post.japanpost.jp/service/search/zipcode/download/utf-zip.html	1851	1851	accepted_after_review	読み・表記・意味分類を確認。日本郵便の正式町域・行政地域（連結住所を保持）
かすかわまちまえがいと	粕川町前皆戸	place	place,common	https://www.post.japanpost.jp/service/search/zipcode/download/utf-zip.html	lexical-and-confirmed-referents;https://www.post.japanpost.jp/service/search/zipcode/download/utf-zip.html	1851	1851	accepted_after_review	読み・表記・意味分類を確認。日本郵便の正式町域・行政地域（連結住所を保持）
さいたましきたく	さいたま市北区	place	place,neologd	https://www.post.japanpost.jp/service/search/zipcode/download/utf-zip.html	lexical-and-confirmed-referents;https://www.post.japanpost.jp/service/search/zipcode/download/utf-zip.html	1851	1851	accepted_after_review	読み・表記・意味分類を確認。日本郵便の正式町域・行政地域（連結住所を保持）
かみながいそまち	上長磯町	place	place,wiki	https://www.post.japanpost.jp/service/search/zipcode/download/utf-zip.html	lexical-and-confirmed-referents;https://www.post.japanpost.jp/service/search/zipcode/download/utf-zip.html	1851	1851	accepted_after_review	読み・表記・意味分類を確認。日本郵便の正式町域・行政地域（連結住所を保持）
しょうじろう	章二郎	person	neologd	https://www.wikidata.org/wiki/Q29555643#P1814	https://www.wikidata.org/wiki/Q29555643	1851	1851	accepted_after_review	読み・表記・意味分類を確認。姓・名・人物の型を確認
かげつ	かげつ	person	person	https://www.wikidata.org/wiki/Q27157254#P1814	https://www.wikidata.org/wiki/Q27157254	1851	1851	accepted_after_review	読み・表記・意味分類を確認。姓・名・人物の型を確認
さが	佐賀	person,place	place	https://www.post.japanpost.jp/service/search/zipcode/download/utf-zip.html;mozc-exact-reading-surface	https://www.wikidata.org/wiki/Q27179576#P31;reading:P1814;categories:person;lexical-and-confirmed-referents;https://www.post.japanpost.jp/service/search/zipcode/download/utf-zip.html	1851	1851	accepted_after_review	読み・表記・意味分類を確認。各役割の読みを個別に確認
まにわしかみいちぜ	真庭市上市瀬	place	place	https://www.post.japanpost.jp/service/search/zipcode/download/utf-zip.html	lexical-and-confirmed-referents;https://www.post.japanpost.jp/service/search/zipcode/download/utf-zip.html	1851	1851	accepted_after_review	読み・表記・意味分類を確認。日本郵便の正式町域・行政地域（連結住所を保持）
かすかわまちむろさわ	粕川町室沢	place	place,common	https://www.post.japanpost.jp/service/search/zipcode/download/utf-zip.html	lexical-and-confirmed-referents;https://www.post.japanpost.jp/service/search/zipcode/download/utf-zip.html	1851	1851	accepted_after_review	読み・表記・意味分類を確認。日本郵便の正式町域・行政地域（連結住所を保持）
しんじゅくくおおくぼ	新宿区大久保	place	place,neologd	https://www.post.japanpost.jp/service/search/zipcode/download/utf-zip.html	lexical-and-confirmed-referents;https://www.post.japanpost.jp/service/search/zipcode/download/utf-zip.html	1851	1851	accepted_after_review	読み・表記・意味分類を確認。日本郵便の正式町域・行政地域（連結住所を保持）
みやのちょう	宮野町	place	place,wiki	https://www.post.japanpost.jp/service/search/zipcode/download/utf-zip.html	lexical-and-confirmed-referents;https://www.post.japanpost.jp/service/search/zipcode/download/utf-zip.html	1851	1851	accepted_after_review	読み・表記・意味分類を確認。日本郵便の正式町域・行政地域（連結住所を保持）
みずず	みずず	person	neologd	https://www.wikidata.org/wiki/Q27264209#P1814	https://www.wikidata.org/wiki/Q27264209	1851	1851	accepted_after_review	読み・表記・意味分類を確認。姓・名・人物の型を確認
たいが	たいが	person	person	https://www.wikidata.org/wiki/Q123594599#P1814;https://www.wikidata.org/wiki/Q135431937#P1814;https://www.wikidata.org/wiki/Q26448352#P1814	https://www.wikidata.org/wiki/Q123594599,https://www.wikidata.org/wiki/Q135431937,https://www.wikidata.org/wiki/Q26448352	1851	1851	accepted_after_review	読み・表記・意味分類を確認。姓・名・人物の型を確認
きたはら	北原	person,place	place	https://www.post.japanpost.jp/service/search/zipcode/download/utf-zip.html;mozc-exact-reading-surface	https://www.wikidata.org/wiki/Q26203428#P31;reading:P1814;categories:person;lexical-and-confirmed-referents;https://www.post.japanpost.jp/service/search/zipcode/download/utf-zip.html	1851	1851	accepted_after_review	読み・表記・意味分類を確認。各役割の読みを個別に確認
しずおかしあおいくかどや	静岡市葵区門屋	place	place	https://www.post.japanpost.jp/service/search/zipcode/download/utf-zip.html	lexical-and-confirmed-referents;https://www.post.japanpost.jp/service/search/zipcode/download/utf-zip.html	1851	1851	accepted_after_review	読み・表記・意味分類を確認。日本郵便の正式町域・行政地域（連結住所を保持）
ももやまちょうつかつき	桃山町調月	place	place,common	https://www.post.japanpost.jp/service/search/zipcode/download/utf-zip.html	lexical-and-confirmed-referents;https://www.post.japanpost.jp/service/search/zipcode/download/utf-zip.html	1851	1851	accepted_after_review	読み・表記・意味分類を確認。日本郵便の正式町域・行政地域（連結住所を保持）
はりすりきた	針摺北	place	place,neologd	https://www.post.japanpost.jp/service/search/zipcode/download/utf-zip.html	lexical-and-confirmed-referents;https://www.post.japanpost.jp/service/search/zipcode/download/utf-zip.html	1851	1851	accepted_after_review	読み・表記・意味分類を確認。日本郵便の正式町域・行政地域（連結住所を保持）
いのくちしんまち	井ノ口新町	place	place,wiki	https://www.post.japanpost.jp/service/search/zipcode/download/utf-zip.html	lexical-and-confirmed-referents;https://www.post.japanpost.jp/service/search/zipcode/download/utf-zip.html	1851	1851	accepted_after_review	読み・表記・意味分類を確認。日本郵便の正式町域・行政地域（連結住所を保持）
ひろあき	央耿	person	neologd	https://www.wikidata.org/wiki/Q141170315#P1814	https://www.wikidata.org/wiki/Q141170315	1851	1851	accepted_after_review	読み・表記・意味分類を確認。姓・名・人物の型を確認
ここな	ここな	person	person	https://www.wikidata.org/wiki/Q126176865#P1814	https://www.wikidata.org/wiki/Q126176865	1851	1851	accepted_after_review	読み・表記・意味分類を確認。姓・名・人物の型を確認
たかばたけ	高畑	person,place	place	https://www.post.japanpost.jp/service/search/zipcode/download/utf-zip.html;mozc-exact-reading-surface	https://www.wikidata.org/wiki/Q118332244#P31;reading:P1814;categories:person;lexical-and-confirmed-referents;https://www.post.japanpost.jp/service/search/zipcode/download/utf-zip.html	1851	1851	accepted_after_review	読み・表記・意味分類を確認。各役割の読みを個別に確認
いがしたかやま	伊賀市高山	place	place	https://www.post.japanpost.jp/service/search/zipcode/download/utf-zip.html	lexical-and-confirmed-referents;https://www.post.japanpost.jp/service/search/zipcode/download/utf-zip.html	1851	1851	accepted_after_review	読み・表記・意味分類を確認。日本郵便の正式町域・行政地域（連結住所を保持）
かすかわまちしもひがしたなぼ	粕川町下東田面	place	place,common	https://www.post.japanpost.jp/service/search/zipcode/download/utf-zip.html	lexical-and-confirmed-referents;https://www.post.japanpost.jp/service/search/zipcode/download/utf-zip.html	1851	1851	accepted_after_review	読み・表記・意味分類を確認。日本郵便の正式町域・行政地域（連結住所を保持）
まえばるきた	前原北	place	place,neologd	https://www.post.japanpost.jp/service/search/zipcode/download/utf-zip.html	lexical-and-confirmed-referents;https://www.post.japanpost.jp/service/search/zipcode/download/utf-zip.html	1851	1851	accepted_after_review	読み・表記・意味分類を確認。日本郵便の正式町域・行政地域（連結住所を保持）
こざかしまち	小坂子町	place	place,wiki	https://www.post.japanpost.jp/service/search/zipcode/download/utf-zip.html	lexical-and-confirmed-referents;https://www.post.japanpost.jp/service/search/zipcode/download/utf-zip.html	1851	1851	accepted_after_review	読み・表記・意味分類を確認。日本郵便の正式町域・行政地域（連結住所を保持）
こあき	小秋	person	neologd	https://www.wikidata.org/wiki/Q131304832#P1814	https://www.wikidata.org/wiki/Q131304832	1851	1851	accepted_after_review	読み・表記・意味分類を確認。姓・名・人物の型を確認
みなみかわ	みなみかわ	person	person	https://www.wikidata.org/wiki/Q27167365#P1814	https://www.wikidata.org/wiki/Q27167365	1851	1851	accepted_after_review	読み・表記・意味分類を確認。姓・名・人物の型を確認
よしいけ	吉池	person,place	place	https://www.post.japanpost.jp/service/search/zipcode/download/utf-zip.html;mozc-exact-reading-surface	https://www.wikidata.org/wiki/Q27315207#P31;reading:P1814;categories:person;lexical-and-confirmed-referents;https://www.post.japanpost.jp/service/search/zipcode/download/utf-zip.html	1851	1851	accepted_after_review	読み・表記・意味分類を確認。各役割の読みを個別に確認
だいせんしすぎやまだ	大仙市杉山田	place	place	https://www.post.japanpost.jp/service/search/zipcode/download/utf-zip.html	lexical-and-confirmed-referents;https://www.post.japanpost.jp/service/search/zipcode/download/utf-zip.html	1851	1851	accepted_after_review	読み・表記・意味分類を確認。日本郵便の正式町域・行政地域（連結住所を保持）
なかまるちょう	中丸町	place	place,common	https://www.post.japanpost.jp/service/search/zipcode/download/utf-zip.html	lexical-and-confirmed-referents;https://www.post.japanpost.jp/service/search/zipcode/download/utf-zip.html	1851	1851	accepted_after_review	読み・表記・意味分類を確認。日本郵便の正式町域・行政地域（連結住所を保持）
みしまちゅうおう	三島中央	place	place,neologd	https://www.post.japanpost.jp/service/search/zipcode/download/utf-zip.html	lexical-and-confirmed-referents;https://www.post.japanpost.jp/service/search/zipcode/download/utf-zip.html	1851	1851	accepted_after_review	読み・表記・意味分類を確認。日本郵便の正式町域・行政地域（連結住所を保持）
のなかちょう	野中町	place	place,wiki	https://www.post.japanpost.jp/service/search/zipcode/download/utf-zip.html	lexical-and-confirmed-referents;https://www.post.japanpost.jp/service/search/zipcode/download/utf-zip.html	1851	1851	accepted_after_review	読み・表記・意味分類を確認。日本郵便の正式町域・行政地域（連結住所を保持）
ゆりな	夕里菜	person	neologd	https://www.wikidata.org/wiki/Q132851694#P1814	https://www.wikidata.org/wiki/Q132851694	1851	1851	accepted_after_review	読み・表記・意味分類を確認。姓・名・人物の型を確認
あさくら	あさくら	person	person	https://www.wikidata.org/wiki/Q113879238#P1814;https://www.wikidata.org/wiki/Q27169075#P1814	https://www.wikidata.org/wiki/Q113879238,https://www.wikidata.org/wiki/Q27169075	1851	1851	accepted_after_review	読み・表記・意味分類を確認。姓・名・人物の型を確認
みなみの	南野	person,place	place	https://www.post.japanpost.jp/service/search/zipcode/download/utf-zip.html;mozc-exact-reading-surface	https://www.wikidata.org/wiki/Q27167126#P31;reading:P1814;categories:person;lexical-and-confirmed-referents;https://www.post.japanpost.jp/service/search/zipcode/download/utf-zip.html	1851	1851	accepted_after_review	読み・表記・意味分類を確認。各役割の読みを個別に確認
なんようしかねざわ	南陽市金沢	place	place	https://www.post.japanpost.jp/service/search/zipcode/download/utf-zip.html	lexical-and-confirmed-referents;https://www.post.japanpost.jp/service/search/zipcode/download/utf-zip.html	1851	1851	accepted_after_review	読み・表記・意味分類を確認。日本郵便の正式町域・行政地域（連結住所を保持）
かいようこうえん	海洋公園	place	place,common	https://www.post.japanpost.jp/service/search/zipcode/download/utf-zip.html	lexical-and-confirmed-referents;https://www.post.japanpost.jp/service/search/zipcode/download/utf-zip.html	1851	1851	accepted_after_review	読み・表記・意味分類を確認。日本郵便の正式町域・行政地域（連結住所を保持）
たくまち	多久町	place	place,neologd	https://www.post.japanpost.jp/service/search/zipcode/download/utf-zip.html	lexical-and-confirmed-referents;https://www.post.japanpost.jp/service/search/zipcode/download/utf-zip.html	1851	1851	accepted_after_review	読み・表記・意味分類を確認。日本郵便の正式町域・行政地域（連結住所を保持）
ふくいちょう	福井町	place	place,wiki	https://www.post.japanpost.jp/service/search/zipcode/download/utf-zip.html	lexical-and-confirmed-referents;https://www.post.japanpost.jp/service/search/zipcode/download/utf-zip.html	1851	1851	accepted_after_review	読み・表記・意味分類を確認。日本郵便の正式町域・行政地域（連結住所を保持）
みつい	三都井	person	neologd	https://www.wikidata.org/wiki/Q43660503#P1814	https://www.wikidata.org/wiki/Q43660503	1851	1851	accepted_after_review	読み・表記・意味分類を確認。姓・名・人物の型を確認
しゅうへい	しゅうへい	person	person	https://www.wikidata.org/wiki/Q123688190#P1814;https://www.wikidata.org/wiki/Q136487279#P1814;https://www.wikidata.org/wiki/Q139559618#P1814	https://www.wikidata.org/wiki/Q123688190,https://www.wikidata.org/wiki/Q136487279,https://www.wikidata.org/wiki/Q139559618	1851	1851	accepted_after_review	読み・表記・意味分類を確認。姓・名・人物の型を確認
すざき	須崎	person,place	place	https://www.post.japanpost.jp/service/search/zipcode/download/utf-zip.html;mozc-exact-reading-surface	https://www.wikidata.org/wiki/Q26449649#P31;reading:P1814;categories:person;lexical-and-confirmed-referents;https://www.post.japanpost.jp/service/search/zipcode/download/utf-zip.html	1851	1851	accepted_after_review	読み・表記・意味分類を確認。各役割の読みを個別に確認
ひがしつがるぐんよもぎたむらひろせ	東津軽郡蓬田村広瀬	place	place	https://www.post.japanpost.jp/service/search/zipcode/download/utf-zip.html	lexical-and-confirmed-referents;https://www.post.japanpost.jp/service/search/zipcode/download/utf-zip.html	1851	1851	accepted_after_review	読み・表記・意味分類を確認。日本郵便の正式町域・行政地域（連結住所を保持）
こじまたまち	小島田町	place	place,common	https://www.post.japanpost.jp/service/search/zipcode/download/utf-zip.html	lexical-and-confirmed-referents;https://www.post.japanpost.jp/service/search/zipcode/download/utf-zip.html	1851	1851	accepted_after_review	読み・表記・意味分類を確認。日本郵便の正式町域・行政地域（連結住所を保持）
おさちしずめ	長地鎮	place	place,neologd	https://www.post.japanpost.jp/service/search/zipcode/download/utf-zip.html	lexical-and-confirmed-referents;https://www.post.japanpost.jp/service/search/zipcode/download/utf-zip.html	1851	1851	accepted_after_review	読み・表記・意味分類を確認。日本郵便の正式町域・行政地域（連結住所を保持）
かわらはままち	河原浜町	place	place,wiki	https://www.post.japanpost.jp/service/search/zipcode/download/utf-zip.html	lexical-and-confirmed-referents;https://www.post.japanpost.jp/service/search/zipcode/download/utf-zip.html	1851	1851	accepted_after_review	読み・表記・意味分類を確認。日本郵便の正式町域・行政地域（連結住所を保持）
れいざぶろう	麗三郎	person	neologd	https://www.wikidata.org/wiki/Q128587930#P1814	https://www.wikidata.org/wiki/Q128587930	1851	1851	accepted_after_review	読み・表記・意味分類を確認。姓・名・人物の型を確認
たなか	たなか	person	person	https://www.wikidata.org/wiki/Q125504504#P1814	https://www.wikidata.org/wiki/Q125504504	1851	1851	accepted_after_review	読み・表記・意味分類を確認。姓・名・人物の型を確認
しまむら	島村	person,place	place	https://www.post.japanpost.jp/service/search/zipcode/download/utf-zip.html;mozc-exact-reading-surface	https://www.wikidata.org/wiki/Q11476375#P31;reading:P1814;categories:place;https://www.wikidata.org/wiki/Q11476376#P31;reading:P1814;categories:place;https://www.wikidata.org/wiki/Q11476377#P31;reading:P1814;categories:place;https://www.wikidata.org/wiki/Q11476378#P31;reading:P1814;categories:place;https://www.wikidata.org/wiki/Q17175261#P31;reading:P1814;categories:place;https://www.wikidata.org/wiki/Q18988942#P31;reading:P1814;categories:place;https://www.wikidata.org/wiki/Q18989014#P31;reading:P1814;categories:place;https://www.wikidata.org/wiki/Q22130176#P31;reading:P1814;categories:place;https://www.wikidata.org/wiki/Q26215392#P31;reading:P1814;categories:person;lexical-and-confirmed-referents;https://www.post.japanpost.jp/service/search/zipcode/download/utf-zip.html	1851	1851	accepted_after_review	読み・表記・意味分類を確認。各役割の読みを個別に確認
たなべしほんぐうちょうのだけ	田辺市本宮町野竹	place	place	https://www.post.japanpost.jp/service/search/zipcode/download/utf-zip.html	lexical-and-confirmed-referents;https://www.post.japanpost.jp/service/search/zipcode/download/utf-zip.html	1851	1851	accepted_after_review	読み・表記・意味分類を確認。日本郵便の正式町域・行政地域（連結住所を保持）
なないちゅうおう	七井中央	place	place,common	https://www.post.japanpost.jp/service/search/zipcode/download/utf-zip.html	lexical-and-confirmed-referents;https://www.post.japanpost.jp/service/search/zipcode/download/utf-zip.html	1851	1851	accepted_after_review	読み・表記・意味分類を確認。日本郵便の正式町域・行政地域（連結住所を保持）
さいたましみなみく	さいたま市南区	place	place,neologd	https://www.post.japanpost.jp/service/search/zipcode/download/utf-zip.html	lexical-and-confirmed-referents;https://www.post.japanpost.jp/service/search/zipcode/download/utf-zip.html	1851	1851	accepted_after_review	読み・表記・意味分類を確認。日本郵便の正式町域・行政地域（連結住所を保持）
こまだちちょう	駒立町	place	place,wiki	https://www.post.japanpost.jp/service/search/zipcode/download/utf-zip.html	lexical-and-confirmed-referents;https://www.post.japanpost.jp/service/search/zipcode/download/utf-zip.html	1851	1851	accepted_after_review	読み・表記・意味分類を確認。日本郵便の正式町域・行政地域（連結住所を保持）
しょういちろう	笙一郎	person	neologd	https://www.wikidata.org/wiki/Q29553818#P1814	https://www.wikidata.org/wiki/Q29553818	1851	1851	accepted_after_review	読み・表記・意味分類を確認。姓・名・人物の型を確認
ちゃた	ちゃた	person	person	https://www.wikidata.org/wiki/Q27238042#P1814	https://www.wikidata.org/wiki/Q27238042	1851	1851	accepted_after_review	読み・表記・意味分類を確認。姓・名・人物の型を確認
はたはら	畑原	person,place	place	https://www.post.japanpost.jp/service/search/zipcode/download/utf-zip.html;mozc-exact-reading-surface	https://www.wikidata.org/wiki/Q40105351#P31;reading:P1814;categories:person;lexical-and-confirmed-referents;https://www.post.japanpost.jp/service/search/zipcode/download/utf-zip.html	1851	1851	accepted_after_review	読み・表記・意味分類を確認。各役割の読みを個別に確認
さかいしまるおかちょうまつかわちょう	坂井市丸岡町松川町	place	place	https://www.post.japanpost.jp/service/search/zipcode/download/utf-zip.html	lexical-and-confirmed-referents;https://www.post.japanpost.jp/service/search/zipcode/download/utf-zip.html	1851	1851	accepted_after_review	読み・表記・意味分類を確認。日本郵便の正式町域・行政地域（連結住所を保持）
いちばだい	市場台	place	place,common	https://www.post.japanpost.jp/service/search/zipcode/download/utf-zip.html	lexical-and-confirmed-referents;https://www.post.japanpost.jp/service/search/zipcode/download/utf-zip.html	1851	1851	accepted_after_review	読み・表記・意味分類を確認。日本郵便の正式町域・行政地域（連結住所を保持）
やとみしたけた	弥富市竹田	place	place,neologd	https://www.post.japanpost.jp/service/search/zipcode/download/utf-zip.html	lexical-and-confirmed-referents;https://www.post.japanpost.jp/service/search/zipcode/download/utf-zip.html	1851	1851	accepted_after_review	読み・表記・意味分類を確認。日本郵便の正式町域・行政地域（連結住所を保持）
ふくおかまちえじり	福岡町江尻	place	place,wiki	https://www.post.japanpost.jp/service/search/zipcode/download/utf-zip.html	lexical-and-confirmed-referents;https://www.post.japanpost.jp/service/search/zipcode/download/utf-zip.html	1851	1851	accepted_after_review	読み・表記・意味分類を確認。日本郵便の正式町域・行政地域（連結住所を保持）
きりたに	桐溪	person	neologd	https://www.wikidata.org/wiki/Q121366110#P1814	https://www.wikidata.org/wiki/Q121366110	1851	1851	accepted_after_review	読み・表記・意味分類を確認。姓・名・人物の型を確認
しのはら	しのはら	person	person	https://www.wikidata.org/wiki/Q26444715#P1814;https://www.wikidata.org/wiki/Q27237641#P1814	https://www.wikidata.org/wiki/Q26444715,https://www.wikidata.org/wiki/Q27237641	1851	1851	accepted_after_review	読み・表記・意味分類を確認。姓・名・人物の型を確認
しんでん	新田	person,place	place	https://www.post.japanpost.jp/service/search/zipcode/download/utf-zip.html;mozc-exact-reading-surface	https://www.wikidata.org/wiki/Q26157593#P31;reading:P1814;categories:person;https://www.wikidata.org/wiki/Q38744499#P31;reading:P1814;categories:place;lexical-and-confirmed-referents;https://www.post.japanpost.jp/service/search/zipcode/download/utf-zip.html	1851	1851	accepted_after_review	読み・表記・意味分類を確認。各役割の読みを個別に確認
ながはまちょうくしゅうこう	長浜町櫛生甲	place	place	https://www.post.japanpost.jp/service/search/zipcode/download/utf-zip.html	lexical-and-confirmed-referents;https://www.post.japanpost.jp/service/search/zipcode/download/utf-zip.html	1851	1851	accepted_after_review	読み・表記・意味分類を確認。日本郵便の正式町域・行政地域（連結住所を保持）
かたひらちょう	片平町	place	place,common	https://www.post.japanpost.jp/service/search/zipcode/download/utf-zip.html	lexical-and-confirmed-referents;https://www.post.japanpost.jp/service/search/zipcode/download/utf-zip.html	1851	1851	accepted_after_review	読み・表記・意味分類を確認。日本郵便の正式町域・行政地域（連結住所を保持）
そういんひがし	惣印東	place	place,neologd	https://www.post.japanpost.jp/service/search/zipcode/download/utf-zip.html	lexical-and-confirmed-referents;https://www.post.japanpost.jp/service/search/zipcode/download/utf-zip.html	1851	1851	accepted_after_review	読み・表記・意味分類を確認。日本郵便の正式町域・行政地域（連結住所を保持）
さくらいほんまち	桜井本町	place	place,wiki	https://www.post.japanpost.jp/service/search/zipcode/download/utf-zip.html	lexical-and-confirmed-referents;https://www.post.japanpost.jp/service/search/zipcode/download/utf-zip.html	1851	1851	accepted_after_review	読み・表記・意味分類を確認。日本郵便の正式町域・行政地域（連結住所を保持）
たんね	丹根	person	neologd	https://www.wikidata.org/wiki/Q120669011#P1814	https://www.wikidata.org/wiki/Q120669011	1851	1851	accepted_after_review	読み・表記・意味分類を確認。姓・名・人物の型を確認
かずま	かずま	person	person	https://www.wikidata.org/wiki/Q127463287#P1814;https://www.wikidata.org/wiki/Q135295154#P1814;https://www.wikidata.org/wiki/Q136460027#P1814	https://www.wikidata.org/wiki/Q127463287,https://www.wikidata.org/wiki/Q135295154,https://www.wikidata.org/wiki/Q136460027	1851	1851	accepted_after_review	読み・表記・意味分類を確認。姓・名・人物の型を確認
かしゅう	賀集	person,place	place	https://www.post.japanpost.jp/service/search/zipcode/download/utf-zip.html;mozc-exact-reading-surface	https://www.wikidata.org/wiki/Q43512093#P31;reading:P1814;categories:person;lexical-and-confirmed-referents;https://www.post.japanpost.jp/service/search/zipcode/download/utf-zip.html	1851	1851	accepted_after_review	読み・表記・意味分類を確認。各役割の読みを個別に確認
うだしはいばらひふ	宇陀市榛原比布	place	place	https://www.post.japanpost.jp/service/search/zipcode/download/utf-zip.html	lexical-and-confirmed-referents;https://www.post.japanpost.jp/service/search/zipcode/download/utf-zip.html	1851	1851	accepted_after_review	読み・表記・意味分類を確認。日本郵便の正式町域・行政地域（連結住所を保持）
きょうえいまち	共栄町	place	place,common	https://www.post.japanpost.jp/service/search/zipcode/download/utf-zip.html	lexical-and-confirmed-referents;https://www.post.japanpost.jp/service/search/zipcode/download/utf-zip.html	1851	1851	accepted_after_review	読み・表記・意味分類を確認。日本郵便の正式町域・行政地域（連結住所を保持）
ささまち	笹町	place	place,neologd	https://www.post.japanpost.jp/service/search/zipcode/download/utf-zip.html	lexical-and-confirmed-referents;https://www.post.japanpost.jp/service/search/zipcode/download/utf-zip.html	1851	1851	accepted_after_review	読み・表記・意味分類を確認。日本郵便の正式町域・行政地域（連結住所を保持）
こしづちょう	越津町	place	place,wiki	https://www.post.japanpost.jp/service/search/zipcode/download/utf-zip.html	lexical-and-confirmed-referents;https://www.post.japanpost.jp/service/search/zipcode/download/utf-zip.html	1851	1851	accepted_after_review	読み・表記・意味分類を確認。日本郵便の正式町域・行政地域（連結住所を保持）
ただし	忠始	person	neologd	https://www.wikidata.org/wiki/Q131005818#P1814	https://www.wikidata.org/wiki/Q131005818	1851	1851	accepted_after_review	読み・表記・意味分類を確認。姓・名・人物の型を確認
さかもと	さかもと	person	person	https://www.wikidata.org/wiki/Q26215453#P1814;https://www.wikidata.org/wiki/Q26216169#P1814;https://www.wikidata.org/wiki/Q26216357#P1814;https://www.wikidata.org/wiki/Q26450393#P1814	https://www.wikidata.org/wiki/Q26215453,https://www.wikidata.org/wiki/Q26216169,https://www.wikidata.org/wiki/Q26216357,https://www.wikidata.org/wiki/Q26450393	1851	1851	accepted_after_review	読み・表記・意味分類を確認。姓・名・人物の型を確認
しげまつ	重松	person,place	place	https://www.post.japanpost.jp/service/search/zipcode/download/utf-zip.html;mozc-exact-reading-surface	https://www.wikidata.org/wiki/Q43609474#P31;reading:P1814;categories:person;lexical-and-confirmed-referents;https://www.post.japanpost.jp/service/search/zipcode/download/utf-zip.html	1851	1851	accepted_after_review	読み・表記・意味分類を確認。各役割の読みを個別に確認
いいじままつねひがしちょう	飯島松根東町	place	place	https://www.post.japanpost.jp/service/search/zipcode/download/utf-zip.html	lexical-and-confirmed-referents;https://www.post.japanpost.jp/service/search/zipcode/download/utf-zip.html	1851	1851	accepted_after_review	読み・表記・意味分類を確認。日本郵便の正式町域・行政地域（連結住所を保持）
みなくちちょうなかやしき	水口町中邸	place	place,common	https://www.post.japanpost.jp/service/search/zipcode/download/utf-zip.html	lexical-and-confirmed-referents;https://www.post.japanpost.jp/service/search/zipcode/download/utf-zip.html	1851	1851	accepted_after_review	読み・表記・意味分類を確認。日本郵便の正式町域・行政地域（連結住所を保持）
なかほろない	中幌内	place	place,neologd	https://www.post.japanpost.jp/service/search/zipcode/download/utf-zip.html	lexical-and-confirmed-referents;https://www.post.japanpost.jp/service/search/zipcode/download/utf-zip.html	1851	1851	accepted_after_review	読み・表記・意味分類を確認。日本郵便の正式町域・行政地域（連結住所を保持）
きよたけちょうにししんまち	清武町西新町	place	place,wiki	https://www.post.japanpost.jp/service/search/zipcode/download/utf-zip.html	lexical-and-confirmed-referents;https://www.post.japanpost.jp/service/search/zipcode/download/utf-zip.html	1851	1851	accepted_after_review	読み・表記・意味分類を確認。日本郵便の正式町域・行政地域（連結住所を保持）
なかしな	中科	person	neologd	https://www.wikidata.org/wiki/Q49149666#P1814	https://www.wikidata.org/wiki/Q49149666	1851	1851	accepted_after_review	読み・表記・意味分類を確認。姓・名・人物の型を確認
ひいろ	ひいろ	person	person	https://www.wikidata.org/wiki/Q27157086#P1814	https://www.wikidata.org/wiki/Q27157086	1851	1851	accepted_after_review	読み・表記・意味分類を確認。姓・名・人物の型を確認
こたけ	小竹	person,place	place	https://www.post.japanpost.jp/service/search/zipcode/download/utf-zip.html;mozc-exact-reading-surface	https://www.wikidata.org/wiki/Q26439294#P31;reading:P1814;categories:person;lexical-and-confirmed-referents;https://www.post.japanpost.jp/service/search/zipcode/download/utf-zip.html	1851	1851	accepted_after_review	読み・表記・意味分類を確認。各役割の読みを個別に確認
うんぜんしくにみちょうこうじろき	雲仙市国見町神代己	place	place	https://www.post.japanpost.jp/service/search/zipcode/download/utf-zip.html	lexical-and-confirmed-referents;https://www.post.japanpost.jp/service/search/zipcode/download/utf-zip.html	1851	1851	accepted_after_review	読み・表記・意味分類を確認。日本郵便の正式町域・行政地域（連結住所を保持）
しもおきまち	下沖町	place	place,common	https://www.post.japanpost.jp/service/search/zipcode/download/utf-zip.html	lexical-and-confirmed-referents;https://www.post.japanpost.jp/service/search/zipcode/download/utf-zip.html	1851	1851	accepted_after_review	読み・表記・意味分類を確認。日本郵便の正式町域・行政地域（連結住所を保持）
きょうわく	協和区	place	place,neologd	https://www.post.japanpost.jp/service/search/zipcode/download/utf-zip.html	lexical-and-confirmed-referents;https://www.post.japanpost.jp/service/search/zipcode/download/utf-zip.html	1851	1851	accepted_after_review	読み・表記・意味分類を確認。日本郵便の正式町域・行政地域（連結住所を保持）
なかはまみちょう	那加浜見町	place	place,wiki	https://www.post.japanpost.jp/service/search/zipcode/download/utf-zip.html	lexical-and-confirmed-referents;https://www.post.japanpost.jp/service/search/zipcode/download/utf-zip.html	1851	1851	accepted_after_review	読み・表記・意味分類を確認。日本郵便の正式町域・行政地域（連結住所を保持）
たのはた	田ノ畑	person	neologd	https://www.wikidata.org/wiki/Q131394310#P1814	https://www.wikidata.org/wiki/Q131394310	1851	1851	accepted_after_review	読み・表記・意味分類を確認。姓・名・人物の型を確認
このえ	このえ	person	person	https://www.wikidata.org/wiki/Q26449022#P1814;https://www.wikidata.org/wiki/Q43609174#P1814	https://www.wikidata.org/wiki/Q26449022,https://www.wikidata.org/wiki/Q43609174	1851	1851	accepted_after_review	読み・表記・意味分類を確認。姓・名・人物の型を確認
たかつ	高津	person,place	place	https://www.post.japanpost.jp/service/search/zipcode/download/utf-zip.html;mozc-exact-reading-surface	https://www.wikidata.org/wiki/Q26439016#P31;reading:P1814;categories:person;https://www.wikidata.org/wiki/Q38744297#P31;reading:P1814;categories:place;lexical-and-confirmed-referents;https://www.post.japanpost.jp/service/search/zipcode/download/utf-zip.html	1851	1851	accepted_after_review	読み・表記・意味分類を確認。各役割の読みを個別に確認
しずおかしあおいくかわなべちょう	静岡市葵区川辺町	place	place	https://www.post.japanpost.jp/service/search/zipcode/download/utf-zip.html	lexical-and-confirmed-referents;https://www.post.japanpost.jp/service/search/zipcode/download/utf-zip.html	1851	1851	accepted_after_review	読み・表記・意味分類を確認。日本郵便の正式町域・行政地域（連結住所を保持）
ふじかわあらこ	藤川荒古	place	place,common	https://www.post.japanpost.jp/service/search/zipcode/download/utf-zip.html	lexical-and-confirmed-referents;https://www.post.japanpost.jp/service/search/zipcode/download/utf-zip.html	1851	1851	accepted_after_review	読み・表記・意味分類を確認。日本郵便の正式町域・行政地域（連結住所を保持）
かいろうやまみなみ	海老山南	place	place,neologd	https://www.post.japanpost.jp/service/search/zipcode/download/utf-zip.html	lexical-and-confirmed-referents;https://www.post.japanpost.jp/service/search/zipcode/download/utf-zip.html	1851	1851	accepted_after_review	読み・表記・意味分類を確認。日本郵便の正式町域・行政地域（連結住所を保持）
みやいしちょう	宮石町	place	place,wiki	https://www.post.japanpost.jp/service/search/zipcode/download/utf-zip.html	lexical-and-confirmed-referents;https://www.post.japanpost.jp/service/search/zipcode/download/utf-zip.html	1851	1851	accepted_after_review	読み・表記・意味分類を確認。日本郵便の正式町域・行政地域（連結住所を保持）
すぎさき	杉咲	person	neologd	https://www.wikidata.org/wiki/Q131781483#P1814	https://www.wikidata.org/wiki/Q131781483	1851	1851	accepted_after_review	読み・表記・意味分類を確認。姓・名・人物の型を確認
れいら	れいら	person	person	https://www.wikidata.org/wiki/Q46995842#P1814	https://www.wikidata.org/wiki/Q46995842	1851	1851	accepted_after_review	読み・表記・意味分類を確認。姓・名・人物の型を確認
ぬまかわ	沼川	person,place	place	https://www.post.japanpost.jp/service/search/zipcode/download/utf-zip.html;mozc-exact-reading-surface	https://www.wikidata.org/wiki/Q40103933#P31;reading:P1814;categories:person;lexical-and-confirmed-referents;https://www.post.japanpost.jp/service/search/zipcode/download/utf-zip.html	1851	1851	accepted_after_review	読み・表記・意味分類を確認。各役割の読みを個別に確認
はやし	林	place	place	https://www.post.japanpost.jp/service/search/zipcode/download/utf-zip.html;mozc-exact-reading-surface	lexical-and-confirmed-referents;https://www.post.japanpost.jp/service/search/zipcode/download/utf-zip.html	1851	1851	accepted_after_review	読み・表記・意味分類を確認。日本郵便の正式町域・行政地域（連結住所を保持）
やつおまちめっき	八尾町滅鬼	place	place,common	https://www.post.japanpost.jp/service/search/zipcode/download/utf-zip.html	lexical-and-confirmed-referents;https://www.post.japanpost.jp/service/search/zipcode/download/utf-zip.html	1851	1851	accepted_after_review	読み・表記・意味分類を確認。日本郵便の正式町域・行政地域（連結住所を保持）
ひゃくねんこうえん	百年公園	place	place,neologd	https://www.post.japanpost.jp/service/search/zipcode/download/utf-zip.html	lexical-and-confirmed-referents;https://www.post.japanpost.jp/service/search/zipcode/download/utf-zip.html	1851	1851	accepted_after_review	読み・表記・意味分類を確認。日本郵便の正式町域・行政地域（連結住所を保持）
なかだいもんちょう	那加大門町	place	place,wiki	https://www.post.japanpost.jp/service/search/zipcode/download/utf-zip.html	lexical-and-confirmed-referents;https://www.post.japanpost.jp/service/search/zipcode/download/utf-zip.html	1851	1851	accepted_after_review	読み・表記・意味分類を確認。日本郵便の正式町域・行政地域（連結住所を保持）
たくみ	太組	person	neologd	https://www.wikidata.org/wiki/Q130423989#P1814	https://www.wikidata.org/wiki/Q130423989	1851	1851	accepted_after_review	読み・表記・意味分類を確認。姓・名・人物の型を確認
れんじろう	れんじろう	person	person	https://www.wikidata.org/wiki/Q127524153#P1814	https://www.wikidata.org/wiki/Q127524153	1851	1851	accepted_after_review	読み・表記・意味分類を確認。姓・名・人物の型を確認
くろべ	黒部	person,place	place	https://www.post.japanpost.jp/service/search/zipcode/download/utf-zip.html;mozc-exact-reading-surface	https://www.wikidata.org/wiki/Q43610880#P31;reading:P1814;categories:person;lexical-and-confirmed-referents;https://www.post.japanpost.jp/service/search/zipcode/download/utf-zip.html	1851	1851	accepted_after_review	読み・表記・意味分類を確認。各役割の読みを個別に確認
はちおうじしはざままち	八王子市狭間町	place	place	https://www.post.japanpost.jp/service/search/zipcode/download/utf-zip.html	lexical-and-confirmed-referents;https://www.post.japanpost.jp/service/search/zipcode/download/utf-zip.html	1851	1851	accepted_after_review	読み・表記・意味分類を確認。日本郵便の正式町域・行政地域（連結住所を保持）
まついだまちはら	松井田町原	place	place,common	https://www.post.japanpost.jp/service/search/zipcode/download/utf-zip.html	lexical-and-confirmed-referents;https://www.post.japanpost.jp/service/search/zipcode/download/utf-zip.html	1851	1851	accepted_after_review	読み・表記・意味分類を確認。日本郵便の正式町域・行政地域（連結住所を保持）
にしきまちみなみ	錦町南	place	place,neologd	https://www.post.japanpost.jp/service/search/zipcode/download/utf-zip.html	lexical-and-confirmed-referents;https://www.post.japanpost.jp/service/search/zipcode/download/utf-zip.html	1851	1851	accepted_after_review	読み・表記・意味分類を確認。日本郵便の正式町域・行政地域（連結住所を保持）
はこだまち	箱田町	place	place,wiki	https://www.post.japanpost.jp/service/search/zipcode/download/utf-zip.html	lexical-and-confirmed-referents;https://www.post.japanpost.jp/service/search/zipcode/download/utf-zip.html	1851	1851	accepted_after_review	読み・表記・意味分類を確認。日本郵便の正式町域・行政地域（連結住所を保持）
さつき	茶月	person	neologd	https://www.wikidata.org/wiki/Q131411321#P1814	https://www.wikidata.org/wiki/Q131411321	1851	1851	accepted_after_review	読み・表記・意味分類を確認。姓・名・人物の型を確認
あおい	碧唯	person	person	https://www.wikidata.org/wiki/Q134527455#P1814	https://www.wikidata.org/wiki/Q134527455	1851	1851	accepted_after_review	読み・表記・意味分類を確認。姓・名・人物の型を確認
あかた	赤田	person,place	place	https://www.post.japanpost.jp/service/search/zipcode/download/utf-zip.html;mozc-exact-reading-surface	https://www.wikidata.org/wiki/Q27242737#P31;reading:P1814;categories:person;lexical-and-confirmed-referents;https://www.post.japanpost.jp/service/search/zipcode/download/utf-zip.html	1851	1851	accepted_after_review	読み・表記・意味分類を確認。各役割の読みを個別に確認
ぎふしかどやせいひき	岐阜市門屋勢引	place	place	https://www.post.japanpost.jp/service/search/zipcode/download/utf-zip.html	lexical-and-confirmed-referents;https://www.post.japanpost.jp/service/search/zipcode/download/utf-zip.html	1851	1851	accepted_after_review	読み・表記・意味分類を確認。日本郵便の正式町域・行政地域（連結住所を保持）
こうなんちょうのがわ	甲南町野川	place	place,common	https://www.post.japanpost.jp/service/search/zipcode/download/utf-zip.html	lexical-and-confirmed-referents;https://www.post.japanpost.jp/service/search/zipcode/download/utf-zip.html	1851	1851	accepted_after_review	読み・表記・意味分類を確認。日本郵便の正式町域・行政地域（連結住所を保持）
やさこく	八迫区	place	place,neologd	https://www.post.japanpost.jp/service/search/zipcode/download/utf-zip.html	lexical-and-confirmed-referents;https://www.post.japanpost.jp/service/search/zipcode/download/utf-zip.html	1851	1851	accepted_after_review	読み・表記・意味分類を確認。日本郵便の正式町域・行政地域（連結住所を保持）
しもほんまち	下本町	place	place,wiki	https://www.post.japanpost.jp/service/search/zipcode/download/utf-zip.html	lexical-and-confirmed-referents;https://www.post.japanpost.jp/service/search/zipcode/download/utf-zip.html	1851	1851	accepted_after_review	読み・表記・意味分類を確認。日本郵便の正式町域・行政地域（連結住所を保持）
やまがた	山像	person	neologd	https://www.wikidata.org/wiki/Q134422794#P1814	https://www.wikidata.org/wiki/Q134422794	1851	1851	accepted_after_review	読み・表記・意味分類を確認。姓・名・人物の型を確認
みくに	みくに	person	person	https://www.wikidata.org/wiki/Q27166221#P1814	https://www.wikidata.org/wiki/Q27166221	1851	1851	accepted_after_review	読み・表記・意味分類を確認。姓・名・人物の型を確認
にしき	錦	person,place	place	https://www.post.japanpost.jp/service/search/zipcode/download/utf-zip.html;mozc-exact-reading-surface	https://www.wikidata.org/wiki/Q43609797#P31;reading:P1814;categories:person;lexical-and-confirmed-referents;https://www.post.japanpost.jp/service/search/zipcode/download/utf-zip.html	1851	1851	accepted_after_review	読み・表記・意味分類を確認。各役割の読みを個別に確認
やすぎしひろせちょうしもやまさ	安来市広瀬町下山佐	place	place	https://www.post.japanpost.jp/service/search/zipcode/download/utf-zip.html	lexical-and-confirmed-referents;https://www.post.japanpost.jp/service/search/zipcode/download/utf-zip.html	1851	1851	accepted_after_review	読み・表記・意味分類を確認。日本郵便の正式町域・行政地域（連結住所を保持）
げいのうちょううじい	芸濃町雲林院	place	place,common	https://www.post.japanpost.jp/service/search/zipcode/download/utf-zip.html	lexical-and-confirmed-referents;https://www.post.japanpost.jp/service/search/zipcode/download/utf-zip.html	1851	1851	accepted_after_review	読み・表記・意味分類を確認。日本郵便の正式町域・行政地域（連結住所を保持）
ふなばししかなすぎ	船橋市金杉	place	place,neologd	https://www.post.japanpost.jp/service/search/zipcode/download/utf-zip.html	lexical-and-confirmed-referents;https://www.post.japanpost.jp/service/search/zipcode/download/utf-zip.html	1851	1851	accepted_after_review	読み・表記・意味分類を確認。日本郵便の正式町域・行政地域（連結住所を保持）
しののめにしまち	東雲西町	place	place,wiki	https://www.post.japanpost.jp/service/search/zipcode/download/utf-zip.html	lexical-and-confirmed-referents;https://www.post.japanpost.jp/service/search/zipcode/download/utf-zip.html	1851	1851	accepted_after_review	読み・表記・意味分類を確認。日本郵便の正式町域・行政地域（連結住所を保持）
ほんあみ	本阿彌	person	neologd	https://www.wikidata.org/wiki/Q39256178#P1814	https://www.wikidata.org/wiki/Q39256178	1851	1851	accepted_after_review	読み・表記・意味分類を確認。姓・名・人物の型を確認
にいな	にいな	person	person	https://www.wikidata.org/wiki/Q127608721#P1814;https://www.wikidata.org/wiki/Q27169095#P1814;https://www.wikidata.org/wiki/Q27307918#P1814;https://www.wikidata.org/wiki/Q43659151#P1814	https://www.wikidata.org/wiki/Q127608721,https://www.wikidata.org/wiki/Q27169095,https://www.wikidata.org/wiki/Q27307918,https://www.wikidata.org/wiki/Q43659151	1851	1851	accepted_after_review	読み・表記・意味分類を確認。姓・名・人物の型を確認
い	い	person,place	place	https://www.post.japanpost.jp/service/search/zipcode/download/utf-zip.html;mozc-exact-reading-surface	https://www.wikidata.org/wiki/Q27165969#P31;reading:P1814;categories:person;lexical-and-confirmed-referents;https://www.post.japanpost.jp/service/search/zipcode/download/utf-zip.html	1851	1851	accepted_after_review	読み・表記・意味分類を確認。各役割の読みを個別に確認
うえだしごしょ	上田市御所	place	place	https://www.post.japanpost.jp/service/search/zipcode/download/utf-zip.html	lexical-and-confirmed-referents;https://www.post.japanpost.jp/service/search/zipcode/download/utf-zip.html	1851	1851	accepted_after_review	読み・表記・意味分類を確認。日本郵便の正式町域・行政地域（連結住所を保持）
うちわらちょう	内原町	place	place,common	https://www.post.japanpost.jp/service/search/zipcode/download/utf-zip.html	lexical-and-confirmed-referents;https://www.post.japanpost.jp/service/search/zipcode/download/utf-zip.html	1851	1851	accepted_after_review	読み・表記・意味分類を確認。日本郵便の正式町域・行政地域（連結住所を保持）
しんえいにし	新栄西	place	place,neologd	https://www.post.japanpost.jp/service/search/zipcode/download/utf-zip.html	lexical-and-confirmed-referents;https://www.post.japanpost.jp/service/search/zipcode/download/utf-zip.html	1851	1851	accepted_after_review	読み・表記・意味分類を確認。日本郵便の正式町域・行政地域（連結住所を保持）
きたかたまちうそごえ	北方町うそ越	place	place,wiki	https://www.post.japanpost.jp/service/search/zipcode/download/utf-zip.html	lexical-and-confirmed-referents;https://www.post.japanpost.jp/service/search/zipcode/download/utf-zip.html	1851	1851	accepted_after_review	読み・表記・意味分類を確認。日本郵便の正式町域・行政地域（連結住所を保持）
かいと	開斗	person	neologd	https://www.wikidata.org/wiki/Q16277573#P1814	https://www.wikidata.org/wiki/Q16277573	1851	1851	accepted_after_review	読み・表記・意味分類を確認。姓・名・人物の型を確認
そうま	そうま	person	person	https://www.wikidata.org/wiki/Q27156430#P1814	https://www.wikidata.org/wiki/Q27156430	1851	1851	accepted_after_review	読み・表記・意味分類を確認。姓・名・人物の型を確認
あかまつ	赤松	person,place	place	https://www.post.japanpost.jp/service/search/zipcode/download/utf-zip.html;mozc-exact-reading-surface	https://www.wikidata.org/wiki/Q26229378#P31;reading:P1814;categories:person;lexical-and-confirmed-referents;https://www.post.japanpost.jp/service/search/zipcode/download/utf-zip.html	1851	1851	accepted_after_review	読み・表記・意味分類を確認。各役割の読みを個別に確認
うべしあげじょう	宇部市上条	place	place	https://www.post.japanpost.jp/service/search/zipcode/download/utf-zip.html	lexical-and-confirmed-referents;https://www.post.japanpost.jp/service/search/zipcode/download/utf-zip.html	1851	1851	accepted_after_review	読み・表記・意味分類を確認。日本郵便の正式町域・行政地域（連結住所を保持）
いけだちょうしつかわ	池田町漆川	place	place,common	https://www.post.japanpost.jp/service/search/zipcode/download/utf-zip.html	lexical-and-confirmed-referents;https://www.post.japanpost.jp/service/search/zipcode/download/utf-zip.html	1851	1851	accepted_after_review	読み・表記・意味分類を確認。日本郵便の正式町域・行政地域（連結住所を保持）
こうえんく	公園区	place	place,neologd	https://www.post.japanpost.jp/service/search/zipcode/download/utf-zip.html	lexical-and-confirmed-referents;https://www.post.japanpost.jp/service/search/zipcode/download/utf-zip.html	1851	1851	accepted_after_review	読み・表記・意味分類を確認。日本郵便の正式町域・行政地域（連結住所を保持）
しおのまち	塩野町	place	place,wiki	https://www.post.japanpost.jp/service/search/zipcode/download/utf-zip.html	lexical-and-confirmed-referents;https://www.post.japanpost.jp/service/search/zipcode/download/utf-zip.html	1851	1851	accepted_after_review	読み・表記・意味分類を確認。日本郵便の正式町域・行政地域（連結住所を保持）
みのわ	味野和	person	neologd	https://www.wikidata.org/wiki/Q131170712#P1814	https://www.wikidata.org/wiki/Q131170712	1851	1851	accepted_after_review	読み・表記・意味分類を確認。姓・名・人物の型を確認
おおしま	おおしま	person	person	https://www.wikidata.org/wiki/Q16880810#P1814	https://www.wikidata.org/wiki/Q16880810	1851	1851	accepted_after_review	読み・表記・意味分類を確認。姓・名・人物の型を確認
おおわき	大脇	person,place	place	https://www.post.japanpost.jp/service/search/zipcode/download/utf-zip.html;mozc-exact-reading-surface	https://www.wikidata.org/wiki/Q26449835#P31;reading:P1814;categories:person;lexical-and-confirmed-referents;https://www.post.japanpost.jp/service/search/zipcode/download/utf-zip.html	1851	1851	accepted_after_review	読み・表記・意味分類を確認。各役割の読みを個別に確認
よこすかしいりやまずちょう	横須賀市不入斗町	place	place	https://www.post.japanpost.jp/service/search/zipcode/download/utf-zip.html	lexical-and-confirmed-referents;https://www.post.japanpost.jp/service/search/zipcode/download/utf-zip.html	1851	1851	accepted_after_review	読み・表記・意味分類を確認。日本郵便の正式町域・行政地域（連結住所を保持）
いけだちょうやさん	池田町ヤサン	place	place,common	https://www.post.japanpost.jp/service/search/zipcode/download/utf-zip.html	lexical-and-confirmed-referents;https://www.post.japanpost.jp/service/search/zipcode/download/utf-zip.html	1851	1851	accepted_after_review	読み・表記・意味分類を確認。日本郵便の正式町域・行政地域（連結住所を保持）
しらおかひがし	白岡東	place	place,neologd	https://www.post.japanpost.jp/service/search/zipcode/download/utf-zip.html	lexical-and-confirmed-referents;https://www.post.japanpost.jp/service/search/zipcode/download/utf-zip.html	1851	1851	accepted_after_review	読み・表記・意味分類を確認。日本郵便の正式町域・行政地域（連結住所を保持）
えんどうまち	遠藤町	place	place,wiki	https://www.post.japanpost.jp/service/search/zipcode/download/utf-zip.html	lexical-and-confirmed-referents;https://www.post.japanpost.jp/service/search/zipcode/download/utf-zip.html	1851	1851	accepted_after_review	読み・表記・意味分類を確認。日本郵便の正式町域・行政地域（連結住所を保持）
みつはら	光原	person	neologd	https://www.wikidata.org/wiki/Q124003283#P1814	https://www.wikidata.org/wiki/Q124003283	1851	1851	accepted_after_review	読み・表記・意味分類を確認。姓・名・人物の型を確認
むらおか	ムラオカ	person	person	mozc-exact-reading-surface	source-and-mozc-pos	1851	1851	accepted_after_review	読み・表記・意味分類を確認。姓・名・人物の型を確認
はくさん	白山	person,place	place	https://www.post.japanpost.jp/service/search/zipcode/download/utf-zip.html;mozc-exact-reading-surface	https://www.wikidata.org/wiki/Q2639098#P31;reading:P1814;categories:place;https://www.wikidata.org/wiki/Q110150707#P31;reading:P1814;categories:place;https://www.wikidata.org/wiki/Q11579537#P31;reading:P1814;categories:place;https://www.wikidata.org/wiki/Q27242883#P31;reading:P1814;categories:person;lexical-and-confirmed-referents;https://www.post.japanpost.jp/service/search/zipcode/download/utf-zip.html	1851	1851	accepted_after_review	読み・表記・意味分類を確認。各役割の読みを個別に確認
まるおかちょうつぼえ	丸岡町坪江	place	place	https://www.post.japanpost.jp/service/search/zipcode/download/utf-zip.html	lexical-and-confirmed-referents;https://www.post.japanpost.jp/service/search/zipcode/download/utf-zip.html	1851	1851	accepted_after_review	読み・表記・意味分類を確認。日本郵便の正式町域・行政地域（連結住所を保持）
いちばちょういぬのはか	市場町犬墓	place	place,common	https://www.post.japanpost.jp/service/search/zipcode/download/utf-zip.html	lexical-and-confirmed-referents;https://www.post.japanpost.jp/service/search/zipcode/download/utf-zip.html	1851	1851	accepted_after_review	読み・表記・意味分類を確認。日本郵便の正式町域・行政地域（連結住所を保持）
しみずこうえんひがし	清水公園東	place	place,neologd	https://www.post.japanpost.jp/service/search/zipcode/download/utf-zip.html	lexical-and-confirmed-referents;https://www.post.japanpost.jp/service/search/zipcode/download/utf-zip.html	1851	1851	accepted_after_review	読み・表記・意味分類を確認。日本郵便の正式町域・行政地域（連結住所を保持）
いなこちょう	稲狐町	place	place,wiki	https://www.post.japanpost.jp/service/search/zipcode/download/utf-zip.html	lexical-and-confirmed-referents;https://www.post.japanpost.jp/service/search/zipcode/download/utf-zip.html	1851	1851	accepted_after_review	読み・表記・意味分類を確認。日本郵便の正式町域・行政地域（連結住所を保持）
おこひら	尾小平	person	neologd	https://www.wikidata.org/wiki/Q123123198#P1814	https://www.wikidata.org/wiki/Q123123198	1851	1851	accepted_after_review	読み・表記・意味分類を確認。姓・名・人物の型を確認
いぐさ	いぐさ	person	person	https://www.wikidata.org/wiki/Q27305698#P1814	https://www.wikidata.org/wiki/Q27305698	1851	1851	accepted_after_review	読み・表記・意味分類を確認。姓・名・人物の型を確認
なかまち	仲町	person,place	place	https://www.post.japanpost.jp/service/search/zipcode/download/utf-zip.html;mozc-exact-reading-surface	https://www.wikidata.org/wiki/Q130610952#P31;reading:P1814;categories:place;https://www.wikidata.org/wiki/Q134567219#P31;reading:P1814;categories:person;lexical-and-confirmed-referents;https://www.post.japanpost.jp/service/search/zipcode/download/utf-zip.html	1851	1851	accepted_after_review	読み・表記・意味分類を確認。各役割の読みを個別に確認
きみつしいわで	君津市岩出	place	place	https://www.post.japanpost.jp/service/search/zipcode/download/utf-zip.html	lexical-and-confirmed-referents;https://www.post.japanpost.jp/service/search/zipcode/download/utf-zip.html	1851	1851	accepted_after_review	読み・表記・意味分類を確認。日本郵便の正式町域・行政地域（連結住所を保持）
いけだちょううまじ	池田町馬路	place	place,common	https://www.post.japanpost.jp/service/search/zipcode/download/utf-zip.html	lexical-and-confirmed-referents;https://www.post.japanpost.jp/service/search/zipcode/download/utf-zip.html	1851	1851	accepted_after_review	読み・表記・意味分類を確認。日本郵便の正式町域・行政地域（連結住所を保持）
じょうへんこう	城辺甲	place	place,neologd	https://www.post.japanpost.jp/service/search/zipcode/download/utf-zip.html	lexical-and-confirmed-referents;https://www.post.japanpost.jp/service/search/zipcode/download/utf-zip.html	1851	1851	accepted_after_review	読み・表記・意味分類を確認。日本郵便の正式町域・行政地域（連結住所を保持）
しんけちょう	新家町	place	place,wiki	https://www.post.japanpost.jp/service/search/zipcode/download/utf-zip.html	lexical-and-confirmed-referents;https://www.post.japanpost.jp/service/search/zipcode/download/utf-zip.html	1851	1851	accepted_after_review	読み・表記・意味分類を確認。日本郵便の正式町域・行政地域（連結住所を保持）
しょういちろう	昌一良	person	neologd	https://www.wikidata.org/wiki/Q29553804#P1814	https://www.wikidata.org/wiki/Q29553804	1851	1851	accepted_after_review	読み・表記・意味分類を確認。姓・名・人物の型を確認
はすみ	はすみ	person	person	https://www.wikidata.org/wiki/Q131150348#P1814;https://www.wikidata.org/wiki/Q131150352#P1814;https://www.wikidata.org/wiki/Q131150361#P1814;https://www.wikidata.org/wiki/Q131150362#P1814;https://www.wikidata.org/wiki/Q131150382#P1814;https://www.wikidata.org/wiki/Q131150385#P1814;https://www.wikidata.org/wiki/Q131150402#P1814;https://www.wikidata.org/wiki/Q131150408#P1814;https://www.wikidata.org/wiki/Q131150437#P1814;https://www.wikidata.org/wiki/Q27169033#P1814	https://www.wikidata.org/wiki/Q131150348,https://www.wikidata.org/wiki/Q131150352,https://www.wikidata.org/wiki/Q131150361,https://www.wikidata.org/wiki/Q131150362,https://www.wikidata.org/wiki/Q131150382,https://www.wikidata.org/wiki/Q131150385,https://www.wikidata.org/wiki/Q131150402,https://www.wikidata.org/wiki/Q131150408,https://www.wikidata.org/wiki/Q131150437,https://www.wikidata.org/wiki/Q27169033	1851	1851	accepted_after_review	読み・表記・意味分類を確認。姓・名・人物の型を確認
なるかわ	成川	person,place	place	https://www.post.japanpost.jp/service/search/zipcode/download/utf-zip.html;mozc-exact-reading-surface	https://www.wikidata.org/wiki/Q27181434#P31;reading:P1814;categories:person;lexical-and-confirmed-referents;https://www.post.japanpost.jp/service/search/zipcode/download/utf-zip.html	1851	1851	accepted_after_review	読み・表記・意味分類を確認。各役割の読みを個別に確認
やまぐちしふかみぞ	山口市深溝	place	place	https://www.post.japanpost.jp/service/search/zipcode/download/utf-zip.html	lexical-and-confirmed-referents;https://www.post.japanpost.jp/service/search/zipcode/download/utf-zip.html	1851	1851	accepted_after_review	読み・表記・意味分類を確認。日本郵便の正式町域・行政地域（連結住所を保持）
こうなんちょうこうしん	甲南町耕心	place	place,common	https://www.post.japanpost.jp/service/search/zipcode/download/utf-zip.html	lexical-and-confirmed-referents;https://www.post.japanpost.jp/service/search/zipcode/download/utf-zip.html	1851	1851	accepted_after_review	読み・表記・意味分類を確認。日本郵便の正式町域・行政地域（連結住所を保持）
つうせんば	通船場	place	place,neologd	https://www.post.japanpost.jp/service/search/zipcode/download/utf-zip.html	lexical-and-confirmed-referents;https://www.post.japanpost.jp/service/search/zipcode/download/utf-zip.html	1851	1851	accepted_after_review	読み・表記・意味分類を確認。日本郵便の正式町域・行政地域（連結住所を保持）
かみさぎりちょう	上佐切町	place	place,wiki	https://www.post.japanpost.jp/service/search/zipcode/download/utf-zip.html	lexical-and-confirmed-referents;https://www.post.japanpost.jp/service/search/zipcode/download/utf-zip.html	1851	1851	accepted_after_review	読み・表記・意味分類を確認。日本郵便の正式町域・行政地域（連結住所を保持）
はすみ	蓮未	person	neologd	https://www.wikidata.org/wiki/Q131150382#P1814	https://www.wikidata.org/wiki/Q131150382	1851	1851	accepted_after_review	読み・表記・意味分類を確認。姓・名・人物の型を確認
よねぞう	よねぞう	person	person	https://www.wikidata.org/wiki/Q139568816#P1814	https://www.wikidata.org/wiki/Q139568816	1851	1851	accepted_after_review	読み・表記・意味分類を確認。姓・名・人物の型を確認
ふくばら	福原	person,place	place	https://www.post.japanpost.jp/service/search/zipcode/download/utf-zip.html;mozc-exact-reading-surface	https://www.wikidata.org/wiki/Q133962587#P31;reading:P1814;categories:person;lexical-and-confirmed-referents;https://www.post.japanpost.jp/service/search/zipcode/download/utf-zip.html	1851	1851	accepted_after_review	読み・表記・意味分類を確認。各役割の読みを個別に確認
かたぎはらくぼちょう	樫原久保町	place	place	https://www.post.japanpost.jp/service/search/zipcode/download/utf-zip.html	lexical-and-confirmed-referents;https://www.post.japanpost.jp/service/search/zipcode/download/utf-zip.html	1851	1851	accepted_after_review	読み・表記・意味分類を確認。日本郵便の正式町域・行政地域（連結住所を保持）
かすかわまちにしたなぼ	粕川町西田面	place	place,common	https://www.post.japanpost.jp/service/search/zipcode/download/utf-zip.html	lexical-and-confirmed-referents;https://www.post.japanpost.jp/service/search/zipcode/download/utf-zip.html	1851	1851	accepted_after_review	読み・表記・意味分類を確認。日本郵便の正式町域・行政地域（連結住所を保持）
かがみよしはら	鏡吉原	place	place,neologd	https://www.post.japanpost.jp/service/search/zipcode/download/utf-zip.html	lexical-and-confirmed-referents;https://www.post.japanpost.jp/service/search/zipcode/download/utf-zip.html	1851	1851	accepted_after_review	読み・表記・意味分類を確認。日本郵便の正式町域・行政地域（連結住所を保持）
まちくみちょう	町組町	place	place,wiki	https://www.post.japanpost.jp/service/search/zipcode/download/utf-zip.html	lexical-and-confirmed-referents;https://www.post.japanpost.jp/service/search/zipcode/download/utf-zip.html	1851	1851	accepted_after_review	読み・表記・意味分類を確認。日本郵便の正式町域・行政地域（連結住所を保持）
たかひこ	峻彦	person	neologd	https://www.wikidata.org/wiki/Q134443997#P1814	https://www.wikidata.org/wiki/Q134443997	1851	1851	accepted_after_review	読み・表記・意味分類を確認。姓・名・人物の型を確認
ふみや	ふみや	person	person	https://www.wikidata.org/wiki/Q136735238#P1814	https://www.wikidata.org/wiki/Q136735238	1851	1851	accepted_after_review	読み・表記・意味分類を確認。姓・名・人物の型を確認
くろつち	黒土	person,place	place	https://www.post.japanpost.jp/service/search/zipcode/download/utf-zip.html;mozc-exact-reading-surface	https://www.wikidata.org/wiki/Q117768813#P31;reading:P1814;categories:person;lexical-and-confirmed-referents;https://www.post.japanpost.jp/service/search/zipcode/download/utf-zip.html	1851	1851	accepted_after_review	読み・表記・意味分類を確認。各役割の読みを個別に確認
にしむらやまぐんおおえまちほんごうてい	西村山郡大江町本郷丁	place	place	https://www.post.japanpost.jp/service/search/zipcode/download/utf-zip.html	lexical-and-confirmed-referents;https://www.post.japanpost.jp/service/search/zipcode/download/utf-zip.html	1851	1851	accepted_after_review	読み・表記・意味分類を確認。日本郵便の正式町域・行政地域（連結住所を保持）
こうなんちょうふかわ	甲南町深川	place	place,common	https://www.post.japanpost.jp/service/search/zipcode/download/utf-zip.html	lexical-and-confirmed-referents;https://www.post.japanpost.jp/service/search/zipcode/download/utf-zip.html	1851	1851	accepted_after_review	読み・表記・意味分類を確認。日本郵便の正式町域・行政地域（連結住所を保持）
りょうつふくうら	両津福浦	place	place,neologd	https://www.post.japanpost.jp/service/search/zipcode/download/utf-zip.html	lexical-and-confirmed-referents;https://www.post.japanpost.jp/service/search/zipcode/download/utf-zip.html	1851	1851	accepted_after_review	読み・表記・意味分類を確認。日本郵便の正式町域・行政地域（連結住所を保持）
えいわちょう	栄和町	place	place,wiki	https://www.post.japanpost.jp/service/search/zipcode/download/utf-zip.html	lexical-and-confirmed-referents;https://www.post.japanpost.jp/service/search/zipcode/download/utf-zip.html	1851	1851	accepted_after_review	読み・表記・意味分類を確認。日本郵便の正式町域・行政地域（連結住所を保持）
すみお	純央	person	neologd	https://www.wikidata.org/wiki/Q29965155#P1814	https://www.wikidata.org/wiki/Q29965155	1851	1851	accepted_after_review	読み・表記・意味分類を確認。姓・名・人物の型を確認
しもん	しもん	person	person	https://www.wikidata.org/wiki/Q135109395#P1814;https://www.wikidata.org/wiki/Q136445381#P1814	https://www.wikidata.org/wiki/Q136445381	1851	1851	accepted_after_review	読み・表記・意味分類を確認。姓・名・人物の型を確認
にしがた	西方	person,place	place	https://www.post.japanpost.jp/service/search/zipcode/download/utf-zip.html;mozc-exact-reading-surface	https://www.wikidata.org/wiki/Q27242667#P31;reading:P1814;categories:person;lexical-and-confirmed-referents;https://www.post.japanpost.jp/service/search/zipcode/download/utf-zip.html	1851	1851	accepted_after_review	読み・表記・意味分類を確認。各役割の読みを個別に確認
みすぎちょうみたけ	美杉町三多気	place	place	https://www.post.japanpost.jp/service/search/zipcode/download/utf-zip.html	lexical-and-confirmed-referents;https://www.post.japanpost.jp/service/search/zipcode/download/utf-zip.html	1851	1851	accepted_after_review	読み・表記・意味分類を確認。日本郵便の正式町域・行政地域（連結住所を保持）
かわしまちょうかわしま	川島町川島	place	place,common	https://www.post.japanpost.jp/service/search/zipcode/download/utf-zip.html	lexical-and-confirmed-referents;https://www.post.japanpost.jp/service/search/zipcode/download/utf-zip.html	1851	1851	accepted_after_review	読み・表記・意味分類を確認。日本郵便の正式町域・行政地域（連結住所を保持）
みたかしきたの	三鷹市北野	place	place,neologd	https://www.post.japanpost.jp/service/search/zipcode/download/utf-zip.html	lexical-and-confirmed-referents;https://www.post.japanpost.jp/service/search/zipcode/download/utf-zip.html	1851	1851	accepted_after_review	読み・表記・意味分類を確認。日本郵便の正式町域・行政地域（連結住所を保持）
こまはやしもとまち	駒林元町	place	place,wiki	https://www.post.japanpost.jp/service/search/zipcode/download/utf-zip.html	lexical-and-confirmed-referents;https://www.post.japanpost.jp/service/search/zipcode/download/utf-zip.html	1851	1851	accepted_after_review	読み・表記・意味分類を確認。日本郵便の正式町域・行政地域（連結住所を保持）
しょうぞう	荘蔵	person	neologd	https://www.wikidata.org/wiki/Q29557003#P1814	https://www.wikidata.org/wiki/Q29557003	1851	1851	accepted_after_review	読み・表記・意味分類を確認。姓・名・人物の型を確認
きなり	きなり	person	person	https://www.wikidata.org/wiki/Q26449663#P1814	https://www.wikidata.org/wiki/Q26449663	1851	1851	accepted_after_review	読み・表記・意味分類を確認。姓・名・人物の型を確認
こうち	河内	person,place	place	https://www.post.japanpost.jp/service/search/zipcode/download/utf-zip.html;mozc-exact-reading-surface	https://www.wikidata.org/wiki/Q26212773#P31;reading:P1814;categories:person;lexical-and-confirmed-referents;https://www.post.japanpost.jp/service/search/zipcode/download/utf-zip.html	1851	1851	accepted_after_review	読み・表記・意味分類を確認。各役割の読みを個別に確認
こうやぐちちょうかみなか	高野口町上中	place	place	https://www.post.japanpost.jp/service/search/zipcode/download/utf-zip.html	lexical-and-confirmed-referents;https://www.post.japanpost.jp/service/search/zipcode/download/utf-zip.html	1851	1851	accepted_after_review	読み・表記・意味分類を確認。日本郵便の正式町域・行政地域（連結住所を保持）
みのちょうたちのやま	三野町太刀野山	place	place,common	https://www.post.japanpost.jp/service/search/zipcode/download/utf-zip.html	lexical-and-confirmed-referents;https://www.post.japanpost.jp/service/search/zipcode/download/utf-zip.html	1851	1851	accepted_after_review	読み・表記・意味分類を確認。日本郵便の正式町域・行政地域（連結住所を保持）
すずかはいつ	鈴鹿ハイツ	place	place,neologd	https://www.post.japanpost.jp/service/search/zipcode/download/utf-zip.html	lexical-and-confirmed-referents;https://www.post.japanpost.jp/service/search/zipcode/download/utf-zip.html	1851	1851	accepted_after_review	読み・表記・意味分類を確認。日本郵便の正式町域・行政地域（連結住所を保持）
へいわがおかにしまち	平和が丘西町	place	place,wiki	https://www.post.japanpost.jp/service/search/zipcode/download/utf-zip.html	lexical-and-confirmed-referents;https://www.post.japanpost.jp/service/search/zipcode/download/utf-zip.html	1851	1851	accepted_after_review	読み・表記・意味分類を確認。日本郵便の正式町域・行政地域（連結住所を保持）
のぶひで	展英	person	neologd	https://www.wikidata.org/wiki/Q131279084#P1814	https://www.wikidata.org/wiki/Q131279084	1851	1851	accepted_after_review	読み・表記・意味分類を確認。姓・名・人物の型を確認
くにい	くにい	person	person	https://www.wikidata.org/wiki/Q26446846#P1814	https://www.wikidata.org/wiki/Q26446846	1851	1851	accepted_after_review	読み・表記・意味分類を確認。姓・名・人物の型を確認
にし	西	person,place	place	https://www.post.japanpost.jp/service/search/zipcode/download/utf-zip.html;mozc-exact-reading-surface	https://www.wikidata.org/wiki/Q24091123#P31;reading:P1814;categories:person;lexical-and-confirmed-referents;https://www.post.japanpost.jp/service/search/zipcode/download/utf-zip.html	1851	1851	accepted_after_review	読み・表記・意味分類を確認。各役割の読みを個別に確認
なごやしもりやまくせこひがし	名古屋市守山区瀬古東	place	place	https://www.post.japanpost.jp/service/search/zipcode/download/utf-zip.html	lexical-and-confirmed-referents;https://www.post.japanpost.jp/service/search/zipcode/download/utf-zip.html	1851	1851	accepted_after_review	読み・表記・意味分類を確認。日本郵便の正式町域・行政地域（連結住所を保持）
おおたかのもりみなみ	おおたかの森南	place	place,common	https://www.post.japanpost.jp/service/search/zipcode/download/utf-zip.html	lexical-and-confirmed-referents;https://www.post.japanpost.jp/service/search/zipcode/download/utf-zip.html	1851	1851	accepted_after_review	読み・表記・意味分類を確認。日本郵便の正式町域・行政地域（連結住所を保持）
みそみだんち	三十三団地	place	place,neologd	https://www.post.japanpost.jp/service/search/zipcode/download/utf-zip.html	lexical-and-confirmed-referents;https://www.post.japanpost.jp/service/search/zipcode/download/utf-zip.html	1851	1851	accepted_after_review	読み・表記・意味分類を確認。日本郵便の正式町域・行政地域（連結住所を保持）
きよたけちょういけだだいきた	清武町池田台北	place	place,wiki	https://www.post.japanpost.jp/service/search/zipcode/download/utf-zip.html	lexical-and-confirmed-referents;https://www.post.japanpost.jp/service/search/zipcode/download/utf-zip.html	1851	1851	accepted_after_review	読み・表記・意味分類を確認。日本郵便の正式町域・行政地域（連結住所を保持）
はちやく	八役	person	neologd	https://www.wikidata.org/wiki/Q47092456#P1814	https://www.wikidata.org/wiki/Q47092456	1851	1851	accepted_after_review	読み・表記・意味分類を確認。姓・名・人物の型を確認
ことね	ことね	person	person	https://www.wikidata.org/wiki/Q84317801#P1814	https://www.wikidata.org/wiki/Q84317801	1851	1851	accepted_after_review	読み・表記・意味分類を確認。姓・名・人物の型を確認
ごたんだ	五反田	person,place	place	https://www.post.japanpost.jp/service/search/zipcode/download/utf-zip.html;mozc-exact-reading-surface	https://www.wikidata.org/wiki/Q3091005#P31;reading:P1814;categories:place;https://www.wikidata.org/wiki/Q47092369#P31;reading:P1814;categories:person;lexical-and-confirmed-referents;https://www.post.japanpost.jp/service/search/zipcode/download/utf-zip.html	1851	1851	accepted_after_review	読み・表記・意味分類を確認。各役割の読みを個別に確認
しまばらししんだち	島原市新建	place	place	https://www.post.japanpost.jp/service/search/zipcode/download/utf-zip.html	lexical-and-confirmed-referents;https://www.post.japanpost.jp/service/search/zipcode/download/utf-zip.html	1851	1851	accepted_after_review	読み・表記・意味分類を確認。日本郵便の正式町域・行政地域（連結住所を保持）
もえれぬまこうえん	モエレ沼公園	place	place,common	https://www.post.japanpost.jp/service/search/zipcode/download/utf-zip.html	lexical-and-confirmed-referents;https://www.post.japanpost.jp/service/search/zipcode/download/utf-zip.html	1851	1851	accepted_after_review	読み・表記・意味分類を確認。日本郵便の正式町域・行政地域（連結住所を保持）
ところざわしきたの	所沢市北野	place	place,neologd	https://www.post.japanpost.jp/service/search/zipcode/download/utf-zip.html	lexical-and-confirmed-referents;https://www.post.japanpost.jp/service/search/zipcode/download/utf-zip.html	1851	1851	accepted_after_review	読み・表記・意味分類を確認。日本郵便の正式町域・行政地域（連結住所を保持）
えんざんしもあおの	塩山下粟生野	place	place,wiki	https://www.post.japanpost.jp/service/search/zipcode/download/utf-zip.html	lexical-and-confirmed-referents;https://www.post.japanpost.jp/service/search/zipcode/download/utf-zip.html	1851	1851	accepted_after_review	読み・表記・意味分類を確認。日本郵便の正式町域・行政地域（連結住所を保持）
よしやま	愿山	person	neologd	https://www.wikidata.org/wiki/Q138821881#P1814	https://www.wikidata.org/wiki/Q138821881	1851	1851	accepted_after_review	読み・表記・意味分類を確認。姓・名・人物の型を確認
ももは	ももは	person	person	https://www.wikidata.org/wiki/Q127608921#P1814	https://www.wikidata.org/wiki/Q127608921	1851	1851	accepted_after_review	読み・表記・意味分類を確認。姓・名・人物の型を確認
ながお	長尾	person,place	place	https://www.post.japanpost.jp/service/search/zipcode/download/utf-zip.html;mozc-exact-reading-surface	https://www.wikidata.org/wiki/Q11651715#P31;reading:P1814;categories:place;https://www.wikidata.org/wiki/Q24091188#P31;reading:P1814;categories:person;lexical-and-confirmed-referents;https://www.post.japanpost.jp/service/search/zipcode/download/utf-zip.html	1851	1851	accepted_after_review	読み・表記・意味分類を確認。各役割の読みを個別に確認
かしはらしかしわてちょう	橿原市膳夫町	place	place	https://www.post.japanpost.jp/service/search/zipcode/download/utf-zip.html	lexical-and-confirmed-referents;https://www.post.japanpost.jp/service/search/zipcode/download/utf-zip.html	1851	1851	accepted_after_review	読み・表記・意味分類を確認。日本郵便の正式町域・行政地域（連結住所を保持）
みなくちちょうにしはやしぐち	水口町西林口	place	place,common	https://www.post.japanpost.jp/service/search/zipcode/download/utf-zip.html	lexical-and-confirmed-referents;https://www.post.japanpost.jp/service/search/zipcode/download/utf-zip.html	1851	1851	accepted_after_review	読み・表記・意味分類を確認。日本郵便の正式町域・行政地域（連結住所を保持）
あいおにし	秋穂西	place	place,neologd	https://www.post.japanpost.jp/service/search/zipcode/download/utf-zip.html	lexical-and-confirmed-referents;https://www.post.japanpost.jp/service/search/zipcode/download/utf-zip.html	1851	1851	accepted_after_review	読み・表記・意味分類を確認。日本郵便の正式町域・行政地域（連結住所を保持）
いしまきはぎひらちょう	石巻萩平町	place	place,wiki	https://www.post.japanpost.jp/service/search/zipcode/download/utf-zip.html	lexical-and-confirmed-referents;https://www.post.japanpost.jp/service/search/zipcode/download/utf-zip.html	1851	1851	accepted_after_review	読み・表記・意味分類を確認。日本郵便の正式町域・行政地域（連結住所を保持）
かげさと	陰里	person	neologd	https://www.wikidata.org/wiki/Q43610075#P1814	https://www.wikidata.org/wiki/Q43610075	1851	1851	accepted_after_review	読み・表記・意味分類を確認。姓・名・人物の型を確認
あいの	愛乃	person	person	https://www.wikidata.org/wiki/Q140753614#P1814	https://www.wikidata.org/wiki/Q140753614	1851	1851	accepted_after_review	読み・表記・意味分類を確認。姓・名・人物の型を確認
ふくとみ	福富	person,place	place	https://www.post.japanpost.jp/service/search/zipcode/download/utf-zip.html;mozc-exact-reading-surface	https://www.wikidata.org/wiki/Q27166811#P31;reading:P1814;categories:person;lexical-and-confirmed-referents;https://www.post.japanpost.jp/service/search/zipcode/download/utf-zip.html	1851	1851	accepted_after_review	読み・表記・意味分類を確認。各役割の読みを個別に確認
きょうとしやましなくなぎつじいけじりちょう	京都市山科区椥辻池尻町	place	place	https://www.post.japanpost.jp/service/search/zipcode/download/utf-zip.html	lexical-and-confirmed-referents;https://www.post.japanpost.jp/service/search/zipcode/download/utf-zip.html	1851	1851	accepted_after_review	読み・表記・意味分類を確認。日本郵便の正式町域・行政地域（連結住所を保持）
こまきはら	小牧原	place	place,common	https://www.post.japanpost.jp/service/search/zipcode/download/utf-zip.html;mozc-exact-reading-surface	lexical-and-confirmed-referents;https://www.post.japanpost.jp/service/search/zipcode/download/utf-zip.html	1851	1851	accepted_after_review	読み・表記・意味分類を確認。日本郵便の正式町域・行政地域（連結住所を保持）
きたほろない	北幌内	place	place,neologd	https://www.post.japanpost.jp/service/search/zipcode/download/utf-zip.html	lexical-and-confirmed-referents;https://www.post.japanpost.jp/service/search/zipcode/download/utf-zip.html	1851	1851	accepted_after_review	読み・表記・意味分類を確認。日本郵便の正式町域・行政地域（連結住所を保持）
じけさんぎょうだんち	寺家産業団地	place	place,wiki	https://www.post.japanpost.jp/service/search/zipcode/download/utf-zip.html	lexical-and-confirmed-referents;https://www.post.japanpost.jp/service/search/zipcode/download/utf-zip.html	1851	1851	accepted_after_review	読み・表記・意味分類を確認。日本郵便の正式町域・行政地域（連結住所を保持）
たにうち	渓内	person	neologd	https://www.wikidata.org/wiki/Q40103347#P1814	https://www.wikidata.org/wiki/Q40103347	1851	1851	accepted_after_review	読み・表記・意味分類を確認。姓・名・人物の型を確認
くぬぎ	くぬぎ	person	person	https://www.wikidata.org/wiki/Q131344752#P1814	https://www.wikidata.org/wiki/Q131344752	1851	1851	accepted_after_review	読み・表記・意味分類を確認。姓・名・人物の型を確認
よしだみなみ	吉田南	person,place	place	https://www.post.japanpost.jp/service/search/zipcode/download/utf-zip.html	https://www.wikidata.org/wiki/Q133067349#P31;reading:P1814;categories:person;lexical-and-confirmed-referents;https://www.post.japanpost.jp/service/search/zipcode/download/utf-zip.html	1851	1851	accepted_after_review	読み・表記・意味分類を確認。各役割の読みを個別に確認
いけのかみちょう	池ノ上町	place	place	https://www.post.japanpost.jp/service/search/zipcode/download/utf-zip.html	lexical-and-confirmed-referents;https://www.post.japanpost.jp/service/search/zipcode/download/utf-zip.html	1851	1851	accepted_after_review	読み・表記・意味分類を確認。日本郵便の正式町域・行政地域（連結住所を保持）
かすかわまちこみがいと	粕川町込皆戸	place	place,common	https://www.post.japanpost.jp/service/search/zipcode/download/utf-zip.html	lexical-and-confirmed-referents;https://www.post.japanpost.jp/service/search/zipcode/download/utf-zip.html	1851	1851	accepted_after_review	読み・表記・意味分類を確認。日本郵便の正式町域・行政地域（連結住所を保持）
さっぽろしひがしく	札幌市東区	place	place,neologd	https://www.post.japanpost.jp/service/search/zipcode/download/utf-zip.html	lexical-and-confirmed-referents;https://www.post.japanpost.jp/service/search/zipcode/download/utf-zip.html	1851	1851	accepted_after_review	読み・表記・意味分類を確認。日本郵便の正式町域・行政地域（連結住所を保持）
じょうばんちょう	常番町	place	place,wiki	https://www.post.japanpost.jp/service/search/zipcode/download/utf-zip.html	lexical-and-confirmed-referents;https://www.post.japanpost.jp/service/search/zipcode/download/utf-zip.html	1851	1851	accepted_after_review	読み・表記・意味分類を確認。日本郵便の正式町域・行政地域（連結住所を保持）
ゆうし	湧士	person	neologd	https://www.wikidata.org/wiki/Q123000124#P1814	https://www.wikidata.org/wiki/Q123000124	1851	1851	accepted_after_review	読み・表記・意味分類を確認。姓・名・人物の型を確認
うえたけ	うえたけ	person	person	https://www.wikidata.org/wiki/Q27167433#P1814	https://www.wikidata.org/wiki/Q27167433	1851	1851	accepted_after_review	読み・表記・意味分類を確認。姓・名・人物の型を確認
うえの	上野	person,place	place	https://www.post.japanpost.jp/service/search/zipcode/download/utf-zip.html;mozc-exact-reading-surface	https://www.wikidata.org/wiki/Q11360243#P31;reading:P1814;categories:place;https://www.wikidata.org/wiki/Q18700705#P31;reading:P1814;categories:place;https://www.wikidata.org/wiki/Q24090432#P31;reading:P1814;categories:person;lexical-and-confirmed-referents;https://www.post.japanpost.jp/service/search/zipcode/download/utf-zip.html	1851	1851	accepted_after_review	読み・表記・意味分類を確認。各役割の読みを個別に確認
ながおかしこぬましんでん	長岡市小沼新田	place	place	https://www.post.japanpost.jp/service/search/zipcode/download/utf-zip.html	lexical-and-confirmed-referents;https://www.post.japanpost.jp/service/search/zipcode/download/utf-zip.html	1851	1851	accepted_after_review	読み・表記・意味分類を確認。日本郵便の正式町域・行政地域（連結住所を保持）
あらいきた	荒井北	place	place,common	https://www.post.japanpost.jp/service/search/zipcode/download/utf-zip.html	lexical-and-confirmed-referents;https://www.post.japanpost.jp/service/search/zipcode/download/utf-zip.html	1851	1851	accepted_after_review	読み・表記・意味分類を確認。日本郵便の正式町域・行政地域（連結住所を保持）
ゆいいまじゅく	由比今宿	place	place,neologd	https://www.post.japanpost.jp/service/search/zipcode/download/utf-zip.html	lexical-and-confirmed-referents;https://www.post.japanpost.jp/service/search/zipcode/download/utf-zip.html	1851	1851	accepted_after_review	読み・表記・意味分類を確認。日本郵便の正式町域・行政地域（連結住所を保持）
まるしまちょう	丸島町	place	place,wiki	https://www.post.japanpost.jp/service/search/zipcode/download/utf-zip.html	lexical-and-confirmed-referents;https://www.post.japanpost.jp/service/search/zipcode/download/utf-zip.html	1851	1851	accepted_after_review	読み・表記・意味分類を確認。日本郵便の正式町域・行政地域（連結住所を保持）
みなつ	美菜津	person	neologd	https://www.wikidata.org/wiki/Q121612009#P1814	https://www.wikidata.org/wiki/Q121612009	1851	1851	accepted_after_review	読み・表記・意味分類を確認。姓・名・人物の型を確認
おとは	おとは	person	person	https://www.wikidata.org/wiki/Q133253867#P1814	https://www.wikidata.org/wiki/Q133253867	1851	1851	accepted_after_review	読み・表記・意味分類を確認。姓・名・人物の型を確認
いけした	池下	person,place	place	https://www.post.japanpost.jp/service/search/zipcode/download/utf-zip.html;mozc-exact-reading-surface	https://www.wikidata.org/wiki/Q137969831#P31;reading:P1814;categories:person;https://www.wikidata.org/wiki/Q38747244#P31;reading:P1814;categories:place;lexical-and-confirmed-referents;https://www.post.japanpost.jp/service/search/zipcode/download/utf-zip.html	1851	1851	accepted_after_review	読み・表記・意味分類を確認。各役割の読みを個別に確認
てしおぐんとよとみちょうおちあい	天塩郡豊富町落合	place	place	https://www.post.japanpost.jp/service/search/zipcode/download/utf-zip.html	lexical-and-confirmed-referents;https://www.post.japanpost.jp/service/search/zipcode/download/utf-zip.html	1851	1851	accepted_after_review	読み・表記・意味分類を確認。日本郵便の正式町域・行政地域（連結住所を保持）
みなみしょうまち	南庄町	place	place,common	https://www.post.japanpost.jp/service/search/zipcode/download/utf-zip.html	lexical-and-confirmed-referents;https://www.post.japanpost.jp/service/search/zipcode/download/utf-zip.html	1851	1851	accepted_after_review	読み・表記・意味分類を確認。日本郵便の正式町域・行政地域（連結住所を保持）
ふつかいちちゅうおう	二日市中央	place	place,neologd	https://www.post.japanpost.jp/service/search/zipcode/download/utf-zip.html	lexical-and-confirmed-referents;https://www.post.japanpost.jp/service/search/zipcode/download/utf-zip.html	1851	1851	accepted_after_review	読み・表記・意味分類を確認。日本郵便の正式町域・行政地域（連結住所を保持）
くれどちょう	暮戸町	place	place,wiki	https://www.post.japanpost.jp/service/search/zipcode/download/utf-zip.html	lexical-and-confirmed-referents;https://www.post.japanpost.jp/service/search/zipcode/download/utf-zip.html	1851	1851	accepted_after_review	読み・表記・意味分類を確認。日本郵便の正式町域・行政地域（連結住所を保持）
うぶかた	冲方	person	neologd	https://www.wikidata.org/wiki/Q131324213#P1814	https://www.wikidata.org/wiki/Q131324213	1851	1851	accepted_after_review	読み・表記・意味分類を確認。姓・名・人物の型を確認
てらうち	てらうち	person	person	https://www.wikidata.org/wiki/Q26437352#P1814	https://www.wikidata.org/wiki/Q26437352	1851	1851	accepted_after_review	読み・表記・意味分類を確認。姓・名・人物の型を確認
よねづ	米津	person,place	place	https://www.post.japanpost.jp/service/search/zipcode/download/utf-zip.html;mozc-exact-reading-surface	https://www.wikidata.org/wiki/Q27243009#P31;reading:P1814;categories:person;lexical-and-confirmed-referents;https://www.post.japanpost.jp/service/search/zipcode/download/utf-zip.html	1851	1851	accepted_after_review	読み・表記・意味分類を確認。各役割の読みを個別に確認
かのあしぐんつわのちょういけむら	鹿足郡津和野町池村	place	place	https://www.post.japanpost.jp/service/search/zipcode/download/utf-zip.html	lexical-and-confirmed-referents;https://www.post.japanpost.jp/service/search/zipcode/download/utf-zip.html	1851	1851	accepted_after_review	読み・表記・意味分類を確認。日本郵便の正式町域・行政地域（連結住所を保持）
まついだまちにしのまき	松井田町西野牧	place	place,common	https://www.post.japanpost.jp/service/search/zipcode/download/utf-zip.html	lexical-and-confirmed-referents;https://www.post.japanpost.jp/service/search/zipcode/download/utf-zip.html	1851	1851	accepted_after_review	読み・表記・意味分類を確認。日本郵便の正式町域・行政地域（連結住所を保持）
かごしましよしの	鹿児島市吉野	place	place,neologd	https://www.post.japanpost.jp/service/search/zipcode/download/utf-zip.html	lexical-and-confirmed-referents;https://www.post.japanpost.jp/service/search/zipcode/download/utf-zip.html	1851	1851	accepted_after_review	読み・表記・意味分類を確認。日本郵便の正式町域・行政地域（連結住所を保持）
げんばんみなみのちょう	玄番南之町	place	place,wiki	https://www.post.japanpost.jp/service/search/zipcode/download/utf-zip.html	lexical-and-confirmed-referents;https://www.post.japanpost.jp/service/search/zipcode/download/utf-zip.html	1851	1851	accepted_after_review	読み・表記・意味分類を確認。日本郵便の正式町域・行政地域（連結住所を保持）
しぶせ	渋瀬	person	neologd	https://www.wikidata.org/wiki/Q133796013#P1814	https://www.wikidata.org/wiki/Q133796013	1851	1851	accepted_after_review	読み・表記・意味分類を確認。姓・名・人物の型を確認
すみの	すみの	person	person	https://www.wikidata.org/wiki/Q26215283#P1814;https://www.wikidata.org/wiki/Q27156359#P1814;https://www.wikidata.org/wiki/Q51845774#P1814	https://www.wikidata.org/wiki/Q26215283,https://www.wikidata.org/wiki/Q27156359,https://www.wikidata.org/wiki/Q51845774	1851	1851	accepted_after_review	読み・表記・意味分類を確認。姓・名・人物の型を確認
まつい	松井	person,place	place	https://www.post.japanpost.jp/service/search/zipcode/download/utf-zip.html;mozc-exact-reading-surface	https://www.wikidata.org/wiki/Q24090438#P31;reading:P1814;categories:person;lexical-and-confirmed-referents;https://www.post.japanpost.jp/service/search/zipcode/download/utf-zip.html	1851	1851	accepted_after_review	読み・表記・意味分類を確認。各役割の読みを個別に確認
ひきぐんよしみまちくぼた	比企郡吉見町久保田	place	place	https://www.post.japanpost.jp/service/search/zipcode/download/utf-zip.html	lexical-and-confirmed-referents;https://www.post.japanpost.jp/service/search/zipcode/download/utf-zip.html	1851	1851	accepted_after_review	読み・表記・意味分類を確認。日本郵便の正式町域・行政地域（連結住所を保持）
むかいばらちょう	向原町	place	place,common	https://www.post.japanpost.jp/service/search/zipcode/download/utf-zip.html	lexical-and-confirmed-referents;https://www.post.japanpost.jp/service/search/zipcode/download/utf-zip.html	1851	1851	accepted_after_review	読み・表記・意味分類を確認。日本郵便の正式町域・行政地域（連結住所を保持）
とうようおおどおりにし	東陽大通西	place	place,neologd	https://www.post.japanpost.jp/service/search/zipcode/download/utf-zip.html	lexical-and-confirmed-referents;https://www.post.japanpost.jp/service/search/zipcode/download/utf-zip.html	1851	1851	accepted_after_review	読み・表記・意味分類を確認。日本郵便の正式町域・行政地域（連結住所を保持）
うるしばたちょう	漆畑町	place	place,wiki	https://www.post.japanpost.jp/service/search/zipcode/download/utf-zip.html	lexical-and-confirmed-referents;https://www.post.japanpost.jp/service/search/zipcode/download/utf-zip.html	1851	1851	accepted_after_review	読み・表記・意味分類を確認。日本郵便の正式町域・行政地域（連結住所を保持）
きりか	桐香	person	neologd	https://www.wikidata.org/wiki/Q123686129#P1814	https://www.wikidata.org/wiki/Q123686129	1851	1851	accepted_after_review	読み・表記・意味分類を確認。姓・名・人物の型を確認
おたま	おたま	person	person	https://www.wikidata.org/wiki/Q26230260#P1814	https://www.wikidata.org/wiki/Q26230260	1851	1851	accepted_after_review	読み・表記・意味分類を確認。姓・名・人物の型を確認
ひがしむら	東村	person,place	place	https://www.post.japanpost.jp/service/search/zipcode/download/utf-zip.html;mozc-exact-reading-surface	https://www.wikidata.org/wiki/Q105617722#P31;reading:P1814;categories:place;https://www.wikidata.org/wiki/Q106043922#P31;reading:P1814;categories:place;https://www.wikidata.org/wiki/Q106126382#P31;reading:P1814;categories:place;https://www.wikidata.org/wiki/Q106571237#P31;reading:P1814;categories:place;https://www.wikidata.org/wiki/Q11527282#P31;reading:P1814;categories:place;https://www.wikidata.org/wiki/Q11527284#P31;reading:P1814;categories:place;https://www.wikidata.org/wiki/Q11527285#P31;reading:P1814;categories:place;https://www.wikidata.org/wiki/Q11527287#P31;reading:P1814;categories:place;https://www.wikidata.org/wiki/Q120286593#P31;reading:P1814;categories:person;https://www.wikidata.org/wiki/Q17175448#P31;reading:P1814;categories:place;https://www.wikidata.org/wiki/Q5753427#P31;reading:P1814;categories:place;lexical-and-confirmed-referents;https://www.post.japanpost.jp/service/search/zipcode/download/utf-zip.html	1851	1851	accepted_after_review	読み・表記・意味分類を確認。各役割の読みを個別に確認
にしきょうごくかわらちょう	西京極河原町	place	place	https://www.post.japanpost.jp/service/search/zipcode/download/utf-zip.html	lexical-and-confirmed-referents;https://www.post.japanpost.jp/service/search/zipcode/download/utf-zip.html	1851	1851	accepted_after_review	読み・表記・意味分類を確認。日本郵便の正式町域・行政地域（連結住所を保持）
みのちょうせいりき	三野町勢力	place	place,common	https://www.post.japanpost.jp/service/search/zipcode/download/utf-zip.html	lexical-and-confirmed-referents;https://www.post.japanpost.jp/service/search/zipcode/download/utf-zip.html	1851	1851	accepted_after_review	読み・表記・意味分類を確認。日本郵便の正式町域・行政地域（連結住所を保持）
さくらしやぎ	佐倉市八木	place	place,neologd	https://www.post.japanpost.jp/service/search/zipcode/download/utf-zip.html	lexical-and-confirmed-referents;https://www.post.japanpost.jp/service/search/zipcode/download/utf-zip.html	1851	1851	accepted_after_review	読み・表記・意味分類を確認。日本郵便の正式町域・行政地域（連結住所を保持）
ひがししんかわちょう	東新川町	place	place,wiki	https://www.post.japanpost.jp/service/search/zipcode/download/utf-zip.html;mozc-exact-reading-surface	lexical-and-confirmed-referents;https://www.post.japanpost.jp/service/search/zipcode/download/utf-zip.html	1851	1851	accepted_after_review	読み・表記・意味分類を確認。日本郵便の正式町域・行政地域（連結住所を保持）
ともあき	伴昭	person	neologd	https://www.wikidata.org/wiki/Q29965012#P1814	https://www.wikidata.org/wiki/Q29965012	1851	1851	accepted_after_review	読み・表記・意味分類を確認。姓・名・人物の型を確認
てつろう	てつろう	person	person	https://www.wikidata.org/wiki/Q136734082#P1814	https://www.wikidata.org/wiki/Q136734082	1851	1851	accepted_after_review	読み・表記・意味分類を確認。姓・名・人物の型を確認
みどり	緑	person,place	place	https://www.post.japanpost.jp/service/search/zipcode/download/utf-zip.html;mozc-exact-reading-surface	https://www.wikidata.org/wiki/Q136920166#P31;reading:P1814;categories:person;https://www.wikidata.org/wiki/Q17213397#P31;reading:P1814;categories:place;lexical-and-confirmed-referents;https://www.post.japanpost.jp/service/search/zipcode/download/utf-zip.html	1851	1851	accepted_after_review	読み・表記・意味分類を確認。各役割の読みを個別に確認
たかおかほんちょう	鷹岡本町	place	place	https://www.post.japanpost.jp/service/search/zipcode/download/utf-zip.html	lexical-and-confirmed-referents;https://www.post.japanpost.jp/service/search/zipcode/download/utf-zip.html	1851	1851	accepted_after_review	読み・表記・意味分類を確認。日本郵便の正式町域・行政地域（連結住所を保持）
こまにし	駒西	place	place,common	https://www.post.japanpost.jp/service/search/zipcode/download/utf-zip.html	lexical-and-confirmed-referents;https://www.post.japanpost.jp/service/search/zipcode/download/utf-zip.html	1851	1851	accepted_after_review	読み・表記・意味分類を確認。日本郵便の正式町域・行政地域（連結住所を保持）
くろせきりたがおか	黒瀬切田が丘	place	place,neologd	https://www.post.japanpost.jp/service/search/zipcode/download/utf-zip.html	lexical-and-confirmed-referents;https://www.post.japanpost.jp/service/search/zipcode/download/utf-zip.html	1851	1851	accepted_after_review	読み・表記・意味分類を確認。日本郵便の正式町域・行政地域（連結住所を保持）
かみほそいまち	上細井町	place	place,wiki	https://www.post.japanpost.jp/service/search/zipcode/download/utf-zip.html	lexical-and-confirmed-referents;https://www.post.japanpost.jp/service/search/zipcode/download/utf-zip.html	1851	1851	accepted_after_review	読み・表記・意味分類を確認。日本郵便の正式町域・行政地域（連結住所を保持）
えいじろう	映次郎	person	neologd	https://www.wikidata.org/wiki/Q132863061#P1814	https://www.wikidata.org/wiki/Q132863061	1851	1851	accepted_after_review	読み・表記・意味分類を確認。姓・名・人物の型を確認
おおみず	おおみず	person	person	https://www.wikidata.org/wiki/Q138679952#P1814	https://www.wikidata.org/wiki/Q138679952	1851	1851	accepted_after_review	読み・表記・意味分類を確認。姓・名・人物の型を確認
じょうやま	城山	person,place	place	https://www.post.japanpost.jp/service/search/zipcode/download/utf-zip.html;mozc-exact-reading-surface	https://www.wikidata.org/wiki/Q27238126#P31;reading:P1814;categories:person;https://www.wikidata.org/wiki/Q31513163#P31;reading:P1814;categories:place;https://www.wikidata.org/wiki/Q31708777#P31;reading:P1814;categories:place;lexical-and-confirmed-referents;https://www.post.japanpost.jp/service/search/zipcode/download/utf-zip.html	1851	1851	accepted_after_review	読み・表記・意味分類を確認。各役割の読みを個別に確認
しゅうなんしよびさか	周南市呼坂	place	place	https://www.post.japanpost.jp/service/search/zipcode/download/utf-zip.html	lexical-and-confirmed-referents;https://www.post.japanpost.jp/service/search/zipcode/download/utf-zip.html	1851	1851	accepted_after_review	読み・表記・意味分類を確認。日本郵便の正式町域・行政地域（連結住所を保持）
まついだまちまついだ	松井田町松井田	place	place,common	https://www.post.japanpost.jp/service/search/zipcode/download/utf-zip.html	lexical-and-confirmed-referents;https://www.post.japanpost.jp/service/search/zipcode/download/utf-zip.html	1851	1851	accepted_after_review	読み・表記・意味分類を確認。日本郵便の正式町域・行政地域（連結住所を保持）
つやましよしみ	津山市吉見	place	place,neologd	https://www.post.japanpost.jp/service/search/zipcode/download/utf-zip.html	lexical-and-confirmed-referents;https://www.post.japanpost.jp/service/search/zipcode/download/utf-zip.html	1851	1851	accepted_after_review	読み・表記・意味分類を確認。日本郵便の正式町域・行政地域（連結住所を保持）
みつせまち	三ツ瀬町	place	place,wiki	https://www.post.japanpost.jp/service/search/zipcode/download/utf-zip.html	lexical-and-confirmed-referents;https://www.post.japanpost.jp/service/search/zipcode/download/utf-zip.html	1851	1851	accepted_after_review	読み・表記・意味分類を確認。日本郵便の正式町域・行政地域（連結住所を保持）
ひでよし	秀禎	person	neologd	https://www.wikidata.org/wiki/Q29917335#P1814	https://www.wikidata.org/wiki/Q29917335	1851	1851	accepted_after_review	読み・表記・意味分類を確認。姓・名・人物の型を確認
せんり	せんり	person	person	https://www.wikidata.org/wiki/Q47092553#P1814	https://www.wikidata.org/wiki/Q47092553	1851	1851	accepted_after_review	読み・表記・意味分類を確認。姓・名・人物の型を確認
なかしま	中島	person,place	place	https://www.post.japanpost.jp/service/search/zipcode/download/utf-zip.html;mozc-exact-reading-surface	https://www.wikidata.org/wiki/Q140456447#P31;reading:P1814;categories:place;https://www.wikidata.org/wiki/Q26000292#P31;reading:P1814;categories:person;lexical-and-confirmed-referents;https://www.post.japanpost.jp/service/search/zipcode/download/utf-zip.html	1851	1851	accepted_after_review	読み・表記・意味分類を確認。各役割の読みを個別に確認
きょうとしきたくしちくにしたかなわちょう	京都市北区紫竹西高縄町	place	place	https://www.post.japanpost.jp/service/search/zipcode/download/utf-zip.html	lexical-and-confirmed-referents;https://www.post.japanpost.jp/service/search/zipcode/download/utf-zip.html	1851	1851	accepted_after_review	読み・表記・意味分類を確認。日本郵便の正式町域・行政地域（連結住所を保持）
はまじまちょうひやまじ	浜島町桧山路	place	place,common	https://www.post.japanpost.jp/service/search/zipcode/download/utf-zip.html	lexical-and-confirmed-referents;https://www.post.japanpost.jp/service/search/zipcode/download/utf-zip.html	1851	1851	accepted_after_review	読み・表記・意味分類を確認。日本郵便の正式町域・行政地域（連結住所を保持）
はりすりみなみ	針摺南	place	place,neologd	https://www.post.japanpost.jp/service/search/zipcode/download/utf-zip.html	lexical-and-confirmed-referents;https://www.post.japanpost.jp/service/search/zipcode/download/utf-zip.html	1851	1851	accepted_after_review	読み・表記・意味分類を確認。日本郵便の正式町域・行政地域（連結住所を保持）
ひがしかたかいまち	東片貝町	place	place,wiki	https://www.post.japanpost.jp/service/search/zipcode/download/utf-zip.html	lexical-and-confirmed-referents;https://www.post.japanpost.jp/service/search/zipcode/download/utf-zip.html	1851	1851	accepted_after_review	読み・表記・意味分類を確認。日本郵便の正式町域・行政地域（連結住所を保持）
ひでたけ	秀健	person	neologd	https://www.wikidata.org/wiki/Q127499571#P1814	https://www.wikidata.org/wiki/Q127499571	1851	1851	accepted_after_review	読み・表記・意味分類を確認。姓・名・人物の型を確認
しおの	しおの	person	person	https://www.wikidata.org/wiki/Q106256058#P1814;https://www.wikidata.org/wiki/Q26447356#P1814	https://www.wikidata.org/wiki/Q106256058,https://www.wikidata.org/wiki/Q26447356	1851	1851	accepted_after_review	読み・表記・意味分類を確認。姓・名・人物の型を確認
もりやま	守山	person,place	place	https://www.post.japanpost.jp/service/search/zipcode/download/utf-zip.html;mozc-exact-reading-surface	https://www.wikidata.org/wiki/Q27305853#P31;reading:P1814;categories:person;lexical-and-confirmed-referents;https://www.post.japanpost.jp/service/search/zipcode/download/utf-zip.html	1851	1851	accepted_after_review	読み・表記・意味分類を確認。各役割の読みを個別に確認
だてしほばらまちみずほ	伊達市保原町みずほ	place	place	https://www.post.japanpost.jp/service/search/zipcode/download/utf-zip.html	lexical-and-confirmed-referents;https://www.post.japanpost.jp/service/search/zipcode/download/utf-zip.html	1851	1851	accepted_after_review	読み・表記・意味分類を確認。日本郵便の正式町域・行政地域（連結住所を保持）
とよはまちょうみのうら	豊浜町箕浦	place	place,common	https://www.post.japanpost.jp/service/search/zipcode/download/utf-zip.html	lexical-and-confirmed-referents;https://www.post.japanpost.jp/service/search/zipcode/download/utf-zip.html	1851	1851	accepted_after_review	読み・表記・意味分類を確認。日本郵便の正式町域・行政地域（連結住所を保持）
なごやしみなとく	名古屋市港区	place	place,neologd	https://www.post.japanpost.jp/service/search/zipcode/download/utf-zip.html	lexical-and-confirmed-referents;https://www.post.japanpost.jp/service/search/zipcode/download/utf-zip.html	1851	1851	accepted_after_review	読み・表記・意味分類を確認。日本郵便の正式町域・行政地域（連結住所を保持）
さくらぐちちょう	桜口町	place	place,wiki	https://www.post.japanpost.jp/service/search/zipcode/download/utf-zip.html	lexical-and-confirmed-referents;https://www.post.japanpost.jp/service/search/zipcode/download/utf-zip.html	1851	1851	accepted_after_review	読み・表記・意味分類を確認。日本郵便の正式町域・行政地域（連結住所を保持）
りくたろう	陸太郎	person	neologd	https://www.wikidata.org/wiki/Q139568782#P1814	https://www.wikidata.org/wiki/Q139568782	1851	1851	accepted_after_review	読み・表記・意味分類を確認。姓・名・人物の型を確認
ようた	ようた	person	person	https://www.wikidata.org/wiki/Q137164054#P1814	https://www.wikidata.org/wiki/Q137164054	1851	1851	accepted_after_review	読み・表記・意味分類を確認。姓・名・人物の型を確認
なかせ	中瀬	person,place	place	https://www.post.japanpost.jp/service/search/zipcode/download/utf-zip.html;mozc-exact-reading-surface	https://www.wikidata.org/wiki/Q27157153#P31;reading:P1814;categories:person;lexical-and-confirmed-referents;https://www.post.japanpost.jp/service/search/zipcode/download/utf-zip.html	1851	1851	accepted_after_review	読み・表記・意味分類を確認。各役割の読みを個別に確認
みなとくひがしあざぶ	港区東麻布	place	place	https://www.post.japanpost.jp/service/search/zipcode/download/utf-zip.html	lexical-and-confirmed-referents;https://www.post.japanpost.jp/service/search/zipcode/download/utf-zip.html	1851	1851	accepted_after_review	読み・表記・意味分類を確認。日本郵便の正式町域・行政地域（連結住所を保持）
のなかまち	野中町	place	place,common	https://www.post.japanpost.jp/service/search/zipcode/download/utf-zip.html	lexical-and-confirmed-referents;https://www.post.japanpost.jp/service/search/zipcode/download/utf-zip.html	1851	1851	accepted_after_review	読み・表記・意味分類を確認。日本郵便の正式町域・行政地域（連結住所を保持）
つまち	津町	place	place,neologd	https://www.post.japanpost.jp/service/search/zipcode/download/utf-zip.html	lexical-and-confirmed-referents;https://www.post.japanpost.jp/service/search/zipcode/download/utf-zip.html	1851	1851	accepted_after_review	読み・表記・意味分類を確認。日本郵便の正式町域・行政地域（連結住所を保持）
ひがしおおむろまち	東大室町	place	place,wiki	https://www.post.japanpost.jp/service/search/zipcode/download/utf-zip.html	lexical-and-confirmed-referents;https://www.post.japanpost.jp/service/search/zipcode/download/utf-zip.html	1851	1851	accepted_after_review	読み・表記・意味分類を確認。日本郵便の正式町域・行政地域（連結住所を保持）
りょうじ	遼児	person	neologd	https://www.wikidata.org/wiki/Q29582088#P1814	https://www.wikidata.org/wiki/Q29582088	1851	1851	accepted_after_review	読み・表記・意味分類を確認。姓・名・人物の型を確認
みしな	みしな	person	person	https://www.wikidata.org/wiki/Q27179846#P1814;https://www.wikidata.org/wiki/Q43660288#P1814	https://www.wikidata.org/wiki/Q27179846,https://www.wikidata.org/wiki/Q43660288	1851	1851	accepted_after_review	読み・表記・意味分類を確認。姓・名・人物の型を確認
くわはら	桑原	person,place	place	https://www.post.japanpost.jp/service/search/zipcode/download/utf-zip.html;mozc-exact-reading-surface	https://www.wikidata.org/wiki/Q26000596#P31;reading:P1814;categories:person;lexical-and-confirmed-referents;https://www.post.japanpost.jp/service/search/zipcode/download/utf-zip.html	1851	1851	accepted_after_review	読み・表記・意味分類を確認。各役割の読みを個別に確認
まがみちょう	真上町	place	place	https://www.post.japanpost.jp/service/search/zipcode/download/utf-zip.html	lexical-and-confirmed-referents;https://www.post.japanpost.jp/service/search/zipcode/download/utf-zip.html	1851	1851	accepted_after_review	読み・表記・意味分類を確認。日本郵便の正式町域・行政地域（連結住所を保持）
ひかりがおかまち	光が丘町	place	place,common	https://www.post.japanpost.jp/service/search/zipcode/download/utf-zip.html	lexical-and-confirmed-referents;https://www.post.japanpost.jp/service/search/zipcode/download/utf-zip.html	1851	1851	accepted_after_review	読み・表記・意味分類を確認。日本郵便の正式町域・行政地域（連結住所を保持）
おかやましみなみく	岡山市南区	place	place,neologd	https://www.post.japanpost.jp/service/search/zipcode/download/utf-zip.html	lexical-and-confirmed-referents;https://www.post.japanpost.jp/service/search/zipcode/download/utf-zip.html	1851	1851	accepted_after_review	読み・表記・意味分類を確認。日本郵便の正式町域・行政地域（連結住所を保持）
みなみたでいちょう	南田出井町	place	place,wiki	https://www.post.japanpost.jp/service/search/zipcode/download/utf-zip.html	lexical-and-confirmed-referents;https://www.post.japanpost.jp/service/search/zipcode/download/utf-zip.html	1851	1851	accepted_after_review	読み・表記・意味分類を確認。日本郵便の正式町域・行政地域（連結住所を保持）
ただし	是志	person	neologd	https://www.wikidata.org/wiki/Q29571724#P1814	https://www.wikidata.org/wiki/Q29571724	1851	1851	accepted_after_review	読み・表記・意味分類を確認。姓・名・人物の型を確認
おおかわら	おおかわら	person	person	https://www.wikidata.org/wiki/Q26439377#P1814	https://www.wikidata.org/wiki/Q26439377	1851	1851	accepted_after_review	読み・表記・意味分類を確認。姓・名・人物の型を確認
ほんごう	本郷	person,place	place	https://www.post.japanpost.jp/service/search/zipcode/download/utf-zip.html;mozc-exact-reading-surface	https://www.wikidata.org/wiki/Q18339313#P31;reading:P1814;categories:place;https://www.wikidata.org/wiki/Q26437379#P31;reading:P1814;categories:person;https://www.wikidata.org/wiki/Q38744124#P31;reading:P1814;categories:place;lexical-and-confirmed-referents;https://www.post.japanpost.jp/service/search/zipcode/download/utf-zip.html	1851	1851	accepted_after_review	読み・表記・意味分類を確認。各役割の読みを個別に確認
ひがしたがわぐんしょうないまちまぎしま	東田川郡庄内町槇島	place	place	https://www.post.japanpost.jp/service/search/zipcode/download/utf-zip.html	lexical-and-confirmed-referents;https://www.post.japanpost.jp/service/search/zipcode/download/utf-zip.html	1851	1851	accepted_after_review	読み・表記・意味分類を確認。日本郵便の正式町域・行政地域（連結住所を保持）
