category	reading	surface	left_id	right_id	sources	reading_evidence	reason	method	finding	reference_facts
character	みしゅこあとる	ミシュコアトル	1851	1851	common	orthographic-kana;https://www.wikidata.org/wiki/Q1326558#name	https://www.wikidata.org/wiki/Q1326558	assistant inspection of pair-bound reading evidence and stored semantic facts; targeted pages for identified problems	Recorded reading/surface pair and category supported by cited facts after rule corrections; not a claim of independent expert review	"{""entities"":[{""id"":""Q1326558"",""names"":[""Mixcoatl"",""ミシュコアトル""],""types"":[""Q32066628""],""parents"":[],""readings"":[],""title"":""ミシュコアトル"",""nameKinds"":{""Mixcoatl"":[""label:en""],""ミシュコアトル"":[""label:ja"",""title:jawiki""]},""readingNames"":[""ミシュコアトル""],""primaryReadings"":[]}],""lexical"":[]}"
character	まいりーきー	マイリーキー	1851	1851	wiki	orthographic-kana;https://www.wikidata.org/wiki/Q9171862#name	https://www.wikidata.org/wiki/Q9171862	assistant inspection of pair-bound reading evidence and stored semantic facts; targeted pages for identified problems	Recorded reading/surface pair and category supported by cited facts after rule corrections; not a claim of independent expert review	"{""entities"":[{""id"":""Q9171862"",""names"":[""Mielikki"",""マイリーキー"",""ミエリッキ""],""types"":[""Q17624054""],""parents"":[],""readings"":[],""nameKinds"":{""Mielikki"":[""label:en""],""マイリーキー"":[""label:ja""],""ミエリッキ"":[""alias:ja""]},""readingNames"":[""マイリーキー""],""primaryReadings"":[]}],""lexical"":[]}"
character	あんなる	アンナル	1851	1851	common	orthographic-kana;https://www.wikidata.org/wiki/Q2573198#name	https://www.wikidata.org/wiki/Q2573198	assistant inspection of pair-bound reading evidence and stored semantic facts; targeted pages for identified problems	Recorded reading/surface pair and category supported by cited facts after rule corrections; not a claim of independent expert review	"{""entities"":[{""id"":""Q2573198"",""names"":[""アンナル"",""Annar"",""Ónar"",""Onar""],""types"":[""Q16513881""],""parents"":[],""readings"":[],""title"":""アンナル"",""nameKinds"":{""アンナル"":[""label:ja"",""title:jawiki""],""Annar"":[""label:en""],""Ónar"":[""alias:en""],""Onar"":[""alias:en""]},""readingNames"":[""アンナル""],""primaryReadings"":[]}],""lexical"":[]}"
character	みたらしあんこ	みたらしアンコ	1851	1851	wiki	orthographic-kana;https://www.wikidata.org/wiki/Q3617619#name	https://www.wikidata.org/wiki/Q3617619	assistant inspection of pair-bound reading evidence and stored semantic facts; targeted pages for identified problems	Recorded reading/surface pair and category supported by cited facts after rule corrections; not a claim of independent expert review	"{""entities"":[{""id"":""Q3617619"",""names"":[""みたらしアンコ"",""Anko Mitarashi"",""御手洗餡子"",""みたらし餡子""],""types"":[""Q15632617"",""Q87576284"",""Q80447738""],""parents"":[],""readings"":[],""nameKinds"":{""みたらしアンコ"":[""label:ja""],""Anko Mitarashi"":[""label:en""],""御手洗餡子"":[""alias:ja""],""みたらし餡子"":[""alias:ja""]},""readingNames"":[""みたらしアンコ""],""primaryReadings"":[]}],""lexical"":[]}"
character	おこみん	おこみん	1851	1851	common	orthographic-kana;https://www.wikidata.org/wiki/Q17224803#name	https://www.wikidata.org/wiki/Q17224803	assistant inspection of pair-bound reading evidence and stored semantic facts; targeted pages for identified problems	Recorded reading/surface pair and category supported by cited facts after rule corrections; not a claim of independent expert review	"{""entities"":[{""id"":""Q17224803"",""names"":[""おこみん"",""Okomin""],""types"":[""Q11280995"",""Q99772086""],""parents"":[],""readings"":[],""title"":""おこみん"",""nameKinds"":{""おこみん"":[""label:ja"",""title:jawiki""],""Okomin"":[""label:en""]},""readingNames"":[""おこみん""],""primaryReadings"":[]}],""lexical"":[]}"
character	こよるしゃうき	コヨルシャウキ	1851	1851	common	orthographic-kana;https://www.wikidata.org/wiki/Q936324#name	https://www.wikidata.org/wiki/Q936324	assistant inspection of pair-bound reading evidence and stored semantic facts; targeted pages for identified problems	Recorded reading/surface pair and category supported by cited facts after rule corrections; not a claim of independent expert review	"{""entities"":[{""id"":""Q936324"",""names"":[""Coyolxauhqui"",""コヨルシャウキ""],""types"":[""Q32066628"",""Q205985""],""parents"":[],""readings"":[],""title"":""コヨルシャウキ"",""nameKinds"":{""Coyolxauhqui"":[""label:en""],""コヨルシャウキ"":[""label:ja"",""title:jawiki""]},""readingNames"":[""コヨルシャウキ""],""primaryReadings"":[]}],""lexical"":[]}"
character	すてねらーす	ステネラース	1851	1851	common	orthographic-kana;https://www.wikidata.org/wiki/Q1159894#name	https://www.wikidata.org/wiki/Q1159894	assistant inspection of pair-bound reading evidence and stored semantic facts; targeted pages for identified problems	Recorded reading/surface pair and category supported by cited facts after rule corrections; not a claim of independent expert review	"{""entities"":[{""id"":""Q1159894"",""names"":[""Sthenelas"",""ステネラース"",""Sthenelaus""],""types"":[""Q22988604""],""parents"":[],""readings"":[],""title"":""ステネラース"",""nameKinds"":{""Sthenelas"":[""label:en""],""ステネラース"":[""label:ja"",""title:jawiki""],""Sthenelaus"":[""alias:en""]},""readingNames"":[""ステネラース""],""primaryReadings"":[]}],""lexical"":[]}"
character	うながっぱ	うながっぱ	1851	1851	common	https://www.edrdg.org/jmdict/edict_doc.html#entry-2399700-sense-1;https://www.edrdg.org/jmdict/edict_doc.html#entry-2399700-sense-2	https://www.wikidata.org/wiki/Q11260624#P31;reading:independent-pair;categories:character;lexical-and-confirmed-referents;https://www.edrdg.org/jmdict/edict_doc.html#entry-2399700-sense-1;https://www.edrdg.org/jmdict/edict_doc.html#entry-2399700-sense-2	assistant inspection of pair-bound reading evidence and stored semantic facts; targeted pages for identified problems	Recorded reading/surface pair and category supported by cited facts after rule corrections; not a claim of independent expert review	"{""entities"":[{""id"":""Q11260624"",""names"":[""うながっぱ"",""うながっぱパッパソング""],""types"":[""Q386208""],""parents"":[],""readings"":[],""title"":""うながっぱ"",""nameKinds"":{""うながっぱ"":[""label:ja"",""title:jawiki""],""うながっぱパッパソング"":[""alias:ja""]},""readingNames"":[""うながっぱ""],""primaryReadings"":[]}],""lexical"":[{""reading"":""うながっぱ"",""surface"":""うながっぱ"",""categories"":[""food""],""evidence"":""https://www.edrdg.org/jmdict/edict_doc.html#entry-2399700-sense-1"",""entryId"":""2399700"",""pos"":[""n""],""version"":""76a91691b63094bf2aedca93cb889c7396945fe961e478f13081d839c9684e0c"",""source"":""JMdict"",""glosses"":[""maki sushi typically made from eel and cucumber, often with a face-like pattern when cut""]},{""reading"":""うながっぱ"",""surface"":""うながっぱ"",""categories"":[""character""],""evidence"":""https://www.edrdg.org/jmdict/edict_doc.html#entry-2399700-sense-2"",""entryId"":""2399700"",""pos"":[""n""],""version"":""76a91691b63094bf2aedca93cb889c7396945fe961e478f13081d839c9684e0c"",""source"":""JMdict"",""glosses"":[""mascot character used by Tajimi City in Gifu""]}]}"
character	ひみぼうずくん	ひみぼうずくん	1851	1851	wiki	orthographic-kana;https://www.wikidata.org/wiki/Q113461216#name	https://www.wikidata.org/wiki/Q113461216	assistant inspection of pair-bound reading evidence and stored semantic facts; targeted pages for identified problems	Recorded reading/surface pair and category supported by cited facts after rule corrections; not a claim of independent expert review	"{""entities"":[{""id"":""Q113461216"",""names"":[""ひみぼうずくん""],""types"":[""Q386208""],""parents"":[],""readings"":[],""title"":""ひみぼうずくん"",""nameKinds"":{""ひみぼうずくん"":[""label:ja"",""title:jawiki""]},""readingNames"":[""ひみぼうずくん""],""primaryReadings"":[]}],""lexical"":[]}"
character	あんきーせーす	アンキーセース	1851	1851	common	orthographic-kana;https://www.wikidata.org/wiki/Q211953#name	https://www.wikidata.org/wiki/Q211953	assistant inspection of pair-bound reading evidence and stored semantic facts; targeted pages for identified problems	Recorded reading/surface pair and category supported by cited facts after rule corrections; not a claim of independent expert review	"{""entities"":[{""id"":""Q211953"",""names"":[""アンキーセース"",""Anchises"",""アンキセス""],""types"":[""Q22988604""],""parents"":[],""readings"":[],""title"":""アンキーセース"",""nameKinds"":{""アンキーセース"":[""label:ja"",""title:jawiki""],""Anchises"":[""label:en""],""アンキセス"":[""alias:ja""]},""readingNames"":[""アンキーセース""],""primaryReadings"":[]}],""lexical"":[]}"
character	えうけーのーる	エウケーノール	1851	1851	common	orthographic-kana;https://www.wikidata.org/wiki/Q15617983#name	https://www.wikidata.org/wiki/Q15617983	assistant inspection of pair-bound reading evidence and stored semantic facts; targeted pages for identified problems	Recorded reading/surface pair and category supported by cited facts after rule corrections; not a claim of independent expert review	"{""entities"":[{""id"":""Q15617983"",""names"":[""Euchenor"",""エウケーノール""],""types"":[""Q22988604""],""parents"":[],""readings"":[],""title"":""エウケーノール"",""nameKinds"":{""Euchenor"":[""label:en""],""エウケーノール"":[""label:ja"",""title:jawiki""]},""readingNames"":[""エウケーノール""],""primaryReadings"":[]}],""lexical"":[]}"
character	ふわっぴー	ふわっぴー	1851	1851	wiki	orthographic-kana;https://www.wikidata.org/wiki/Q131275031#name	https://www.wikidata.org/wiki/Q131275031	assistant inspection of pair-bound reading evidence and stored semantic facts; targeted pages for identified problems	Recorded reading/surface pair and category supported by cited facts after rule corrections; not a claim of independent expert review	"{""entities"":[{""id"":""Q131275031"",""names"":[""ふわっぴー""],""types"":[""Q386208""],""parents"":[],""readings"":[],""title"":""ふわっぴー"",""nameKinds"":{""ふわっぴー"":[""label:ja"",""title:jawiki""]},""readingNames"":[""ふわっぴー""],""primaryReadings"":[]}],""lexical"":[]}"
character	みらいとわとそめいてぃ	ミライトワとソメイティ	1851	1851	common	orthographic-kana;https://www.wikidata.org/wiki/Q55602674#name	https://www.wikidata.org/wiki/Q55602674	assistant inspection of pair-bound reading evidence and stored semantic facts; targeted pages for identified problems	Recorded reading/surface pair and category supported by cited facts after rule corrections; not a claim of independent expert review	"{""entities"":[{""id"":""Q55602674"",""names"":[""Miraitowa and Someity"",""ミライトワとソメイティ"",""Someity and Miraitowa""],""types"":[""Q987057"",""Q21190845""],""parents"":[],""readings"":[],""title"":""ミライトワとソメイティ"",""nameKinds"":{""Miraitowa and Someity"":[""label:en""],""ミライトワとソメイティ"":[""label:ja"",""title:jawiki""],""Someity and Miraitowa"":[""alias:en""]},""readingNames"":[""ミライトワとソメイティ""],""primaryReadings"":[]}],""lexical"":[]}"
character	りすもくん	リスモくん	1851	1851	common	orthographic-kana;https://www.wikidata.org/wiki/Q11348018#name	https://www.wikidata.org/wiki/Q11348018	assistant inspection of pair-bound reading evidence and stored semantic facts; targeted pages for identified problems	Recorded reading/surface pair and category supported by cited facts after rule corrections; not a claim of independent expert review	"{""entities"":[{""id"":""Q11348018"",""names"":[""リスモくん""],""types"":[""Q386208""],""parents"":[],""readings"":[],""title"":""リスモくん"",""nameKinds"":{""リスモくん"":[""label:ja"",""title:jawiki""]},""readingNames"":[""リスモくん""],""primaryReadings"":[]}],""lexical"":[]}"
character	あすかにおす	アスカニオス	1851	1851	common	orthographic-kana;https://www.wikidata.org/wiki/Q655566#name	https://www.wikidata.org/wiki/Q655566	assistant inspection of pair-bound reading evidence and stored semantic facts; targeted pages for identified problems	Recorded reading/surface pair and category supported by cited facts after rule corrections; not a claim of independent expert review	"{""entities"":[{""id"":""Q655566"",""names"":[""Ascanius"",""アスカニオス"",""アスカニウス"",""Iulus"",""Julus"",""Askanios""],""types"":[""Q22988604""],""parents"":[],""readings"":[],""title"":""アスカニオス"",""nameKinds"":{""Ascanius"":[""label:en""],""アスカニオス"":[""label:ja"",""title:jawiki""],""アスカニウス"":[""alias:ja""],""Iulus"":[""alias:en""],""Julus"":[""alias:en""],""Askanios"":[""alias:en""]},""readingNames"":[""アスカニオス""],""primaryReadings"":[]}],""lexical"":[]}"
character	くりゅてぃえー	クリュティエー	1851	1851	wiki	orthographic-kana;https://www.wikidata.org/wiki/Q866674#name	https://www.wikidata.org/wiki/Q866674	assistant inspection of pair-bound reading evidence and stored semantic facts; targeted pages for identified problems	Recorded reading/surface pair and category supported by cited facts after rule corrections; not a claim of independent expert review	"{""entities"":[{""id"":""Q866674"",""names"":[""Clytie"",""クリュティエ"",""クリュティエー""],""types"":[""Q182406"",""Q3346693""],""parents"":[],""readings"":[],""title"":""クリュティエー"",""nameKinds"":{""Clytie"":[""label:en""],""クリュティエ"":[""label:ja""],""クリュティエー"":[""alias:ja"",""title:jawiki""]},""readingNames"":[""クリュティエ""],""primaryReadings"":[]}],""lexical"":[]}"
character	うほうどうじ	雨宝童子	1851	1851	common	https://www.edrdg.org/jmdict/edict_doc.html#entry-2431260-sense-1	https://www.wikidata.org/wiki/Q48759455	assistant inspection of pair-bound reading evidence and stored semantic facts; targeted pages for identified problems	Recorded reading/surface pair and category supported by cited facts after rule corrections; not a claim of independent expert review	"{""entities"":[{""id"":""Q48759455"",""names"":[""雨宝童子"",""Uhō-dōji""],""types"":[""Q11598453"",""Q60994492""],""parents"":[],""readings"":[],""title"":""雨宝童子"",""nameKinds"":{""雨宝童子"":[""label:ja"",""title:jawiki""],""Uhō-dōji"":[""label:en""]},""readingNames"":[""雨宝童子""],""primaryReadings"":[]}],""lexical"":[{""reading"":""うほうどうじ"",""surface"":""雨宝童子"",""categories"":[],""evidence"":""https://www.edrdg.org/jmdict/edict_doc.html#entry-2431260-sense-1"",""entryId"":""2431260"",""fields"":[""Buddh""],""pos"":[""n""],""version"":""76a91691b63094bf2aedca93cb889c7396945fe961e478f13081d839c9684e0c"",""source"":""JMdict"",""glosses"":[""Uho Doji (divine rain-making boy)""]}]}"
character	ゆるりめぐ	ゆるりめぐ	1851	1851	neologd	orthographic-kana;https://www.wikidata.org/wiki/Q98101131#name	https://www.wikidata.org/wiki/Q98101131	assistant inspection of pair-bound reading evidence and stored semantic facts; targeted pages for identified problems	Recorded reading/surface pair and category supported by cited facts after rule corrections; not a claim of independent expert review	"{""entities"":[{""id"":""Q98101131"",""names"":[""ゆるりめぐ"",""Yururi Megu"",""Megu Yururi""],""types"":[""Q15632617""],""parents"":[],""readings"":[],""nameKinds"":{""ゆるりめぐ"":[""label:ja""],""Yururi Megu"":[""label:en""],""Megu Yururi"":[""alias:en""]},""readingNames"":[""ゆるりめぐ""],""primaryReadings"":[]}],""lexical"":[]}"
character	あめのおしひ	アメノオシヒ	1851	1851	common	orthographic-kana;https://www.wikidata.org/wiki/Q10939616#name	https://www.wikidata.org/wiki/Q10939616	assistant inspection of pair-bound reading evidence and stored semantic facts; targeted pages for identified problems	Recorded reading/surface pair and category supported by cited facts after rule corrections; not a claim of independent expert review	"{""entities"":[{""id"":""Q10939616"",""names"":[""天忍日命"",""Ame no Oshihi"",""アメノオシヒ"",""天押日命"",""アメノオシヒノミコト"",""Ama-no-Oshihi""],""types"":[""Q60994492"",""Q21070568""],""parents"":[],""readings"":[""アメノオシヒノミコト""],""title"":""アメノオシヒ"",""nameKinds"":{""天忍日命"":[""label:ja""],""Ame no Oshihi"":[""label:en""],""アメノオシヒ"":[""alias:ja"",""title:jawiki""],""天押日命"":[""alias:ja""],""アメノオシヒノミコト"":[""alias:ja""],""Ama-no-Oshihi"":[""alias:en""]},""readingNames"":[""天忍日命""],""primaryReadings"":[""アメノオシヒノミコト""]}],""lexical"":[]}"
character	あれすけ	アレすけ	1851	1851	common	orthographic-kana;https://www.wikidata.org/wiki/Q17192380#name	https://www.wikidata.org/wiki/Q17192380	assistant inspection of pair-bound reading evidence and stored semantic facts; targeted pages for identified problems	Recorded reading/surface pair and category supported by cited facts after rule corrections; not a claim of independent expert review	"{""entities"":[{""id"":""Q17192380"",""names"":[""アレすけ""],""types"":[""Q386208""],""parents"":[],""readings"":[],""title"":""アレすけ"",""nameKinds"":{""アレすけ"":[""label:ja"",""title:jawiki""]},""readingNames"":[""アレすけ""],""primaryReadings"":[]}],""lexical"":[]}"
character	いおれー	イオレー	1851	1851	common	orthographic-kana;https://www.wikidata.org/wiki/Q744147#name	https://www.wikidata.org/wiki/Q744147	assistant inspection of pair-bound reading evidence and stored semantic facts; targeted pages for identified problems	Recorded reading/surface pair and category supported by cited facts after rule corrections; not a claim of independent expert review	"{""entities"":[{""id"":""Q744147"",""names"":[""Iole"",""イオレー""],""types"":[""Q22988604""],""parents"":[],""readings"":[],""title"":""イオレー"",""nameKinds"":{""Iole"":[""label:en""],""イオレー"":[""label:ja"",""title:jawiki""]},""readingNames"":[""イオレー""],""primaryReadings"":[]}],""lexical"":[]}"
character	こくわもん	コクワモン	1851	1851	wiki	orthographic-kana;https://www.wikidata.org/wiki/Q125260551#name	https://www.wikidata.org/wiki/Q125260551	assistant inspection of pair-bound reading evidence and stored semantic facts; targeted pages for identified problems	Recorded reading/surface pair and category supported by cited facts after rule corrections; not a claim of independent expert review	"{""entities"":[{""id"":""Q125260551"",""names"":[""Kokuwamon"",""コクワモン""],""types"":[""Q136402414""],""parents"":[""Q1569167"",""Q80447738""],""readings"":[],""nameKinds"":{""Kokuwamon"":[""label:en""],""コクワモン"":[""label:ja""]},""readingNames"":[""コクワモン""],""primaryReadings"":[]}],""lexical"":[]}"
character	らーいおす	ラーイオス	1851	1851	common	orthographic-kana;https://www.wikidata.org/wiki/Q463898#name	https://www.wikidata.org/wiki/Q463898	assistant inspection of pair-bound reading evidence and stored semantic facts; targeted pages for identified problems	Recorded reading/surface pair and category supported by cited facts after rule corrections; not a claim of independent expert review	"{""entities"":[{""id"":""Q463898"",""names"":[""ラーイオス"",""Laius"",""ライオス""],""types"":[""Q22988604""],""parents"":[],""readings"":[],""title"":""ラーイオス"",""nameKinds"":{""ラーイオス"":[""label:ja"",""title:jawiki""],""Laius"":[""label:en""],""ライオス"":[""alias:ja""]},""readingNames"":[""ラーイオス""],""primaryReadings"":[]}],""lexical"":[]}"
character	ひえろむねーめー	ヒエロムネーメー	1851	1851	wiki	orthographic-kana;https://www.wikidata.org/wiki/Q1617512#name	https://www.wikidata.org/wiki/Q1617512	assistant inspection of pair-bound reading evidence and stored semantic facts; targeted pages for identified problems	Recorded reading/surface pair and category supported by cited facts after rule corrections; not a claim of independent expert review	"{""entities"":[{""id"":""Q1617512"",""names"":[""Hieromneme"",""ヒエロムネーメー""],""types"":[""Q3059255""],""parents"":[],""readings"":[],""title"":""ヒエロムネーメー"",""nameKinds"":{""Hieromneme"":[""label:en""],""ヒエロムネーメー"":[""label:ja"",""title:jawiki""]},""readingNames"":[""ヒエロムネーメー""],""primaryReadings"":[]}],""lexical"":[]}"
character	かまそっつ	カマソッツ	1851	1851	wiki	orthographic-kana;https://www.wikidata.org/wiki/Q2307579#name	https://www.wikidata.org/wiki/Q2307579	assistant inspection of pair-bound reading evidence and stored semantic facts; targeted pages for identified problems	Recorded reading/surface pair and category supported by cited facts after rule corrections; not a claim of independent expert review	"{""entities"":[{""id"":""Q2307579"",""names"":[""Camazotz"",""カマソッソ"",""カマソッツ""],""types"":[""Q42594143"",""Q2239243""],""parents"":[],""readings"":[],""title"":""カマソッツ"",""nameKinds"":{""Camazotz"":[""label:en""],""カマソッソ"":[""label:ja""],""カマソッツ"":[""alias:ja"",""title:jawiki""]},""readingNames"":[""カマソッソ""],""primaryReadings"":[]}],""lexical"":[]}"
character	きーい	キーイ	1851	1851	common	orthographic-kana;https://www.wikidata.org/wiki/Q723160#name	https://www.wikidata.org/wiki/Q723160	assistant inspection of pair-bound reading evidence and stored semantic facts; targeted pages for identified problems	Recorded reading/surface pair and category supported by cited facts after rule corrections; not a claim of independent expert review	"{""entities"":[{""id"":""Q723160"",""names"":[""キーイ"",""Kyi"",""Kyiv""],""types"":[""Q15632617"",""Q13002315"",""Q204335""],""parents"":[],""readings"":[],""title"":""キーイ"",""nameKinds"":{""キーイ"":[""label:ja"",""title:jawiki""],""Kyi"":[""label:en""],""Kyiv"":[""alias:en""]},""readingNames"":[""キーイ""],""primaryReadings"":[]}],""lexical"":[]}"
character	あやとひめ	アヤトヒメ	1851	1851	wiki	orthographic-kana;https://www.wikidata.org/wiki/Q138000236#name	https://www.wikidata.org/wiki/Q138000236	assistant inspection of pair-bound reading evidence and stored semantic facts; targeted pages for identified problems	Recorded reading/surface pair and category supported by cited facts after rule corrections; not a claim of independent expert review	"{""entities"":[{""id"":""Q138000236"",""names"":[""アヤトヒメ"",""Ayatohime"",""綾門姬命"",""綾戸日女神"",""綾戶日女神"",""綾門日女神"",""綾門姫命"",""綾門日女命"",""アヤトヒメノミコト"",""あやとひめ"",""あやとひめのみこと"",""アヤトヒメノカミ"",""あやとひめのかみ""],""types"":[""Q178885""],""parents"":[],""readings"":[],""title"":""アヤトヒメ"",""nameKinds"":{""アヤトヒメ"":[""label:ja"",""title:jawiki""],""Ayatohime"":[""label:en""],""綾門姬命"":[""alias:ja""],""綾戸日女神"":[""alias:ja""],""綾戶日女神"":[""alias:ja""],""綾門日女神"":[""alias:ja""],""綾門姫命"":[""alias:ja""],""綾門日女命"":[""alias:ja""],""アヤトヒメノミコト"":[""alias:ja""],""あやとひめ"":[""alias:ja""],""あやとひめのみこと"":[""alias:ja""],""アヤトヒメノカミ"":[""alias:ja""],""あやとひめのかみ"":[""alias:ja""]},""readingNames"":[""アヤトヒメ""],""primaryReadings"":[]}],""lexical"":[]}"
character	おめがりお	おめがリオ	1851	1851	person,wiki	orthographic-kana;https://www.wikidata.org/wiki/Q111459645#name	https://www.wikidata.org/wiki/Q111459645	assistant inspection of pair-bound reading evidence and stored semantic facts; targeted pages for identified problems	Recorded reading/surface pair and category supported by cited facts after rule corrections; not a claim of independent expert review	"{""entities"":[{""id"":""Q111459645"",""names"":[""おめがリオ"",""Omega Rio"",""おめが リオ"",""Rio Omega""],""types"":[""Q15632617""],""parents"":[],""readings"":[],""nameKinds"":{""おめがリオ"":[""label:ja""],""Omega Rio"":[""label:en""],""おめが リオ"":[""alias:ja""],""Rio Omega"":[""alias:en""]},""readingNames"":[""おめがリオ""],""primaryReadings"":[]}],""lexical"":[]}"
character	かいるす	カイルス	1851	1851	wiki	orthographic-kana;https://www.wikidata.org/wiki/Q3360794#name	https://www.wikidata.org/wiki/Q3360794	assistant inspection of pair-bound reading evidence and stored semantic facts; targeted pages for identified problems	Recorded reading/surface pair and category supported by cited facts after rule corrections; not a claim of independent expert review	"{""entities"":[{""id"":""Q3360794"",""names"":[""Caelus"",""カイルス"",""Caelum"",""Coelus""],""types"":[""Q11688446"",""Q207174""],""parents"":[],""readings"":[],""nameKinds"":{""Caelus"":[""label:en""],""カイルス"":[""label:ja""],""Caelum"":[""alias:en""],""Coelus"":[""alias:en""]},""readingNames"":[""カイルス""],""primaryReadings"":[]}],""lexical"":[]}"
character	あみらに	アミラニ	1851	1851	common	orthographic-kana;https://www.wikidata.org/wiki/Q2914970#name	https://www.wikidata.org/wiki/Q2914970	assistant inspection of pair-bound reading evidence and stored semantic facts; targeted pages for identified problems	Recorded reading/surface pair and category supported by cited facts after rule corrections; not a claim of independent expert review	"{""entities"":[{""id"":""Q2914970"",""names"":[""Amirani"",""アミラニ""],""types"":[""Q977690""],""parents"":[],""readings"":[],""title"":""アミラニ"",""nameKinds"":{""Amirani"":[""label:en""],""アミラニ"":[""label:ja"",""title:jawiki""]},""readingNames"":[""アミラニ""],""primaryReadings"":[]}],""lexical"":[]}"
character	おろめ	オロメ	1851	1851	common	orthographic-kana;https://www.wikidata.org/wiki/Q78555#name	https://www.wikidata.org/wiki/Q78555	assistant inspection of pair-bound reading evidence and stored semantic facts; targeted pages for identified problems	Recorded reading/surface pair and category supported by cited facts after rule corrections; not a claim of independent expert review	"{""entities"":[{""id"":""Q78555"",""names"":[""Oromë"",""オロメ"",""Aldaron""],""types"":[""Q78493""],""parents"":[],""readings"":[],""nameKinds"":{""Oromë"":[""label:en""],""オロメ"":[""label:ja""],""Aldaron"":[""alias:en""]},""readingNames"":[""オロメ""],""primaryReadings"":[]}],""lexical"":[]}"
character	かとれうす	カトレウス	1851	1851	common	orthographic-kana;https://www.wikidata.org/wiki/Q754835#name	https://www.wikidata.org/wiki/Q754835	assistant inspection of pair-bound reading evidence and stored semantic facts; targeted pages for identified problems	Recorded reading/surface pair and category supported by cited facts after rule corrections; not a claim of independent expert review	"{""entities"":[{""id"":""Q754835"",""names"":[""Catreus"",""カトレウス""],""types"":[""Q22988604""],""parents"":[],""readings"":[],""title"":""カトレウス"",""nameKinds"":{""Catreus"":[""label:en""],""カトレウス"":[""label:ja"",""title:jawiki""]},""readingNames"":[""カトレウス""],""primaryReadings"":[]}],""lexical"":[]}"
character	めらにおーん	メラニオーン	1851	1851	wiki	orthographic-kana;https://www.wikidata.org/wiki/Q12755124#name	https://www.wikidata.org/wiki/Q12755124	assistant inspection of pair-bound reading evidence and stored semantic facts; targeted pages for identified problems	Recorded reading/surface pair and category supported by cited facts after rule corrections; not a claim of independent expert review	"{""entities"":[{""id"":""Q12755124"",""names"":[""Melanion"",""メラニオーン""],""types"":[""Q22988604""],""parents"":[],""readings"":[],""title"":""メラニオーン"",""nameKinds"":{""Melanion"":[""label:en""],""メラニオーン"":[""label:ja"",""title:jawiki""]},""readingNames"":[""メラニオーン""],""primaryReadings"":[]}],""lexical"":[]}"
character	しとらりくえ	シトラリクエ	1851	1851	wiki	orthographic-kana;https://www.wikidata.org/wiki/Q2620261#name	https://www.wikidata.org/wiki/Q2620261	assistant inspection of pair-bound reading evidence and stored semantic facts; targeted pages for identified problems	Recorded reading/surface pair and category supported by cited facts after rule corrections; not a claim of independent expert review	"{""entities"":[{""id"":""Q2620261"",""names"":[""Citlalicue"",""シトラリクエ"",""シトラリクエ (アステカ神話)""],""types"":[""Q32066628"",""Q205985""],""parents"":[],""readings"":[],""title"":""シトラリクエ (アステカ神話)"",""nameKinds"":{""Citlalicue"":[""label:en""],""シトラリクエ"":[""label:ja""],""シトラリクエ (アステカ神話)"":[""title:jawiki""]},""readingNames"":[""シトラリクエ""],""primaryReadings"":[]}],""lexical"":[]}"
character	みみる	ミミル	1851	1851	common	orthographic-kana;https://www.wikidata.org/wiki/Q118026173#name	https://www.wikidata.org/wiki/Q118026173	assistant inspection of pair-bound reading evidence and stored semantic facts; targeted pages for identified problems	Recorded reading/surface pair and category supported by cited facts after rule corrections; not a claim of independent expert review	"{""entities"":[{""id"":""Q118026173"",""names"":[""Mimir"",""ミミル""],""types"":[""Q15632617"",""Q3658341"",""Q87576284"",""Q80447738""],""parents"":[],""readings"":[],""nameKinds"":{""Mimir"":[""label:en""],""ミミル"":[""label:ja""]},""readingNames"":[""ミミル""],""primaryReadings"":[]}],""lexical"":[]}"
character	とよくもの	トヨクモノ	1851	1851	common	orthographic-kana;https://www.wikidata.org/wiki/Q4387158#name	https://www.wikidata.org/wiki/Q4387158	assistant inspection of pair-bound reading evidence and stored semantic facts; targeted pages for identified problems	Recorded reading/surface pair and category supported by cited facts after rule corrections; not a claim of independent expert review	"{""entities"":[{""id"":""Q4387158"",""names"":[""トヨクモノ"",""Toyokumono-no-Mikoto"",""トヨグモヌ"",""トヨクモヌ"",""豊雲野神"",""豊斟渟尊"",""豊雲野尊""],""types"":[""Q524158"",""Q60994492""],""parents"":[],""readings"":[],""title"":""トヨクモノ"",""nameKinds"":{""トヨクモノ"":[""label:ja"",""title:jawiki""],""Toyokumono-no-Mikoto"":[""label:en""],""トヨグモヌ"":[""alias:ja""],""トヨクモヌ"":[""alias:ja""],""豊雲野神"":[""alias:ja""],""豊斟渟尊"":[""alias:ja""],""豊雲野尊"":[""alias:ja""]},""readingNames"":[""トヨクモノ""],""primaryReadings"":[]}],""lexical"":[]}"
character	ほろう	蒲牢	1851	1851	common	https://www.edrdg.org/jmdict/edict_doc.html#entry-2857282-sense-1	https://www.wikidata.org/wiki/Q757969#P31;reading:independent-pair;categories:character;lexical-and-confirmed-referents;https://www.edrdg.org/jmdict/edict_doc.html#entry-2857282-sense-1	assistant inspection of pair-bound reading evidence and stored semantic facts; targeted pages for identified problems	Recorded reading/surface pair and category supported by cited facts after rule corrections; not a claim of independent expert review	"{""entities"":[{""id"":""Q757969"",""names"":[""Pulao"",""蒲牢"",""tulao"",""徒牢"",""Pu Lao""],""types"":[""Q215605"",""Q1387388"",""Q30307328""],""parents"":[],""readings"":[],""title"":""蒲牢"",""nameKinds"":{""Pulao"":[""label:en""],""蒲牢"":[""label:ja"",""alias:en"",""title:jawiki""],""tulao"":[""alias:en""],""徒牢"":[""alias:en""],""Pu Lao"":[""alias:en""]},""readingNames"":[""蒲牢""],""primaryReadings"":[]}],""lexical"":[{""reading"":""ほろう"",""surface"":""蒲牢"",""categories"":[""general""],""evidence"":""https://www.edrdg.org/jmdict/edict_doc.html#entry-2857282-sense-1"",""entryId"":""2857282"",""pos"":[""n""],""version"":""76a91691b63094bf2aedca93cb889c7396945fe961e478f13081d839c9684e0c"",""source"":""JMdict"",""glosses"":[""Pulao (Chinese dragon)""]}]}"
character	たけじぃ	たけじぃ	1851	1851	common	orthographic-kana;https://www.wikidata.org/wiki/Q22126978#name	https://www.wikidata.org/wiki/Q22126978	assistant inspection of pair-bound reading evidence and stored semantic facts; targeted pages for identified problems	Recorded reading/surface pair and category supported by cited facts after rule corrections; not a claim of independent expert review	"{""entities"":[{""id"":""Q22126978"",""names"":[""たけじぃ"",""Takejī""],""types"":[""Q11280995""],""parents"":[],""readings"":[],""title"":""たけじぃ"",""nameKinds"":{""たけじぃ"":[""label:ja"",""title:jawiki""],""Takejī"":[""label:en""]},""readingNames"":[""たけじぃ""],""primaryReadings"":[]}],""lexical"":[]}"
character	めねすてぃおす	メネスティオス	1851	1851	common	orthographic-kana;https://www.wikidata.org/wiki/Q3854654#name	https://www.wikidata.org/wiki/Q3854654	assistant inspection of pair-bound reading evidence and stored semantic facts; targeted pages for identified problems	Recorded reading/surface pair and category supported by cited facts after rule corrections; not a claim of independent expert review	"{""entities"":[{""id"":""Q3854654"",""names"":[""メネスティオス"",""Menesthius""],""types"":[""Q22988604""],""parents"":[],""readings"":[],""title"":""メネスティオス"",""nameKinds"":{""メネスティオス"":[""label:ja"",""title:jawiki""],""Menesthius"":[""label:en""]},""readingNames"":[""メネスティオス""],""primaryReadings"":[]}],""lexical"":[]}"
character	るなもん	ルナモン	1851	1851	wiki	orthographic-kana;https://www.wikidata.org/wiki/Q126200297#name	https://www.wikidata.org/wiki/Q126200297	assistant inspection of pair-bound reading evidence and stored semantic facts; targeted pages for identified problems	Recorded reading/surface pair and category supported by cited facts after rule corrections; not a claim of independent expert review	"{""entities"":[{""id"":""Q126200297"",""names"":[""Lunamon"",""ルナモン""],""types"":[""Q136402414""],""parents"":[""Q1569167"",""Q80447738""],""readings"":[],""nameKinds"":{""Lunamon"":[""label:en""],""ルナモン"":[""label:ja""]},""readingNames"":[""ルナモン""],""primaryReadings"":[]}],""lexical"":[]}"
character	まりあかんのん	マリア観音	1851	1851	common	https://www.edrdg.org/jmdict/edict_doc.html#entry-2834842-sense-1	https://www.wikidata.org/wiki/Q847111#P31;reading:independent-pair;categories:character;lexical-and-confirmed-referents;https://www.edrdg.org/jmdict/edict_doc.html#entry-2834842-sense-1	assistant inspection of pair-bound reading evidence and stored semantic facts; targeted pages for identified problems	Recorded reading/surface pair and category supported by cited facts after rule corrections; not a claim of independent expert review	"{""entities"":[{""id"":""Q847111"",""names"":[""マリア観音"",""Maria Kannon""],""types"":[""Q205985""],""parents"":[],""readings"":[],""title"":""マリア観音"",""nameKinds"":{""マリア観音"":[""label:ja"",""title:jawiki""],""Maria Kannon"":[""label:en""]},""readingNames"":[""マリア観音""],""primaryReadings"":[]}],""lexical"":[{""reading"":""まりあかんのん"",""surface"":""マリア観音"",""categories"":[""general""],""evidence"":""https://www.edrdg.org/jmdict/edict_doc.html#entry-2834842-sense-1"",""entryId"":""2834842"",""pos"":[""n""],""version"":""76a91691b63094bf2aedca93cb889c7396945fe961e478f13081d839c9684e0c"",""source"":""JMdict"",""glosses"":[""Maria Kannon"",""statue of the Virgin Mary disguised as a Buddhist Kannon statue, used by hidden Christians during the Edo period""]}]}"
character	こおーん	コオーン	1851	1851	common	orthographic-kana;https://www.wikidata.org/wiki/Q1173681#name	https://www.wikidata.org/wiki/Q1173681	assistant inspection of pair-bound reading evidence and stored semantic facts; targeted pages for identified problems	Recorded reading/surface pair and category supported by cited facts after rule corrections; not a claim of independent expert review	"{""entities"":[{""id"":""Q1173681"",""names"":[""コオーン"",""Coön"",""Coon""],""types"":[""Q22988604""],""parents"":[],""readings"":[],""title"":""コオーン"",""nameKinds"":{""コオーン"":[""label:ja"",""title:jawiki""],""Coön"":[""label:en""],""Coon"":[""alias:en""]},""readingNames"":[""コオーン""],""primaryReadings"":[]}],""lexical"":[]}"
character	しのーん	シノーン	1851	1851	common	orthographic-kana;https://www.wikidata.org/wiki/Q663792#name	https://www.wikidata.org/wiki/Q663792	assistant inspection of pair-bound reading evidence and stored semantic facts; targeted pages for identified problems	Recorded reading/surface pair and category supported by cited facts after rule corrections; not a claim of independent expert review	"{""entities"":[{""id"":""Q663792"",""names"":[""Sinon"",""シノーン""],""types"":[""Q22988604""],""parents"":[],""readings"":[],""title"":""シノーン"",""nameKinds"":{""Sinon"":[""label:en""],""シノーン"":[""label:ja"",""title:jawiki""]},""readingNames"":[""シノーン""],""primaryReadings"":[]}],""lexical"":[]}"
character	りゅしてあー	リュシテアー	1851	1851	common	orthographic-kana;https://www.wikidata.org/wiki/Q1244430#name	https://www.wikidata.org/wiki/Q1244430	assistant inspection of pair-bound reading evidence and stored semantic facts; targeted pages for identified problems	Recorded reading/surface pair and category supported by cited facts after rule corrections; not a claim of independent expert review	"{""entities"":[{""id"":""Q1244430"",""names"":[""Lysithea"",""リュシテアー""],""types"":[""Q182406""],""parents"":[],""readings"":[],""title"":""リュシテアー"",""nameKinds"":{""Lysithea"":[""label:en""],""リュシテアー"":[""label:ja"",""title:jawiki""]},""readingNames"":[""リュシテアー""],""primaryReadings"":[]}],""lexical"":[]}"
character	ひまりあ	ヒマリア	1851	1851	common	orthographic-kana;https://www.wikidata.org/wiki/Q764777#name	https://www.wikidata.org/wiki/Q764777	assistant inspection of pair-bound reading evidence and stored semantic facts; targeted pages for identified problems	Recorded reading/surface pair and category supported by cited facts after rule corrections; not a claim of independent expert review	"{""entities"":[{""id"":""Q764777"",""names"":[""Himalia"",""ヒマリア""],""types"":[""Q3346693""],""parents"":[],""readings"":[],""title"":""ヒマリア"",""nameKinds"":{""Himalia"":[""label:en""],""ヒマリア"":[""label:ja"",""title:jawiki""]},""readingNames"":[""ヒマリア""],""primaryReadings"":[]}],""lexical"":[]}"
character	ここりょな	ココリョナ	1851	1851	wiki	orthographic-kana;https://www.wikidata.org/wiki/Q5139797#name	https://www.wikidata.org/wiki/Q5139797	assistant inspection of pair-bound reading evidence and stored semantic facts; targeted pages for identified problems	Recorded reading/surface pair and category supported by cited facts after rule corrections; not a claim of independent expert review	"{""entities"":[{""id"":""Q5139797"",""names"":[""Cocollona"",""ココリョナ""],""types"":[""Q2593744""],""parents"":[],""readings"":[],""title"":""ココリョナ"",""nameKinds"":{""Cocollona"":[""label:en""],""ココリョナ"":[""label:ja"",""title:jawiki""]},""readingNames"":[""ココリョナ""],""primaryReadings"":[]}],""lexical"":[]}"
character	とろーす	トロース	1851	1851	common	orthographic-kana;https://www.wikidata.org/wiki/Q599482#name	https://www.wikidata.org/wiki/Q599482	assistant inspection of pair-bound reading evidence and stored semantic facts; targeted pages for identified problems	Recorded reading/surface pair and category supported by cited facts after rule corrections; not a claim of independent expert review	"{""entities"":[{""id"":""Q599482"",""names"":[""Tros"",""トロース""],""types"":[""Q22988604""],""parents"":[],""readings"":[],""title"":""トロース"",""nameKinds"":{""Tros"":[""label:en""],""トロース"":[""label:ja"",""title:jawiki""]},""readingNames"":[""トロース""],""primaryReadings"":[]}],""lexical"":[]}"
character	れるひさん	レルヒさん	1851	1851	common	orthographic-kana;https://www.wikidata.org/wiki/Q130304909#name	https://www.wikidata.org/wiki/Q130304909	assistant inspection of pair-bound reading evidence and stored semantic facts; targeted pages for identified problems	Recorded reading/surface pair and category supported by cited facts after rule corrections; not a claim of independent expert review	"{""entities"":[{""id"":""Q130304909"",""names"":[""レルヒさん"",""Reruhi-san""],""types"":[""Q11280995""],""parents"":[],""readings"":[],""nameKinds"":{""レルヒさん"":[""label:ja""],""Reruhi-san"":[""label:en""]},""readingNames"":[""レルヒさん""],""primaryReadings"":[]}],""lexical"":[]}"
character	らんしす	ランシス	1851	1851	person	orthographic-kana;https://www.wikidata.org/wiki/Q135898519#name	https://www.wikidata.org/wiki/Q135898519	assistant inspection of pair-bound reading evidence and stored semantic facts; targeted pages for identified problems	Recorded reading/surface pair and category supported by cited facts after rule corrections; not a claim of independent expert review	"{""entities"":[{""id"":""Q135898519"",""names"":[""Lancis"",""ランシス""],""types"":[""Q15632617"",""Q3658341"",""Q87576284"",""Q80447738""],""parents"":[],""readings"":[],""nameKinds"":{""Lancis"":[""label:en""],""ランシス"":[""label:ja""]},""readingNames"":[""ランシス""],""primaryReadings"":[]}],""lexical"":[]}"
character	かるめんた	カルメンタ	1851	1851	common	orthographic-kana;https://www.wikidata.org/wiki/Q684225#name	https://www.wikidata.org/wiki/Q684225	assistant inspection of pair-bound reading evidence and stored semantic facts; targeted pages for identified problems	Recorded reading/surface pair and category supported by cited facts after rule corrections; not a claim of independent expert review	"{""entities"":[{""id"":""Q684225"",""names"":[""Carmenta"",""カルメンタ"",""Nicostrata"",""Carmentis""],""types"":[""Q11688446""],""parents"":[],""readings"":[],""title"":""カルメンタ"",""nameKinds"":{""Carmenta"":[""label:en""],""カルメンタ"":[""label:ja"",""title:jawiki""],""Nicostrata"":[""alias:en""],""Carmentis"":[""alias:en""]},""readingNames"":[""カルメンタ""],""primaryReadings"":[]}],""lexical"":[]}"
character	さるまん	サルマン	1851	1851	common	orthographic-kana;https://www.wikidata.org/wiki/Q216489#name	https://www.wikidata.org/wiki/Q216489	assistant inspection of pair-bound reading evidence and stored semantic facts; targeted pages for identified problems	Recorded reading/surface pair and category supported by cited facts after rule corrections; not a claim of independent expert review	"{""entities"":[{""id"":""Q216489"",""names"":[""サルマン"",""Saruman"",""クルニア"",""サルーマン"",""クルモ"",""クルニーア"",""Saruman the White"",""Saruman of Many Colors"",""Curunír""],""types"":[""Q1059791"",""Q3658341"",""Q15773347""],""parents"":[],""readings"":[],""title"":""サルマン"",""nameKinds"":{""サルマン"":[""label:ja"",""title:jawiki""],""Saruman"":[""label:en""],""クルニア"":[""alias:ja""],""サルーマン"":[""alias:ja""],""クルモ"":[""alias:ja""],""クルニーア"":[""alias:ja""],""Saruman the White"":[""alias:en""],""Saruman of Many Colors"":[""alias:en""],""Curunír"":[""alias:en""]},""readingNames"":[""サルマン""],""primaryReadings"":[]}],""lexical"":[]}"
character	くてーしゅら	クテーシュラ	1851	1851	wiki	orthographic-kana;https://www.wikidata.org/wiki/Q4243368#name	https://www.wikidata.org/wiki/Q4243368	assistant inspection of pair-bound reading evidence and stored semantic facts; targeted pages for identified problems	Recorded reading/surface pair and category supported by cited facts after rule corrections; not a claim of independent expert review	"{""entities"":[{""id"":""Q4243368"",""names"":[""Ctesylla"",""クテーシュッラ"",""クテーシュラ""],""types"":[""Q22988604""],""parents"":[],""readings"":[],""title"":""クテーシュラ"",""nameKinds"":{""Ctesylla"":[""label:en""],""クテーシュッラ"":[""label:ja""],""クテーシュラ"":[""alias:ja"",""title:jawiki""]},""readingNames"":[""クテーシュッラ""],""primaryReadings"":[]}],""lexical"":[]}"
character	おうまゆう	おうまゆう	1851	1851	neologd	orthographic-kana;https://www.wikidata.org/wiki/Q111971536#name	https://www.wikidata.org/wiki/Q111971536	assistant inspection of pair-bound reading evidence and stored semantic facts; targeted pages for identified problems	Recorded reading/surface pair and category supported by cited facts after rule corrections; not a claim of independent expert review	"{""entities"":[{""id"":""Q111971536"",""names"":[""おうまゆう"",""OumaU"",""Ouma Yuu"",""oumayu"",""OumaYuu"",""おまゆう""],""types"":[""Q32851726"",""Q28020127""],""parents"":[],""readings"":[],""nameKinds"":{""おうまゆう"":[""label:ja""],""OumaU"":[""label:en""],""Ouma Yuu"":[""alias:en""],""oumayu"":[""alias:en""],""OumaYuu"":[""alias:en""],""おまゆう"":[""alias:ja""]},""readingNames"":[""おうまゆう""],""primaryReadings"":[]}],""lexical"":[]}"
character	にんじゃえもん	にんじゃえもん	1851	1851	common	orthographic-kana;https://www.wikidata.org/wiki/Q85869286#name	https://www.wikidata.org/wiki/Q85869286	assistant inspection of pair-bound reading evidence and stored semantic facts; targeted pages for identified problems	Recorded reading/surface pair and category supported by cited facts after rule corrections; not a claim of independent expert review	"{""entities"":[{""id"":""Q85869286"",""names"":[""にんじゃえもん""],""types"":[""Q386208""],""parents"":[],""readings"":[],""title"":""にんじゃえもん"",""nameKinds"":{""にんじゃえもん"":[""label:ja"",""title:jawiki""]},""readingNames"":[""にんじゃえもん""],""primaryReadings"":[]}],""lexical"":[]}"
character	せとちゃん	せとちゃん	1851	1851	common	orthographic-kana;https://www.wikidata.org/wiki/Q11270094#name	https://www.wikidata.org/wiki/Q11270094	assistant inspection of pair-bound reading evidence and stored semantic facts; targeted pages for identified problems	Recorded reading/surface pair and category supported by cited facts after rule corrections; not a claim of independent expert review	"{""entities"":[{""id"":""Q11270094"",""names"":[""せとちゃん""],""types"":[""Q386208""],""parents"":[],""readings"":[],""title"":""せとちゃん"",""nameKinds"":{""せとちゃん"":[""label:ja"",""title:jawiki""]},""readingNames"":[""せとちゃん""],""primaryReadings"":[]}],""lexical"":[]}"
character	ひょいざぶろー	ひょいざぶろー	1851	1851	neologd	orthographic-kana;https://www.wikidata.org/wiki/Q112183749#name	https://www.wikidata.org/wiki/Q112183749	assistant inspection of pair-bound reading evidence and stored semantic facts; targeted pages for identified problems	Recorded reading/surface pair and category supported by cited facts after rule corrections; not a claim of independent expert review	"{""entities"":[{""id"":""Q112183749"",""names"":[""Hyoizaburoo"",""ひょいざぶろー"",""Hyoizaburo"",""Hyoizaburō"",""Hyoizaburou""],""types"":[""Q15632617"",""Q3658341"",""Q80447738""],""parents"":[],""readings"":[],""nameKinds"":{""Hyoizaburoo"":[""label:en""],""ひょいざぶろー"":[""label:ja""],""Hyoizaburo"":[""alias:en""],""Hyoizaburō"":[""alias:en""],""Hyoizaburou"":[""alias:en""]},""readingNames"":[""ひょいざぶろー""],""primaryReadings"":[]}],""lexical"":[]}"
character	てーれまこす	テーレマコス	1851	1851	common	orthographic-kana;https://www.wikidata.org/wiki/Q192482#name	https://www.wikidata.org/wiki/Q192482	assistant inspection of pair-bound reading evidence and stored semantic facts; targeted pages for identified problems	Recorded reading/surface pair and category supported by cited facts after rule corrections; not a claim of independent expert review	"{""entities"":[{""id"":""Q192482"",""names"":[""テーレマコス"",""Telemachus"",""テレマコス""],""types"":[""Q22988604""],""parents"":[],""readings"":[],""title"":""テーレマコス"",""nameKinds"":{""テーレマコス"":[""label:ja"",""title:jawiki""],""Telemachus"":[""label:en""],""テレマコス"":[""alias:ja""]},""readingNames"":[""テーレマコス""],""primaryReadings"":[]}],""lexical"":[]}"
character	むらーすら	ムラースラ	1851	1851	common	orthographic-kana;https://www.wikidata.org/wiki/Q24886065#name	https://www.wikidata.org/wiki/Q24886065	assistant inspection of pair-bound reading evidence and stored semantic facts; targeted pages for identified problems	Recorded reading/surface pair and category supported by cited facts after rule corrections; not a claim of independent expert review	"{""entities"":[{""id"":""Q24886065"",""names"":[""ムラースラ"",""Mura""],""types"":[""Q624083""],""parents"":[],""readings"":[],""title"":""ムラースラ"",""nameKinds"":{""ムラースラ"":[""label:ja"",""title:jawiki""],""Mura"":[""label:en""]},""readingNames"":[""ムラースラ""],""primaryReadings"":[]}],""lexical"":[]}"
character	へるみおねー	ヘルミオネー	1851	1851	common	orthographic-kana;https://www.wikidata.org/wiki/Q658523#name	https://www.wikidata.org/wiki/Q658523	assistant inspection of pair-bound reading evidence and stored semantic facts; targeted pages for identified problems	Recorded reading/surface pair and category supported by cited facts after rule corrections; not a claim of independent expert review	"{""entities"":[{""id"":""Q658523"",""names"":[""ヘルミオネー"",""Hermione"",""ヘルミオネ""],""types"":[""Q22988604""],""parents"":[],""readings"":[],""title"":""ヘルミオネー"",""nameKinds"":{""ヘルミオネー"":[""label:ja"",""title:jawiki""],""Hermione"":[""label:en""],""ヘルミオネ"":[""alias:ja""]},""readingNames"":[""ヘルミオネー""],""primaryReadings"":[]}],""lexical"":[]}"
character	まうぉるす	マウォルス	1851	1851	wiki	orthographic-kana;https://www.wikidata.org/wiki/Q3853003#name	https://www.wikidata.org/wiki/Q3853003	assistant inspection of pair-bound reading evidence and stored semantic facts; targeted pages for identified problems	Recorded reading/surface pair and category supported by cited facts after rule corrections; not a claim of independent expert review	"{""entities"":[{""id"":""Q3853003"",""names"":[""Mavors"",""マウォルス""],""types"":[""Q178885"",""Q126408714""],""parents"":[],""readings"":[],""title"":""マウォルス"",""nameKinds"":{""Mavors"":[""label:en""],""マウォルス"":[""label:ja"",""title:jawiki""]},""readingNames"":[""マウォルス""],""primaryReadings"":[]}],""lexical"":[]}"
character	こどもりんく	こどもリンク	1851	1851	common	orthographic-kana;https://www.wikidata.org/wiki/Q21027734#name	https://www.wikidata.org/wiki/Q21027734	assistant inspection of pair-bound reading evidence and stored semantic facts; targeted pages for identified problems	Recorded reading/surface pair and category supported by cited facts after rule corrections; not a claim of independent expert review	"{""entities"":[{""id"":""Q21027734"",""names"":[""こどもリンク"",""Young Link"",""子供リンク""],""types"":[""Q1569167""],""parents"":[],""readings"":[],""nameKinds"":{""こどもリンク"":[""label:ja""],""Young Link"":[""label:en""],""子供リンク"":[""alias:ja""]},""readingNames"":[""こどもリンク""],""primaryReadings"":[]}],""lexical"":[]}"
character	がんばくん	がんばくん	1851	1851	wiki	orthographic-kana;https://www.wikidata.org/wiki/Q124884446#name	https://www.wikidata.org/wiki/Q124884446	assistant inspection of pair-bound reading evidence and stored semantic facts; targeted pages for identified problems	Recorded reading/surface pair and category supported by cited facts after rule corrections; not a claim of independent expert review	"{""entities"":[{""id"":""Q124884446"",""names"":[""キャラクター"",""がんばくん""],""types"":[""Q386208""],""parents"":[],""readings"":[],""title"":""がんばくん"",""nameKinds"":{""キャラクター"":[""label:ja""],""がんばくん"":[""alias:ja"",""title:jawiki""]},""readingNames"":[""キャラクター""],""primaryReadings"":[]}],""lexical"":[]}"
character	ゆっちゅ	ゆっちゅ	1851	1851	common	orthographic-kana;https://www.wikidata.org/wiki/Q11280817#name	https://www.wikidata.org/wiki/Q11280817	assistant inspection of pair-bound reading evidence and stored semantic facts; targeted pages for identified problems	Recorded reading/surface pair and category supported by cited facts after rule corrections; not a claim of independent expert review	"{""entities"":[{""id"":""Q11280817"",""names"":[""ゆっちゅ""],""types"":[""Q386208""],""parents"":[],""readings"":[],""title"":""ゆっちゅ"",""nameKinds"":{""ゆっちゅ"":[""label:ja"",""title:jawiki""]},""readingNames"":[""ゆっちゅ""],""primaryReadings"":[]}],""lexical"":[]}"
character	えりおす	エリオス	1851	1851	neologd	orthographic-kana;https://www.wikidata.org/wiki/Q3723110#name	https://www.wikidata.org/wiki/Q3723110	assistant inspection of pair-bound reading evidence and stored semantic facts; targeted pages for identified problems	Recorded reading/surface pair and category supported by cited facts after rule corrections; not a claim of independent expert review	"{""entities"":[{""id"":""Q3723110"",""names"":[""Helios"",""エリオス"",""Pegasus""],""types"":[""Q2962925"",""Q80447738"",""Q87576284"",""Q28020127""],""parents"":[],""readings"":[],""nameKinds"":{""Helios"":[""label:en""],""エリオス"":[""label:ja""],""Pegasus"":[""alias:en""]},""readingNames"":[""エリオス""],""primaryReadings"":[]}],""lexical"":[]}"
character	あめみっと	アメミット	1851	1851	common	orthographic-kana;https://www.wikidata.org/wiki/Q131483#name	https://www.wikidata.org/wiki/Q131483	assistant inspection of pair-bound reading evidence and stored semantic facts; targeted pages for identified problems	Recorded reading/surface pair and category supported by cited facts after rule corrections; not a claim of independent expert review	"{""entities"":[{""id"":""Q131483"",""names"":[""アメミット"",""Ammit"",""アミト"",""アムミト"",""アムムト"",""アミマッド"",""アーマーン""],""types"":[""Q146083"",""Q2803758""],""parents"":[],""readings"":[],""title"":""アメミット"",""nameKinds"":{""アメミット"":[""label:ja"",""title:jawiki""],""Ammit"":[""label:en""],""アミト"":[""alias:ja""],""アムミト"":[""alias:ja""],""アムムト"":[""alias:ja""],""アミマッド"":[""alias:ja""],""アーマーン"":[""alias:ja""]},""readingNames"":[""アメミット""],""primaryReadings"":[]}],""lexical"":[]}"
character	えーまてぃおーん	エーマティオーン	1851	1851	common	orthographic-kana;https://www.wikidata.org/wiki/Q17138459#name	https://www.wikidata.org/wiki/Q17138459	assistant inspection of pair-bound reading evidence and stored semantic facts; targeted pages for identified problems	Recorded reading/surface pair and category supported by cited facts after rule corrections; not a claim of independent expert review	"{""entities"":[{""id"":""Q17138459"",""names"":[""Emathion"",""エーマティオーン""],""types"":[""Q22988604""],""parents"":[],""readings"":[],""title"":""エーマティオーン"",""nameKinds"":{""Emathion"":[""label:en""],""エーマティオーン"":[""label:ja"",""title:jawiki""]},""readingNames"":[""エーマティオーン""],""primaryReadings"":[]}],""lexical"":[]}"
character	すまいるまん	スマイルマン	1851	1851	neologd	orthographic-kana;https://www.wikidata.org/wiki/Q63443683#name	https://www.wikidata.org/wiki/Q63443683	assistant inspection of pair-bound reading evidence and stored semantic facts; targeted pages for identified problems	Recorded reading/surface pair and category supported by cited facts after rule corrections; not a claim of independent expert review	"{""entities"":[{""id"":""Q63443683"",""names"":[""Smile Man"",""スマイルマン""],""types"":[""Q87576284"",""Q80447738""],""parents"":[],""readings"":[],""nameKinds"":{""Smile Man"":[""label:en""],""スマイルマン"":[""label:ja""]},""readingNames"":[""スマイルマン""],""primaryReadings"":[]}],""lexical"":[]}"
character	ふぃんうぇ	フィンウェ	1851	1851	common	orthographic-kana;https://www.wikidata.org/wiki/Q1154861#name	https://www.wikidata.org/wiki/Q1154861	assistant inspection of pair-bound reading evidence and stored semantic facts; targeted pages for identified problems	Recorded reading/surface pair and category supported by cited facts after rule corrections; not a claim of independent expert review	"{""entities"":[{""id"":""Q1154861"",""names"":[""Finwë"",""フィンウェ""],""types"":[""Q203904""],""parents"":[],""readings"":[],""title"":""フィンウェ"",""nameKinds"":{""Finwë"":[""label:en""],""フィンウェ"":[""label:ja"",""title:jawiki""]},""readingNames"":[""フィンウェ""],""primaryReadings"":[]}],""lexical"":[]}"
character	なふしゃ	ナフシャ	1851	1851	common	orthographic-kana;https://www.wikidata.org/wiki/Q2633157#name	https://www.wikidata.org/wiki/Q2633157	assistant inspection of pair-bound reading evidence and stored semantic facts; targeted pages for identified problems	Recorded reading/surface pair and category supported by cited facts after rule corrections; not a claim of independent expert review	"{""entities"":[{""id"":""Q2633157"",""names"":[""ナフシャ"",""Nahuṣa""],""types"":[""Q19896979""],""parents"":[],""readings"":[],""title"":""ナフシャ"",""nameKinds"":{""ナフシャ"":[""label:ja"",""title:jawiki""],""Nahuṣa"":[""label:en""]},""readingNames"":[""ナフシャ""],""primaryReadings"":[]}],""lexical"":[]}"
character	かものはしのいこちゃん	カモノハシのイコちゃん	1851	1851	common	orthographic-kana;https://www.wikidata.org/wiki/Q11294853#name	https://www.wikidata.org/wiki/Q11294853	assistant inspection of pair-bound reading evidence and stored semantic facts; targeted pages for identified problems	Recorded reading/surface pair and category supported by cited facts after rule corrections; not a claim of independent expert review	"{""entities"":[{""id"":""Q11294853"",""names"":[""カモノハシのイコちゃん"",""Ico"",""イコカモノハシ"",""カモノハシのイコ太"",""カモノハシのイコ美"",""イコちゃん"",""Ico-chan""],""types"":[""Q386208"",""Q19844542""],""parents"":[],""readings"":[],""title"":""カモノハシのイコちゃん"",""nameKinds"":{""カモノハシのイコちゃん"":[""label:ja"",""title:jawiki""],""Ico"":[""label:en""],""イコカモノハシ"":[""alias:ja""],""カモノハシのイコ太"":[""alias:ja""],""カモノハシのイコ美"":[""alias:ja""],""イコちゃん"":[""alias:ja""],""Ico-chan"":[""alias:en""]},""readingNames"":[""カモノハシのイコちゃん""],""primaryReadings"":[]}],""lexical"":[]}"
character	ろあっそくん	ロアッソくん	1851	1851	common	orthographic-kana;https://www.wikidata.org/wiki/Q11350097#name	https://www.wikidata.org/wiki/Q11350097	assistant inspection of pair-bound reading evidence and stored semantic facts; targeted pages for identified problems	Recorded reading/surface pair and category supported by cited facts after rule corrections; not a claim of independent expert review	"{""entities"":[{""id"":""Q11350097"",""names"":[""ロアッソくん"",""Roassokun""],""types"":[""Q18670161"",""Q386208""],""parents"":[],""readings"":[],""title"":""ロアッソくん"",""nameKinds"":{""ロアッソくん"":[""label:ja"",""title:jawiki""],""Roassokun"":[""label:en""]},""readingNames"":[""ロアッソくん""],""primaryReadings"":[]}],""lexical"":[]}"
character	ゆめらいおん	ゆめらいおん	1851	1851	common	orthographic-kana;https://www.wikidata.org/wiki/Q11280893#name	https://www.wikidata.org/wiki/Q11280893	assistant inspection of pair-bound reading evidence and stored semantic facts; targeted pages for identified problems	Recorded reading/surface pair and category supported by cited facts after rule corrections; not a claim of independent expert review	"{""entities"":[{""id"":""Q11280893"",""names"":[""ゆめらいおん"",""Yume Lion""],""types"":[""Q386208""],""parents"":[],""readings"":[],""title"":""ゆめらいおん"",""nameKinds"":{""ゆめらいおん"":[""label:ja"",""title:jawiki""],""Yume Lion"":[""label:en""]},""readingNames"":[""ゆめらいおん""],""primaryReadings"":[]}],""lexical"":[]}"
character	あんていあ	アンテイア	1851	1851	common	orthographic-kana;https://www.wikidata.org/wiki/Q3312821#name	https://www.wikidata.org/wiki/Q3312821	assistant inspection of pair-bound reading evidence and stored semantic facts; targeted pages for identified problems	Recorded reading/surface pair and category supported by cited facts after rule corrections; not a claim of independent expert review	"{""entities"":[{""id"":""Q3312821"",""names"":[""Antheia"",""アンテイア""],""types"":[""Q22989102""],""parents"":[],""readings"":[],""title"":""アンテイア"",""nameKinds"":{""Antheia"":[""label:en""],""アンテイア"":[""label:ja"",""title:jawiki""]},""readingNames"":[""アンテイア""],""primaryReadings"":[]}],""lexical"":[]}"
character	えんむちゃん	えんむちゃん	1851	1851	common	orthographic-kana;https://www.wikidata.org/wiki/Q17220629#name	https://www.wikidata.org/wiki/Q17220629	assistant inspection of pair-bound reading evidence and stored semantic facts; targeted pages for identified problems	Recorded reading/surface pair and category supported by cited facts after rule corrections; not a claim of independent expert review	"{""entities"":[{""id"":""Q17220629"",""names"":[""えんむちゃん""],""types"":[""Q386208""],""parents"":[],""readings"":[],""title"":""えんむちゃん"",""nameKinds"":{""えんむちゃん"":[""label:ja"",""title:jawiki""]},""readingNames"":[""えんむちゃん""],""primaryReadings"":[]}],""lexical"":[]}"
character	やんまもん	ヤンマモン	1851	1851	wiki	orthographic-kana;https://www.wikidata.org/wiki/Q130334915#name	https://www.wikidata.org/wiki/Q130334915	assistant inspection of pair-bound reading evidence and stored semantic facts; targeted pages for identified problems	Recorded reading/surface pair and category supported by cited facts after rule corrections; not a claim of independent expert review	"{""entities"":[{""id"":""Q130334915"",""names"":[""Yanmamon"",""ヤンマモン""],""types"":[""Q136402415"",""Q136402414""],""parents"":[""Q1569167""],""readings"":[],""nameKinds"":{""Yanmamon"":[""label:en""],""ヤンマモン"":[""label:ja""]},""readingNames"":[""ヤンマモン""],""primaryReadings"":[]}],""lexical"":[]}"
character	えれんうぇ	エレンウェ	1851	1851	common	orthographic-kana;https://www.wikidata.org/wiki/Q2369345#name	https://www.wikidata.org/wiki/Q2369345	assistant inspection of pair-bound reading evidence and stored semantic facts; targeted pages for identified problems	Recorded reading/surface pair and category supported by cited facts after rule corrections; not a claim of independent expert review	"{""entities"":[{""id"":""Q2369345"",""names"":[""エレンウェ"",""Elenwë""],""types"":[""Q203904""],""parents"":[],""readings"":[],""title"":""エレンウェ"",""nameKinds"":{""エレンウェ"":[""label:ja"",""title:jawiki""],""Elenwë"":[""label:en""]},""readingNames"":[""エレンウェ""],""primaryReadings"":[]}],""lexical"":[]}"
character	ほえほえくまー	ほえほえくまー	1851	1851	neologd	orthographic-kana;https://www.wikidata.org/wiki/Q16926555#name	https://www.wikidata.org/wiki/Q16926555	assistant inspection of pair-bound reading evidence and stored semantic facts; targeted pages for identified problems	Recorded reading/surface pair and category supported by cited facts after rule corrections; not a claim of independent expert review	"{""entities"":[{""id"":""Q16926555"",""names"":[""ほえほえくまー"",""Hoe Hoe Kuma""],""types"":[""Q386208""],""parents"":[],""readings"":[],""nameKinds"":{""ほえほえくまー"":[""label:ja""],""Hoe Hoe Kuma"":[""alias:ja""]},""readingNames"":[""ほえほえくまー""],""primaryReadings"":[]}],""lexical"":[]}"
character	えりゅくす	エリュクス	1851	1851	common	orthographic-kana;https://www.wikidata.org/wiki/Q430157#name	https://www.wikidata.org/wiki/Q430157	assistant inspection of pair-bound reading evidence and stored semantic facts; targeted pages for identified problems	Recorded reading/surface pair and category supported by cited facts after rule corrections; not a claim of independent expert review	"{""entities"":[{""id"":""Q430157"",""names"":[""Eryx"",""エリュクス""],""types"":[""Q6949213"",""Q11338576""],""parents"":[],""readings"":[],""title"":""エリュクス"",""nameKinds"":{""Eryx"":[""label:en""],""エリュクス"":[""label:ja"",""title:jawiki""]},""readingNames"":[""エリュクス""],""primaryReadings"":[]}],""lexical"":[]}"
character	じんせいおわた	人生オワタ	1851	1851	common	https://www.edrdg.org/jmdict/edict_doc.html#entry-2837126-sense-1	https://www.wikidata.org/wiki/Q11376119	assistant inspection of pair-bound reading evidence and stored semantic facts; targeted pages for identified problems	Recorded reading/surface pair and category supported by cited facts after rule corrections; not a claim of independent expert review	"{""entities"":[{""id"":""Q11376119"",""names"":[""人生オワタ"",""My life is over"",""オワタ"",""ブーム君"",""＼(^o^)／"",""日本オワタ"",""\\(^o^)/""],""types"":[""Q15632617"",""Q193097"",""Q31963""],""parents"":[],""readings"":[],""title"":""人生オワタ"",""nameKinds"":{""人生オワタ"":[""label:ja"",""title:jawiki""],""My life is over"":[""label:en""],""オワタ"":[""alias:ja""],""ブーム君"":[""alias:ja""],""＼(^o^)／"":[""alias:ja"",""alias:en""],""日本オワタ"":[""alias:ja""],""\\(^o^)/"":[""alias:en""]},""readingNames"":[""人生オワタ""],""primaryReadings"":[]}],""lexical"":[{""reading"":""じんせいおわた"",""surface"":""人生オワタ"",""categories"":[],""evidence"":""https://www.edrdg.org/jmdict/edict_doc.html#entry-2837126-sense-1"",""entryId"":""2837126"",""pos"":[""exp""],""version"":""76a91691b63094bf2aedca93cb889c7396945fe961e478f13081d839c9684e0c"",""source"":""JMdict"",""misc"":[""net-sl""],""glosses"":[""(my) life is over""]}]}"
character	たみえる	タミエル	1851	1851	common	orthographic-kana;https://www.wikidata.org/wiki/Q6144181#name	https://www.wikidata.org/wiki/Q6144181	assistant inspection of pair-bound reading evidence and stored semantic facts; targeted pages for identified problems	Recorded reading/surface pair and category supported by cited facts after rule corrections; not a claim of independent expert review	"{""entities"":[{""id"":""Q6144181"",""names"":[""タミエル"",""Tamiel""],""types"":[""Q10822464"",""Q581450""],""parents"":[],""readings"":[],""title"":""タミエル"",""nameKinds"":{""タミエル"":[""label:ja"",""title:jawiki""],""Tamiel"":[""label:en""]},""readingNames"":[""タミエル""],""primaryReadings"":[]}],""lexical"":[]}"
character	ふぁるふる	ファルフル	1851	1851	common	orthographic-kana;https://www.wikidata.org/wiki/Q3066846#name	https://www.wikidata.org/wiki/Q3066846	assistant inspection of pair-bound reading evidence and stored semantic facts; targeted pages for identified problems	Recorded reading/surface pair and category supported by cited facts after rule corrections; not a claim of independent expert review	"{""entities"":[{""id"":""Q3066846"",""names"":[""ファルフル"",""Farfour""],""types"":[""Q95074""],""parents"":[],""readings"":[],""title"":""ファルフル"",""nameKinds"":{""ファルフル"":[""label:ja"",""title:jawiki""],""Farfour"":[""label:en""]},""readingNames"":[""ファルフル""],""primaryReadings"":[]}],""lexical"":[]}"
character	ちまるまん	チマルマン	1851	1851	common	orthographic-kana;https://www.wikidata.org/wiki/Q1621750#name	https://www.wikidata.org/wiki/Q1621750	assistant inspection of pair-bound reading evidence and stored semantic facts; targeted pages for identified problems	Recorded reading/surface pair and category supported by cited facts after rule corrections; not a claim of independent expert review	"{""entities"":[{""id"":""Q1621750"",""names"":[""Chimalma"",""チマルマン"",""Chimalman"",""Chimalmatl""],""types"":[""Q32066628"",""Q205985""],""parents"":[],""readings"":[],""title"":""チマルマン"",""nameKinds"":{""Chimalma"":[""label:en""],""チマルマン"":[""label:ja"",""title:jawiki""],""Chimalman"":[""alias:en""],""Chimalmatl"":[""alias:en""]},""readingNames"":[""チマルマン""],""primaryReadings"":[]}],""lexical"":[]}"
character	かりらおす	カリラオス	1851	1851	common	orthographic-kana;https://www.wikidata.org/wiki/Q176022#name	https://www.wikidata.org/wiki/Q176022	assistant inspection of pair-bound reading evidence and stored semantic facts; targeted pages for identified problems	Recorded reading/surface pair and category supported by cited facts after rule corrections; not a claim of independent expert review	"{""entities"":[{""id"":""Q176022"",""names"":[""Charilaus"",""カリラオス"",""Charillus"",""Charillos""],""types"":[""Q22988604""],""parents"":[],""readings"":[],""title"":""カリラオス"",""nameKinds"":{""Charilaus"":[""label:en""],""カリラオス"":[""label:ja"",""title:jawiki""],""Charillus"":[""alias:en""],""Charillos"":[""alias:en""]},""readingNames"":[""カリラオス""],""primaryReadings"":[]}],""lexical"":[]}"
character	せきゅりーな	セキュリーナ	1851	1851	common	orthographic-kana;https://www.wikidata.org/wiki/Q11314248#name	https://www.wikidata.org/wiki/Q11314248	assistant inspection of pair-bound reading evidence and stored semantic facts; targeted pages for identified problems	Recorded reading/surface pair and category supported by cited facts after rule corrections; not a claim of independent expert review	"{""entities"":[{""id"":""Q11314248"",""names"":[""セキュリーナ""],""types"":[""Q386208""],""parents"":[],""readings"":[],""title"":""セキュリーナ"",""nameKinds"":{""セキュリーナ"":[""label:ja"",""title:jawiki""]},""readingNames"":[""セキュリーナ""],""primaryReadings"":[]}],""lexical"":[]}"
character	てねーす	テネース	1851	1851	wiki	orthographic-kana;https://www.wikidata.org/wiki/Q426788#name	https://www.wikidata.org/wiki/Q426788	assistant inspection of pair-bound reading evidence and stored semantic facts; targeted pages for identified problems	Recorded reading/surface pair and category supported by cited facts after rule corrections; not a claim of independent expert review	"{""entities"":[{""id"":""Q426788"",""names"":[""Tenes"",""テネース"",""Tennes""],""types"":[""Q22988604""],""parents"":[],""readings"":[],""title"":""テネース"",""nameKinds"":{""Tenes"":[""label:en""],""テネース"":[""label:ja"",""title:jawiki""],""Tennes"":[""alias:en""]},""readingNames"":[""テネース""],""primaryReadings"":[]}],""lexical"":[]}"
character	らいかくん	ライカくん	1851	1851	common	orthographic-kana;https://www.wikidata.org/wiki/Q11346336#name	https://www.wikidata.org/wiki/Q11346336	assistant inspection of pair-bound reading evidence and stored semantic facts; targeted pages for identified problems	Recorded reading/surface pair and category supported by cited facts after rule corrections; not a claim of independent expert review	"{""entities"":[{""id"":""Q11346336"",""names"":[""ライカくん""],""types"":[""Q18670161""],""parents"":[],""readings"":[],""title"":""ライカくん"",""nameKinds"":{""ライカくん"":[""label:ja"",""title:jawiki""]},""readingNames"":[""ライカくん""],""primaryReadings"":[]}],""lexical"":[]}"
character	らっぱ	乱破	1851	1851	neologd	https://www.edrdg.org/jmdict/edict_doc.html#entry-2826725-sense-1	https://www.wikidata.org/wiki/Q136526541#P31;reading:independent-pair;categories:character;lexical-and-confirmed-referents;https://www.edrdg.org/jmdict/edict_doc.html#entry-2826725-sense-1	assistant inspection of pair-bound reading evidence and stored semantic facts; targeted pages for identified problems	Recorded reading/surface pair and category supported by cited facts after rule corrections; not a claim of independent expert review	"{""entities"":[{""id"":""Q136526541"",""names"":[""Rappa"",""乱破""],""types"":[""Q1569167"",""Q15632617""],""parents"":[],""readings"":[],""nameKinds"":{""Rappa"":[""label:en""],""乱破"":[""label:ja""]},""readingNames"":[""乱破""],""primaryReadings"":[]}],""lexical"":[{""reading"":""らっぱ"",""surface"":""乱破"",""categories"":[""general""],""evidence"":""https://www.edrdg.org/jmdict/edict_doc.html#entry-2826725-sense-1"",""entryId"":""2826725"",""pos"":[""n""],""version"":""76a91691b63094bf2aedca93cb889c7396945fe961e478f13081d839c9684e0c"",""source"":""JMdict"",""glosses"":[""thug"",""hooligan"",""ruffian"",""villain"",""scoundrel""]}]}"
character	せーらーすたーふぁいたー	セーラースターファイター	1851	1851	neologd	orthographic-kana;https://www.wikidata.org/wiki/Q129175582#name	https://www.wikidata.org/wiki/Q129175582	assistant inspection of pair-bound reading evidence and stored semantic facts; targeted pages for identified problems	Recorded reading/surface pair and category supported by cited facts after rule corrections; not a claim of independent expert review	"{""entities"":[{""id"":""Q129175582"",""names"":[""Sailor Star Fighter"",""セーラースターファイター"",""Kou Seiya"",""Seiya Kou"",""星野光""],""types"":[""Q15632617"",""Q87576284"",""Q80447738""],""parents"":[],""readings"":[],""nameKinds"":{""Sailor Star Fighter"":[""label:en""],""セーラースターファイター"":[""label:ja""],""Kou Seiya"":[""alias:en""],""Seiya Kou"":[""alias:en""],""星野光"":[""alias:ja""]},""readingNames"":[""セーラースターファイター""],""primaryReadings"":[]}],""lexical"":[]}"
character	かりふら	カリフラ	1851	1851	neologd	orthographic-kana;https://www.wikidata.org/wiki/Q43175921#name	https://www.wikidata.org/wiki/Q43175921	assistant inspection of pair-bound reading evidence and stored semantic facts; targeted pages for identified problems	Recorded reading/surface pair and category supported by cited facts after rule corrections; not a claim of independent expert review	"{""entities"":[{""id"":""Q43175921"",""names"":[""Caulifla"",""カリフラ"",""Karifura""],""types"":[""Q87576284"",""Q80447738""],""parents"":[],""readings"":[],""nameKinds"":{""Caulifla"":[""label:en""],""カリフラ"":[""label:ja""],""Karifura"":[""alias:en""]},""readingNames"":[""カリフラ""],""primaryReadings"":[]}],""lexical"":[]}"
character	りゅうちゃん	りゅうちゃん	1851	1851	common	orthographic-kana;https://www.wikidata.org/wiki/Q11281470#name	https://www.wikidata.org/wiki/Q11281470	assistant inspection of pair-bound reading evidence and stored semantic facts; targeted pages for identified problems	Recorded reading/surface pair and category supported by cited facts after rule corrections; not a claim of independent expert review	"{""entities"":[{""id"":""Q11281470"",""names"":[""りゅうちゃん""],""types"":[""Q386208""],""parents"":[],""readings"":[],""title"":""りゅうちゃん"",""nameKinds"":{""りゅうちゃん"":[""label:ja"",""title:jawiki""]},""readingNames"":[""りゅうちゃん""],""primaryReadings"":[]}],""lexical"":[]}"
character	ねんとうぶつ	燃燈仏	1851	1851	common	https://www.edrdg.org/jmdict/edict_doc.html#entry-2583450-sense-1	https://www.wikidata.org/wiki/Q1227131	assistant inspection of pair-bound reading evidence and stored semantic facts; targeted pages for identified problems	Recorded reading/surface pair and category supported by cited facts after rule corrections; not a claim of independent expert review	"{""entities"":[{""id"":""Q1227131"",""names"":[""Dīpankara Buddha"",""燃燈仏"",""ディーパンカラ"",""定光仏"",""錠光仏"",""Dīpaṃkara tathāgata"",""Dīpaṃkara"",""Dipamkara"",""Dipamkara tathagata""],""types"":[""Q7055"",""Q3658341""],""parents"":[],""readings"":[],""title"":""燃燈仏"",""nameKinds"":{""Dīpankara Buddha"":[""label:en""],""燃燈仏"":[""label:ja"",""title:jawiki""],""ディーパンカラ"":[""alias:ja""],""定光仏"":[""alias:ja""],""錠光仏"":[""alias:ja""],""Dīpaṃkara tathāgata"":[""alias:en""],""Dīpaṃkara"":[""alias:en""],""Dipamkara"":[""alias:en""],""Dipamkara tathagata"":[""alias:en""]},""readingNames"":[""燃燈仏""],""primaryReadings"":[]}],""lexical"":[{""reading"":""ねんとうぶつ"",""surface"":""燃燈仏"",""categories"":[],""evidence"":""https://www.edrdg.org/jmdict/edict_doc.html#entry-2583450-sense-1"",""entryId"":""2583450"",""fields"":[""Buddh""],""pos"":[""n""],""version"":""76a91691b63094bf2aedca93cb889c7396945fe961e478f13081d839c9684e0c"",""source"":""JMdict"",""glosses"":[""Dīpankara Buddha"",""Dipankara (the lamp bearer)""]}]}"
character	えれくてうす	エレクテウス	1851	1851	common	orthographic-kana;https://www.wikidata.org/wiki/Q301219#name	https://www.wikidata.org/wiki/Q301219	assistant inspection of pair-bound reading evidence and stored semantic facts; targeted pages for identified problems	Recorded reading/surface pair and category supported by cited facts after rule corrections; not a claim of independent expert review	"{""entities"":[{""id"":""Q301219"",""names"":[""Erechtheus"",""エレクテウス"",""Erechtheus II""],""types"":[""Q22988604""],""parents"":[],""readings"":[],""title"":""エレクテウス"",""nameKinds"":{""Erechtheus"":[""label:en""],""エレクテウス"":[""label:ja"",""title:jawiki""],""Erechtheus II"":[""alias:en""]},""readingNames"":[""エレクテウス""],""primaryReadings"":[]}],""lexical"":[]}"
character	ねいみー	ネイミー	1851	1851	neologd	orthographic-kana;https://www.wikidata.org/wiki/Q134425549#name	https://www.wikidata.org/wiki/Q134425549	assistant inspection of pair-bound reading evidence and stored semantic facts; targeted pages for identified problems	Recorded reading/surface pair and category supported by cited facts after rule corrections; not a claim of independent expert review	"{""entities"":[{""id"":""Q134425549"",""names"":[""Neimi"",""ネイミー""],""types"":[""Q15632617"",""Q1569167""],""parents"":[],""readings"":[],""nameKinds"":{""Neimi"":[""label:en""],""ネイミー"":[""label:ja""]},""readingNames"":[""ネイミー""],""primaryReadings"":[]}],""lexical"":[]}"
character	とぅるかす	トゥルカス	1851	1851	common	orthographic-kana;https://www.wikidata.org/wiki/Q80297#name	https://www.wikidata.org/wiki/Q80297	assistant inspection of pair-bound reading evidence and stored semantic facts; targeted pages for identified problems	Recorded reading/surface pair and category supported by cited facts after rule corrections; not a claim of independent expert review	"{""entities"":[{""id"":""Q80297"",""names"":[""トゥルカス"",""Tulkas"",""Tulukastāz"",""Astaldo""],""types"":[""Q78493""],""parents"":[],""readings"":[],""nameKinds"":{""トゥルカス"":[""label:ja""],""Tulkas"":[""label:en""],""Tulukastāz"":[""alias:en""],""Astaldo"":[""alias:en""]},""readingNames"":[""トゥルカス""],""primaryReadings"":[]}],""lexical"":[]}"
character	さかいたち	サカイタチ	1851	1851	common	orthographic-kana;https://www.wikidata.org/wiki/Q30929955#name	https://www.wikidata.org/wiki/Q30929955	assistant inspection of pair-bound reading evidence and stored semantic facts; targeted pages for identified problems	Recorded reading/surface pair and category supported by cited facts after rule corrections; not a claim of independent expert review	"{""entities"":[{""id"":""Q30929955"",""names"":[""サカイタチ""],""types"":[""Q386208""],""parents"":[],""readings"":[],""title"":""サカイタチ"",""nameKinds"":{""サカイタチ"":[""label:ja"",""title:jawiki""]},""readingNames"":[""サカイタチ""],""primaryReadings"":[]}],""lexical"":[]}"
character	わいもくん	わいもくん	1851	1851	common	orthographic-kana;https://www.wikidata.org/wiki/Q11281632#name	https://www.wikidata.org/wiki/Q11281632	assistant inspection of pair-bound reading evidence and stored semantic facts; targeted pages for identified problems	Recorded reading/surface pair and category supported by cited facts after rule corrections; not a claim of independent expert review	"{""entities"":[{""id"":""Q11281632"",""names"":[""わいもくん""],""types"":[""Q386208""],""parents"":[],""readings"":[],""title"":""わいもくん"",""nameKinds"":{""わいもくん"":[""label:ja"",""title:jawiki""]},""readingNames"":[""わいもくん""],""primaryReadings"":[]}],""lexical"":[]}"
character	しゃるろー	シャルロー	1851	1851	neologd	orthographic-kana;https://www.wikidata.org/wiki/Q126763108#name	https://www.wikidata.org/wiki/Q126763108	assistant inspection of pair-bound reading evidence and stored semantic facts; targeted pages for identified problems	Recorded reading/surface pair and category supported by cited facts after rule corrections; not a claim of independent expert review	"{""entities"":[{""id"":""Q126763108"",""names"":[""Charlot"",""シャルロー"",""Sharlow""],""types"":[""Q15632617"",""Q1569167""],""parents"":[],""readings"":[],""nameKinds"":{""Charlot"":[""label:en""],""シャルロー"":[""label:ja""],""Sharlow"":[""alias:en""]},""readingNames"":[""シャルロー""],""primaryReadings"":[]}],""lexical"":[]}"
character	いおらーおす	イオラーオス	1851	1851	common	orthographic-kana;https://www.wikidata.org/wiki/Q504076#name	https://www.wikidata.org/wiki/Q504076	assistant inspection of pair-bound reading evidence and stored semantic facts; targeted pages for identified problems	Recorded reading/surface pair and category supported by cited facts after rule corrections; not a claim of independent expert review	"{""entities"":[{""id"":""Q504076"",""names"":[""イオラーオス"",""Iolaos"",""Iolaus"",""Sapphire""],""types"":[""Q22988604""],""parents"":[],""readings"":[],""title"":""イオラーオス"",""nameKinds"":{""イオラーオス"":[""label:ja"",""title:jawiki""],""Iolaos"":[""label:en""],""Iolaus"":[""alias:en""],""Sapphire"":[""alias:en""]},""readingNames"":[""イオラーオス""],""primaryReadings"":[]}],""lexical"":[]}"
character	くれいおー	クレイオー	1851	1851	common	orthographic-kana;https://www.wikidata.org/wiki/Q103968#name	https://www.wikidata.org/wiki/Q103968	assistant inspection of pair-bound reading evidence and stored semantic facts; targeted pages for identified problems	Recorded reading/surface pair and category supported by cited facts after rule corrections; not a claim of independent expert review	"{""entities"":[{""id"":""Q103968"",""names"":[""クレイオー"",""Clio"",""クリーオ"",""クリーオー"",""クレオー"",""クレイオ"",""クリオ""],""types"":[""Q22988604""],""parents"":[],""readings"":[],""title"":""クレイオー"",""nameKinds"":{""クレイオー"":[""label:ja"",""title:jawiki""],""Clio"":[""label:en""],""クリーオ"":[""alias:ja""],""クリーオー"":[""alias:ja""],""クレオー"":[""alias:ja""],""クレイオ"":[""alias:ja""],""クリオ"":[""alias:ja""]},""readingNames"":[""クレイオー""],""primaryReadings"":[]}],""lexical"":[]}"
character	むーすもん	ムースモン	1851	1851	common	orthographic-kana;https://www.wikidata.org/wiki/Q126282058#name	https://www.wikidata.org/wiki/Q126282058	assistant inspection of pair-bound reading evidence and stored semantic facts; targeted pages for identified problems	Recorded reading/surface pair and category supported by cited facts after rule corrections; not a claim of independent expert review	"{""entities"":[{""id"":""Q126282058"",""names"":[""Moosemon"",""ムースモン""],""types"":[""Q136403254""],""parents"":[""Q1569167"",""Q80447738""],""readings"":[],""nameKinds"":{""Moosemon"":[""label:en""],""ムースモン"":[""label:ja""]},""readingNames"":[""ムースモン""],""primaryReadings"":[]}],""lexical"":[]}"
event	すけーといすらえる	スケートイスラエル	1851	1851	common	orthographic-kana;https://www.wikidata.org/wiki/Q6136640#name	https://www.wikidata.org/wiki/Q6136640	assistant inspection of pair-bound reading evidence and stored semantic facts; targeted pages for identified problems	Recorded reading/surface pair and category supported by cited facts after rule corrections; not a claim of independent expert review	"{""entities"":[{""id"":""Q6136640"",""names"":[""スケートイスラエル"",""Skate Israel"",""スケート・イスラエル""],""types"":[""Q18608583""],""parents"":[""Q2990963""],""readings"":[],""title"":""スケートイスラエル"",""nameKinds"":{""スケートイスラエル"":[""label:ja"",""title:jawiki""],""Skate Israel"":[""label:en""],""スケート・イスラエル"":[""alias:ja""]},""readingNames"":[""スケートイスラエル""],""primaryReadings"":[]}],""lexical"":[]}"
event	さんたあにたおーくす	サンタアニタオークス	1851	1851	common	orthographic-kana;https://www.wikidata.org/wiki/Q7419195#name	https://www.wikidata.org/wiki/Q7419195	assistant inspection of pair-bound reading evidence and stored semantic facts; targeted pages for identified problems	Recorded reading/surface pair and category supported by cited facts after rule corrections; not a claim of independent expert review	"{""entities"":[{""id"":""Q7419195"",""names"":[""Santa Anita Oaks"",""サンタアニタオークス""],""types"":[""Q3001412""],""parents"":[],""readings"":[],""title"":""サンタアニタオークス"",""nameKinds"":{""Santa Anita Oaks"":[""label:en""],""サンタアニタオークス"":[""label:ja"",""title:jawiki""]},""readingNames"":[""サンタアニタオークス""],""primaryReadings"":[]}],""lexical"":[]}"
event	らーきー	ラーキー	1851	1851	common	orthographic-kana;https://www.wikidata.org/wiki/Q10266#name	https://www.wikidata.org/wiki/Q10266	assistant inspection of pair-bound reading evidence and stored semantic facts; targeted pages for identified problems	Recorded reading/surface pair and category supported by cited facts after rule corrections; not a claim of independent expert review	"{""entities"":[{""id"":""Q10266"",""names"":[""Raksha Bandhan"",""ラーキ"",""Rakhi"",""Rakhi Purnima"",""Rakshabandhan"",""Raksa Bandhan"",""ラーキー""],""types"":[""Q132241""],""parents"":[],""readings"":[],""title"":""ラーキー"",""nameKinds"":{""Raksha Bandhan"":[""label:en""],""ラーキ"":[""label:ja""],""Rakhi"":[""alias:en""],""Rakhi Purnima"":[""alias:en""],""Rakshabandhan"":[""alias:en""],""Raksa Bandhan"":[""alias:en""],""ラーキー"":[""alias:ja"",""title:jawiki""]},""readingNames"":[""ラーキ""],""primaryReadings"":[]}],""lexical"":[]}"
event	こくみんのきゅうじつ	国民の休日	1851	1851	common	https://www.edrdg.org/jmdict/edict_doc.html#entry-1287080-sense-1	https://www.wikidata.org/wiki/Q3198417#P31;reading:independent-pair;categories:event;lexical-and-confirmed-referents;https://www.edrdg.org/jmdict/edict_doc.html#entry-1287080-sense-1	assistant inspection of pair-bound reading evidence and stored semantic facts; targeted pages for identified problems	Recorded reading/surface pair and category supported by cited facts after rule corrections; not a claim of independent expert review	"{""entities"":[{""id"":""Q3198417"",""names"":[""国民の休日"",""Citizen's Holiday""],""types"":[""Q1197685""],""parents"":[],""readings"":[],""title"":""国民の休日"",""nameKinds"":{""国民の休日"":[""label:ja"",""title:jawiki""],""Citizen's Holiday"":[""label:en""]},""readingNames"":[""国民の休日""],""primaryReadings"":[]}],""lexical"":[{""reading"":""こくみんのきゅうじつ"",""surface"":""国民の休日"",""categories"":[""general""],""evidence"":""https://www.edrdg.org/jmdict/edict_doc.html#entry-1287080-sense-1"",""entryId"":""1287080"",""pos"":[""exp"",""n""],""version"":""76a91691b63094bf2aedca93cb889c7396945fe961e478f13081d839c9684e0c"",""source"":""JMdict"",""glosses"":[""citizen's holiday"",""by law, any weekday that falls between two other national holidays (e.g. September 22, falling between Respect the Elderly Day and the Autumn Equinox Holiday)""]}]}"
event	しゃてぃんとろふぃー	シャティントロフィー	1851	1851	wiki	orthographic-kana;https://www.wikidata.org/wiki/Q17038407#name	https://www.wikidata.org/wiki/Q17038407	assistant inspection of pair-bound reading evidence and stored semantic facts; targeted pages for identified problems	Recorded reading/surface pair and category supported by cited facts after rule corrections; not a claim of independent expert review	"{""entities"":[{""id"":""Q17038407"",""names"":[""Sha Tin Trophy"",""シャティントロフィー""],""types"":[""Q3001412"",""Q15275719"",""Q878123"",""Q16510064""],""parents"":[],""readings"":[],""title"":""シャティントロフィー"",""nameKinds"":{""Sha Tin Trophy"":[""label:en""],""シャティントロフィー"":[""label:ja"",""title:jawiki""]},""readingNames"":[""シャティントロフィー""],""primaryReadings"":[]}],""lexical"":[]}"
event	あなしるま	アナシルマ	1851	1851	wiki	orthographic-kana;https://www.wikidata.org/wiki/Q487265#name	https://www.wikidata.org/wiki/Q487265	assistant inspection of pair-bound reading evidence and stored semantic facts; targeted pages for identified problems	Recorded reading/surface pair and category supported by cited facts after rule corrections; not a claim of independent expert review	"{""entities"":[{""id"":""Q487265"",""names"":[""Anasyrma"",""アナシルマ"",""Anásyrma""],""types"":[""Q477298"",""Q620591"",""Q7075402""],""parents"":[],""readings"":[],""title"":""アナシルマ"",""nameKinds"":{""Anasyrma"":[""label:en""],""アナシルマ"":[""label:ja"",""title:jawiki""],""Anásyrma"":[""alias:en""]},""readingNames"":[""アナシルマ""],""primaryReadings"":[]}],""lexical"":[]}"
event	たーせんてなりーすてーくす	ターセンテナリーステークス	1851	1851	common	orthographic-kana;https://www.wikidata.org/wiki/Q7701672#name	https://www.wikidata.org/wiki/Q7701672	assistant inspection of pair-bound reading evidence and stored semantic facts; targeted pages for identified problems	Recorded reading/surface pair and category supported by cited facts after rule corrections; not a claim of independent expert review	"{""entities"":[{""id"":""Q7701672"",""names"":[""Tercentenary Stakes"",""ターセンテナリーステークス"",""ハンプトンコートステークス""],""types"":[""Q3001412""],""parents"":[],""readings"":[],""title"":""ハンプトンコートステークス"",""nameKinds"":{""Tercentenary Stakes"":[""label:en""],""ターセンテナリーステークス"":[""label:ja""],""ハンプトンコートステークス"":[""alias:ja"",""title:jawiki""]},""readingNames"":[""ターセンテナリーステークス""],""primaryReadings"":[]}],""lexical"":[]}"
event	えっちぇっれんつぁ	エッチェッレンツァ	1851	1851	common	orthographic-kana;https://www.wikidata.org/wiki/Q645148#name	https://www.wikidata.org/wiki/Q645148	assistant inspection of pair-bound reading evidence and stored semantic facts; targeted pages for identified problems	Recorded reading/surface pair and category supported by cited facts after rule corrections; not a claim of independent expert review	"{""entities"":[{""id"":""Q645148"",""names"":[""Eccellenza"",""エッチェッレンツァ""],""types"":[""Q1478437"",""Q15991303"",""Q18608583""],""parents"":[],""readings"":[],""title"":""エッチェッレンツァ"",""nameKinds"":{""Eccellenza"":[""label:en""],""エッチェッレンツァ"":[""label:ja"",""title:jawiki""]},""readingNames"":[""エッチェッレンツァ""],""primaryReadings"":[]}],""lexical"":[]}"
event	ねここん	ネココン	1851	1851	common	orthographic-kana;https://www.wikidata.org/wiki/Q11325352#name	https://www.wikidata.org/wiki/Q11325352	assistant inspection of pair-bound reading evidence and stored semantic facts; targeted pages for identified problems	Recorded reading/surface pair and category supported by cited facts after rule corrections; not a claim of independent expert review	"{""entities"":[{""id"":""Q11325352"",""names"":[""Nekocon"",""ネココン""],""types"":[""Q15275719""],""parents"":[],""readings"":[],""title"":""ネココン"",""nameKinds"":{""Nekocon"":[""label:en""],""ネココン"":[""label:ja"",""title:jawiki""]},""readingNames"":[""ネココン""],""primaryReadings"":[]}],""lexical"":[]}"
event	ろすあらみとすふゅーちゅりてぃ	ロスアラミトスフューチュリティ	1851	1851	common	orthographic-kana;https://www.wikidata.org/wiki/Q5882733#name	https://www.wikidata.org/wiki/Q5882733	assistant inspection of pair-bound reading evidence and stored semantic facts; targeted pages for identified problems	Recorded reading/surface pair and category supported by cited facts after rule corrections; not a claim of independent expert review	"{""entities"":[{""id"":""Q5882733"",""names"":[""Hollywood Futurity"",""ハリウッドフューチュリティ"",""キャッシュコールフューチュリティ"",""ロスアラミトスフューチュリティ""],""types"":[""Q3001412""],""parents"":[],""readings"":[],""title"":""ロスアラミトスフューチュリティ"",""nameKinds"":{""Hollywood Futurity"":[""label:en""],""ハリウッドフューチュリティ"":[""label:ja""],""キャッシュコールフューチュリティ"":[""alias:ja""],""ロスアラミトスフューチュリティ"":[""alias:ja"",""title:jawiki""]},""readingNames"":[""ハリウッドフューチュリティ""],""primaryReadings"":[]}],""lexical"":[]}"
event	へれにっく	ヘレニック	1851	1851	wiki	orthographic-kana;https://www.wikidata.org/wiki/Q2852931#name	https://www.wikidata.org/wiki/Q2852931	assistant inspection of pair-bound reading evidence and stored semantic facts; targeted pages for identified problems	Recorded reading/surface pair and category supported by cited facts after rule corrections; not a claim of independent expert review	"{""entities"":[{""id"":""Q2852931"",""names"":[""Hellenic Football League"",""ヘレニック"",""ヘレニックフットボールリーグ""],""types"":[""Q15991303""],""parents"":[],""readings"":[],""nameKinds"":{""Hellenic Football League"":[""label:en""],""ヘレニック"":[""label:ja""],""ヘレニックフットボールリーグ"":[""alias:ja""]},""readingNames"":[""ヘレニック""],""primaryReadings"":[]}],""lexical"":[]}"
event	たいらたなばたまつり	平七夕まつり	1851	1851	neologd	mozc-exact-reading-surface	https://www.wikidata.org/wiki/Q11481932	assistant inspection of pair-bound reading evidence and stored semantic facts; targeted pages for identified problems	Recorded reading/surface pair and category supported by cited facts after rule corrections; not a claim of independent expert review	"{""entities"":[{""id"":""Q11481932"",""names"":[""平七夕まつり"",""Taira Tanabata Matsuri"",""いわきおどり"",""平七夕祭り"",""いわき七夕まつり""],""types"":[""Q1046763""],""parents"":[],""readings"":[],""title"":""いわき七夕まつり"",""nameKinds"":{""平七夕まつり"":[""label:ja""],""Taira Tanabata Matsuri"":[""label:en""],""いわきおどり"":[""alias:ja""],""平七夕祭り"":[""alias:ja""],""いわき七夕まつり"":[""alias:ja"",""title:jawiki""]},""readingNames"":[""平七夕まつり""],""primaryReadings"":[]}],""lexical"":[]}"
event	まーちすてーくす	マーチステークス	1851	1851	common	orthographic-kana;https://www.wikidata.org/wiki/Q11341771#name	https://www.wikidata.org/wiki/Q11341771	assistant inspection of pair-bound reading evidence and stored semantic facts; targeted pages for identified problems	Recorded reading/surface pair and category supported by cited facts after rule corrections; not a claim of independent expert review	"{""entities"":[{""id"":""Q11341771"",""names"":[""マーチステークス"",""March Stakes (Japan)"",""マーチS""],""types"":[""Q3001412""],""parents"":[],""readings"":[],""title"":""マーチステークス"",""nameKinds"":{""マーチステークス"":[""label:ja"",""title:jawiki""],""March Stakes (Japan)"":[""label:en""],""マーチS"":[""alias:ja""]},""readingNames"":[""マーチステークス""],""primaryReadings"":[]}],""lexical"":[]}"
event	たかなくい	タカナクイ	1851	1851	common	orthographic-kana;https://www.wikidata.org/wiki/Q2389144#name	https://www.wikidata.org/wiki/Q2389144	assistant inspection of pair-bound reading evidence and stored semantic facts; targeted pages for identified problems	Recorded reading/surface pair and category supported by cited facts after rule corrections; not a claim of independent expert review	"{""entities"":[{""id"":""Q2389144"",""names"":[""Takanakuy"",""タカナクイ""],""types"":[""Q1445650"",""Q82821"",""Q1194317"",""Q1982569""],""parents"":[],""readings"":[],""title"":""タカナクイ"",""nameKinds"":{""Takanakuy"":[""label:en""],""タカナクイ"":[""label:ja"",""title:jawiki""]},""readingNames"":[""タカナクイ""],""primaryReadings"":[]}],""lexical"":[]}"
event	かわさきはろうぃん	カワサキハロウィン	1851	1851	common	orthographic-kana;https://www.wikidata.org/wiki/Q86733658#name	https://www.wikidata.org/wiki/Q86733658	assistant inspection of pair-bound reading evidence and stored semantic facts; targeted pages for identified problems	Recorded reading/surface pair and category supported by cited facts after rule corrections; not a claim of independent expert review	"{""entities"":[{""id"":""Q86733658"",""names"":[""カワサキ ハロウィン"",""Kawasaki Halloween"",""カワサキハロウィン""],""types"":[""Q1656682""],""parents"":[],""readings"":[],""title"":""カワサキハロウィン"",""nameKinds"":{""カワサキ ハロウィン"":[""label:ja""],""Kawasaki Halloween"":[""label:en""],""カワサキハロウィン"":[""alias:ja"",""title:jawiki""]},""readingNames"":[""カワサキ ハロウィン""],""primaryReadings"":[]}],""lexical"":[]}"
event	そとことまらそん	ソトコトマラソン	1851	1851	wiki	orthographic-kana;https://www.wikidata.org/wiki/Q109366422#name	https://www.wikidata.org/wiki/Q109366422	assistant inspection of pair-bound reading evidence and stored semantic facts; targeted pages for identified problems	Recorded reading/surface pair and category supported by cited facts after rule corrections; not a claim of independent expert review	"{""entities"":[{""id"":""Q109366422"",""names"":[""ソトコトマラソン"",""Sotokoto Safari Marathon""],""types"":[""Q18608583""],""parents"":[],""readings"":[],""title"":""ソトコトマラソン"",""nameKinds"":{""ソトコトマラソン"":[""label:ja"",""title:jawiki""],""Sotokoto Safari Marathon"":[""label:en""]},""readingNames"":[""ソトコトマラソン""],""primaryReadings"":[]}],""lexical"":[]}"
event	しらさぎすてーくす	しらさぎステークス	1851	1851	wiki	orthographic-kana;https://www.wikidata.org/wiki/Q86725883#name	https://www.wikidata.org/wiki/Q86725883	assistant inspection of pair-bound reading evidence and stored semantic facts; targeted pages for identified problems	Recorded reading/surface pair and category supported by cited facts after rule corrections; not a claim of independent expert review	"{""entities"":[{""id"":""Q86725883"",""names"":[""しらさぎステークス"",""Shirasagi Stakes"",""米子ステークス"",""しらさぎS""],""types"":[""Q18608583""],""parents"":[""Q187916""],""readings"":[],""title"":""しらさぎステークス"",""nameKinds"":{""しらさぎステークス"":[""label:ja"",""title:jawiki""],""Shirasagi Stakes"":[""label:en""],""米子ステークス"":[""alias:ja""],""しらさぎS"":[""alias:ja""]},""readingNames"":[""しらさぎステークス""],""primaryReadings"":[]}],""lexical"":[]}"
event	こみっくしてぃ	コミックシティ	1851	1851	common	orthographic-kana;https://www.wikidata.org/wiki/Q11302490#name	https://www.wikidata.org/wiki/Q11302490	assistant inspection of pair-bound reading evidence and stored semantic facts; targeted pages for identified problems	Recorded reading/surface pair and category supported by cited facts after rule corrections; not a claim of independent expert review	"{""entities"":[{""id"":""Q11302490"",""names"":[""コミックシティ"",""Comic City""],""types"":[""Q4390543""],""parents"":[],""readings"":[],""title"":""コミックシティ"",""nameKinds"":{""コミックシティ"":[""label:ja"",""title:jawiki""],""Comic City"":[""label:en""]},""readingNames"":[""コミックシティ""],""primaryReadings"":[]}],""lexical"":[]}"
event	れっぷく	列福	1851	1851	common	https://www.edrdg.org/jmdict/edict_doc.html#entry-2420540-sense-1	https://www.wikidata.org/wiki/Q51620#P31;reading:independent-pair;categories:event;lexical-and-confirmed-referents;https://www.edrdg.org/jmdict/edict_doc.html#entry-2420540-sense-1	assistant inspection of pair-bound reading evidence and stored semantic facts; targeted pages for identified problems	Recorded reading/surface pair and category supported by cited facts after rule corrections; not a claim of independent expert review	"{""entities"":[{""id"":""Q51620"",""names"":[""beatification"",""列福""],""types"":[""Q189819""],""parents"":[""Q47690487""],""readings"":[],""title"":""列福"",""nameKinds"":{""beatification"":[""label:en""],""列福"":[""label:ja"",""title:jawiki""]},""readingNames"":[""列福""],""primaryReadings"":[]}],""lexical"":[{""reading"":""れっぷく"",""surface"":""列福"",""categories"":[""general""],""evidence"":""https://www.edrdg.org/jmdict/edict_doc.html#entry-2420540-sense-1"",""entryId"":""2420540"",""pos"":[""n"",""vs""],""version"":""76a91691b63094bf2aedca93cb889c7396945fe961e478f13081d839c9684e0c"",""source"":""JMdict"",""glosses"":[""beatification""]}]}"
event	きんしゃさのきせき	キンシャサの奇跡	1851	1851	common	https://www.edrdg.org/jmdict/edict_doc.html#entry-2731730-sense-1	https://www.wikidata.org/wiki/Q939560#P31;reading:independent-pair;categories:event;lexical-and-confirmed-referents;https://www.edrdg.org/jmdict/edict_doc.html#entry-2731730-sense-1	assistant inspection of pair-bound reading evidence and stored semantic facts; targeted pages for identified problems	Recorded reading/surface pair and category supported by cited facts after rule corrections; not a claim of independent expert review	"{""entities"":[{""id"":""Q939560"",""names"":[""The Rumble in the Jungle"",""キンシャサの奇跡"",""George Foreman vs. Muhammad Ali""],""types"":[""Q27889498""],""parents"":[],""readings"":[],""title"":""キンシャサの奇跡"",""nameKinds"":{""The Rumble in the Jungle"":[""label:en""],""キンシャサの奇跡"":[""label:ja"",""title:jawiki""],""George Foreman vs. Muhammad Ali"":[""alias:en""]},""readingNames"":[""キンシャサの奇跡""],""primaryReadings"":[]}],""lexical"":[{""reading"":""きんしゃさのきせき"",""surface"":""キンシャサの奇跡"",""categories"":[""general""],""evidence"":""https://www.edrdg.org/jmdict/edict_doc.html#entry-2731730-sense-1"",""entryId"":""2731730"",""pos"":[""exp"",""n""],""version"":""76a91691b63094bf2aedca93cb889c7396945fe961e478f13081d839c9684e0c"",""source"":""JMdict"",""misc"":[""hist""],""glosses"":[""Rumble in the Jungle (Foreman vs. Ali boxing match, October 30, 1974)"",""Kinshasa Miracle""]}]}"
event	とおかんや	十日夜	1851	1851	common	https://www.edrdg.org/jmdict/edict_doc.html#entry-2625820-sense-1	https://www.wikidata.org/wiki/Q9384647#P31;reading:independent-pair;categories:event;lexical-and-confirmed-referents;https://www.edrdg.org/jmdict/edict_doc.html#entry-2625820-sense-1	assistant inspection of pair-bound reading evidence and stored semantic facts; targeted pages for identified problems	Recorded reading/surface pair and category supported by cited facts after rule corrections; not a claim of independent expert review	"{""entities"":[{""id"":""Q9384647"",""names"":[""十日夜"",""Tōkanya""],""types"":[""Q11483816""],""parents"":[],""readings"":[],""title"":""十日夜"",""nameKinds"":{""十日夜"":[""label:ja"",""title:jawiki""],""Tōkanya"":[""label:en""]},""readingNames"":[""十日夜""],""primaryReadings"":[]}],""lexical"":[{""reading"":""とおかんや"",""surface"":""十日夜"",""categories"":[""general""],""evidence"":""https://www.edrdg.org/jmdict/edict_doc.html#entry-2625820-sense-1"",""entryId"":""2625820"",""pos"":[""n""],""version"":""76a91691b63094bf2aedca93cb889c7396945fe961e478f13081d839c9684e0c"",""source"":""JMdict"",""glosses"":[""Harvest festival held on the night of the tenth day of the tenth month (to send the rice paddy gods back to the mountains after harvest)""]}]}"
event	けつごうさくせん	決号作戦	1851	1851	common	https://www.edrdg.org/jmdict/edict_doc.html#entry-2836504-sense-1	https://www.wikidata.org/wiki/Q11552322#P31;reading:independent-pair;categories:event;lexical-and-confirmed-referents;https://www.edrdg.org/jmdict/edict_doc.html#entry-2836504-sense-1	assistant inspection of pair-bound reading evidence and stored semantic facts; targeted pages for identified problems	Recorded reading/surface pair and category supported by cited facts after rule corrections; not a claim of independent expert review	"{""entities"":[{""id"":""Q11552322"",""names"":[""決号作戦"",""Operation Ketsu-gō"",""帝国陸海軍作戦計画大綱""],""types"":[""Q149377"",""Q114350932""],""parents"":[],""readings"":[],""title"":""決号作戦"",""nameKinds"":{""決号作戦"":[""label:ja"",""title:jawiki""],""Operation Ketsu-gō"":[""label:en""],""帝国陸海軍作戦計画大綱"":[""alias:ja""]},""readingNames"":[""決号作戦""],""primaryReadings"":[]}],""lexical"":[{""reading"":""けつごうさくせん"",""surface"":""決号作戦"",""categories"":[""general""],""evidence"":""https://www.edrdg.org/jmdict/edict_doc.html#entry-2836504-sense-1"",""entryId"":""2836504"",""pos"":[""n""],""version"":""76a91691b63094bf2aedca93cb889c7396945fe961e478f13081d839c9684e0c"",""source"":""JMdict"",""misc"":[""hist""],""glosses"":[""Operation Ketsugō (Japanese military plan for responding to the Allied invasion of the homeland)""]}]}"
event	ところざわまつり	ところざわまつり	1851	1851	wiki	orthographic-kana;https://www.wikidata.org/wiki/Q114560281#name	https://www.wikidata.org/wiki/Q114560281	assistant inspection of pair-bound reading evidence and stored semantic facts; targeted pages for identified problems	Recorded reading/surface pair and category supported by cited facts after rule corrections; not a claim of independent expert review	"{""entities"":[{""id"":""Q114560281"",""names"":[""ところざわまつり""],""types"":[""Q15275719""],""parents"":[],""readings"":[],""nameKinds"":{""ところざわまつり"":[""label:ja""]},""readingNames"":[""ところざわまつり""],""primaryReadings"":[]}],""lexical"":[]}"
event	かーるしぇーふぁーめもりある	カールシェーファーメモリアル	1851	1851	common	orthographic-kana;https://www.wikidata.org/wiki/Q2470247#name	https://www.wikidata.org/wiki/Q2470247	assistant inspection of pair-bound reading evidence and stored semantic facts; targeted pages for identified problems	Recorded reading/surface pair and category supported by cited facts after rule corrections; not a claim of independent expert review	"{""entities"":[{""id"":""Q2470247"",""names"":[""カールシェーファーメモリアル"",""Karl Schäfer Memorial"",""カールシェーファー記念"",""カール・シェーファー・メモリアル"",""カール・シェーファー記念"",""Asko Cup"",""Vienna Cup"",""Vienna Trophy""],""types"":[""Q18608583""],""parents"":[""Q2990963""],""readings"":[],""title"":""カールシェーファーメモリアル"",""nameKinds"":{""カールシェーファーメモリアル"":[""label:ja"",""title:jawiki""],""Karl Schäfer Memorial"":[""label:en""],""カールシェーファー記念"":[""alias:ja""],""カール・シェーファー・メモリアル"":[""alias:ja""],""カール・シェーファー記念"":[""alias:ja""],""Asko Cup"":[""alias:en""],""Vienna Cup"":[""alias:en""],""Vienna Trophy"":[""alias:en""]},""readingNames"":[""カールシェーファーメモリアル""],""primaryReadings"":[]}],""lexical"":[]}"
event	こくさいじどうねん	国際児童年	1851	1851	wiki	https://www.edrdg.org/jmdict/edict_doc.html#entry-2868910-sense-1	https://www.wikidata.org/wiki/Q2273691#P31;reading:independent-pair;categories:event;lexical-and-confirmed-referents;https://www.edrdg.org/jmdict/edict_doc.html#entry-2868910-sense-1	assistant inspection of pair-bound reading evidence and stored semantic facts; targeted pages for identified problems	Recorded reading/surface pair and category supported by cited facts after rule corrections; not a claim of independent expert review	"{""entities"":[{""id"":""Q2273691"",""names"":[""International Year of the Child"",""国際児童年""],""types"":[""Q1656682"",""Q41795188""],""parents"":[],""readings"":[],""title"":""国際児童年"",""nameKinds"":{""International Year of the Child"":[""label:en""],""国際児童年"":[""label:ja"",""title:jawiki""]},""readingNames"":[""国際児童年""],""primaryReadings"":[]}],""lexical"":[{""reading"":""こくさいじどうねん"",""surface"":""国際児童年"",""categories"":[""general""],""evidence"":""https://www.edrdg.org/jmdict/edict_doc.html#entry-2868910-sense-1"",""entryId"":""2868910"",""pos"":[""n""],""version"":""76a91691b63094bf2aedca93cb889c7396945fe961e478f13081d839c9684e0c"",""source"":""JMdict"",""glosses"":[""International Year of the Child""]}]}"
event	だいかんれき	大還暦	1851	1851	common	https://www.edrdg.org/jmdict/edict_doc.html#entry-2504790-sense-1	https://www.wikidata.org/wiki/Q11439398#P31;reading:independent-pair;categories:event;lexical-and-confirmed-referents;https://www.edrdg.org/jmdict/edict_doc.html#entry-2504790-sense-1	assistant inspection of pair-bound reading evidence and stored semantic facts; targeted pages for identified problems	Recorded reading/surface pair and category supported by cited facts after rule corrections; not a claim of independent expert review	"{""entities"":[{""id"":""Q11439398"",""names"":[""大還暦""],""types"":[""Q1656682""],""parents"":[],""readings"":[],""title"":""大還暦"",""nameKinds"":{""大還暦"":[""label:ja"",""title:jawiki""]},""readingNames"":[""大還暦""],""primaryReadings"":[]}],""lexical"":[{""reading"":""だいかんれき"",""surface"":""大還暦"",""categories"":[""general""],""evidence"":""https://www.edrdg.org/jmdict/edict_doc.html#entry-2504790-sense-1"",""entryId"":""2504790"",""pos"":[""n""],""version"":""76a91691b63094bf2aedca93cb889c7396945fe961e478f13081d839c9684e0c"",""source"":""JMdict"",""glosses"":[""120th birthday""]}]}"
event	うにおんれねん	ウニオンレネン	1851	1851	wiki	orthographic-kana;https://www.wikidata.org/wiki/Q7885316#name	https://www.wikidata.org/wiki/Q7885316	assistant inspection of pair-bound reading evidence and stored semantic facts; targeted pages for identified problems	Recorded reading/surface pair and category supported by cited facts after rule corrections; not a claim of independent expert review	"{""entities"":[{""id"":""Q7885316"",""names"":[""Union-Rennen"",""ウニオンレネン""],""types"":[""Q3001412""],""parents"":[],""readings"":[],""title"":""ウニオンレネン"",""nameKinds"":{""Union-Rennen"":[""label:en""],""ウニオンレネン"":[""label:ja"",""title:jawiki""]},""readingNames"":[""ウニオンレネン""],""primaryReadings"":[]}],""lexical"":[]}"
event	へんけるれねん	ヘンケルレネン	1851	1851	wiki	orthographic-kana;https://www.wikidata.org/wiki/Q16981868#name	https://www.wikidata.org/wiki/Q16981868	assistant inspection of pair-bound reading evidence and stored semantic facts; targeted pages for identified problems	Recorded reading/surface pair and category supported by cited facts after rule corrections; not a claim of independent expert review	"{""entities"":[{""id"":""Q16981868"",""names"":[""German 1,000 Guineas"",""ヘンケルレネン"",""ドイツ1000ギニー""],""types"":[""Q3001412""],""parents"":[],""readings"":[],""title"":""ドイツ1000ギニー"",""nameKinds"":{""German 1,000 Guineas"":[""label:en""],""ヘンケルレネン"":[""label:ja""],""ドイツ1000ギニー"":[""alias:ja"",""title:jawiki""]},""readingNames"":[""ヘンケルレネン""],""primaryReadings"":[]}],""lexical"":[]}"
event	てんもん	天問	1851	1851	wiki	https://www.edrdg.org/jmdict/edict_doc.html#entry-5743122-sense-1;https://www.edrdg.org/jmdict/edict_doc.html#entry-5743122-sense-2	https://www.wikidata.org/wiki/Q5694896#P31;reading:independent-pair;categories:work;lexical-and-confirmed-referents;https://www.edrdg.org/jmdict/edict_doc.html#entry-5743122-sense-1;https://www.edrdg.org/jmdict/edict_doc.html#entry-5743122-sense-2	assistant inspection of pair-bound reading evidence and stored semantic facts; targeted pages for identified problems	Recorded reading/surface pair and category supported by cited facts after rule corrections; not a claim of independent expert review	"{""entities"":[{""id"":""Q5694896"",""names"":[""Heavenly Questions"",""天問""],""types"":[""Q7725634""],""parents"":[],""readings"":[],""title"":""天問"",""nameKinds"":{""Heavenly Questions"":[""label:en""],""天問"":[""label:ja"",""title:jawiki""]},""readingNames"":[""天問""],""primaryReadings"":[]}],""lexical"":[{""reading"":""てんもん"",""surface"":""天問"",""categories"":[""event""],""evidence"":""https://www.edrdg.org/jmdict/edict_doc.html#entry-5743122-sense-1"",""entryId"":""5743122"",""pos"":[""n""],""version"":""76a91691b63094bf2aedca93cb889c7396945fe961e478f13081d839c9684e0c"",""source"":""JMdict"",""misc"":[""ev""],""glosses"":[""Tianwen (Chinese interplanetary mission)""]},{""reading"":""てんもん"",""surface"":""天問"",""categories"":[""work""],""evidence"":""https://www.edrdg.org/jmdict/edict_doc.html#entry-5743122-sense-2"",""entryId"":""5743122"",""pos"":[""n""],""version"":""76a91691b63094bf2aedca93cb889c7396945fe961e478f13081d839c9684e0c"",""source"":""JMdict"",""misc"":[""work""],""glosses"":[""Heavenly Questions (classical Chinese poem)""]}]}"
event	にゅーよーくすてーくす	ニューヨークステークス	1851	1851	wiki	orthographic-kana;https://www.wikidata.org/wiki/Q7014006#name	https://www.wikidata.org/wiki/Q7014006	assistant inspection of pair-bound reading evidence and stored semantic facts; targeted pages for identified problems	Recorded reading/surface pair and category supported by cited facts after rule corrections; not a claim of independent expert review	"{""entities"":[{""id"":""Q7014006"",""names"":[""New York Stakes"",""ニューヨークステークス""],""types"":[""Q3001412""],""parents"":[],""readings"":[],""title"":""ニューヨークステークス"",""nameKinds"":{""New York Stakes"":[""label:en""],""ニューヨークステークス"":[""label:ja"",""title:jawiki""]},""readingNames"":[""ニューヨークステークス""],""primaryReadings"":[]}],""lexical"":[]}"
event	おーすとららしあんおーくす	オーストララシアンオークス	1851	1851	common	orthographic-kana;https://www.wikidata.org/wiki/Q4823446#name	https://www.wikidata.org/wiki/Q4823446	assistant inspection of pair-bound reading evidence and stored semantic facts; targeted pages for identified problems	Recorded reading/surface pair and category supported by cited facts after rule corrections; not a claim of independent expert review	"{""entities"":[{""id"":""Q4823446"",""names"":[""Australasian Oaks"",""オーストララシアンオークス""],""types"":[""Q3001412""],""parents"":[],""readings"":[],""title"":""オーストララシアンオークス"",""nameKinds"":{""Australasian Oaks"":[""label:en""],""オーストララシアンオークス"":[""label:ja"",""title:jawiki""]},""readingNames"":[""オーストララシアンオークス""],""primaryReadings"":[]}],""lexical"":[]}"
event	のっとふぇすと	ノットフェスト	1851	1851	common	orthographic-kana;https://www.wikidata.org/wiki/Q6423066#name	https://www.wikidata.org/wiki/Q6423066	assistant inspection of pair-bound reading evidence and stored semantic facts; targeted pages for identified problems	Recorded reading/surface pair and category supported by cited facts after rule corrections; not a claim of independent expert review	"{""entities"":[{""id"":""Q6423066"",""names"":[""Knotfest"",""ノットフェスト"",""KNOTFEST"",""ノットフェス""],""types"":[""Q15275719"",""Q1154859""],""parents"":[],""readings"":[],""title"":""ノットフェス"",""nameKinds"":{""Knotfest"":[""label:en""],""ノットフェスト"":[""label:ja""],""KNOTFEST"":[""alias:en""],""ノットフェス"":[""alias:ja"",""title:jawiki""]},""readingNames"":[""ノットフェスト""],""primaryReadings"":[]}],""lexical"":[]}"
event	もりともがくえんもんだい	森友学園問題	1851	1851	common	https://www.edrdg.org/jmdict/edict_doc.html#entry-5741659-sense-1	https://www.wikidata.org/wiki/Q30932382#P31;reading:independent-pair;categories:event;lexical-and-confirmed-referents;https://www.edrdg.org/jmdict/edict_doc.html#entry-5741659-sense-1	assistant inspection of pair-bound reading evidence and stored semantic facts; targeted pages for identified problems	Recorded reading/surface pair and category supported by cited facts after rule corrections; not a claim of independent expert review	"{""entities"":[{""id"":""Q30932382"",""names"":[""森友学園問題"",""Moritomo scandal"",""森友問題"",""国有地売却問題"",""森友事件"",""森友学園スキャンダル"",""Moritomo case"",""Moritomo Gakuen case"",""Moritomo Gakuen scandal"",""Moritomo incident""],""types"":[""Q934744""],""parents"":[],""readings"":[],""title"":""森友学園問題"",""nameKinds"":{""森友学園問題"":[""label:ja"",""title:jawiki""],""Moritomo scandal"":[""label:en""],""森友問題"":[""alias:ja""],""国有地売却問題"":[""alias:ja""],""森友事件"":[""alias:ja""],""森友学園スキャンダル"":[""alias:ja""],""Moritomo case"":[""alias:en""],""Moritomo Gakuen case"":[""alias:en""],""Moritomo Gakuen scandal"":[""alias:en""],""Moritomo incident"":[""alias:en""]},""readingNames"":[""森友学園問題""],""primaryReadings"":[]}],""lexical"":[{""reading"":""もりともがくえんもんだい"",""surface"":""森友学園問題"",""categories"":[""event""],""evidence"":""https://www.edrdg.org/jmdict/edict_doc.html#entry-5741659-sense-1"",""entryId"":""5741659"",""pos"":[""n""],""version"":""76a91691b63094bf2aedca93cb889c7396945fe961e478f13081d839c9684e0c"",""source"":""JMdict"",""misc"":[""ev""],""glosses"":[""Moritomo Gakuen scandal (2017)""]}]}"
event	のーふぉーくすてーくす	ノーフォークステークス	1851	1851	common	orthographic-kana;https://www.wikidata.org/wiki/Q7051111#name	https://www.wikidata.org/wiki/Q7051111	assistant inspection of pair-bound reading evidence and stored semantic facts; targeted pages for identified problems	Recorded reading/surface pair and category supported by cited facts after rule corrections; not a claim of independent expert review	"{""entities"":[{""id"":""Q7051111"",""names"":[""Norfolk Stakes"",""ノーフォークステークス""],""types"":[""Q3001412""],""parents"":[],""readings"":[],""title"":""ノーフォークステークス"",""nameKinds"":{""Norfolk Stakes"":[""label:en""],""ノーフォークステークス"":[""label:ja"",""title:jawiki""]},""readingNames"":[""ノーフォークステークス""],""primaryReadings"":[]}],""lexical"":[]}"
event	にあーくてぃっくすてーくす	ニアークティックステークス	1851	1851	common	orthographic-kana;https://www.wikidata.org/wiki/Q6984413#name	https://www.wikidata.org/wiki/Q6984413	assistant inspection of pair-bound reading evidence and stored semantic facts; targeted pages for identified problems	Recorded reading/surface pair and category supported by cited facts after rule corrections; not a claim of independent expert review	"{""entities"":[{""id"":""Q6984413"",""names"":[""Nearctic Stakes"",""ニアークティックステークス""],""types"":[""Q3001412""],""parents"":[],""readings"":[],""title"":""ニアークティックステークス"",""nameKinds"":{""Nearctic Stakes"":[""label:en""],""ニアークティックステークス"":[""label:ja"",""title:jawiki""]},""readingNames"":[""ニアークティックステークス""],""primaryReadings"":[]}],""lexical"":[]}"
event	てんげんせん	天元戦	1851	1851	common	https://www.edrdg.org/jmdict/edict_doc.html#entry-2867127-sense-1	https://www.wikidata.org/wiki/Q2605076	assistant inspection of pair-bound reading evidence and stored semantic facts; targeted pages for identified problems	Recorded reading/surface pair and category supported by cited facts after rule corrections; not a claim of independent expert review	"{""entities"":[{""id"":""Q2605076"",""names"":[""天元戦"",""Tengen"",""天元戦 (日本)""],""types"":[""Q13406554"",""Q18608583""],""parents"":[],""readings"":[],""title"":""天元戦"",""nameKinds"":{""天元戦"":[""label:ja"",""title:jawiki""],""Tengen"":[""label:en""],""天元戦 (日本)"":[""alias:ja""]},""readingNames"":[""天元戦""],""primaryReadings"":[]}],""lexical"":[{""reading"":""てんげんせん"",""surface"":""天元戦"",""categories"":[],""evidence"":""https://www.edrdg.org/jmdict/edict_doc.html#entry-2867127-sense-1"",""entryId"":""2867127"",""fields"":[""go""],""pos"":[""n""],""version"":""76a91691b63094bf2aedca93cb889c7396945fe961e478f13081d839c9684e0c"",""source"":""JMdict"",""glosses"":[""Tengen competition""]}]}"
event	あえてるなえ	アエテルナエ	1851	1851	wiki	orthographic-kana;https://www.wikidata.org/wiki/Q16001975#name	https://www.wikidata.org/wiki/Q16001975	assistant inspection of pair-bound reading evidence and stored semantic facts; targeted pages for identified problems	Recorded reading/surface pair and category supported by cited facts after rule corrections; not a claim of independent expert review	"{""entities"":[{""id"":""Q16001975"",""names"":[""Aeternae"",""アエテルナエ""],""types"":[""Q878123""],""parents"":[],""readings"":[],""title"":""アエテルナエ"",""nameKinds"":{""Aeternae"":[""label:en""],""アエテルナエ"":[""label:ja"",""title:jawiki""]},""readingNames"":[""アエテルナエ""],""primaryReadings"":[]}],""lexical"":[]}"
event	ごさいえ	御斎会	1851	1851	wiki	https://www.edrdg.org/jmdict/edict_doc.html#entry-2593890-sense-1	https://www.wikidata.org/wiki/Q136644052#P31;reading:independent-pair;categories:event;lexical-and-confirmed-referents;https://www.edrdg.org/jmdict/edict_doc.html#entry-2593890-sense-1	assistant inspection of pair-bound reading evidence and stored semantic facts; targeted pages for identified problems	Recorded reading/surface pair and category supported by cited facts after rule corrections; not a claim of independent expert review	"{""entities"":[{""id"":""Q136644052"",""names"":[""Gosaie"",""御斎会"",""Misaie"",""Gosai-e"",""Misai-e""],""types"":[""Q11483816""],""parents"":[""Q1980736"",""Q11555016""],""readings"":[],""title"":""御斎会"",""nameKinds"":{""Gosaie"":[""label:en""],""御斎会"":[""label:ja"",""title:jawiki""],""Misaie"":[""alias:en""],""Gosai-e"":[""alias:en""],""Misai-e"":[""alias:en""]},""readingNames"":[""御斎会""],""primaryReadings"":[]}],""lexical"":[{""reading"":""ごさいえ"",""surface"":""御斎会"",""categories"":[""general""],""evidence"":""https://www.edrdg.org/jmdict/edict_doc.html#entry-2593890-sense-1"",""entryId"":""2593890"",""pos"":[""n""],""version"":""76a91691b63094bf2aedca93cb889c7396945fe961e478f13081d839c9684e0c"",""source"":""JMdict"",""glosses"":[""imperial event at which high monks recited the Golden Light Sutra to pray for national security and good harvests (held annually at the palace from the 8th to the 14th of the first lunar month, between the Nara and Muromachi periods)""]}]}"
event	らすおーくす	ラスオークス	1851	1851	wiki	orthographic-kana;https://www.wikidata.org/wiki/Q24933767#name	https://www.wikidata.org/wiki/Q24933767	assistant inspection of pair-bound reading evidence and stored semantic facts; targeted pages for identified problems	Recorded reading/surface pair and category supported by cited facts after rule corrections; not a claim of independent expert review	"{""entities"":[{""id"":""Q24933767"",""names"":[""ラスオークス""],""types"":[""Q3001412"",""Q18608583""],""parents"":[],""readings"":[],""title"":""ラスオークス"",""nameKinds"":{""ラスオークス"":[""label:ja"",""title:jawiki""]},""readingNames"":[""ラスオークス""],""primaryReadings"":[]}],""lexical"":[]}"
event	あっぽっしゃ	あっぽっしゃ	1851	1851	common	orthographic-kana;https://www.wikidata.org/wiki/Q11257709#name	https://www.wikidata.org/wiki/Q11257709	assistant inspection of pair-bound reading evidence and stored semantic facts; targeted pages for identified problems	Recorded reading/surface pair and category supported by cited facts after rule corrections; not a claim of independent expert review	"{""entities"":[{""id"":""Q11257709"",""names"":[""あっぽっしゃ""],""types"":[""Q11483816"",""Q503186""],""parents"":[],""readings"":[],""title"":""あっぽっしゃ"",""nameKinds"":{""あっぽっしゃ"":[""label:ja"",""title:jawiki""]},""readingNames"":[""あっぽっしゃ""],""primaryReadings"":[]}],""lexical"":[]}"
event	いもたき	いもたき	1851	1851	common	orthographic-kana;https://www.wikidata.org/wiki/Q11260021#name	https://www.wikidata.org/wiki/Q11260021	assistant inspection of pair-bound reading evidence and stored semantic facts; targeted pages for identified problems	Recorded reading/surface pair and category supported by cited facts after rule corrections; not a claim of independent expert review	"{""entities"":[{""id"":""Q11260021"",""names"":[""いもたき""],""types"":[""Q1656682""],""parents"":[],""readings"":[],""title"":""いもたき"",""nameKinds"":{""いもたき"":[""label:ja"",""title:jawiki""]},""readingNames"":[""いもたき""],""primaryReadings"":[]}],""lexical"":[]}"
event	おーとくろす	オートクロス	1851	1851	wiki	https://www.edrdg.org/jmdict/edict_doc.html#entry-1031960-sense-1	https://www.wikidata.org/wiki/Q786356#P31;reading:independent-pair;categories:event;lexical-and-confirmed-referents;https://www.edrdg.org/jmdict/edict_doc.html#entry-1031960-sense-1	assistant inspection of pair-bound reading evidence and stored semantic facts; targeted pages for identified problems	Recorded reading/surface pair and category supported by cited facts after rule corrections; not a claim of independent expert review	"{""entities"":[{""id"":""Q786356"",""names"":[""Autocross"",""オートクロス""],""types"":[""Q60147807"",""Q2312410""],""parents"":[],""readings"":[],""nameKinds"":{""Autocross"":[""label:en""],""オートクロス"":[""label:ja""]},""readingNames"":[""オートクロス""],""primaryReadings"":[]}],""lexical"":[{""reading"":""おーとくろす"",""surface"":""オートクロス"",""categories"":[""general""],""evidence"":""https://www.edrdg.org/jmdict/edict_doc.html#entry-1031960-sense-1"",""entryId"":""1031960"",""pos"":[""n""],""version"":""76a91691b63094bf2aedca93cb889c7396945fe961e478f13081d839c9684e0c"",""source"":""JMdict"",""glosses"":[""autocross""]}]}"
event	なかめきの	ナカメキノ	1851	1851	common	orthographic-kana;https://www.wikidata.org/wiki/Q17226204#name	https://www.wikidata.org/wiki/Q17226204	assistant inspection of pair-bound reading evidence and stored semantic facts; targeted pages for identified problems	Recorded reading/surface pair and category supported by cited facts after rule corrections; not a claim of independent expert review	"{""entities"":[{""id"":""Q17226204"",""names"":[""ナカメキノ""],""types"":[""Q1656682""],""parents"":[],""readings"":[],""title"":""ナカメキノ"",""nameKinds"":{""ナカメキノ"":[""label:ja"",""title:jawiki""]},""readingNames"":[""ナカメキノ""],""primaryReadings"":[]}],""lexical"":[]}"
event	おーすとらりあんおーくす	オーストラリアンオークス	1851	1851	common	orthographic-kana;https://www.wikidata.org/wiki/Q4652045#name	https://www.wikidata.org/wiki/Q4652045	assistant inspection of pair-bound reading evidence and stored semantic facts; targeted pages for identified problems	Recorded reading/surface pair and category supported by cited facts after rule corrections; not a claim of independent expert review	"{""entities"":[{""id"":""Q4652045"",""names"":[""AJC Oaks"",""オーストラリアンオークス""],""types"":[""Q3001412""],""parents"":[],""readings"":[],""title"":""オーストラリアンオークス"",""nameKinds"":{""AJC Oaks"":[""label:en""],""オーストラリアンオークス"":[""label:ja"",""title:jawiki""]},""readingNames"":[""オーストラリアンオークス""],""primaryReadings"":[]}],""lexical"":[]}"
event	やまのひ	山の日	1851	1851	common	https://www.edrdg.org/jmdict/edict_doc.html#entry-2839999-sense-1	https://www.wikidata.org/wiki/Q17218111#P31;reading:independent-pair;categories:event;lexical-and-confirmed-referents;https://www.edrdg.org/jmdict/edict_doc.html#entry-2839999-sense-1	assistant inspection of pair-bound reading evidence and stored semantic facts; targeted pages for identified problems	Recorded reading/surface pair and category supported by cited facts after rule corrections; not a claim of independent expert review	"{""entities"":[{""id"":""Q17218111"",""names"":[""山の日"",""Mountain Day""],""types"":[""Q1195354""],""parents"":[],""readings"":[],""title"":""山の日"",""nameKinds"":{""山の日"":[""label:ja"",""title:jawiki""],""Mountain Day"":[""label:en""]},""readingNames"":[""山の日""],""primaryReadings"":[]}],""lexical"":[{""reading"":""やまのひ"",""surface"":""山の日"",""categories"":[""general""],""evidence"":""https://www.edrdg.org/jmdict/edict_doc.html#entry-2839999-sense-1"",""entryId"":""2839999"",""pos"":[""exp"",""n""],""version"":""76a91691b63094bf2aedca93cb889c7396945fe961e478f13081d839c9684e0c"",""source"":""JMdict"",""glosses"":[""Mountain Day (national holiday; August 11)""]}]}"
event	うしこん	ウシコン	1851	1851	common	orthographic-kana;https://www.wikidata.org/wiki/Q7901938#name	https://www.wikidata.org/wiki/Q7901938	assistant inspection of pair-bound reading evidence and stored semantic facts; targeted pages for identified problems	Recorded reading/surface pair and category supported by cited facts after rule corrections; not a claim of independent expert review	"{""entities"":[{""id"":""Q7901938"",""names"":[""Ushicon"",""ウシコン""],""types"":[""Q15275719""],""parents"":[],""readings"":[],""title"":""ウシコン"",""nameKinds"":{""Ushicon"":[""label:en""],""ウシコン"":[""label:ja"",""title:jawiki""]},""readingNames"":[""ウシコン""],""primaryReadings"":[]}],""lexical"":[]}"
event	ばんえいおーくす	ばんえいオークス	1851	1851	common	orthographic-kana;https://www.wikidata.org/wiki/Q11276007#name	https://www.wikidata.org/wiki/Q11276007	assistant inspection of pair-bound reading evidence and stored semantic facts; targeted pages for identified problems	Recorded reading/surface pair and category supported by cited facts after rule corrections; not a claim of independent expert review	"{""entities"":[{""id"":""Q11276007"",""names"":[""ばんえいオークス""],""types"":[""Q3001412""],""parents"":[],""readings"":[],""title"":""ばんえいオークス"",""nameKinds"":{""ばんえいオークス"":[""label:ja"",""title:jawiki""]},""readingNames"":[""ばんえいオークス""],""primaryReadings"":[]}],""lexical"":[]}"
event	まいやーくらしっく	マイヤークラシック	1851	1851	common	orthographic-kana;https://www.wikidata.org/wiki/Q6947399#name	https://www.wikidata.org/wiki/Q6947399	assistant inspection of pair-bound reading evidence and stored semantic facts; targeted pages for identified problems	Recorded reading/surface pair and category supported by cited facts after rule corrections; not a claim of independent expert review	"{""entities"":[{""id"":""Q6947399"",""names"":[""Myer Classic"",""マイヤークラシック""],""types"":[""Q3001412""],""parents"":[],""readings"":[],""title"":""マイヤークラシック"",""nameKinds"":{""Myer Classic"":[""label:en""],""マイヤークラシック"":[""label:ja"",""title:jawiki""]},""readingNames"":[""マイヤークラシック""],""primaryReadings"":[]}],""lexical"":[]}"
event	さくらこん	サクラコン	1851	1851	common	orthographic-kana;https://www.wikidata.org/wiki/Q3469404#name	https://www.wikidata.org/wiki/Q3469404	assistant inspection of pair-bound reading evidence and stored semantic facts; targeted pages for identified problems	Recorded reading/surface pair and category supported by cited facts after rule corrections; not a claim of independent expert review	"{""entities"":[{""id"":""Q3469404"",""names"":[""Sakura-Con"",""サクラコン""],""types"":[""Q548126""],""parents"":[],""readings"":[],""title"":""サクラコン"",""nameKinds"":{""Sakura-Con"":[""label:en""],""サクラコン"":[""label:ja"",""title:jawiki""]},""readingNames"":[""サクラコン""],""primaryReadings"":[]}],""lexical"":[]}"
event	えいしぇんとたいとるすてーくす	エイシェントタイトルステークス	1851	1851	wiki	orthographic-kana;https://www.wikidata.org/wiki/Q4752926#name	https://www.wikidata.org/wiki/Q4752926	assistant inspection of pair-bound reading evidence and stored semantic facts; targeted pages for identified problems	Recorded reading/surface pair and category supported by cited facts after rule corrections; not a claim of independent expert review	"{""entities"":[{""id"":""Q4752926"",""names"":[""Ancient Title Stakes"",""エイシェントタイトルステークス"",""サンタアニタスプリントチャンピオンシップステークス""],""types"":[""Q3001412""],""parents"":[],""readings"":[],""title"":""サンタアニタスプリントチャンピオンシップステークス"",""nameKinds"":{""Ancient Title Stakes"":[""label:en""],""エイシェントタイトルステークス"":[""label:ja""],""サンタアニタスプリントチャンピオンシップステークス"":[""alias:ja"",""title:jawiki""]},""readingNames"":[""エイシェントタイトルステークス""],""primaryReadings"":[]}],""lexical"":[]}"
event	ぷよけっとぱーてぃー	ぷよけっとぱーてぃー	1851	1851	common	orthographic-kana;https://www.wikidata.org/wiki/Q11277536#name	https://www.wikidata.org/wiki/Q11277536	assistant inspection of pair-bound reading evidence and stored semantic facts; targeted pages for identified problems	Recorded reading/surface pair and category supported by cited facts after rule corrections; not a claim of independent expert review	"{""entities"":[{""id"":""Q11277536"",""names"":[""ぷよけっとぱーてぃー"",""Puyoket Party"",""Puyoketto Party""],""types"":[""Q1129398""],""parents"":[],""readings"":[],""title"":""ぷよけっとぱーてぃー"",""nameKinds"":{""ぷよけっとぱーてぃー"":[""label:ja"",""title:jawiki""],""Puyoket Party"":[""label:en""],""Puyoketto Party"":[""alias:en""]},""readingNames"":[""ぷよけっとぱーてぃー""],""primaryReadings"":[]}],""lexical"":[]}"
event	せいねんとるこじんかくめい	青年トルコ人革命	1851	1851	common	https://www.edrdg.org/jmdict/edict_doc.html#entry-5746873-sense-1	lexical-and-confirmed-referents;https://www.edrdg.org/jmdict/edict_doc.html#entry-5746873-sense-1	assistant inspection of pair-bound reading evidence and stored semantic facts; targeted pages for identified problems	Recorded reading/surface pair and category supported by cited facts after rule corrections; not a claim of independent expert review	"{""entities"":[],""lexical"":[{""reading"":""せいねんとるこじんかくめい"",""surface"":""青年トルコ人革命"",""categories"":[""event""],""evidence"":""https://www.edrdg.org/jmdict/edict_doc.html#entry-5746873-sense-1"",""entryId"":""5746873"",""pos"":[""n""],""version"":""76a91691b63094bf2aedca93cb889c7396945fe961e478f13081d839c9684e0c"",""source"":""JMdict"",""misc"":[""ev""],""glosses"":[""Young Turk Revolution (Ottoman Empire, 1908)""]}]}"
event	ふゅーちゅりてぃとろふぃー	フューチュリティトロフィー	1851	1851	common	orthographic-kana;https://www.wikidata.org/wiki/Q638420#name	https://www.wikidata.org/wiki/Q638420	assistant inspection of pair-bound reading evidence and stored semantic facts; targeted pages for identified problems	Recorded reading/surface pair and category supported by cited facts after rule corrections; not a claim of independent expert review	"{""entities"":[{""id"":""Q638420"",""names"":[""Racing Post Trophy"",""レーシングポストトロフィー"",""Racing Post Trophy Stakes"",""フューチュリティトロフィー""],""types"":[""Q3001412"",""Q18608583""],""parents"":[],""readings"":[],""title"":""フューチュリティトロフィー"",""nameKinds"":{""Racing Post Trophy"":[""label:en""],""レーシングポストトロフィー"":[""label:ja""],""Racing Post Trophy Stakes"":[""alias:en""],""フューチュリティトロフィー"":[""alias:ja"",""title:jawiki""]},""readingNames"":[""レーシングポストトロフィー""],""primaryReadings"":[]}],""lexical"":[]}"
event	えみれーつすてーくす	エミレーツステークス	1851	1851	common	orthographic-kana;https://www.wikidata.org/wiki/Q5372583#name	https://www.wikidata.org/wiki/Q5372583	assistant inspection of pair-bound reading evidence and stored semantic facts; targeted pages for identified problems	Recorded reading/surface pair and category supported by cited facts after rule corrections; not a claim of independent expert review	"{""entities"":[{""id"":""Q5372583"",""names"":[""Emirates Stakes"",""エミレーツステークス"",""カンタラステークス"",""Cantala Stakes"",""Kennedy Mile"",""チャンピオンズマイル (VRC)""],""types"":[""Q3001412""],""parents"":[],""readings"":[],""title"":""チャンピオンズマイル (VRC)"",""nameKinds"":{""Emirates Stakes"":[""label:en""],""エミレーツステークス"":[""label:ja""],""カンタラステークス"":[""alias:ja""],""Cantala Stakes"":[""alias:en""],""Kennedy Mile"":[""alias:en""],""チャンピオンズマイル (VRC)"":[""title:jawiki""]},""readingNames"":[""エミレーツステークス""],""primaryReadings"":[]}],""lexical"":[]}"
event	なたるますてーくす	ナタルマステークス	1851	1851	common	orthographic-kana;https://www.wikidata.org/wiki/Q6968336#name	https://www.wikidata.org/wiki/Q6968336	assistant inspection of pair-bound reading evidence and stored semantic facts; targeted pages for identified problems	Recorded reading/surface pair and category supported by cited facts after rule corrections; not a claim of independent expert review	"{""entities"":[{""id"":""Q6968336"",""names"":[""Natalma Stakes"",""ナタルマステークス""],""types"":[""Q3001412""],""parents"":[],""readings"":[],""title"":""ナタルマステークス"",""nameKinds"":{""Natalma Stakes"":[""label:en""],""ナタルマステークス"":[""label:ja"",""title:jawiki""]},""readingNames"":[""ナタルマステークス""],""primaryReadings"":[]}],""lexical"":[]}"
event	おわらかぜのぼん	おわら風の盆	1851	1851	common	https://www.edrdg.org/jmdict/edict_doc.html#entry-2099370-sense-1	https://www.wikidata.org/wiki/Q2071242#P31;reading:independent-pair;categories:event;lexical-and-confirmed-referents;https://www.edrdg.org/jmdict/edict_doc.html#entry-2099370-sense-1	assistant inspection of pair-bound reading evidence and stored semantic facts; targeted pages for identified problems	Recorded reading/surface pair and category supported by cited facts after rule corrections; not a claim of independent expert review	"{""entities"":[{""id"":""Q2071242"",""names"":[""おわら風の盆"",""Kaze no bon"",""風の盆"",""Owara Kaze no bon"",""Owara-Kaze-no-bon"",""Kaze-no-bon"",""Owara Kaze-no-bon"",""Kaze no Bon""],""types"":[""Q1046763"",""Q1152364""],""parents"":[],""readings"":[],""title"":""おわら風の盆"",""nameKinds"":{""おわら風の盆"":[""label:ja"",""title:jawiki""],""Kaze no bon"":[""label:en""],""風の盆"":[""alias:ja""],""Owara Kaze no bon"":[""alias:en""],""Owara-Kaze-no-bon"":[""alias:en""],""Kaze-no-bon"":[""alias:en""],""Owara Kaze-no-bon"":[""alias:en""],""Kaze no Bon"":[""alias:en""]},""readingNames"":[""おわら風の盆""],""primaryReadings"":[]}],""lexical"":[{""reading"":""おわらかぜのぼん"",""surface"":""おわら風の盆"",""categories"":[""general""],""evidence"":""https://www.edrdg.org/jmdict/edict_doc.html#entry-2099370-sense-1"",""entryId"":""2099370"",""pos"":[""exp"",""n""],""version"":""76a91691b63094bf2aedca93cb889c7396945fe961e478f13081d839c9684e0c"",""source"":""JMdict"",""glosses"":[""Owara-Kaze-no-Bon Festival (Toyama)""]}]}"
event	うくらいなのくりすます	ウクライナのクリスマス	1851	1851	wiki	orthographic-kana;https://www.wikidata.org/wiki/Q632639#name	https://www.wikidata.org/wiki/Q632639	assistant inspection of pair-bound reading evidence and stored semantic facts; targeted pages for identified problems	Recorded reading/surface pair and category supported by cited facts after rule corrections; not a claim of independent expert review	"{""entities"":[{""id"":""Q632639"",""names"":[""Christmas in Ukraine"",""ウクライナのクリスマス""],""types"":[""Q1445650"",""Q11483816""],""parents"":[""Q19809""],""readings"":[],""title"":""ウクライナのクリスマス"",""nameKinds"":{""Christmas in Ukraine"":[""label:en""],""ウクライナのクリスマス"":[""label:ja"",""title:jawiki""]},""readingNames"":[""ウクライナのクリスマス""],""primaryReadings"":[]}],""lexical"":[]}"
event	はすけるすてーくす	ハスケルステークス	1851	1851	wiki	orthographic-kana;https://www.wikidata.org/wiki/Q5679217#name	https://www.wikidata.org/wiki/Q5679217	assistant inspection of pair-bound reading evidence and stored semantic facts; targeted pages for identified problems	Recorded reading/surface pair and category supported by cited facts after rule corrections; not a claim of independent expert review	"{""entities"":[{""id"":""Q5679217"",""names"":[""Haskell Invitational Stakes"",""ハスケルインビテーショナルハンデキャップ"",""ハスケル招待ハンデキャップ"",""ハスケルインビテーショナルステークス"",""ハスケルステークス"",""Haskell Invitational Handicap"",""Haskell Invitational""],""types"":[""Q3001412""],""parents"":[],""readings"":[],""title"":""ハスケルステークス"",""nameKinds"":{""Haskell Invitational Stakes"":[""label:en""],""ハスケルインビテーショナルハンデキャップ"":[""label:ja""],""ハスケル招待ハンデキャップ"":[""alias:ja""],""ハスケルインビテーショナルステークス"":[""alias:ja""],""ハスケルステークス"":[""alias:ja"",""title:jawiki""],""Haskell Invitational Handicap"":[""alias:en""],""Haskell Invitational"":[""alias:en""]},""readingNames"":[""ハスケルインビテーショナルハンデキャップ""],""primaryReadings"":[]}],""lexical"":[]}"
event	はーもにあす	ハーモニアス	1851	1851	wiki	orthographic-kana;https://www.wikidata.org/wiki/Q108801741#name	https://www.wikidata.org/wiki/Q108801741	assistant inspection of pair-bound reading evidence and stored semantic facts; targeted pages for identified problems	Recorded reading/surface pair and category supported by cited facts after rule corrections; not a claim of independent expert review	"{""entities"":[{""id"":""Q108801741"",""names"":[""Harmonious"",""ハーモニアス"",""HarmonioUS"",""Harmonious (Epcot)""],""types"":[""Q2699757""],""parents"":[],""readings"":[],""title"":""ハーモニアス"",""nameKinds"":{""Harmonious"":[""label:en""],""ハーモニアス"":[""label:ja"",""title:jawiki""],""HarmonioUS"":[""alias:en""],""Harmonious (Epcot)"":[""alias:en""]},""readingNames"":[""ハーモニアス""],""primaryReadings"":[]}],""lexical"":[]}"
event	あめりかどうじたはつてろ	アメリカ同時多発テロ	1851	1851	neologd	https://www.edrdg.org/jmdict/edict_doc.html#entry-5747617-sense-1	lexical-and-confirmed-referents;https://www.edrdg.org/jmdict/edict_doc.html#entry-5747617-sense-1	assistant inspection of pair-bound reading evidence and stored semantic facts; targeted pages for identified problems	Recorded reading/surface pair and category supported by cited facts after rule corrections; not a claim of independent expert review	"{""entities"":[],""lexical"":[{""reading"":""あめりかどうじたはつてろ"",""surface"":""アメリカ同時多発テロ"",""categories"":[""event""],""evidence"":""https://www.edrdg.org/jmdict/edict_doc.html#entry-5747617-sense-1"",""entryId"":""5747617"",""pos"":[""n""],""version"":""76a91691b63094bf2aedca93cb889c7396945fe961e478f13081d839c9684e0c"",""source"":""JMdict"",""misc"":[""ev""],""glosses"":[""September 11 attacks (2001)"",""9/11""]}]}"
event	がのいわい	賀の祝い	1851	1851	common	https://www.edrdg.org/jmdict/edict_doc.html#entry-2232130-sense-1	https://www.wikidata.org/wiki/Q28684874#P31;reading:independent-pair;categories:event;lexical-and-confirmed-referents;https://www.edrdg.org/jmdict/edict_doc.html#entry-2232130-sense-1	assistant inspection of pair-bound reading evidence and stored semantic facts; targeted pages for identified problems	Recorded reading/surface pair and category supported by cited facts after rule corrections; not a claim of independent expert review	"{""entities"":[{""id"":""Q28684874"",""names"":[""賀の祝い""],""types"":[""Q1656682""],""parents"":[],""readings"":[],""title"":""賀の祝い"",""nameKinds"":{""賀の祝い"":[""label:ja"",""title:jawiki""]},""readingNames"":[""賀の祝い""],""primaryReadings"":[]}],""lexical"":[{""reading"":""がのいわい"",""surface"":""賀の祝い"",""categories"":[""general""],""evidence"":""https://www.edrdg.org/jmdict/edict_doc.html#entry-2232130-sense-1"",""entryId"":""2232130"",""pos"":[""exp"",""n""],""version"":""76a91691b63094bf2aedca93cb889c7396945fe961e478f13081d839c9684e0c"",""source"":""JMdict"",""glosses"":[""longevity celebration (of age 42, 61, 70, 77, 80, 88, 90 or 99)""]}]}"
event	ろくしゃかいごう	六者会合	1851	1851	common	https://www.edrdg.org/jmdict/edict_doc.html#entry-5743538-sense-1	lexical-and-confirmed-referents;https://www.edrdg.org/jmdict/edict_doc.html#entry-5743538-sense-1	assistant inspection of pair-bound reading evidence and stored semantic facts; targeted pages for identified problems	Recorded reading/surface pair and category supported by cited facts after rule corrections; not a claim of independent expert review	"{""entities"":[],""lexical"":[{""reading"":""ろくしゃかいごう"",""surface"":""六者会合"",""categories"":[""event""],""evidence"":""https://www.edrdg.org/jmdict/edict_doc.html#entry-5743538-sense-1"",""entryId"":""5743538"",""pos"":[""n""],""version"":""76a91691b63094bf2aedca93cb889c7396945fe961e478f13081d839c9684e0c"",""source"":""JMdict"",""misc"":[""ev""],""glosses"":[""six-party talks (regarding the North Korean nuclear weapons program)""]}]}"
event	あめりかんふぁらおすてーくす	アメリカンファラオステークス	1851	1851	common	orthographic-kana;https://www.wikidata.org/wiki/Q5505780#name	https://www.wikidata.org/wiki/Q5505780	assistant inspection of pair-bound reading evidence and stored semantic facts; targeted pages for identified problems	Recorded reading/surface pair and category supported by cited facts after rule corrections; not a claim of independent expert review	"{""entities"":[{""id"":""Q5505780"",""names"":[""FrontRunner Stakes"",""フロントランナーステークス"",""ノーフォークステークス"",""アメリカンファラオステークス"",""American Pharoah Stakes""],""types"":[""Q3001412""],""parents"":[],""readings"":[],""title"":""アメリカンファラオステークス"",""nameKinds"":{""FrontRunner Stakes"":[""label:en""],""フロントランナーステークス"":[""label:ja""],""ノーフォークステークス"":[""alias:ja""],""アメリカンファラオステークス"":[""alias:ja"",""title:jawiki""],""American Pharoah Stakes"":[""alias:en""]},""readingNames"":[""フロントランナーステークス""],""primaryReadings"":[]}],""lexical"":[]}"
event	ほうぜん	封禅	1851	1851	common	https://www.edrdg.org/jmdict/edict_doc.html#entry-1907910-sense-1	https://www.wikidata.org/wiki/Q10957146#P31;reading:independent-pair;categories:event;lexical-and-confirmed-referents;https://www.edrdg.org/jmdict/edict_doc.html#entry-1907910-sense-1	assistant inspection of pair-bound reading evidence and stored semantic facts; targeted pages for identified problems	Recorded reading/surface pair and category supported by cited facts after rule corrections; not a claim of independent expert review	"{""entities"":[{""id"":""Q10957146"",""names"":[""封禅"",""Feng Shan""],""types"":[""Q189819""],""parents"":[],""readings"":[],""title"":""封禅"",""nameKinds"":{""封禅"":[""label:ja"",""title:jawiki""],""Feng Shan"":[""label:en""]},""readingNames"":[""封禅""],""primaryReadings"":[]}],""lexical"":[{""reading"":""ほうぜん"",""surface"":""封禅"",""categories"":[""general""],""evidence"":""https://www.edrdg.org/jmdict/edict_doc.html#entry-1907910-sense-1"",""entryId"":""1907910"",""pos"":[""n""],""version"":""76a91691b63094bf2aedca93cb889c7396945fe961e478f13081d839c9684e0c"",""source"":""JMdict"",""glosses"":[""ancient Chinese sacrificial ritual""]}]}"
event	すとーむくいーんすてーくす	ストームクイーンステークス	1851	1851	common	orthographic-kana;https://www.wikidata.org/wiki/Q7620164#name	https://www.wikidata.org/wiki/Q7620164	assistant inspection of pair-bound reading evidence and stored semantic facts; targeted pages for identified problems	Recorded reading/surface pair and category supported by cited facts after rule corrections; not a claim of independent expert review	"{""entities"":[{""id"":""Q7620164"",""names"":[""Storm Queen Stakes"",""ストームクイーンステークス"",""アローフィールドスタッドステークス""],""types"":[""Q3001412""],""parents"":[],""readings"":[],""title"":""ストームクイーンステークス"",""nameKinds"":{""Storm Queen Stakes"":[""label:en""],""ストームクイーンステークス"":[""label:ja"",""title:jawiki""],""アローフィールドスタッドステークス"":[""alias:ja""]},""readingNames"":[""ストームクイーンステークス""],""primaryReadings"":[]}],""lexical"":[]}"
event	おんまく	おんまく	1851	1851	common	orthographic-kana;https://www.wikidata.org/wiki/Q11262740#name	https://www.wikidata.org/wiki/Q11262740	assistant inspection of pair-bound reading evidence and stored semantic facts; targeted pages for identified problems	Recorded reading/surface pair and category supported by cited facts after rule corrections; not a claim of independent expert review	"{""entities"":[{""id"":""Q11262740"",""names"":[""おんまく""],""types"":[""Q1046763""],""parents"":[],""readings"":[],""title"":""おんまく"",""nameKinds"":{""おんまく"":[""label:ja"",""title:jawiki""]},""readingNames"":[""おんまく""],""primaryReadings"":[]}],""lexical"":[]}"
event	せかいせいねんのひ	世界青年の日	1851	1851	neologd	https://www.edrdg.org/jmdict/edict_doc.html#entry-5746383-sense-1	lexical-and-confirmed-referents;https://www.edrdg.org/jmdict/edict_doc.html#entry-5746383-sense-1	assistant inspection of pair-bound reading evidence and stored semantic facts; targeted pages for identified problems	Recorded reading/surface pair and category supported by cited facts after rule corrections; not a claim of independent expert review	"{""entities"":[],""lexical"":[{""reading"":""せかいせいねんのひ"",""surface"":""世界青年の日"",""categories"":[""event""],""evidence"":""https://www.edrdg.org/jmdict/edict_doc.html#entry-5746383-sense-1"",""entryId"":""5746383"",""pos"":[""n""],""version"":""76a91691b63094bf2aedca93cb889c7396945fe961e478f13081d839c9684e0c"",""source"":""JMdict"",""misc"":[""ev""],""glosses"":[""World Youth Day"",""WYD""]}]}"
event	おーたむてぃあら	オータムティアラ	1851	1851	wiki	orthographic-kana;https://www.wikidata.org/wiki/Q109364691#name	https://www.wikidata.org/wiki/Q109364691	assistant inspection of pair-bound reading evidence and stored semantic facts; targeted pages for identified problems	Recorded reading/surface pair and category supported by cited facts after rule corrections; not a claim of independent expert review	"{""entities"":[{""id"":""Q109364691"",""names"":[""OROオータムティアラ"",""オータムティアラ""],""types"":[""Q3001412""],""parents"":[],""readings"":[],""title"":""オータムティアラ"",""nameKinds"":{""OROオータムティアラ"":[""label:ja""],""オータムティアラ"":[""alias:ja"",""title:jawiki""]},""readingNames"":[""OROオータムティアラ""],""primaryReadings"":[]}],""lexical"":[]}"
event	せれくとすてーくす	セレクトステークス	1851	1851	common	orthographic-kana;https://www.wikidata.org/wiki/Q7447665#name	https://www.wikidata.org/wiki/Q7447665	assistant inspection of pair-bound reading evidence and stored semantic facts; targeted pages for identified problems	Recorded reading/surface pair and category supported by cited facts after rule corrections; not a claim of independent expert review	"{""entities"":[{""id"":""Q7447665"",""names"":[""Select Stakes"",""セレクトステークス""],""types"":[""Q3001412""],""parents"":[],""readings"":[],""title"":""セレクトステークス"",""nameKinds"":{""Select Stakes"":[""label:en""],""セレクトステークス"":[""label:ja"",""title:jawiki""]},""readingNames"":[""セレクトステークス""],""primaryReadings"":[]}],""lexical"":[]}"
event	しゅとれんふぇすと	シュトレンフェスト	1851	1851	wiki	orthographic-kana;https://www.wikidata.org/wiki/Q1258579#name	https://www.wikidata.org/wiki/Q1258579	assistant inspection of pair-bound reading evidence and stored semantic facts; targeted pages for identified problems	Recorded reading/surface pair and category supported by cited facts after rule corrections; not a claim of independent expert review	"{""entities"":[{""id"":""Q1258579"",""names"":[""シュトレンフェスト"",""Dresdner Stollenfest""],""types"":[""Q15275719""],""parents"":[],""readings"":[],""title"":""シュトレンフェスト"",""nameKinds"":{""シュトレンフェスト"":[""label:ja"",""title:jawiki""],""Dresdner Stollenfest"":[""label:en""]},""readingNames"":[""シュトレンフェスト""],""primaryReadings"":[]}],""lexical"":[]}"
event	あいりっしゅおーくす	アイリッシュオークス	1851	1851	common	orthographic-kana;https://www.wikidata.org/wiki/Q3347860#name	https://www.wikidata.org/wiki/Q3347860	assistant inspection of pair-bound reading evidence and stored semantic facts; targeted pages for identified problems	Recorded reading/surface pair and category supported by cited facts after rule corrections; not a claim of independent expert review	"{""entities"":[{""id"":""Q3347860"",""names"":[""Irish Oaks"",""アイリッシュオークス"",""アイルランドオークス"",""愛オークス""],""types"":[""Q3001412""],""parents"":[],""readings"":[],""title"":""アイリッシュオークス"",""nameKinds"":{""Irish Oaks"":[""label:en""],""アイリッシュオークス"":[""label:ja"",""title:jawiki""],""アイルランドオークス"":[""alias:ja""],""愛オークス"":[""alias:ja""]},""readingNames"":[""アイリッシュオークス""],""primaryReadings"":[]}],""lexical"":[]}"
event	すけーとつぇりぇ	スケートツェリェ	1851	1851	common	orthographic-kana;https://www.wikidata.org/wiki/Q11311600#name	https://www.wikidata.org/wiki/Q11311600	assistant inspection of pair-bound reading evidence and stored semantic facts; targeted pages for identified problems	Recorded reading/surface pair and category supported by cited facts after rule corrections; not a claim of independent expert review	"{""entities"":[{""id"":""Q11311600"",""names"":[""スケートツェリェ"",""Skate Celje""],""types"":[""Q18608583""],""parents"":[""Q2990963""],""readings"":[],""title"":""スケートツェリェ"",""nameKinds"":{""スケートツェリェ"":[""label:ja"",""title:jawiki""],""Skate Celje"":[""label:en""]},""readingNames"":[""スケートツェリェ""],""primaryReadings"":[]}],""lexical"":[]}"
event	みみのひ	耳の日	1851	1851	common	https://www.edrdg.org/jmdict/edict_doc.html#entry-2266920-sense-1	https://www.wikidata.org/wiki/Q11610719#P31;reading:independent-pair;categories:event;lexical-and-confirmed-referents;https://www.edrdg.org/jmdict/edict_doc.html#entry-2266920-sense-1	assistant inspection of pair-bound reading evidence and stored semantic facts; targeted pages for identified problems	Recorded reading/surface pair and category supported by cited facts after rule corrections; not a claim of independent expert review	"{""entities"":[{""id"":""Q11610719"",""names"":[""耳の日""],""types"":[""Q1062856""],""parents"":[],""readings"":[],""title"":""耳の日"",""nameKinds"":{""耳の日"":[""label:ja"",""title:jawiki""]},""readingNames"":[""耳の日""],""primaryReadings"":[]}],""lexical"":[{""reading"":""みみのひ"",""surface"":""耳の日"",""categories"":[""general""],""evidence"":""https://www.edrdg.org/jmdict/edict_doc.html#entry-2266920-sense-1"",""entryId"":""2266920"",""pos"":[""exp"",""n""],""version"":""76a91691b63094bf2aedca93cb889c7396945fe961e478f13081d839c9684e0c"",""source"":""JMdict"",""glosses"":[""World Hearing Day (March 3)""]}]}"
event	ぎんくましょう	銀熊賞	1851	1851	common	https://www.edrdg.org/jmdict/edict_doc.html#entry-2864366-sense-1	https://www.edrdg.org/jmdict/edict_doc.html#entry-2864366-sense-1	assistant inspection of pair-bound reading evidence and stored semantic facts; targeted pages for identified problems	Recorded reading/surface pair and category supported by cited facts after rule corrections; not a claim of independent expert review	"{""entities"":[],""lexical"":[{""reading"":""ぎんくましょう"",""surface"":""銀熊賞"",""categories"":[""general""],""evidence"":""https://www.edrdg.org/jmdict/edict_doc.html#entry-2864366-sense-1"",""entryId"":""2864366"",""pos"":[""n""],""version"":""76a91691b63094bf2aedca93cb889c7396945fe961e478f13081d839c9684e0c"",""source"":""JMdict"",""glosses"":[""Silver Bear (award at the Berlin International Film Festival)""]}]}"
event	ひなくり	ひなくり	1851	1851	wiki	orthographic-kana;https://www.wikidata.org/wiki/Q109370434#name	https://www.wikidata.org/wiki/Q109370434	assistant inspection of pair-bound reading evidence and stored semantic facts; targeted pages for identified problems	Recorded reading/surface pair and category supported by cited facts after rule corrections; not a claim of independent expert review	"{""entities"":[{""id"":""Q109370434"",""names"":[""ひなくり"",""Hinakuri"",""Hina Christmas"",""Hinachri"",""Hinatazaka46 Christmas Live"",""Hiragana Christmas"",""ひらがなくりすます""],""types"":[""Q107736918"",""Q15275719"",""Q182832""],""parents"":[],""readings"":[],""title"":""ひなくり"",""nameKinds"":{""ひなくり"":[""label:ja"",""alias:en"",""title:jawiki""],""Hinakuri"":[""label:en""],""Hina Christmas"":[""alias:en""],""Hinachri"":[""alias:en""],""Hinatazaka46 Christmas Live"":[""alias:en""],""Hiragana Christmas"":[""alias:en""],""ひらがなくりすます"":[""alias:ja""]},""readingNames"":[""ひなくり""],""primaryReadings"":[]}],""lexical"":[]}"
event	さんたもにかすてーくす	サンタモニカステークス	1851	1851	common	orthographic-kana;https://www.wikidata.org/wiki/Q7419809#name	https://www.wikidata.org/wiki/Q7419809	assistant inspection of pair-bound reading evidence and stored semantic facts; targeted pages for identified problems	Recorded reading/surface pair and category supported by cited facts after rule corrections; not a claim of independent expert review	"{""entities"":[{""id"":""Q7419809"",""names"":[""Santa Monica Stakes"",""サンタモニカハンデキャップ"",""Santa Monica Handicap"",""サンタモニカステークス""],""types"":[""Q3001412""],""parents"":[],""readings"":[],""title"":""サンタモニカステークス"",""nameKinds"":{""Santa Monica Stakes"":[""label:en""],""サンタモニカハンデキャップ"":[""label:ja""],""Santa Monica Handicap"":[""alias:en""],""サンタモニカステークス"":[""alias:ja"",""title:jawiki""]},""readingNames"":[""サンタモニカハンデキャップ""],""primaryReadings"":[]}],""lexical"":[]}"
event	さいすくい	さいすくい	1851	1851	common	orthographic-kana;https://www.wikidata.org/wiki/Q11267368#name	https://www.wikidata.org/wiki/Q11267368	assistant inspection of pair-bound reading evidence and stored semantic facts; targeted pages for identified problems	Recorded reading/surface pair and category supported by cited facts after rule corrections; not a claim of independent expert review	"{""entities"":[{""id"":""Q11267368"",""names"":[""さいすくい"",""Saisukui""],""types"":[""Q1046763""],""parents"":[],""readings"":[],""title"":""さいすくい"",""nameKinds"":{""さいすくい"":[""label:ja"",""title:jawiki""],""Saisukui"":[""label:en""]},""readingNames"":[""さいすくい""],""primaryReadings"":[]}],""lexical"":[]}"
event	うぉーるがいをせんきょせよ	ウォール街を占拠せよ	1851	1851	neologd	https://www.edrdg.org/jmdict/edict_doc.html#entry-2675900-sense-1	https://www.wikidata.org/wiki/Q180654#P31;reading:independent-pair;categories:event;lexical-and-confirmed-referents;https://www.edrdg.org/jmdict/edict_doc.html#entry-2675900-sense-1	assistant inspection of pair-bound reading evidence and stored semantic facts; targeted pages for identified problems	Recorded reading/surface pair and category supported by cited facts after rule corrections; not a claim of independent expert review	"{""entities"":[{""id"":""Q180654"",""names"":[""ウォール街を占拠せよ"",""Occupy Wall Street"",""オキュパイウォールストリート"",""ウォール街占拠運動"",""OWS""],""types"":[""Q49773"",""Q273120"",""Q528892""],""parents"":[],""readings"":[],""title"":""ウォール街を占拠せよ"",""nameKinds"":{""ウォール街を占拠せよ"":[""label:ja"",""title:jawiki""],""Occupy Wall Street"":[""label:en""],""オキュパイウォールストリート"":[""alias:ja""],""ウォール街占拠運動"":[""alias:ja""],""OWS"":[""alias:en""]},""readingNames"":[""ウォール街を占拠せよ""],""primaryReadings"":[]}],""lexical"":[{""reading"":""うぉーるがいをせんきょせよ"",""surface"":""ウォール街を占拠せよ"",""categories"":[""general""],""evidence"":""https://www.edrdg.org/jmdict/edict_doc.html#entry-2675900-sense-1"",""entryId"":""2675900"",""pos"":[""exp"",""n""],""version"":""76a91691b63094bf2aedca93cb889c7396945fe961e478f13081d839c9684e0c"",""source"":""JMdict"",""glosses"":[""Occupy Wall Street (protest movement, 2011-)""]}]}"
event	すぎこし	過越	1851	1851	common	https://www.edrdg.org/jmdict/edict_doc.html#entry-2735610-sense-1;https://www.edrdg.org/jmdict/edict_doc.html#entry-2735610-sense-2	https://www.wikidata.org/wiki/Q121393#P31;reading:independent-pair;categories:event;lexical-and-confirmed-referents;https://www.edrdg.org/jmdict/edict_doc.html#entry-2735610-sense-1;https://www.edrdg.org/jmdict/edict_doc.html#entry-2735610-sense-2	assistant inspection of pair-bound reading evidence and stored semantic facts; targeted pages for identified problems	Recorded reading/surface pair and category supported by cited facts after rule corrections; not a claim of independent expert review	"{""entities"":[{""id"":""Q121393"",""names"":[""過越"",""Passover"",""ペサハ"",""過越祭"",""パスオーバー"",""過越し祭"",""Pesach"",""過ぎ越し"",""過越し"",""Feast of the Passover"",""Jewish Feast of the Passover""],""types"":[""Q1197685"",""Q1445650""],""parents"":[""Q3572511"",""Q94920"",""Q1517900""],""readings"":[],""title"":""過越"",""nameKinds"":{""過越"":[""label:ja"",""title:jawiki""],""Passover"":[""label:en""],""ペサハ"":[""alias:ja""],""過越祭"":[""alias:ja""],""パスオーバー"":[""alias:ja""],""過越し祭"":[""alias:ja""],""Pesach"":[""alias:ja"",""alias:en""],""過ぎ越し"":[""alias:ja""],""過越し"":[""alias:ja""],""Feast of the Passover"":[""alias:en""],""Jewish Feast of the Passover"":[""alias:en""]},""readingNames"":[""過越""],""primaryReadings"":[]}],""lexical"":[{""reading"":""すぎこし"",""surface"":""過越"",""categories"":[""general""],""evidence"":""https://www.edrdg.org/jmdict/edict_doc.html#entry-2735610-sense-1"",""entryId"":""2735610"",""pos"":[""n""],""version"":""76a91691b63094bf2aedca93cb889c7396945fe961e478f13081d839c9684e0c"",""source"":""JMdict"",""glosses"":[""Passover"",""Pesach""]},{""reading"":""すぎこし"",""surface"":""過越"",""categories"":[""general""],""evidence"":""https://www.edrdg.org/jmdict/edict_doc.html#entry-2735610-sense-2"",""entryId"":""2735610"",""pos"":[""n""],""version"":""76a91691b63094bf2aedca93cb889c7396945fe961e478f13081d839c9684e0c"",""source"":""JMdict"",""glosses"":[""Easter""]}]}"
event	にちらんかいしょう	日蘭会商	1851	1851	common	https://www.edrdg.org/jmdict/edict_doc.html#entry-5744979-sense-1	lexical-and-confirmed-referents;https://www.edrdg.org/jmdict/edict_doc.html#entry-5744979-sense-1	assistant inspection of pair-bound reading evidence and stored semantic facts; targeted pages for identified problems	Recorded reading/surface pair and category supported by cited facts after rule corrections; not a claim of independent expert review	"{""entities"":[],""lexical"":[{""reading"":""にちらんかいしょう"",""surface"":""日蘭会商"",""categories"":[""event""],""evidence"":""https://www.edrdg.org/jmdict/edict_doc.html#entry-5744979-sense-1"",""entryId"":""5744979"",""pos"":[""n""],""version"":""76a91691b63094bf2aedca93cb889c7396945fe961e478f13081d839c9684e0c"",""source"":""JMdict"",""misc"":[""ev""],""glosses"":[""trade talks between Japan and Dutch Indonesia (1934-37, 1940-41)""]}]}"
event	らとろわんぬすてーくす	ラトロワンヌステークス	1851	1851	common	orthographic-kana;https://www.wikidata.org/wiki/Q6465537#name	https://www.wikidata.org/wiki/Q6465537	assistant inspection of pair-bound reading evidence and stored semantic facts; targeted pages for identified problems	Recorded reading/surface pair and category supported by cited facts after rule corrections; not a claim of independent expert review	"{""entities"":[{""id"":""Q6465537"",""names"":[""La Troienne Stakes"",""ラトロワンヌステークス""],""types"":[""Q3001412""],""parents"":[],""readings"":[],""title"":""ラトロワンヌステークス"",""nameKinds"":{""La Troienne Stakes"":[""label:en""],""ラトロワンヌステークス"":[""label:ja"",""title:jawiki""]},""readingNames"":[""ラトロワンヌステークス""],""primaryReadings"":[]}],""lexical"":[]}"
event	かるしゃり	カルシャリ	1851	1851	common	orthographic-kana;https://www.wikidata.org/wiki/Q369261#name	https://www.wikidata.org/wiki/Q369261	assistant inspection of pair-bound reading evidence and stored semantic facts; targeted pages for identified problems	Recorded reading/surface pair and category supported by cited facts after rule corrections; not a claim of independent expert review	"{""entities"":[{""id"":""Q369261"",""names"":[""Căluşari"",""カルシャリ""],""types"":[""Q628455"",""Q189819"",""Q107357104""],""parents"":[""Q996839""],""readings"":[],""title"":""カルシャリ"",""nameKinds"":{""Căluşari"":[""label:en""],""カルシャリ"":[""label:ja"",""title:jawiki""]},""readingNames"":[""カルシャリ""],""primaryReadings"":[]}],""lexical"":[]}"
event	てすとすてーくす	テストステークス	1851	1851	common	orthographic-kana;https://www.wikidata.org/wiki/Q7705732#name	https://www.wikidata.org/wiki/Q7705732	assistant inspection of pair-bound reading evidence and stored semantic facts; targeted pages for identified problems	Recorded reading/surface pair and category supported by cited facts after rule corrections; not a claim of independent expert review	"{""entities"":[{""id"":""Q7705732"",""names"":[""Test Stakes"",""テストステークス""],""types"":[""Q3001412""],""parents"":[],""readings"":[],""title"":""テストステークス"",""nameKinds"":{""Test Stakes"":[""label:en""],""テストステークス"":[""label:ja"",""title:jawiki""]},""readingNames"":[""テストステークス""],""primaryReadings"":[]}],""lexical"":[]}"
event	しんねんえんかい	新年宴会	1851	1851	common	https://www.edrdg.org/jmdict/edict_doc.html#entry-2267810-sense-1;https://www.edrdg.org/jmdict/edict_doc.html#entry-2267810-sense-2	https://www.wikidata.org/wiki/Q11502138#P31;reading:independent-pair;categories:event;lexical-and-confirmed-referents;https://www.edrdg.org/jmdict/edict_doc.html#entry-2267810-sense-1;https://www.edrdg.org/jmdict/edict_doc.html#entry-2267810-sense-2	assistant inspection of pair-bound reading evidence and stored semantic facts; targeted pages for identified problems	Recorded reading/surface pair and category supported by cited facts after rule corrections; not a claim of independent expert review	"{""entities"":[{""id"":""Q11502138"",""names"":[""新年宴会"",""Shinnen Enkai""],""types"":[""Q11483816"",""Q11588597""],""parents"":[""Q626066"",""Q1980736""],""readings"":[],""title"":""新年宴会"",""nameKinds"":{""新年宴会"":[""label:ja"",""title:jawiki""],""Shinnen Enkai"":[""label:en""]},""readingNames"":[""新年宴会""],""primaryReadings"":[]}],""lexical"":[{""reading"":""しんねんえんかい"",""surface"":""新年宴会"",""categories"":[""general""],""evidence"":""https://www.edrdg.org/jmdict/edict_doc.html#entry-2267810-sense-1"",""entryId"":""2267810"",""pos"":[""n""],""version"":""76a91691b63094bf2aedca93cb889c7396945fe961e478f13081d839c9684e0c"",""source"":""JMdict"",""glosses"":[""New Year's party""]},{""reading"":""しんねんえんかい"",""surface"":""新年宴会"",""categories"":[""general""],""evidence"":""https://www.edrdg.org/jmdict/edict_doc.html#entry-2267810-sense-2"",""entryId"":""2267810"",""pos"":[""n""],""version"":""76a91691b63094bf2aedca93cb889c7396945fe961e478f13081d839c9684e0c"",""source"":""JMdict"",""misc"":[""hist""],""glosses"":[""New Year's banquet (held annually by the emperor on January 5, prior to WWII)""]}]}"
event	おむしゃ	オムシャ	1851	1851	common	orthographic-kana;https://www.wikidata.org/wiki/Q11292412#name	https://www.wikidata.org/wiki/Q11292412	assistant inspection of pair-bound reading evidence and stored semantic facts; targeted pages for identified problems	Recorded reading/surface pair and category supported by cited facts after rule corrections; not a claim of independent expert review	"{""entities"":[{""id"":""Q11292412"",""names"":[""オムシャ"",""omusha"",""恩謝""],""types"":[""Q11483816""],""parents"":[""Q2627975""],""readings"":[],""title"":""オムシャ"",""nameKinds"":{""オムシャ"":[""label:ja"",""title:jawiki""],""omusha"":[""label:en""],""恩謝"":[""alias:ja""]},""readingNames"":[""オムシャ""],""primaryReadings"":[]}],""lexical"":[]}"
event	ふぁるますすてーくす	ファルマスステークス	1851	1851	common	orthographic-kana;https://www.wikidata.org/wiki/Q3064809#name	https://www.wikidata.org/wiki/Q3064809	assistant inspection of pair-bound reading evidence and stored semantic facts; targeted pages for identified problems	Recorded reading/surface pair and category supported by cited facts after rule corrections; not a claim of independent expert review	"{""entities"":[{""id"":""Q3064809"",""names"":[""Falmouth Stakes"",""ファルマスステークス""],""types"":[""Q3001412""],""parents"":[],""readings"":[],""title"":""ファルマスステークス"",""nameKinds"":{""Falmouth Stakes"":[""label:en""],""ファルマスステークス"":[""label:ja"",""title:jawiki""]},""readingNames"":[""ファルマスステークス""],""primaryReadings"":[]}],""lexical"":[]}"
event	うきうきまあけっと	うきうきまあけっと	1851	1851	common	orthographic-kana;https://www.wikidata.org/wiki/Q11260296#name	https://www.wikidata.org/wiki/Q11260296	assistant inspection of pair-bound reading evidence and stored semantic facts; targeted pages for identified problems	Recorded reading/surface pair and category supported by cited facts after rule corrections; not a claim of independent expert review	"{""entities"":[{""id"":""Q11260296"",""names"":[""うきうきまあけっと""],""types"":[""Q4390543""],""parents"":[],""readings"":[],""title"":""うきうきまあけっと"",""nameKinds"":{""うきうきまあけっと"":[""label:ja"",""title:jawiki""]},""readingNames"":[""うきうきまあけっと""],""primaryReadings"":[]}],""lexical"":[]}"
event	せっぺとべ	せっぺとべ	1851	1851	common	orthographic-kana;https://www.wikidata.org/wiki/Q86733396#name	https://www.wikidata.org/wiki/Q86733396	assistant inspection of pair-bound reading evidence and stored semantic facts; targeted pages for identified problems	Recorded reading/surface pair and category supported by cited facts after rule corrections; not a claim of independent expert review	"{""entities"":[{""id"":""Q86733396"",""names"":[""せっぺとべ""],""types"":[""Q11489226""],""parents"":[],""readings"":[],""title"":""せっぺとべ"",""nameKinds"":{""せっぺとべ"":[""label:ja"",""title:jawiki""]},""readingNames"":[""せっぺとべ""],""primaryReadings"":[]}],""lexical"":[]}"
event	あらふぁ	アラファ	1851	1851	common	orthographic-kana;https://www.wikidata.org/wiki/Q2371450#name	https://www.wikidata.org/wiki/Q2371450	assistant inspection of pair-bound reading evidence and stored semantic facts; targeted pages for identified problems	Recorded reading/surface pair and category supported by cited facts after rule corrections; not a claim of independent expert review	"{""entities"":[{""id"":""Q2371450"",""names"":[""Day of Arafat"",""アラファ"",""Arafat Day"",""Day of Arafah"",""Waqf al Arafa"",""Waqfat Arafat"",""Wakfet Arafat""],""types"":[""Q11483816"",""Q1197685""],""parents"":[],""readings"":[],""title"":""アラファ"",""nameKinds"":{""Day of Arafat"":[""label:en""],""アラファ"":[""label:ja"",""title:jawiki""],""Arafat Day"":[""alias:en""],""Day of Arafah"":[""alias:en""],""Waqf al Arafa"":[""alias:en""],""Waqfat Arafat"":[""alias:en""],""Wakfet Arafat"":[""alias:en""]},""readingNames"":[""アラファ""],""primaryReadings"":[]}],""lexical"":[]}"
event	おーしゃんすてーくす	オーシャンステークス	1851	1851	common	orthographic-kana;https://www.wikidata.org/wiki/Q11293205#name	https://www.wikidata.org/wiki/Q11293205	assistant inspection of pair-bound reading evidence and stored semantic facts; targeted pages for identified problems	Recorded reading/surface pair and category supported by cited facts after rule corrections; not a claim of independent expert review	"{""entities"":[{""id"":""Q11293205"",""names"":[""オーシャンステークス"",""Ocean Stakes""],""types"":[""Q3001412""],""parents"":[],""readings"":[],""title"":""オーシャンステークス"",""nameKinds"":{""オーシャンステークス"":[""label:ja"",""title:jawiki""],""Ocean Stakes"":[""label:en""]},""readingNames"":[""オーシャンステークス""],""primaryReadings"":[]}],""lexical"":[]}"
event	ろさる	ロサル	1851	1851	wiki	orthographic-kana;https://www.wikidata.org/wiki/Q1347838#name	https://www.wikidata.org/wiki/Q1347838	assistant inspection of pair-bound reading evidence and stored semantic facts; targeted pages for identified problems	Recorded reading/surface pair and category supported by cited facts after rule corrections; not a claim of independent expert review	"{""entities"":[{""id"":""Q1347838"",""names"":[""Losar"",""ロサル""],""types"":[""Q1445650"",""Q1197685"",""Q4461770""],""parents"":[""Q34812""],""readings"":[],""title"":""ロサル"",""nameKinds"":{""Losar"":[""label:en""],""ロサル"":[""label:ja"",""title:jawiki""]},""readingNames"":[""ロサル""],""primaryReadings"":[]}],""lexical"":[]}"
event	つくりもんまつり	つくりもんまつり	1851	1851	common	orthographic-kana;https://www.wikidata.org/wiki/Q11272296#name	https://www.wikidata.org/wiki/Q11272296	assistant inspection of pair-bound reading evidence and stored semantic facts; targeted pages for identified problems	Recorded reading/surface pair and category supported by cited facts after rule corrections; not a claim of independent expert review	"{""entities"":[{""id"":""Q11272296"",""names"":[""つくりもんまつり"",""Tsukurimon Festival"",""Tsukurimon Matsuri"",""福岡町つくりもんまつり""],""types"":[""Q464980"",""Q11444891""],""parents"":[],""readings"":[],""title"":""つくりもんまつり"",""nameKinds"":{""つくりもんまつり"":[""label:ja"",""title:jawiki""],""Tsukurimon Festival"":[""label:en""],""Tsukurimon Matsuri"":[""alias:en""],""福岡町つくりもんまつり"":[""alias:ja""]},""readingNames"":[""つくりもんまつり""],""primaryReadings"":[]}],""lexical"":[]}"
event	ひぬまあじさいまつり	ひぬまあじさいまつり	1851	1851	common	orthographic-kana;https://www.wikidata.org/wiki/Q21654307#name	https://www.wikidata.org/wiki/Q21654307	assistant inspection of pair-bound reading evidence and stored semantic facts; targeted pages for identified problems	Recorded reading/surface pair and category supported by cited facts after rule corrections; not a claim of independent expert review	"{""entities"":[{""id"":""Q21654307"",""names"":[""ひぬまあじさいまつり""],""types"":[""Q132241""],""parents"":[],""readings"":[],""title"":""ひぬまあじさいまつり"",""nameKinds"":{""ひぬまあじさいまつり"":[""label:ja"",""title:jawiki""]},""readingNames"":[""ひぬまあじさいまつり""],""primaryReadings"":[]}],""lexical"":[]}"
event	させっくすすてーくす	サセックスステークス	1851	1851	common	orthographic-kana;https://www.wikidata.org/wiki/Q3505747#name	https://www.wikidata.org/wiki/Q3505747	assistant inspection of pair-bound reading evidence and stored semantic facts; targeted pages for identified problems	Recorded reading/surface pair and category supported by cited facts after rule corrections; not a claim of independent expert review	"{""entities"":[{""id"":""Q3505747"",""names"":[""Sussex Stakes"",""サセックスステークス""],""types"":[""Q3001412""],""parents"":[],""readings"":[],""title"":""サセックスステークス"",""nameKinds"":{""Sussex Stakes"":[""label:en""],""サセックスステークス"":[""label:ja"",""title:jawiki""]},""readingNames"":[""サセックスステークス""],""primaryReadings"":[]}],""lexical"":[]}"
event	せんじつ	選日	1851	1851	common	https://www.edrdg.org/jmdict/edict_doc.html#entry-2177910-sense-1	https://www.wikidata.org/wiki/Q60988968#P31;reading:independent-pair;categories:event;lexical-and-confirmed-referents;https://www.edrdg.org/jmdict/edict_doc.html#entry-2177910-sense-1	assistant inspection of pair-bound reading evidence and stored semantic facts; targeted pages for identified problems	Recorded reading/surface pair and category supported by cited facts after rule corrections; not a claim of independent expert review	"{""entities"":[{""id"":""Q60988968"",""names"":[""選日"",""Senjitsu""],""types"":[""Q8011595"",""Q1371819""],""parents"":[],""readings"":[],""title"":""選日"",""nameKinds"":{""選日"":[""label:ja"",""title:jawiki""],""Senjitsu"":[""label:en""]},""readingNames"":[""選日""],""primaryReadings"":[]}],""lexical"":[{""reading"":""せんじつ"",""surface"":""選日"",""categories"":[""general""],""evidence"":""https://www.edrdg.org/jmdict/edict_doc.html#entry-2177910-sense-1"",""entryId"":""2177910"",""pos"":[""n""],""version"":""76a91691b63094bf2aedca93cb889c7396945fe961e478f13081d839c9684e0c"",""source"":""JMdict"",""glosses"":[""selecting an auspicious date by looking at the astrological information on the calendar"",""date selected in such a manner""]}]}"
event	うぇるしゅなしょなる	ウェルシュナショナル	1851	1851	common	orthographic-kana;https://www.wikidata.org/wiki/Q7981949#name	https://www.wikidata.org/wiki/Q7981949	assistant inspection of pair-bound reading evidence and stored semantic facts; targeted pages for identified problems	Recorded reading/surface pair and category supported by cited facts after rule corrections; not a claim of independent expert review	"{""entities"":[{""id"":""Q7981949"",""names"":[""Welsh National"",""ウェルシュナショナル""],""types"":[""Q3001412""],""parents"":[],""readings"":[],""title"":""ウェルシュナショナル"",""nameKinds"":{""Welsh National"":[""label:en""],""ウェルシュナショナル"":[""label:ja"",""title:jawiki""]},""readingNames"":[""ウェルシュナショナル""],""primaryReadings"":[]}],""lexical"":[]}"
event	すたーれっとすてーくす	スターレットステークス	1851	1851	common	orthographic-kana;https://www.wikidata.org/wiki/Q5882954#name	https://www.wikidata.org/wiki/Q5882954	assistant inspection of pair-bound reading evidence and stored semantic facts; targeted pages for identified problems	Recorded reading/surface pair and category supported by cited facts after rule corrections; not a claim of independent expert review	"{""entities"":[{""id"":""Q5882954"",""names"":[""Hollywood Starlet Stakes"",""ハリウッドスターレットステークス"",""スターレットステークス""],""types"":[""Q3001412""],""parents"":[],""readings"":[],""title"":""スターレットステークス"",""nameKinds"":{""Hollywood Starlet Stakes"":[""label:en""],""ハリウッドスターレットステークス"":[""label:ja""],""スターレットステークス"":[""alias:ja"",""title:jawiki""]},""readingNames"":[""ハリウッドスターレットステークス""],""primaryReadings"":[]}],""lexical"":[]}"
event	つくばふぉーらむ	つくばフォーラム	1851	1851	wiki	orthographic-kana;https://www.wikidata.org/wiki/Q109364692#name	https://www.wikidata.org/wiki/Q109364692	assistant inspection of pair-bound reading evidence and stored semantic facts; targeted pages for identified problems	Recorded reading/surface pair and category supported by cited facts after rule corrections; not a claim of independent expert review	"{""entities"":[{""id"":""Q109364692"",""names"":[""つくばフォーラム""],""types"":[""Q112298281""],""parents"":[],""readings"":[],""title"":""つくばフォーラム"",""nameKinds"":{""つくばフォーラム"":[""label:ja"",""title:jawiki""]},""readingNames"":[""つくばフォーラム""],""primaryReadings"":[]}],""lexical"":[]}"
event	ぷにけっと	ぷにケット	1851	1851	common	orthographic-kana;https://www.wikidata.org/wiki/Q11277533#name	https://www.wikidata.org/wiki/Q11277533	assistant inspection of pair-bound reading evidence and stored semantic facts; targeted pages for identified problems	Recorded reading/surface pair and category supported by cited facts after rule corrections; not a claim of independent expert review	"{""entities"":[{""id"":""Q11277533"",""names"":[""ぷにケット"",""Puniket""],""types"":[""Q4390543""],""parents"":[],""readings"":[],""title"":""ぷにケット"",""nameKinds"":{""ぷにケット"":[""label:ja"",""title:jawiki""],""Puniket"":[""label:en""]},""readingNames"":[""ぷにケット""],""primaryReadings"":[]}],""lexical"":[]}"
event	ぜんこくそうごうかいはつけいかく	全国総合開発計画	1851	1851	common	https://www.edrdg.org/jmdict/edict_doc.html#entry-2062640-sense-1	https://www.wikidata.org/wiki/Q11389529#P31;reading:independent-pair;categories:event;lexical-and-confirmed-referents;https://www.edrdg.org/jmdict/edict_doc.html#entry-2062640-sense-1	assistant inspection of pair-bound reading evidence and stored semantic facts; targeted pages for identified problems	Recorded reading/surface pair and category supported by cited facts after rule corrections; not a claim of independent expert review	"{""entities"":[{""id"":""Q11389529"",""names"":[""全国総合開発計画""],""types"":[""Q98745410""],""parents"":[],""readings"":[],""title"":""全国総合開発計画"",""nameKinds"":{""全国総合開発計画"":[""label:ja"",""title:jawiki""]},""readingNames"":[""全国総合開発計画""],""primaryReadings"":[]}],""lexical"":[{""reading"":""ぜんこくそうごうかいはつけいかく"",""surface"":""全国総合開発計画"",""categories"":[""general""],""evidence"":""https://www.edrdg.org/jmdict/edict_doc.html#entry-2062640-sense-1"",""entryId"":""2062640"",""pos"":[""n""],""version"":""76a91691b63094bf2aedca93cb889c7396945fe961e478f13081d839c9684e0c"",""source"":""JMdict"",""glosses"":[""Comprehensive National Development Plan (1962-)""]}]}"
facility	たてばやしじょう	館林城	1851	1851	wiki	https://ja.wikipedia.org/wiki/館林城	https://www.wikidata.org/wiki/Q11666959#P31;reading:independent-pair;categories:facility;lexical-and-confirmed-referents;https://ja.wikipedia.org/wiki/館林城	assistant inspection of pair-bound reading evidence and stored semantic facts; targeted pages for identified problems	Recorded reading/surface pair and category supported by cited facts after rule corrections; not a claim of independent expert review	"{""entities"":[{""id"":""Q11666959"",""names"":[""館林城"",""Tatebayashi Castle"",""尾曳城""],""types"":[""Q92026""],""parents"":[],""readings"":[],""title"":""館林城"",""nameKinds"":{""館林城"":[""label:ja"",""title:jawiki""],""Tatebayashi Castle"":[""label:en""],""尾曳城"":[""alias:ja""]},""readingNames"":[""館林城""],""primaryReadings"":[]}],""lexical"":[]}"
facility	あかさかみつけ	赤坂見附	1851	1851	common	mozc-exact-reading-surface	https://www.wikidata.org/wiki/Q60216029	assistant inspection of pair-bound reading evidence and stored semantic facts; targeted pages for identified problems	Recorded reading/surface pair and category supported by cited facts after rule corrections; not a claim of independent expert review	"{""entities"":[{""id"":""Q60216029"",""names"":[""赤坂御門"",""Akasaka Gate"",""赤坂見附"",""Akasaka-mitsuke""],""types"":[""Q82117"",""Q7893898""],""parents"":[],""readings"":[""あかさかごもん""],""title"":""赤坂見附"",""nameKinds"":{""赤坂御門"":[""label:ja""],""Akasaka Gate"":[""label:en""],""赤坂見附"":[""alias:ja"",""title:jawiki""],""Akasaka-mitsuke"":[""alias:en""]},""readingNames"":[""赤坂御門""],""primaryReadings"":[""あかさかごもん""]}],""lexical"":[]}"
facility	とぎつかなりーほーる	とぎつカナリーホール	1851	1851	common	orthographic-kana;https://www.wikidata.org/wiki/Q21653724#name	https://www.wikidata.org/wiki/Q21653724	assistant inspection of pair-bound reading evidence and stored semantic facts; targeted pages for identified problems	Recorded reading/surface pair and category supported by cited facts after rule corrections; not a claim of independent expert review	"{""entities"":[{""id"":""Q21653724"",""names"":[""とぎつカナリーホール""],""types"":[""Q1060829""],""parents"":[],""readings"":[],""title"":""とぎつカナリーホール"",""nameKinds"":{""とぎつカナリーホール"":[""label:ja"",""title:jawiki""]},""readingNames"":[""とぎつカナリーホール""],""primaryReadings"":[]}],""lexical"":[]}"
facility	おおぬまとんねる	オオヌマトンネル	1851	1851	common	orthographic-kana;https://www.wikidata.org/wiki/Q11437114#name	https://www.wikidata.org/wiki/Q11437114	assistant inspection of pair-bound reading evidence and stored semantic facts; targeted pages for identified problems	Recorded reading/surface pair and category supported by cited facts after rule corrections; not a claim of independent expert review	"{""entities"":[{""id"":""Q11437114"",""names"":[""大沼トンネル (道央道)"",""Onuma Tunnel"",""オオヌマトンネル""],""types"":[""Q44377""],""parents"":[],""readings"":[],""title"":""オオヌマトンネル"",""nameKinds"":{""大沼トンネル (道央道)"":[""label:ja""],""Onuma Tunnel"":[""label:en""],""オオヌマトンネル"":[""alias:ja"",""title:jawiki""]},""readingNames"":[""大沼トンネル (道央道)""],""primaryReadings"":[]}],""lexical"":[]}"
facility	えんてつほーる	えんてつホール	1851	1851	common	https://hall.entetsu.co.jp/facility/	https://hall.entetsu.co.jp/facility/	assistant inspection of pair-bound reading evidence and stored semantic facts; targeted pages for identified problems	Recorded reading/surface pair and category supported by cited facts after rule corrections; not a claim of independent expert review	"{""entities"":[],""lexical"":[]}"
facility	おおてすじ	大手筋	1851	1851	common	https://www.edrdg.org/jmdict/edict_doc.html#entry-1785350-sense-1	https://www.wikidata.org/wiki/Q11435571#P31;reading:independent-pair;categories:facility;lexical-and-confirmed-referents;https://www.edrdg.org/jmdict/edict_doc.html#entry-1785350-sense-1	assistant inspection of pair-bound reading evidence and stored semantic facts; targeted pages for identified problems	Recorded reading/surface pair and category supported by cited facts after rule corrections; not a claim of independent expert review	"{""entities"":[{""id"":""Q11435571"",""names"":[""大手筋"",""Ōtesuji"",""大手筋通"",""Ōte-suji""],""types"":[""Q79007""],""parents"":[],""readings"":[],""title"":""大手筋"",""nameKinds"":{""大手筋"":[""label:ja"",""title:jawiki""],""Ōtesuji"":[""label:en""],""大手筋通"":[""alias:ja""],""Ōte-suji"":[""alias:en""]},""readingNames"":[""大手筋""],""primaryReadings"":[]}],""lexical"":[{""reading"":""おおてすじ"",""surface"":""大手筋"",""categories"":[""general""],""evidence"":""https://www.edrdg.org/jmdict/edict_doc.html#entry-1785350-sense-1"",""entryId"":""1785350"",""pos"":[""n""],""version"":""76a91691b63094bf2aedca93cb889c7396945fe961e478f13081d839c9684e0c"",""source"":""JMdict"",""glosses"":[""large-scale operators"",""big traders""]}]}"
facility	そるんとぅむ	ソルントゥム	1851	1851	wiki	orthographic-kana;https://www.wikidata.org/wiki/Q631432#name	https://www.wikidata.org/wiki/Q631432	assistant inspection of pair-bound reading evidence and stored semantic facts; targeted pages for identified problems	Recorded reading/surface pair and category supported by cited facts after rule corrections; not a claim of independent expert review	"{""entities"":[{""id"":""Q631432"",""names"":[""Soluntum"",""ソルントゥム"",""Solus"",""Mint of Solus""],""types"":[""Q839954"",""Q15661340"",""Q3363945"",""Q124830213""],""parents"":[],""readings"":[],""title"":""ソルントゥム"",""nameKinds"":{""Soluntum"":[""label:en""],""ソルントゥム"":[""label:ja"",""title:jawiki""],""Solus"":[""alias:en""],""Mint of Solus"":[""alias:en""]},""readingNames"":[""ソルントゥム""],""primaryReadings"":[]}],""lexical"":[]}"
facility	あすてぃあかさい	アスティアかさい	1851	1851	wiki	orthographic-kana;https://www.wikidata.org/wiki/Q111461261#name	https://www.wikidata.org/wiki/Q111461261	assistant inspection of pair-bound reading evidence and stored semantic facts; targeted pages for identified problems	Recorded reading/surface pair and category supported by cited facts after rule corrections; not a claim of independent expert review	"{""entities"":[{""id"":""Q111461261"",""names"":[""Asuteer Kasai"",""アスティアかさい""],""types"":[""Q655686""],""parents"":[],""readings"":[],""title"":""アスティアかさい"",""nameKinds"":{""Asuteer Kasai"":[""label:en""],""アスティアかさい"":[""label:ja"",""title:jawiki""]},""readingNames"":[""アスティアかさい""],""primaryReadings"":[]}],""lexical"":[]}"
facility	こまちとんねる	こまちトンネル	1851	1851	common	orthographic-kana;https://www.wikidata.org/wiki/Q11266845#name	https://www.wikidata.org/wiki/Q11266845	assistant inspection of pair-bound reading evidence and stored semantic facts; targeted pages for identified problems	Recorded reading/surface pair and category supported by cited facts after rule corrections; not a claim of independent expert review	"{""entities"":[{""id"":""Q11266845"",""names"":[""こまちトンネル""],""types"":[""Q44377""],""parents"":[],""readings"":[],""title"":""こまちトンネル"",""nameKinds"":{""こまちトンネル"":[""label:ja"",""title:jawiki""]},""readingNames"":[""こまちトンネル""],""primaryReadings"":[]}],""lexical"":[]}"
facility	ならふぁみりー	ならファミリー	1851	1851	common	orthographic-kana;https://www.wikidata.org/wiki/Q11274530#name	https://www.wikidata.org/wiki/Q11274530	assistant inspection of pair-bound reading evidence and stored semantic facts; targeted pages for identified problems	Recorded reading/surface pair and category supported by cited facts after rule corrections; not a claim of independent expert review	"{""entities"":[{""id"":""Q11274530"",""names"":[""ならファミリー"",""NaRaFamily"",""奈良ファミリー"",""ならファ""],""types"":[""Q11315""],""parents"":[],""readings"":[],""title"":""ならファミリー"",""nameKinds"":{""ならファミリー"":[""label:ja"",""title:jawiki""],""NaRaFamily"":[""label:en""],""奈良ファミリー"":[""alias:ja""],""ならファ"":[""alias:ja""]},""readingNames"":[""ならファミリー""],""primaryReadings"":[]}],""lexical"":[]}"
facility	べにっこひろば	べにっこひろば	1851	1851	wiki	orthographic-kana;https://www.wikidata.org/wiki/Q60987052#name	https://www.wikidata.org/wiki/Q60987052	assistant inspection of pair-bound reading evidence and stored semantic facts; targeted pages for identified problems	Recorded reading/surface pair and category supported by cited facts after rule corrections; not a claim of independent expert review	"{""entities"":[{""id"":""Q60987052"",""names"":[""べにっこひろば""],""types"":[""Q13226383""],""parents"":[],""readings"":[],""title"":""べにっこひろば"",""nameKinds"":{""べにっこひろば"":[""label:ja"",""title:jawiki""]},""readingNames"":[""べにっこひろば""],""primaryReadings"":[]}],""lexical"":[]}"
facility	あいしんこむせんたー	アイシンコムセンター	1851	1851	wiki	orthographic-kana;https://www.wikidata.org/wiki/Q11282150#name	https://www.wikidata.org/wiki/Q11282150	assistant inspection of pair-bound reading evidence and stored semantic facts; targeted pages for identified problems	Recorded reading/surface pair and category supported by cited facts after rule corrections; not a claim of independent expert review	"{""entities"":[{""id"":""Q11282150"",""names"":[""アイシンコムセンター"",""Aisin Com-Center""],""types"":[""Q3867745""],""parents"":[],""readings"":[],""title"":""アイシンコムセンター"",""nameKinds"":{""アイシンコムセンター"":[""label:ja"",""title:jawiki""],""Aisin Com-Center"":[""label:en""]},""readingNames"":[""アイシンコムセンター""],""primaryReadings"":[]}],""lexical"":[]}"
facility	となりえつくばすくえあ	トナリエつくばスクエア	1851	1851	wiki	orthographic-kana;https://www.wikidata.org/wiki/Q11272225#name	https://www.wikidata.org/wiki/Q11272225	assistant inspection of pair-bound reading evidence and stored semantic facts; targeted pages for identified problems	Recorded reading/surface pair and category supported by cited facts after rule corrections; not a claim of independent expert review	"{""entities"":[{""id"":""Q11272225"",""names"":[""トナリエつくばスクエア"",""Tonarie Tsukuba Square"",""筑波西武"",""Q't"",""つくばクレオスクエア"",""Tsukuba CREO Square""],""types"":[""Q11315""],""parents"":[],""readings"":[],""title"":""トナリエつくばスクエア"",""nameKinds"":{""トナリエつくばスクエア"":[""label:ja"",""title:jawiki""],""Tonarie Tsukuba Square"":[""label:en""],""筑波西武"":[""alias:ja""],""Q't"":[""alias:ja""],""つくばクレオスクエア"":[""alias:ja""],""Tsukuba CREO Square"":[""alias:en""]},""readingNames"":[""トナリエつくばスクエア""],""primaryReadings"":[]}],""lexical"":[]}"
facility	とやまるしぇ	とやマルシェ	1851	1851	wiki	orthographic-kana;https://www.wikidata.org/wiki/Q106690015#name	https://www.wikidata.org/wiki/Q106690015	assistant inspection of pair-bound reading evidence and stored semantic facts; targeted pages for identified problems	Recorded reading/surface pair and category supported by cited facts after rule corrections; not a claim of independent expert review	"{""entities"":[{""id"":""Q106690015"",""names"":[""とやマルシェ"",""Toyamarche""],""types"":[""Q11668173""],""parents"":[],""readings"":[],""title"":""とやマルシェ"",""nameKinds"":{""とやマルシェ"":[""label:ja"",""title:jawiki""],""Toyamarche"":[""label:en""]},""readingNames"":[""とやマルシェ""],""primaryReadings"":[]}],""lexical"":[]}"
facility	とぅすくるむ	トゥスクルム	1851	1851	wiki	orthographic-kana;https://www.wikidata.org/wiki/Q754314#name	https://www.wikidata.org/wiki/Q754314	assistant inspection of pair-bound reading evidence and stored semantic facts; targeted pages for identified problems	Recorded reading/surface pair and category supported by cited facts after rule corrections; not a claim of independent expert review	"{""entities"":[{""id"":""Q754314"",""names"":[""Tusculum"",""トゥスクルム"",""トゥスクラム""],""types"":[""Q109607"",""Q839954"",""Q2202509""],""parents"":[],""readings"":[],""title"":""トゥスクルム"",""nameKinds"":{""Tusculum"":[""label:en""],""トゥスクルム"":[""label:ja"",""title:jawiki""],""トゥスクラム"":[""alias:ja""]},""readingNames"":[""トゥスクルム""],""primaryReadings"":[]}],""lexical"":[]}"
facility	せんとらるしてぃこころ	セントラルシティこころ	1851	1851	wiki	orthographic-kana;https://www.wikidata.org/wiki/Q11314784#name	https://www.wikidata.org/wiki/Q11314784	assistant inspection of pair-bound reading evidence and stored semantic facts; targeted pages for identified problems	Recorded reading/surface pair and category supported by cited facts after rule corrections; not a claim of independent expert review	"{""entities"":[{""id"":""Q11314784"",""names"":[""セントラルシティこころ"",""Central City COCORO""],""types"":[""Q5215430""],""parents"":[],""readings"":[],""title"":""セントラルシティこころ"",""nameKinds"":{""セントラルシティこころ"":[""label:ja"",""title:jawiki""],""Central City COCORO"":[""label:en""]},""readingNames"":[""セントラルシティこころ""],""primaryReadings"":[]}],""lexical"":[]}"
facility	おしゃれかんあるす	おしゃれかんアルス	1851	1851	common	orthographic-kana;https://www.wikidata.org/wiki/Q17228004#name	https://www.wikidata.org/wiki/Q17228004	assistant inspection of pair-bound reading evidence and stored semantic facts; targeted pages for identified problems	Recorded reading/surface pair and category supported by cited facts after rule corrections; not a claim of independent expert review	"{""entities"":[{""id"":""Q17228004"",""names"":[""おしゃれかんアルス"",""ALS"",""アルス"",""秋田ステーションビル アルス"",""アルス (秋田市)""],""types"":[""Q11315""],""parents"":[],""readings"":[],""title"":""アルス (秋田市)"",""nameKinds"":{""おしゃれかんアルス"":[""label:ja""],""ALS"":[""label:en""],""アルス"":[""alias:ja""],""秋田ステーションビル アルス"":[""alias:ja""],""アルス (秋田市)"":[""title:jawiki""]},""readingNames"":[""おしゃれかんアルス""],""primaryReadings"":[]}],""lexical"":[]}"
facility	ありんな	アリンナ	1851	1851	neologd	orthographic-kana;https://www.wikidata.org/wiki/Q776557#name	https://www.wikidata.org/wiki/Q776557	assistant inspection of pair-bound reading evidence and stored semantic facts; targeted pages for identified problems	Recorded reading/surface pair and category supported by cited facts after rule corrections; not a claim of independent expert review	"{""entities"":[{""id"":""Q776557"",""names"":[""Arinna"",""アリンナ""],""types"":[""Q1370598""],""parents"":[],""readings"":[],""nameKinds"":{""Arinna"":[""label:en""],""アリンナ"":[""label:ja""]},""readingNames"":[""アリンナ""],""primaryReadings"":[]}],""lexical"":[]}"
facility	あけのあくろすたうん	あけのアクロスタウン	1851	1851	wiki	orthographic-kana;https://www.wikidata.org/wiki/Q11257072#name	https://www.wikidata.org/wiki/Q11257072	assistant inspection of pair-bound reading evidence and stored semantic facts; targeted pages for identified problems	Recorded reading/surface pair and category supported by cited facts after rule corrections; not a claim of independent expert review	"{""entities"":[{""id"":""Q11257072"",""names"":[""あけのアクロスタウン"",""AKENO ACROSS TOWN""],""types"":[""Q11315""],""parents"":[],""readings"":[],""title"":""あけのアクロスタウン"",""nameKinds"":{""あけのアクロスタウン"":[""label:ja"",""title:jawiki""],""AKENO ACROSS TOWN"":[""label:en""]},""readingNames"":[""あけのアクロスタウン""],""primaryReadings"":[]}],""lexical"":[]}"
facility	うぉーたーるーとんねる	ウォータールートンネル	1851	1851	wiki	orthographic-kana;https://www.wikidata.org/wiki/Q7974296#name	https://www.wikidata.org/wiki/Q7974296	assistant inspection of pair-bound reading evidence and stored semantic facts; targeted pages for identified problems	Recorded reading/surface pair and category supported by cited facts after rule corrections; not a claim of independent expert review	"{""entities"":[{""id"":""Q7974296"",""names"":[""Waterloo Tunnel"",""ウォータールートンネル""],""types"":[""Q1311958""],""parents"":[],""readings"":[],""title"":""ウォータールートンネル"",""nameKinds"":{""Waterloo Tunnel"":[""label:en""],""ウォータールートンネル"":[""label:ja"",""title:jawiki""]},""readingNames"":[""ウォータールートンネル""],""primaryReadings"":[]}],""lexical"":[]}"
facility	ふらいはうす	フライハウス	1851	1851	wiki	orthographic-kana;https://www.wikidata.org/wiki/Q1454259#name	https://www.wikidata.org/wiki/Q1454259	assistant inspection of pair-bound reading evidence and stored semantic facts; targeted pages for identified problems	Recorded reading/surface pair and category supported by cited facts after rule corrections; not a claim of independent expert review	"{""entities"":[{""id"":""Q1454259"",""names"":[""Freihaus auf der Wieden"",""フライハウス""],""types"":[""Q41176""],""parents"":[],""readings"":[],""title"":""フライハウス"",""nameKinds"":{""Freihaus auf der Wieden"":[""label:en""],""フライハウス"":[""label:ja"",""title:jawiki""]},""readingNames"":[""フライハウス""],""primaryReadings"":[]}],""lexical"":[]}"
facility	ゆにちかふぁみりーせんたー	ユニチカファミリーセンター	1851	1851	wiki	orthographic-kana;https://www.wikidata.org/wiki/Q11345671#name	https://www.wikidata.org/wiki/Q11345671	assistant inspection of pair-bound reading evidence and stored semantic facts; targeted pages for identified problems	Recorded reading/surface pair and category supported by cited facts after rule corrections; not a claim of independent expert review	"{""entities"":[{""id"":""Q11345671"",""names"":[""ユニチカファミリーセンター""],""types"":[""Q11315""],""parents"":[],""readings"":[],""title"":""ユニチカファミリーセンター"",""nameKinds"":{""ユニチカファミリーセンター"":[""label:ja"",""title:jawiki""]},""readingNames"":[""ユニチカファミリーセンター""],""primaryReadings"":[]}],""lexical"":[]}"
facility	ざこば	ざこば	1851	1851	common	orthographic-kana;https://www.wikidata.org/wiki/Q11268631#name	https://www.wikidata.org/wiki/Q11268631	assistant inspection of pair-bound reading evidence and stored semantic facts; targeted pages for identified problems	Recorded reading/surface pair and category supported by cited facts after rule corrections; not a claim of independent expert review	"{""entities"":[{""id"":""Q11268631"",""names"":[""ざこば"",""雑喉場"",""雑魚場""],""types"":[""Q1188480""],""parents"":[],""readings"":[],""title"":""ざこば"",""nameKinds"":{""ざこば"":[""label:ja"",""title:jawiki""],""雑喉場"":[""alias:ja""],""雑魚場"":[""alias:ja""]},""readingNames"":[""ざこば""],""primaryReadings"":[]}],""lexical"":[]}"
facility	ほえーるたうんおしか	ホエールタウンおしか	1851	1851	wiki	orthographic-kana;https://www.wikidata.org/wiki/Q105859324#name	https://www.wikidata.org/wiki/Q105859324	assistant inspection of pair-bound reading evidence and stored semantic facts; targeted pages for identified problems	Recorded reading/surface pair and category supported by cited facts after rule corrections; not a claim of independent expert review	"{""entities"":[{""id"":""Q105859324"",""names"":[""ホエールタウンおしか"",""Whale Town Oshika"",""観光物産交流施設Cottu"",""牡鹿半島ビジターセンター"",""おしかホエールランド""],""types"":[""Q18411786""],""parents"":[],""readings"":[],""title"":""ホエールタウンおしか"",""nameKinds"":{""ホエールタウンおしか"":[""label:ja"",""title:jawiki""],""Whale Town Oshika"":[""label:en""],""観光物産交流施設Cottu"":[""alias:ja""],""牡鹿半島ビジターセンター"":[""alias:ja""],""おしかホエールランド"":[""alias:ja""]},""readingNames"":[""ホエールタウンおしか""],""primaryReadings"":[]}],""lexical"":[]}"
facility	さんまりーんながの	サンマリーンながの	1851	1851	wiki	orthographic-kana;https://www.wikidata.org/wiki/Q11305986#name	https://www.wikidata.org/wiki/Q11305986	assistant inspection of pair-bound reading evidence and stored semantic facts; targeted pages for identified problems	Recorded reading/surface pair and category supported by cited facts after rule corrections; not a claim of independent expert review	"{""entities"":[{""id"":""Q11305986"",""names"":[""サンマリーンながの"",""SunMarine Nagano"",""長野市営健康レクリエーションセンター"",""長野市総合レクリエーションセンター""],""types"":[""Q30313989""],""parents"":[],""readings"":[],""title"":""サンマリーンながの"",""nameKinds"":{""サンマリーンながの"":[""label:ja"",""title:jawiki""],""SunMarine Nagano"":[""label:en""],""長野市営健康レクリエーションセンター"":[""alias:ja""],""長野市総合レクリエーションセンター"":[""alias:ja""]},""readingNames"":[""サンマリーンながの""],""primaryReadings"":[]}],""lexical"":[]}"
facility	とりーに	トリーニ	1851	1851	neologd	orthographic-kana;https://www.wikidata.org/wiki/Q3867647#name	https://www.wikidata.org/wiki/Q3867647	assistant inspection of pair-bound reading evidence and stored semantic facts; targeted pages for identified problems	Recorded reading/surface pair and category supported by cited facts after rule corrections; not a claim of independent expert review	"{""entities"":[{""id"":""Q3867647"",""names"":[""Torrini"",""トリーニ"",""トッリーニ""],""types"":[""Q33506""],""parents"":[],""readings"":[],""nameKinds"":{""Torrini"":[""label:en""],""トリーニ"":[""label:ja""],""トッリーニ"":[""alias:ja""]},""readingNames"":[""トリーニ""],""primaryReadings"":[]}],""lexical"":[]}"
facility	いおんもーるかほく	イオンモールかほく	1851	1851	wiki	orthographic-kana;https://www.wikidata.org/wiki/Q11286070#name	https://www.wikidata.org/wiki/Q11286070	assistant inspection of pair-bound reading evidence and stored semantic facts; targeted pages for identified problems	Recorded reading/surface pair and category supported by cited facts after rule corrections; not a claim of independent expert review	"{""entities"":[{""id"":""Q11286070"",""names"":[""イオンモールかほく"",""AEON MALL Kahoku"",""イオンかほくショッピングセンター"",""イオンスタイルかほく""],""types"":[""Q11315""],""parents"":[],""readings"":[],""title"":""イオンモールかほく"",""nameKinds"":{""イオンモールかほく"":[""label:ja"",""title:jawiki""],""AEON MALL Kahoku"":[""label:en""],""イオンかほくショッピングセンター"":[""alias:ja""],""イオンスタイルかほく"":[""alias:ja""]},""readingNames"":[""イオンモールかほく""],""primaryReadings"":[]}],""lexical"":[]}"
facility	すかいめとろ	スカイメトロ	1851	1851	common	orthographic-kana;https://www.wikidata.org/wiki/Q2293373#name	https://www.wikidata.org/wiki/Q2293373	assistant inspection of pair-bound reading evidence and stored semantic facts; targeted pages for identified problems	Recorded reading/surface pair and category supported by cited facts after rule corrections; not a claim of independent expert review	"{""entities"":[{""id"":""Q2293373"",""names"":[""Skymetro"",""スカイメトロ""],""types"":[""Q56296673""],""parents"":[],""readings"":[],""title"":""スカイメトロ"",""nameKinds"":{""Skymetro"":[""label:en""],""スカイメトロ"":[""label:ja"",""title:jawiki""]},""readingNames"":[""スカイメトロ""],""primaryReadings"":[]}],""lexical"":[]}"
facility	うみとそらのおうち	うみとそらのおうち	1851	1851	wiki	orthographic-kana;https://www.wikidata.org/wiki/Q131105977#name	https://www.wikidata.org/wiki/Q131105977	assistant inspection of pair-bound reading evidence and stored semantic facts; targeted pages for identified problems	Recorded reading/surface pair and category supported by cited facts after rule corrections; not a claim of independent expert review	"{""entities"":[{""id"":""Q131105977"",""names"":[""うみとそらのおうち"",""Umi to Sora no Ouchi"",""Yokohama Children’s Hospice – Umi to Sora no Ouchi"",""横浜こどもホスピス うみとそらのおうち""],""types"":[""Q608152""],""parents"":[],""readings"":[],""title"":""うみとそらのおうち"",""nameKinds"":{""うみとそらのおうち"":[""label:ja"",""title:jawiki""],""Umi to Sora no Ouchi"":[""label:en""],""Yokohama Children’s Hospice – Umi to Sora no Ouchi"":[""alias:en""],""横浜こどもホスピス うみとそらのおうち"":[""alias:ja""]},""readingNames"":[""うみとそらのおうち""],""primaryReadings"":[]}],""lexical"":[]}"
facility	おおかわびじゅつかん	大川美術館	1851	1851	wiki	https://www.edrdg.org/jmdict/edict_doc.html#entry-5494083-sense-1	https://www.wikidata.org/wiki/Q5157831#P31;reading:independent-pair;categories:facility;lexical-and-confirmed-referents;https://www.edrdg.org/jmdict/edict_doc.html#entry-5494083-sense-1	assistant inspection of pair-bound reading evidence and stored semantic facts; targeted pages for identified problems	Recorded reading/surface pair and category supported by cited facts after rule corrections; not a claim of independent expert review	"{""entities"":[{""id"":""Q5157831"",""names"":[""大川美術館"",""Okawa Museum of Art"",""Ōkawa bijutsukan""],""types"":[""Q207694""],""parents"":[],""readings"":[],""title"":""大川美術館"",""nameKinds"":{""大川美術館"":[""label:ja"",""title:jawiki""],""Okawa Museum of Art"":[""label:en""],""Ōkawa bijutsukan"":[""alias:en""]},""readingNames"":[""大川美術館""],""primaryReadings"":[]}],""lexical"":[{""reading"":""おおかわびじゅつかん"",""surface"":""大川美術館"",""categories"":[""organization""],""evidence"":""https://www.edrdg.org/jmdict/edict_doc.html#entry-5494083-sense-1"",""entryId"":""5494083"",""pos"":[""n""],""version"":""76a91691b63094bf2aedca93cb889c7396945fe961e478f13081d839c9684e0c"",""source"":""JMdict"",""misc"":[""organization""],""glosses"":[""Okawa Museum of Art""]}]}"
facility	まるまらいとんねる	マルマライトンネル	1851	1851	wiki	orthographic-kana;https://www.wikidata.org/wiki/Q48768542#name	https://www.wikidata.org/wiki/Q48768542	assistant inspection of pair-bound reading evidence and stored semantic facts; targeted pages for identified problems	Recorded reading/surface pair and category supported by cited facts after rule corrections; not a claim of independent expert review	"{""entities"":[{""id"":""Q48768542"",""names"":[""Marmaray Tunnel"",""マルマライトンネル""],""types"":[""Q1311958"",""Q332257""],""parents"":[],""readings"":[],""title"":""マルマライトンネル"",""nameKinds"":{""Marmaray Tunnel"":[""label:en""],""マルマライトンネル"":[""label:ja"",""title:jawiki""]},""readingNames"":[""マルマライトンネル""],""primaryReadings"":[]}],""lexical"":[]}"
facility	はやしばらびじゅつかん	林原美術館	1851	1851	common	https://www.edrdg.org/jmdict/edict_doc.html#entry-5708190-sense-1	https://www.wikidata.org/wiki/Q4707602#P31;reading:independent-pair;categories:facility;lexical-and-confirmed-referents;https://www.edrdg.org/jmdict/edict_doc.html#entry-5708190-sense-1	assistant inspection of pair-bound reading evidence and stored semantic facts; targeted pages for identified problems	Recorded reading/surface pair and category supported by cited facts after rule corrections; not a claim of independent expert review	"{""entities"":[{""id"":""Q4707602"",""names"":[""林原美術館"",""Hayashibara Museum of Art"",""岡山美術館""],""types"":[""Q207694""],""parents"":[],""readings"":[],""title"":""林原美術館"",""nameKinds"":{""林原美術館"":[""label:ja"",""title:jawiki""],""Hayashibara Museum of Art"":[""label:en""],""岡山美術館"":[""alias:ja""]},""readingNames"":[""林原美術館""],""primaryReadings"":[]}],""lexical"":[{""reading"":""はやしばらびじゅつかん"",""surface"":""林原美術館"",""categories"":[""organization""],""evidence"":""https://www.edrdg.org/jmdict/edict_doc.html#entry-5708190-sense-1"",""entryId"":""5708190"",""pos"":[""n""],""version"":""76a91691b63094bf2aedca93cb889c7396945fe961e478f13081d839c9684e0c"",""source"":""JMdict"",""misc"":[""organization""],""glosses"":[""Hayashibara Museum of Art""]}]}"
facility	かりんはる	カリンハル	1851	1851	wiki	orthographic-kana;https://www.wikidata.org/wiki/Q222728#name	https://www.wikidata.org/wiki/Q222728	assistant inspection of pair-bound reading evidence and stored semantic facts; targeted pages for identified problems	Recorded reading/surface pair and category supported by cited facts after rule corrections; not a claim of independent expert review	"{""entities"":[{""id"":""Q222728"",""names"":[""Carinhall"",""カリンハル""],""types"":[""Q41176""],""parents"":[],""readings"":[],""title"":""カリンハル"",""nameKinds"":{""Carinhall"":[""label:en""],""カリンハル"":[""label:ja"",""title:jawiki""]},""readingNames"":[""カリンハル""],""primaryReadings"":[]}],""lexical"":[]}"
facility	るみりんな	ルミリンナ	1851	1851	wiki	orthographic-kana;https://www.wikidata.org/wiki/Q1746596#name	https://www.wikidata.org/wiki/Q1746596	assistant inspection of pair-bound reading evidence and stored semantic facts; targeted pages for identified problems	Recorded reading/surface pair and category supported by cited facts after rule corrections; not a claim of independent expert review	"{""entities"":[{""id"":""Q1746596"",""names"":[""SnowCastle of Kemi"",""ルミリンナ""],""types"":[""Q23413""],""parents"":[],""readings"":[],""title"":""ルミリンナ"",""nameKinds"":{""SnowCastle of Kemi"":[""label:en""],""ルミリンナ"":[""label:ja"",""title:jawiki""]},""readingNames"":[""ルミリンナ""],""primaryReadings"":[]}],""lexical"":[]}"
facility	けさらんた	ケサランタ	1851	1851	wiki	orthographic-kana;https://www.wikidata.org/wiki/Q3068796#name	https://www.wikidata.org/wiki/Q3068796	assistant inspection of pair-bound reading evidence and stored semantic facts; targeted pages for identified problems	Recorded reading/surface pair and category supported by cited facts after rule corrections; not a claim of independent expert review	"{""entities"":[{""id"":""Q3068796"",""names"":[""Kesäranta"",""ケサランタ"",""Villa Bjälbo""],""types"":[""Q3950"",""Q481289""],""parents"":[],""readings"":[],""title"":""ケサランタ"",""nameKinds"":{""Kesäranta"":[""label:en""],""ケサランタ"":[""label:ja"",""title:jawiki""],""Villa Bjälbo"":[""alias:en"",""alias:ja""]},""readingNames"":[""ケサランタ""],""primaryReadings"":[]}],""lexical"":[]}"
facility	とうきょうふじびじゅつかん	東京富士美術館	1851	1851	common	https://www.edrdg.org/jmdict/edict_doc.html#entry-5553349-sense-1	https://www.wikidata.org/wiki/Q1233913#P31;reading:independent-pair;categories:facility;lexical-and-confirmed-referents;https://www.edrdg.org/jmdict/edict_doc.html#entry-5553349-sense-1	assistant inspection of pair-bound reading evidence and stored semantic facts; targeted pages for identified problems	Recorded reading/surface pair and category supported by cited facts after rule corrections; not a claim of independent expert review	"{""entities"":[{""id"":""Q1233913"",""names"":[""東京富士美術館"",""Tokyo Fuji Art Museum""],""types"":[""Q207694""],""parents"":[],""readings"":[],""title"":""東京富士美術館"",""nameKinds"":{""東京富士美術館"":[""label:ja"",""title:jawiki""],""Tokyo Fuji Art Museum"":[""label:en""]},""readingNames"":[""東京富士美術館""],""primaryReadings"":[]}],""lexical"":[{""reading"":""とうきょうふじびじゅつかん"",""surface"":""東京富士美術館"",""categories"":[""organization""],""evidence"":""https://www.edrdg.org/jmdict/edict_doc.html#entry-5553349-sense-1"",""entryId"":""5553349"",""pos"":[""n""],""version"":""76a91691b63094bf2aedca93cb889c7396945fe961e478f13081d839c9684e0c"",""source"":""JMdict"",""misc"":[""organization""],""glosses"":[""Tokyo Fuji Art Museum"",""TFAM""]}]}"
facility	もてぃおん	モティオン	1851	1851	common	orthographic-kana;https://www.wikidata.org/wiki/Q6918820#name	https://www.wikidata.org/wiki/Q6918820	assistant inspection of pair-bound reading evidence and stored semantic facts; targeted pages for identified problems	Recorded reading/surface pair and category supported by cited facts after rule corrections; not a claim of independent expert review	"{""entities"":[{""id"":""Q6918820"",""names"":[""Motyon"",""モティオン""],""types"":[""Q57831""],""parents"":[],""readings"":[],""title"":""モティオン"",""nameKinds"":{""Motyon"":[""label:en""],""モティオン"":[""label:ja"",""title:jawiki""]},""readingNames"":[""モティオン""],""primaryReadings"":[]}],""lexical"":[]}"
facility	あべちか	あべちか	1851	1851	wiki	orthographic-kana;https://www.wikidata.org/wiki/Q11258273#name	https://www.wikidata.org/wiki/Q11258273	assistant inspection of pair-bound reading evidence and stored semantic facts; targeted pages for identified problems	Recorded reading/surface pair and category supported by cited facts after rule corrections; not a claim of independent expert review	"{""entities"":[{""id"":""Q11258273"",""names"":[""あべちか"",""Avetika"",""アベノ地下センター"",""アベチカ"",""Abechika""],""types"":[""Q11315"",""Q1348073""],""parents"":[],""readings"":[],""title"":""あべちか"",""nameKinds"":{""あべちか"":[""label:ja"",""title:jawiki""],""Avetika"":[""label:en""],""アベノ地下センター"":[""alias:ja""],""アベチカ"":[""alias:ja""],""Abechika"":[""alias:en""]},""readingNames"":[""あべちか""],""primaryReadings"":[]}],""lexical"":[]}"
facility	しゅうほうしゃ	襲芳舎	1851	1851	common	https://www.edrdg.org/jmdict/edict_doc.html#entry-2594780-sense-1	https://www.wikidata.org/wiki/Q11627030#P31;reading:independent-pair;categories:facility;lexical-and-confirmed-referents;https://www.edrdg.org/jmdict/edict_doc.html#entry-2594780-sense-1	assistant inspection of pair-bound reading evidence and stored semantic facts; targeted pages for identified problems	Recorded reading/surface pair and category supported by cited facts after rule corrections; not a claim of independent expert review	"{""entities"":[{""id"":""Q11627030"",""names"":[""襲芳舎"",""Shihōsha"",""雷鳴壺"",""Shūhōsha"",""Kannarinotsubo"",""Kannari no Tsubo""],""types"":[""Q41176""],""parents"":[],""readings"":[],""title"":""襲芳舎"",""nameKinds"":{""襲芳舎"":[""label:ja"",""title:jawiki""],""Shihōsha"":[""label:en""],""雷鳴壺"":[""alias:ja""],""Shūhōsha"":[""alias:en""],""Kannarinotsubo"":[""alias:en""],""Kannari no Tsubo"":[""alias:en""]},""readingNames"":[""襲芳舎""],""primaryReadings"":[]}],""lexical"":[{""reading"":""しゅうほうしゃ"",""surface"":""襲芳舎"",""categories"":[""general""],""evidence"":""https://www.edrdg.org/jmdict/edict_doc.html#entry-2594780-sense-1"",""entryId"":""2594780"",""pos"":[""n""],""version"":""76a91691b63094bf2aedca93cb889c7396945fe961e478f13081d839c9684e0c"",""source"":""JMdict"",""glosses"":[""court ladies' residence (in the inner Heian Palace)""]}]}"
facility	かーらとるねっと	カーラトルネット	1851	1851	wiki	orthographic-kana;https://www.wikidata.org/wiki/Q17154027#name	https://www.wikidata.org/wiki/Q17154027	assistant inspection of pair-bound reading evidence and stored semantic facts; targeted pages for identified problems	Recorded reading/surface pair and category supported by cited facts after rule corrections; not a claim of independent expert review	"{""entities"":[{""id"":""Q17154027"",""names"":[""Karlatornet"",""カーラトルネット"",""The Karla Tower"",""Polstjärnan"",""Karlatower""],""types"":[""Q11755880"",""Q11303""],""parents"":[],""readings"":[],""title"":""カーラトルネット"",""nameKinds"":{""Karlatornet"":[""label:en"",""label:ja""],""カーラトルネット"":[""alias:ja"",""title:jawiki""],""The Karla Tower"":[""alias:en""],""Polstjärnan"":[""alias:en""],""Karlatower"":[""alias:en""]},""readingNames"":[""Karlatornet""],""primaryReadings"":[]}],""lexical"":[]}"
facility	あうとしゅたっと	アウトシュタット	1851	1851	wiki	orthographic-kana;https://www.wikidata.org/wiki/Q702661#name	https://www.wikidata.org/wiki/Q702661	assistant inspection of pair-bound reading evidence and stored semantic facts; targeted pages for identified problems	Recorded reading/surface pair and category supported by cited facts after rule corrections; not a claim of independent expert review	"{""entities"":[{""id"":""Q702661"",""names"":[""Autostadt"",""アウトシュタット"",""Autostadt Wolfsburg""],""types"":[""Q33506"",""Q787934""],""parents"":[],""readings"":[],""title"":""アウトシュタット"",""nameKinds"":{""Autostadt"":[""label:en""],""アウトシュタット"":[""label:ja"",""title:jawiki""],""Autostadt Wolfsburg"":[""alias:en""]},""readingNames"":[""アウトシュタット""],""primaryReadings"":[]}],""lexical"":[]}"
facility	ふぇらいなとんねる	フェライナトンネル	1851	1851	common	orthographic-kana;https://www.wikidata.org/wiki/Q668000#name	https://www.wikidata.org/wiki/Q668000	assistant inspection of pair-bound reading evidence and stored semantic facts; targeted pages for identified problems	Recorded reading/surface pair and category supported by cited facts after rule corrections; not a claim of independent expert review	"{""entities"":[{""id"":""Q668000"",""names"":[""フェライナトンネル"",""Vereina Tunnel""],""types"":[""Q1311958""],""parents"":[],""readings"":[],""title"":""フェライナトンネル"",""nameKinds"":{""フェライナトンネル"":[""label:ja"",""title:jawiki""],""Vereina Tunnel"":[""label:en""]},""readingNames"":[""フェライナトンネル""],""primaryReadings"":[]}],""lexical"":[]}"
facility	たいはっくる	たいはっくる	1851	1851	wiki	orthographic-kana;https://www.wikidata.org/wiki/Q11270734#name	https://www.wikidata.org/wiki/Q11270734	assistant inspection of pair-bound reading evidence and stored semantic facts; targeted pages for identified problems	Recorded reading/surface pair and category supported by cited facts after rule corrections; not a claim of independent expert review	"{""entities"":[{""id"":""Q11270734"",""names"":[""たいはっくる"",""ライオンズタワー仙台長町"",""太白区文化センター"",""楽楽楽ホール"",""仙台市太白区文化センター""],""types"":[""Q11315""],""parents"":[],""readings"":[],""title"":""たいはっくる"",""nameKinds"":{""たいはっくる"":[""label:ja"",""title:jawiki""],""ライオンズタワー仙台長町"":[""alias:ja""],""太白区文化センター"":[""alias:ja""],""楽楽楽ホール"":[""alias:ja""],""仙台市太白区文化センター"":[""alias:ja""]},""readingNames"":[""たいはっくる""],""primaryReadings"":[]}],""lexical"":[]}"
facility	かさまにちどうびじゅつかん	笠間日動美術館	1851	1851	common	https://www.edrdg.org/jmdict/edict_doc.html#entry-5183106-sense-1	https://www.wikidata.org/wiki/Q11599987#P31;reading:independent-pair;categories:facility;lexical-and-confirmed-referents;https://www.edrdg.org/jmdict/edict_doc.html#entry-5183106-sense-1	assistant inspection of pair-bound reading evidence and stored semantic facts; targeted pages for identified problems	Recorded reading/surface pair and category supported by cited facts after rule corrections; not a claim of independent expert review	"{""entities"":[{""id"":""Q11599987"",""names"":[""笠間日動美術館"",""Kasama Nichidō Museum of Art""],""types"":[""Q207694""],""parents"":[],""readings"":[],""title"":""笠間日動美術館"",""nameKinds"":{""笠間日動美術館"":[""label:ja"",""title:jawiki""],""Kasama Nichidō Museum of Art"":[""label:en""]},""readingNames"":[""笠間日動美術館""],""primaryReadings"":[]}],""lexical"":[{""reading"":""かさまにちどうびじゅつかん"",""surface"":""笠間日動美術館"",""categories"":[""organization""],""evidence"":""https://www.edrdg.org/jmdict/edict_doc.html#entry-5183106-sense-1"",""entryId"":""5183106"",""pos"":[""n""],""version"":""76a91691b63094bf2aedca93cb889c7396945fe961e478f13081d839c9684e0c"",""source"":""JMdict"",""misc"":[""organization""],""glosses"":[""Kasama Nichido Museum of Art""]}]}"
facility	きたちか	キタチカ	1851	1851	wiki	orthographic-kana;https://www.wikidata.org/wiki/Q30925405#name	https://www.wikidata.org/wiki/Q30925405	assistant inspection of pair-bound reading evidence and stored semantic facts; targeted pages for identified problems	Recorded reading/surface pair and category supported by cited facts after rule corrections; not a claim of independent expert review	"{""entities"":[{""id"":""Q30925405"",""names"":[""新名フード"",""Shimmei Food"",""キタチカ""],""types"":[""Q1348073""],""parents"":[],""readings"":[],""title"":""キタチカ"",""nameKinds"":{""新名フード"":[""label:ja""],""Shimmei Food"":[""label:en""],""キタチカ"":[""alias:ja"",""title:jawiki""]},""readingNames"":[""新名フード""],""primaryReadings"":[]}],""lexical"":[]}"
facility	みやがわいりょうしょうねんいん	宮川医療少年院	1851	1851	common	https://www.edrdg.org/jmdict/edict_doc.html#entry-5215693-sense-1	https://www.wikidata.org/wiki/Q11454669#P31;reading:independent-pair;categories:facility;lexical-and-confirmed-referents;https://www.edrdg.org/jmdict/edict_doc.html#entry-5215693-sense-1	assistant inspection of pair-bound reading evidence and stored semantic facts; targeted pages for identified problems	Recorded reading/surface pair and category supported by cited facts after rule corrections; not a claim of independent expert review	"{""entities"":[{""id"":""Q11454669"",""names"":[""宮川医療少年院""],""types"":[""Q16917""],""parents"":[],""readings"":[],""title"":""宮川医療少年院"",""nameKinds"":{""宮川医療少年院"":[""label:ja"",""title:jawiki""]},""readingNames"":[""宮川医療少年院""],""primaryReadings"":[]}],""lexical"":[{""reading"":""みやがわいりょうしょうねんいん"",""surface"":""宮川医療少年院"",""categories"":[""organization""],""evidence"":""https://www.edrdg.org/jmdict/edict_doc.html#entry-5215693-sense-1"",""entryId"":""5215693"",""pos"":[""n""],""version"":""76a91691b63094bf2aedca93cb889c7396945fe961e478f13081d839c9684e0c"",""source"":""JMdict"",""misc"":[""organization""],""glosses"":[""Miyagawairyō Reform School""]}]}"
facility	ないどうじょう	内道場	1851	1851	wiki	https://www.edrdg.org/jmdict/edict_doc.html#entry-2267350-sense-1	https://www.wikidata.org/wiki/Q109596676#P31;reading:independent-pair;categories:facility;lexical-and-confirmed-referents;https://www.edrdg.org/jmdict/edict_doc.html#entry-2267350-sense-1	assistant inspection of pair-bound reading evidence and stored semantic facts; targeted pages for identified problems	Recorded reading/surface pair and category supported by cited facts after rule corrections; not a claim of independent expert review	"{""entities"":[{""id"":""Q109596676"",""names"":[""内道場"",""naidoujou""],""types"":[""Q13226383""],""parents"":[],""readings"":[],""title"":""内道場"",""nameKinds"":{""内道場"":[""label:ja"",""title:jawiki""],""naidoujou"":[""label:en""]},""readingNames"":[""内道場""],""primaryReadings"":[]}],""lexical"":[{""reading"":""ないどうじょう"",""surface"":""内道場"",""categories"":[""general""],""evidence"":""https://www.edrdg.org/jmdict/edict_doc.html#entry-2267350-sense-1"",""entryId"":""2267350"",""pos"":[""n""],""version"":""76a91691b63094bf2aedca93cb889c7396945fe961e478f13081d839c9684e0c"",""source"":""JMdict"",""glosses"":[""inner practice hall (for Buddhism; on the imperial palace grounds)""]}]}"
facility	うぇるとばた	ウェルとばた	1851	1851	wiki	orthographic-kana;https://www.wikidata.org/wiki/Q11288572#name	https://www.wikidata.org/wiki/Q11288572	assistant inspection of pair-bound reading evidence and stored semantic facts; targeted pages for identified problems	Recorded reading/surface pair and category supported by cited facts after rule corrections; not a claim of independent expert review	"{""entities"":[{""id"":""Q11288572"",""names"":[""ウェルとばた"",""Wel Tobata"",""ウェル戸畑"",""戸畑市民会館""],""types"":[""Q56352703""],""parents"":[],""readings"":[],""title"":""ウェルとばた"",""nameKinds"":{""ウェルとばた"":[""label:ja"",""title:jawiki""],""Wel Tobata"":[""label:en""],""ウェル戸畑"":[""alias:ja""],""戸畑市民会館"":[""alias:ja""]},""readingNames"":[""ウェルとばた""],""primaryReadings"":[]}],""lexical"":[]}"
facility	きょうといりょうしょうねんいん	京都医療少年院	1851	1851	common	https://www.edrdg.org/jmdict/edict_doc.html#entry-5220104-sense-1	https://www.wikidata.org/wiki/Q17209604#P31;reading:independent-pair;categories:facility;lexical-and-confirmed-referents;https://www.edrdg.org/jmdict/edict_doc.html#entry-5220104-sense-1	assistant inspection of pair-bound reading evidence and stored semantic facts; targeted pages for identified problems	Recorded reading/surface pair and category supported by cited facts after rule corrections; not a claim of independent expert review	"{""entities"":[{""id"":""Q17209604"",""names"":[""京都医療少年院"",""Kyoto Medical Reform School"",""A juvenile in need of medical care who has been sent to a juvenile training school is accommodated.""],""types"":[""Q16917""],""parents"":[],""readings"":[],""title"":""京都医療少年院"",""nameKinds"":{""京都医療少年院"":[""label:ja"",""title:jawiki""],""Kyoto Medical Reform School"":[""label:en""],""A juvenile in need of medical care who has been sent to a juvenile training school is accommodated."":[""alias:en""]},""readingNames"":[""京都医療少年院""],""primaryReadings"":[]}],""lexical"":[{""reading"":""きょうといりょうしょうねんいん"",""surface"":""京都医療少年院"",""categories"":[""organization""],""evidence"":""https://www.edrdg.org/jmdict/edict_doc.html#entry-5220104-sense-1"",""entryId"":""5220104"",""pos"":[""n""],""version"":""76a91691b63094bf2aedca93cb889c7396945fe961e478f13081d839c9684e0c"",""source"":""JMdict"",""misc"":[""organization""],""glosses"":[""Kyōtoiryō Reform School""]}]}"
facility	りさいたるほーる	リサイタルホール	1851	1851	common	orthographic-kana;https://www.wikidata.org/wiki/Q11347959#name	https://www.wikidata.org/wiki/Q11347959	assistant inspection of pair-bound reading evidence and stored semantic facts; targeted pages for identified problems	Recorded reading/surface pair and category supported by cited facts after rule corrections; not a claim of independent expert review	"{""entities"":[{""id"":""Q11347959"",""names"":[""リサイタルホール"",""Recital Hall"",""Risaitaru Hall""],""types"":[""Q1060829""],""parents"":[],""readings"":[],""title"":""リサイタルホール"",""nameKinds"":{""リサイタルホール"":[""label:ja"",""title:jawiki""],""Recital Hall"":[""label:en""],""Risaitaru Hall"":[""alias:en""]},""readingNames"":[""リサイタルホール""],""primaryReadings"":[]}],""lexical"":[]}"
facility	ちゃむちゅりーすくえあ	チャムチュリースクエア	1851	1851	wiki	orthographic-kana;https://www.wikidata.org/wiki/Q5069719#name	https://www.wikidata.org/wiki/Q5069719	assistant inspection of pair-bound reading evidence and stored semantic facts; targeted pages for identified problems	Recorded reading/surface pair and category supported by cited facts after rule corrections; not a claim of independent expert review	"{""entities"":[{""id"":""Q5069719"",""names"":[""Chamchuri Square"",""チャムチュリースクエア""],""types"":[""Q18142""],""parents"":[],""readings"":[],""title"":""チャムチュリースクエア"",""nameKinds"":{""Chamchuri Square"":[""label:en""],""チャムチュリースクエア"":[""label:ja"",""title:jawiki""]},""readingNames"":[""チャムチュリースクエア""],""primaryReadings"":[]}],""lexical"":[]}"
facility	しねあるて	シネアルテ	1851	1851	wiki	orthographic-kana;https://www.wikidata.org/wiki/Q11307389#name	https://www.wikidata.org/wiki/Q11307389	assistant inspection of pair-bound reading evidence and stored semantic facts; targeted pages for identified problems	Recorded reading/surface pair and category supported by cited facts after rule corrections; not a claim of independent expert review	"{""entities"":[{""id"":""Q11307389"",""names"":[""シネアルテ"",""徳島平和劇場"",""アタック平和"",""平和ドルビー"",""蔵本座""],""types"":[""Q24354""],""parents"":[],""readings"":[],""title"":""シネアルテ"",""nameKinds"":{""シネアルテ"":[""label:ja"",""title:jawiki""],""徳島平和劇場"":[""alias:ja""],""アタック平和"":[""alias:ja""],""平和ドルビー"":[""alias:ja""],""蔵本座"":[""alias:ja""]},""readingNames"":[""シネアルテ""],""primaryReadings"":[]}],""lexical"":[]}"
facility	さがけんりつびじゅつかん	佐賀県立美術館	1851	1851	common	https://www.edrdg.org/jmdict/edict_doc.html#entry-5299829-sense-1	https://www.wikidata.org/wiki/Q22118826#P31;reading:independent-pair;categories:facility;lexical-and-confirmed-referents;https://www.edrdg.org/jmdict/edict_doc.html#entry-5299829-sense-1	assistant inspection of pair-bound reading evidence and stored semantic facts; targeted pages for identified problems	Recorded reading/surface pair and category supported by cited facts after rule corrections; not a claim of independent expert review	"{""entities"":[{""id"":""Q22118826"",""names"":[""佐賀県立美術館"",""Saga Prefectural Art Museum"",""Saga Kenritsu Bijutsukan""],""types"":[""Q207694"",""Q4409567""],""parents"":[],""readings"":[],""title"":""佐賀県立美術館"",""nameKinds"":{""佐賀県立美術館"":[""label:ja"",""title:jawiki""],""Saga Prefectural Art Museum"":[""label:en""],""Saga Kenritsu Bijutsukan"":[""alias:en""]},""readingNames"":[""佐賀県立美術館""],""primaryReadings"":[]}],""lexical"":[{""reading"":""さがけんりつびじゅつかん"",""surface"":""佐賀県立美術館"",""categories"":[""organization""],""evidence"":""https://www.edrdg.org/jmdict/edict_doc.html#entry-5299829-sense-1"",""entryId"":""5299829"",""pos"":[""n""],""version"":""76a91691b63094bf2aedca93cb889c7396945fe961e478f13081d839c9684e0c"",""source"":""JMdict"",""misc"":[""organization""],""glosses"":[""Saga Prefectural Art Museum""]}]}"
facility	いにょちん	イニョチン	1851	1851	common	orthographic-kana;https://www.wikidata.org/wiki/Q478245#name	https://www.wikidata.org/wiki/Q478245	assistant inspection of pair-bound reading evidence and stored semantic facts; targeted pages for identified problems	Recorded reading/surface pair and category supported by cited facts after rule corrections; not a claim of independent expert review	"{""entities"":[{""id"":""Q478245"",""names"":[""Inhotim"",""イニョチン"",""イニョチン・インスティチュート"",""イニョチン;"",""Centro de Arte Contemporânea Inhotim""],""types"":[""Q1759852"",""Q167346"",""Q33506""],""parents"":[],""readings"":[],""title"":""イニョチン"",""nameKinds"":{""Inhotim"":[""label:en""],""イニョチン"":[""label:ja"",""title:jawiki""],""イニョチン・インスティチュート"":[""alias:ja""],""イニョチン;"":[""alias:ja""],""Centro de Arte Contemporânea Inhotim"":[""alias:en""]},""readingNames"":[""イニョチン""],""primaryReadings"":[]}],""lexical"":[]}"
facility	とうきょうこどもとしょかん	東京子ども図書館	1851	1851	wiki	https://www.edrdg.org/jmdict/edict_doc.html#entry-5553272-sense-1	https://www.wikidata.org/wiki/Q11524751#P31;reading:independent-pair;categories:facility;lexical-and-confirmed-referents;https://www.edrdg.org/jmdict/edict_doc.html#entry-5553272-sense-1	assistant inspection of pair-bound reading evidence and stored semantic facts; targeted pages for identified problems	Recorded reading/surface pair and category supported by cited facts after rule corrections; not a claim of independent expert review	"{""entities"":[{""id"":""Q11524751"",""names"":[""東京子ども図書館"",""Tokyo Children's Library"",""公益財団法人東京子ども図書館"",""Tōkyō Kodomo Toshokan""],""types"":[""Q116893808""],""parents"":[],""readings"":[],""title"":""東京子ども図書館"",""nameKinds"":{""東京子ども図書館"":[""label:ja"",""title:jawiki""],""Tokyo Children's Library"":[""label:en""],""公益財団法人東京子ども図書館"":[""alias:ja""],""Tōkyō Kodomo Toshokan"":[""alias:en""]},""readingNames"":[""東京子ども図書館""],""primaryReadings"":[]}],""lexical"":[{""reading"":""とうきょうこどもとしょかん"",""surface"":""東京子ども図書館"",""categories"":[""organization""],""evidence"":""https://www.edrdg.org/jmdict/edict_doc.html#entry-5553272-sense-1"",""entryId"":""5553272"",""pos"":[""n""],""version"":""76a91691b63094bf2aedca93cb889c7396945fe961e478f13081d839c9684e0c"",""source"":""JMdict"",""misc"":[""organization""],""glosses"":[""Tokyo Children's Library""]}]}"
facility	ほすろーのいーわーん	ホスローのイーワーン	1851	1851	wiki	orthographic-kana;https://www.wikidata.org/wiki/Q1486703#name	https://www.wikidata.org/wiki/Q1486703	assistant inspection of pair-bound reading evidence and stored semantic facts; targeted pages for identified problems	Recorded reading/surface pair and category supported by cited facts after rule corrections; not a claim of independent expert review	"{""entities"":[{""id"":""Q1486703"",""names"":[""Taq-i Kisra"",""ホスローのイーワーン"",""Taq-e Kasra"",""Arch of Ctesiphon"",""Tāq Kasrā"",""Taq Kasra""],""types"":[""Q53536964"",""Q839954"",""Q2319498"",""Q183061""],""parents"":[],""readings"":[],""title"":""ホスローのイーワーン"",""nameKinds"":{""Taq-i Kisra"":[""label:en""],""ホスローのイーワーン"":[""label:ja"",""title:jawiki""],""Taq-e Kasra"":[""alias:en""],""Arch of Ctesiphon"":[""alias:en""],""Tāq Kasrā"":[""alias:en""],""Taq Kasra"":[""alias:en""]},""readingNames"":[""ホスローのイーワーン""],""primaryReadings"":[]}],""lexical"":[]}"
facility	のーむる	ノームル	1851	1851	common	orthographic-kana;https://www.wikidata.org/wiki/Q7047565#name	https://www.wikidata.org/wiki/Q7047565	assistant inspection of pair-bound reading evidence and stored semantic facts; targeted pages for identified problems	Recorded reading/surface pair and category supported by cited facts after rule corrections; not a claim of independent expert review	"{""entities"":[{""id"":""Q7047565"",""names"":[""Nohmul"",""ノームル"",""Noh Mul""],""types"":[""Q19860854"",""Q839954""],""parents"":[],""readings"":[],""title"":""ノームル"",""nameKinds"":{""Nohmul"":[""label:en""],""ノームル"":[""label:ja"",""title:jawiki""],""Noh Mul"":[""alias:en""]},""readingNames"":[""ノームル""],""primaryReadings"":[]}],""lexical"":[]}"
facility	せりぬす	セリヌス	1851	1851	wiki	orthographic-kana;https://www.wikidata.org/wiki/Q952173#name	https://www.wikidata.org/wiki/Q952173	assistant inspection of pair-bound reading evidence and stored semantic facts; targeted pages for identified problems	Recorded reading/surface pair and category supported by cited facts after rule corrections; not a claim of independent expert review	"{""entities"":[{""id"":""Q952173"",""names"":[""Selinunte"",""セリヌンテ"",""セリヌス"",""Selinus"",""Mint of Selinus""],""types"":[""Q93342462"",""Q148837"",""Q3363945"",""Q124830213""],""parents"":[],""readings"":[],""title"":""セリヌス"",""nameKinds"":{""Selinunte"":[""label:en""],""セリヌンテ"":[""label:ja""],""セリヌス"":[""alias:ja"",""title:jawiki""],""Selinus"":[""alias:en""],""Mint of Selinus"":[""alias:en""]},""readingNames"":[""セリヌンテ""],""primaryReadings"":[]}],""lexical"":[]}"
facility	つくばめもりあるほーる	つくばメモリアルホール	1851	1851	wiki	orthographic-kana;https://www.wikidata.org/wiki/Q11272237#name	https://www.wikidata.org/wiki/Q11272237	assistant inspection of pair-bound reading evidence and stored semantic facts; targeted pages for identified problems	Recorded reading/surface pair and category supported by cited facts after rule corrections; not a claim of independent expert review	"{""entities"":[{""id"":""Q11272237"",""names"":[""つくばメモリアルホール""],""types"":[""Q157570""],""parents"":[],""readings"":[],""title"":""つくばメモリアルホール"",""nameKinds"":{""つくばメモリアルホール"":[""label:ja"",""title:jawiki""]},""readingNames"":[""つくばメモリアルホール""],""primaryReadings"":[]}],""lexical"":[]}"
facility	すまいるあき	すまいるあき	1851	1851	wiki	orthographic-kana;https://www.wikidata.org/wiki/Q65234975#name	https://www.wikidata.org/wiki/Q65234975	assistant inspection of pair-bound reading evidence and stored semantic facts; targeted pages for identified problems	Recorded reading/surface pair and category supported by cited facts after rule corrections; not a claim of independent expert review	"{""entities"":[{""id"":""Q65234975"",""names"":[""すまいるあき"",""Smile Aki""],""types"":[""Q655686""],""parents"":[],""readings"":[],""title"":""すまいるあき"",""nameKinds"":{""すまいるあき"":[""label:ja"",""title:jawiki""],""Smile Aki"":[""label:en""]},""readingNames"":[""すまいるあき""],""primaryReadings"":[]}],""lexical"":[]}"
facility	いえにかれ	イエニカレ	1851	1851	wiki	orthographic-kana;https://www.wikidata.org/wiki/Q772781#name	https://www.wikidata.org/wiki/Q772781	assistant inspection of pair-bound reading evidence and stored semantic facts; targeted pages for identified problems	Recorded reading/surface pair and category supported by cited facts after rule corrections; not a claim of independent expert review	"{""entities"":[{""id"":""Q772781"",""names"":[""Yeni-Kale"",""イエニカレ""],""types"":[""Q57831"",""Q10296658""],""parents"":[],""readings"":[],""title"":""イエニカレ"",""nameKinds"":{""Yeni-Kale"":[""label:en""],""イエニカレ"":[""label:ja"",""title:jawiki""]},""readingNames"":[""イエニカレ""],""primaryReadings"":[]}],""lexical"":[]}"
facility	えすとぅろいとんねる	エストゥロイトンネル	1851	1851	wiki	orthographic-kana;https://www.wikidata.org/wiki/Q27830387#name	https://www.wikidata.org/wiki/Q27830387	assistant inspection of pair-bound reading evidence and stored semantic facts; targeted pages for identified problems	Recorded reading/surface pair and category supported by cited facts after rule corrections; not a claim of independent expert review	"{""entities"":[{""id"":""Q27830387"",""names"":[""Eysturoyartunnilin"",""エストゥロイトンネル"",""Eysturoy Tunnel""],""types"":[""Q1317590""],""parents"":[],""readings"":[],""title"":""エストゥロイトンネル"",""nameKinds"":{""Eysturoyartunnilin"":[""label:en""],""エストゥロイトンネル"":[""label:ja"",""title:jawiki""],""Eysturoy Tunnel"":[""alias:en""]},""readingNames"":[""エストゥロイトンネル""],""primaryReadings"":[]}],""lexical"":[]}"
facility	しーふぉーとすくえあ	シーフォートスクエア	1851	1851	wiki	orthographic-kana;https://www.wikidata.org/wiki/Q11308886#name	https://www.wikidata.org/wiki/Q11308886	assistant inspection of pair-bound reading evidence and stored semantic facts; targeted pages for identified problems	Recorded reading/surface pair and category supported by cited facts after rule corrections; not a claim of independent expert review	"{""entities"":[{""id"":""Q11308886"",""names"":[""シーフォートスクエア"",""Sea Fort Square"",""シーフォートスクエアー"",""第一ホテル東京シーフォート"",""Seafort Square""],""types"":[""Q1851368""],""parents"":[],""readings"":[],""title"":""シーフォートスクエア"",""nameKinds"":{""シーフォートスクエア"":[""label:ja"",""title:jawiki""],""Sea Fort Square"":[""label:en""],""シーフォートスクエアー"":[""alias:ja""],""第一ホテル東京シーフォート"":[""alias:ja""],""Seafort Square"":[""alias:en""]},""readingNames"":[""シーフォートスクエア""],""primaryReadings"":[]}],""lexical"":[]}"
facility	らもちぇ	ラモチェ	1851	1851	wiki	orthographic-kana;https://www.wikidata.org/wiki/Q1853679#name	https://www.wikidata.org/wiki/Q1853679	assistant inspection of pair-bound reading evidence and stored semantic facts; targeted pages for identified problems	Recorded reading/surface pair and category supported by cited facts after rule corrections; not a claim of independent expert review	"{""entities"":[{""id"":""Q1853679"",""names"":[""ラモチェ"",""Ramoche Temple"",""小昭寺"",""ラモチェ寺"",""jiada remuqi zulakang""],""types"":[""Q5393308"",""Q10300916""],""parents"":[],""readings"":[],""title"":""ラモチェ寺"",""nameKinds"":{""ラモチェ"":[""label:ja""],""Ramoche Temple"":[""label:en""],""小昭寺"":[""alias:ja""],""ラモチェ寺"":[""alias:ja"",""title:jawiki""],""jiada remuqi zulakang"":[""alias:en""]},""readingNames"":[""ラモチェ""],""primaryReadings"":[]}],""lexical"":[]}"
facility	らいすはれ	ライスハレ	1851	1851	wiki	orthographic-kana;https://www.wikidata.org/wiki/Q881121#name	https://www.wikidata.org/wiki/Q881121	assistant inspection of pair-bound reading evidence and stored semantic facts; targeted pages for identified problems	Recorded reading/surface pair and category supported by cited facts after rule corrections; not a claim of independent expert review	"{""entities"":[{""id"":""Q881121"",""names"":[""ライスハレ"",""Laeiszhalle"",""ムジークハレ""],""types"":[""Q1060829""],""parents"":[],""readings"":[],""title"":""ライスハレ"",""nameKinds"":{""ライスハレ"":[""label:ja"",""title:jawiki""],""Laeiszhalle"":[""label:en""],""ムジークハレ"":[""alias:ja""]},""readingNames"":[""ライスハレ""],""primaryReadings"":[]}],""lexical"":[]}"
facility	しゅろあもーる	シュロアモール	1851	1851	wiki	orthographic-kana;https://www.wikidata.org/wiki/Q11308053#name	https://www.wikidata.org/wiki/Q11308053	assistant inspection of pair-bound reading evidence and stored semantic facts; targeted pages for identified problems	Recorded reading/surface pair and category supported by cited facts after rule corrections; not a claim of independent expert review	"{""entities"":[{""id"":""Q11308053"",""names"":[""シュロアモール"",""シュロアモール筑紫野""],""types"":[""Q11315""],""parents"":[],""readings"":[],""title"":""シュロアモール"",""nameKinds"":{""シュロアモール"":[""label:ja"",""title:jawiki""],""シュロアモール筑紫野"":[""alias:ja""]},""readingNames"":[""シュロアモール""],""primaryReadings"":[]}],""lexical"":[]}"
facility	おおむらびじゅつかん	大村美術館	1851	1851	common	https://www.edrdg.org/jmdict/edict_doc.html#entry-5494578-sense-1	https://www.wikidata.org/wiki/Q11436065#P31;reading:independent-pair;categories:facility;lexical-and-confirmed-referents;https://www.edrdg.org/jmdict/edict_doc.html#entry-5494578-sense-1	assistant inspection of pair-bound reading evidence and stored semantic facts; targeted pages for identified problems	Recorded reading/surface pair and category supported by cited facts after rule corrections; not a claim of independent expert review	"{""entities"":[{""id"":""Q11436065"",""names"":[""大村美術館"",""Omura Art Museum""],""types"":[""Q207694""],""parents"":[],""readings"":[],""title"":""大村美術館"",""nameKinds"":{""大村美術館"":[""label:ja"",""title:jawiki""],""Omura Art Museum"":[""label:en""]},""readingNames"":[""大村美術館""],""primaryReadings"":[]}],""lexical"":[{""reading"":""おおむらびじゅつかん"",""surface"":""大村美術館"",""categories"":[""organization""],""evidence"":""https://www.edrdg.org/jmdict/edict_doc.html#entry-5494578-sense-1"",""entryId"":""5494578"",""pos"":[""n""],""version"":""76a91691b63094bf2aedca93cb889c7396945fe961e478f13081d839c9684e0c"",""source"":""JMdict"",""misc"":[""organization""],""glosses"":[""Omura Museum""]}]}"
facility	おじゃれせんたー	おじゃれセンター	1851	1851	common	orthographic-kana;https://www.wikidata.org/wiki/Q85868586#name	https://www.wikidata.org/wiki/Q85868586	assistant inspection of pair-bound reading evidence and stored semantic facts; targeted pages for identified problems	Recorded reading/surface pair and category supported by cited facts after rule corrections; not a claim of independent expert review	"{""entities"":[{""id"":""Q85868586"",""names"":[""おじゃれセンター""],""types"":[""Q56352703""],""parents"":[],""readings"":[],""title"":""おじゃれセンター"",""nameKinds"":{""おじゃれセンター"":[""label:ja"",""title:jawiki""]},""readingNames"":[""おじゃれセンター""],""primaryReadings"":[]}],""lexical"":[]}"
facility	さーらたわー	サーラタワー	1851	1851	wiki	orthographic-kana;https://www.wikidata.org/wiki/Q136530483#name	https://www.wikidata.org/wiki/Q136530483	assistant inspection of pair-bound reading evidence and stored semantic facts; targeted pages for identified problems	Recorded reading/surface pair and category supported by cited facts after rule corrections; not a claim of independent expert review	"{""entities"":[{""id"":""Q136530483"",""names"":[""Cocola Front Sala Tower"",""サーラタワー""],""types"":[""Q41176""],""parents"":[],""readings"":[],""nameKinds"":{""Cocola Front Sala Tower"":[""label:en""],""サーラタワー"":[""label:ja""]},""readingNames"":[""サーラタワー""],""primaryReadings"":[]}],""lexical"":[]}"
facility	ゆーろたわー	ユーロタワー	1851	1851	wiki	orthographic-kana;https://www.wikidata.org/wiki/Q198046#name	https://www.wikidata.org/wiki/Q198046	assistant inspection of pair-bound reading evidence and stored semantic facts; targeted pages for identified problems	Recorded reading/surface pair and category supported by cited facts after rule corrections; not a claim of independent expert review	"{""entities"":[{""id"":""Q198046"",""names"":[""Eurotower"",""ユーロタワー""],""types"":[""Q11303"",""Q1021645""],""parents"":[],""readings"":[],""title"":""ユーロタワー"",""nameKinds"":{""Eurotower"":[""label:en""],""ユーロタワー"":[""label:ja"",""title:jawiki""]},""readingNames"":[""ユーロタワー""],""primaryReadings"":[]}],""lexical"":[]}"
facility	あきしまえんしす	アキシマエンシス	1851	1851	wiki	orthographic-kana;https://www.wikidata.org/wiki/Q125962971#name	https://www.wikidata.org/wiki/Q125962971	assistant inspection of pair-bound reading evidence and stored semantic facts; targeted pages for identified problems	Recorded reading/surface pair and category supported by cited facts after rule corrections; not a claim of independent expert review	"{""entities"":[{""id"":""Q125962971"",""names"":[""Akishimaensis"",""アキシマエンシス""],""types"":[""Q108822337""],""parents"":[],""readings"":[],""title"":""アキシマエンシス"",""nameKinds"":{""Akishimaensis"":[""label:en""],""アキシマエンシス"":[""label:ja"",""title:jawiki""]},""readingNames"":[""アキシマエンシス""],""primaryReadings"":[]}],""lexical"":[]}"
facility	さうなせんたー	サウナセンター	1851	1851	wiki	orthographic-kana;https://www.wikidata.org/wiki/Q117084892#name	https://www.wikidata.org/wiki/Q117084892	assistant inspection of pair-bound reading evidence and stored semantic facts; targeted pages for identified problems	Recorded reading/surface pair and category supported by cited facts after rule corrections; not a claim of independent expert review	"{""entities"":[{""id"":""Q117084892"",""names"":[""サウナセンター""],""types"":[""Q41176""],""parents"":[],""readings"":[],""title"":""サウナセンター"",""nameKinds"":{""サウナセンター"":[""label:ja"",""title:jawiki""]},""readingNames"":[""サウナセンター""],""primaryReadings"":[]}],""lexical"":[]}"
facility	まりえとやま	マリエとやま	1851	1851	wiki	orthographic-kana;https://www.wikidata.org/wiki/Q11341016#name	https://www.wikidata.org/wiki/Q11341016	assistant inspection of pair-bound reading evidence and stored semantic facts; targeted pages for identified problems	Recorded reading/surface pair and category supported by cited facts after rule corrections; not a claim of independent expert review	"{""entities"":[{""id"":""Q11341016"",""names"":[""マリエとやま"",""Marier Toyama"",""富山ターミナルビル"",""MARIERとやま""],""types"":[""Q11315"",""Q1339195""],""parents"":[],""readings"":[],""title"":""マリエとやま"",""nameKinds"":{""マリエとやま"":[""label:ja"",""title:jawiki""],""Marier Toyama"":[""label:en""],""富山ターミナルビル"":[""alias:ja""],""MARIERとやま"":[""alias:ja""]},""readingNames"":[""マリエとやま""],""primaryReadings"":[]}],""lexical"":[]}"
facility	みっふぃーかふぇかまいし	ミッフィーカフェかまいし	1851	1851	common	orthographic-kana;https://www.wikidata.org/wiki/Q65242931#name	https://www.wikidata.org/wiki/Q65242931	assistant inspection of pair-bound reading evidence and stored semantic facts; targeted pages for identified problems	Recorded reading/surface pair and category supported by cited facts after rule corrections; not a claim of independent expert review	"{""entities"":[{""id"":""Q65242931"",""names"":[""ミッフィーカフェかまいし"",""Miffy Cafe Kamaishi""],""types"":[""Q1045860"",""Q676586""],""parents"":[],""readings"":[],""title"":""ミッフィーカフェかまいし"",""nameKinds"":{""ミッフィーカフェかまいし"":[""label:ja"",""title:jawiki""],""Miffy Cafe Kamaishi"":[""label:en""]},""readingNames"":[""ミッフィーカフェかまいし""],""primaryReadings"":[]}],""lexical"":[]}"
facility	こはととんねる	コハトトンネル	1851	1851	wiki	orthographic-kana;https://www.wikidata.org/wiki/Q6425928#name	https://www.wikidata.org/wiki/Q6425928	assistant inspection of pair-bound reading evidence and stored semantic facts; targeted pages for identified problems	Recorded reading/surface pair and category supported by cited facts after rule corrections; not a claim of independent expert review	"{""entities"":[{""id"":""Q6425928"",""names"":[""Kohat Tunnel"",""コハトトンネル"",""Kohat Sarang"",""Pak-Japan Friendship Tunnel"",""Friendship Tunnel"",""コハットトンネル""],""types"":[""Q2354973""],""parents"":[],""readings"":[],""title"":""コハットトンネル"",""nameKinds"":{""Kohat Tunnel"":[""label:en""],""コハトトンネル"":[""label:ja""],""Kohat Sarang"":[""alias:en""],""Pak-Japan Friendship Tunnel"":[""alias:en""],""Friendship Tunnel"":[""alias:en""],""コハットトンネル"":[""alias:ja"",""title:jawiki""]},""readingNames"":[""コハトトンネル""],""primaryReadings"":[]}],""lexical"":[]}"
facility	うえほんまちはいはいたうん	うえほんまちハイハイタウン	1851	1851	wiki	orthographic-kana;https://www.wikidata.org/wiki/Q11260287#name	https://www.wikidata.org/wiki/Q11260287	assistant inspection of pair-bound reading evidence and stored semantic facts; targeted pages for identified problems	Recorded reading/surface pair and category supported by cited facts after rule corrections; not a claim of independent expert review	"{""entities"":[{""id"":""Q11260287"",""names"":[""うえほんまちハイハイタウン""],""types"":[""Q11315""],""parents"":[],""readings"":[],""title"":""うえほんまちハイハイタウン"",""nameKinds"":{""うえほんまちハイハイタウン"":[""label:ja"",""title:jawiki""]},""readingNames"":[""うえほんまちハイハイタウン""],""primaryReadings"":[]}],""lexical"":[]}"
facility	うつのみやてらす	ウツノミヤテラス	1851	1851	wiki	orthographic-kana;https://www.wikidata.org/wiki/Q114497752#name	https://www.wikidata.org/wiki/Q114497752	assistant inspection of pair-bound reading evidence and stored semantic facts; targeted pages for identified problems	Recorded reading/surface pair and category supported by cited facts after rule corrections; not a claim of independent expert review	"{""entities"":[{""id"":""Q114497752"",""names"":[""ウツノミヤテラス"",""Utsunomiya Terrace""],""types"":[""Q655686""],""parents"":[],""readings"":[],""title"":""ウツノミヤテラス"",""nameKinds"":{""ウツノミヤテラス"":[""label:ja"",""title:jawiki""],""Utsunomiya Terrace"":[""label:en""]},""readingNames"":[""ウツノミヤテラス""],""primaryReadings"":[]}],""lexical"":[]}"
facility	りりーとれいん	リリートレイン	1851	1851	common	orthographic-kana;https://www.wikidata.org/wiki/Q11348575#name	https://www.wikidata.org/wiki/Q11348575	assistant inspection of pair-bound reading evidence and stored semantic facts; targeted pages for identified problems	Recorded reading/surface pair and category supported by cited facts after rule corrections; not a claim of independent expert review	"{""entities"":[{""id"":""Q11348575"",""names"":[""リリートレイン""],""types"":[""Q121118098""],""parents"":[],""readings"":[],""title"":""リリートレイン"",""nameKinds"":{""リリートレイン"":[""label:ja"",""title:jawiki""]},""readingNames"":[""リリートレイン""],""primaryReadings"":[]}],""lexical"":[]}"
facility	しょうわびじゅつかん	昭和美術館	1851	1851	wiki	https://www.edrdg.org/jmdict/edict_doc.html#entry-5383406-sense-1	https://www.wikidata.org/wiki/Q11514132#P31;reading:independent-pair;categories:facility;lexical-and-confirmed-referents;https://www.edrdg.org/jmdict/edict_doc.html#entry-5383406-sense-1	assistant inspection of pair-bound reading evidence and stored semantic facts; targeted pages for identified problems	Recorded reading/surface pair and category supported by cited facts after rule corrections; not a claim of independent expert review	"{""entities"":[{""id"":""Q11514132"",""names"":[""昭和美術館"",""Showa Museum of Art""],""types"":[""Q207694""],""parents"":[],""readings"":[],""title"":""昭和美術館"",""nameKinds"":{""昭和美術館"":[""label:ja"",""title:jawiki""],""Showa Museum of Art"":[""label:en""]},""readingNames"":[""昭和美術館""],""primaryReadings"":[]}],""lexical"":[{""reading"":""しょうわびじゅつかん"",""surface"":""昭和美術館"",""categories"":[""organization""],""evidence"":""https://www.edrdg.org/jmdict/edict_doc.html#entry-5383406-sense-1"",""entryId"":""5383406"",""pos"":[""n""],""version"":""76a91691b63094bf2aedca93cb889c7396945fe961e478f13081d839c9684e0c"",""source"":""JMdict"",""misc"":[""organization""],""glosses"":[""Showa Museum of Art""]}]}"
facility	そにーしてぃ	ソニーシティ	1851	1851	common	orthographic-kana;https://www.wikidata.org/wiki/Q11315183#name	https://www.wikidata.org/wiki/Q11315183	assistant inspection of pair-bound reading evidence and stored semantic facts; targeted pages for identified problems	Recorded reading/surface pair and category supported by cited facts after rule corrections; not a claim of independent expert review	"{""entities"":[{""id"":""Q11315183"",""names"":[""ソニーシティ"",""Sony City"",""Sony Headquarters Building"",""ソニー本社ビル""],""types"":[""Q18142"",""Q1021645""],""parents"":[],""readings"":[],""title"":""ソニーシティ"",""nameKinds"":{""ソニーシティ"":[""label:ja"",""title:jawiki""],""Sony City"":[""label:en""],""Sony Headquarters Building"":[""alias:en""],""ソニー本社ビル"":[""alias:ja""]},""readingNames"":[""ソニーシティ""],""primaryReadings"":[]}],""lexical"":[]}"
facility	ふぉれすたーはうす	フォレスターハウス	1851	1851	wiki	orthographic-kana;https://www.wikidata.org/wiki/Q28683101#name	https://www.wikidata.org/wiki/Q28683101	assistant inspection of pair-bound reading evidence and stored semantic facts; targeted pages for identified problems	Recorded reading/surface pair and category supported by cited facts after rule corrections; not a claim of independent expert review	"{""entities"":[{""id"":""Q28683101"",""names"":[""フォレスターハウス"",""Forester House"",""住友の森フォレスターハウス"",""住友林業フォレスターハウス""],""types"":[""Q26944989""],""parents"":[],""readings"":[],""title"":""フォレスターハウス"",""nameKinds"":{""フォレスターハウス"":[""label:ja"",""title:jawiki""],""Forester House"":[""label:en""],""住友の森フォレスターハウス"":[""alias:ja""],""住友林業フォレスターハウス"":[""alias:ja""]},""readingNames"":[""フォレスターハウス""],""primaryReadings"":[]}],""lexical"":[]}"
facility	めとれおん	メトレオン	1851	1851	wiki	orthographic-kana;https://www.wikidata.org/wiki/Q8014471#name	https://www.wikidata.org/wiki/Q8014471	assistant inspection of pair-bound reading evidence and stored semantic facts; targeted pages for identified problems	Recorded reading/surface pair and category supported by cited facts after rule corrections; not a claim of independent expert review	"{""entities"":[{""id"":""Q8014471"",""names"":[""メトレオン"",""Metreon""],""types"":[""Q11315""],""parents"":[],""readings"":[],""title"":""メトレオン"",""nameKinds"":{""メトレオン"":[""label:ja"",""title:jawiki""],""Metreon"":[""label:en""]},""readingNames"":[""メトレオン""],""primaryReadings"":[]}],""lexical"":[]}"
facility	ふぁみい	ファミイ	1851	1851	common	orthographic-kana;https://www.wikidata.org/wiki/Q11332025#name	https://www.wikidata.org/wiki/Q11332025	assistant inspection of pair-bound reading evidence and stored semantic facts; targeted pages for identified problems	Recorded reading/surface pair and category supported by cited facts after rule corrections; not a claim of independent expert review	"{""entities"":[{""id"":""Q11332025"",""names"":[""ファミイ""],""types"":[""Q11315""],""parents"":[],""readings"":[],""title"":""ファミイ"",""nameKinds"":{""ファミイ"":[""label:ja"",""title:jawiki""]},""readingNames"":[""ファミイ""],""primaryReadings"":[]}],""lexical"":[]}"
facility	くないちょうびょういん	宮内庁病院	1851	1851	common	https://www.edrdg.org/jmdict/edict_doc.html#entry-5216226-sense-1	https://www.wikidata.org/wiki/Q11453310#P31;reading:independent-pair;categories:facility;lexical-and-confirmed-referents;https://www.edrdg.org/jmdict/edict_doc.html#entry-5216226-sense-1	assistant inspection of pair-bound reading evidence and stored semantic facts; targeted pages for identified problems	Recorded reading/surface pair and category supported by cited facts after rule corrections; not a claim of independent expert review	"{""entities"":[{""id"":""Q11453310"",""names"":[""宮内庁病院"",""Hospital of the Imperial Household"",""Imperial Household Agency Hospital""],""types"":[""Q16917""],""parents"":[],""readings"":[],""title"":""宮内庁病院"",""nameKinds"":{""宮内庁病院"":[""label:ja"",""title:jawiki""],""Hospital of the Imperial Household"":[""label:en""],""Imperial Household Agency Hospital"":[""alias:en""]},""readingNames"":[""宮内庁病院""],""primaryReadings"":[]}],""lexical"":[{""reading"":""くないちょうびょういん"",""surface"":""宮内庁病院"",""categories"":[""organization""],""evidence"":""https://www.edrdg.org/jmdict/edict_doc.html#entry-5216226-sense-1"",""entryId"":""5216226"",""pos"":[""n""],""version"":""76a91691b63094bf2aedca93cb889c7396945fe961e478f13081d839c9684e0c"",""source"":""JMdict"",""misc"":[""organization""],""glosses"":[""Imperial Household Agency hospital"",""Imperial Household Hospital"",""royal hospital"",""Hospital of the Imperial Household""]}]}"
facility	としましじょう	豊島市場	1851	1851	common	https://www.wikidata.org/wiki/Q105710695#P1814;name-bound-written-variant	https://www.wikidata.org/wiki/Q105710695	assistant inspection of pair-bound reading evidence and stored semantic facts; targeted pages for identified problems	Recorded reading/surface pair and category supported by cited facts after rule corrections; not a claim of independent expert review	"{""entities"":[{""id"":""Q105710695"",""names"":[""豊島市場"",""Toshima Shijo"",""東京都中央卸売市場豊島市場｜豊島青果市場"",""Toshima Shijou""],""types"":[""Q11363644""],""parents"":[],""readings"":[""としましじょう""],""title"":""豊島市場"",""nameKinds"":{""豊島市場"":[""label:ja"",""title:jawiki""],""Toshima Shijo"":[""label:en""],""東京都中央卸売市場豊島市場｜豊島青果市場"":[""alias:ja""],""Toshima Shijou"":[""alias:en""]},""readingNames"":[""豊島市場""],""primaryReadings"":[""としましじょう""]}],""lexical"":[]}"
facility	てぃあるふ	ティアルフ	1851	1851	wiki	orthographic-kana;https://www.wikidata.org/wiki/Q1371953#name	https://www.wikidata.org/wiki/Q1371953	assistant inspection of pair-bound reading evidence and stored semantic facts; targeted pages for identified problems	Recorded reading/surface pair and category supported by cited facts after rule corrections; not a claim of independent expert review	"{""entities"":[{""id"":""Q1371953"",""names"":[""Thialf"",""ティアルフ"",""ヘーレンフェーン""],""types"":[""Q641226"",""Q1282870""],""parents"":[],""readings"":[],""title"":""ティアルフ"",""nameKinds"":{""Thialf"":[""label:en""],""ティアルフ"":[""label:ja"",""title:jawiki""],""ヘーレンフェーン"":[""alias:ja""]},""readingNames"":[""ティアルフ""],""primaryReadings"":[]}],""lexical"":[]}"
facility	めいちか	メイチカ	1851	1851	common	orthographic-kana;https://www.wikidata.org/wiki/Q30925403#name	https://www.wikidata.org/wiki/Q30925403	assistant inspection of pair-bound reading evidence and stored semantic facts; targeted pages for identified problems	Recorded reading/surface pair and category supported by cited facts after rule corrections; not a claim of independent expert review	"{""entities"":[{""id"":""Q30925403"",""names"":[""メイチカ"",""Meichika""],""types"":[""Q1348073""],""parents"":[],""readings"":[],""title"":""メイチカ"",""nameKinds"":{""メイチカ"":[""label:ja"",""title:jawiki""],""Meichika"":[""label:en""]},""readingNames"":[""メイチカ""],""primaryReadings"":[]}],""lexical"":[]}"
facility	すーぱーこいけ	すーぱーこいけ	1851	1851	wiki	orthographic-kana;https://www.wikidata.org/wiki/Q113125918#name	https://www.wikidata.org/wiki/Q113125918	assistant inspection of pair-bound reading evidence and stored semantic facts; targeted pages for identified problems	Recorded reading/surface pair and category supported by cited facts after rule corrections; not a claim of independent expert review	"{""entities"":[{""id"":""Q113125918"",""names"":[""すーぱーこいけ"",""有限会社小池""],""types"":[""Q180846""],""parents"":[],""readings"":[],""title"":""すーぱーこいけ"",""nameKinds"":{""すーぱーこいけ"":[""label:ja"",""title:jawiki""],""有限会社小池"":[""alias:ja""]},""readingNames"":[""すーぱーこいけ""],""primaryReadings"":[]}],""lexical"":[]}"
facility	ふらび	ふらび	1851	1851	common	orthographic-kana;https://www.wikidata.org/wiki/Q11277240#name	https://www.wikidata.org/wiki/Q11277240	assistant inspection of pair-bound reading evidence and stored semantic facts; targeted pages for identified problems	Recorded reading/surface pair and category supported by cited facts after rule corrections; not a claim of independent expert review	"{""entities"":[{""id"":""Q11277240"",""names"":[""ふらび""],""types"":[""Q33506""],""parents"":[],""readings"":[],""title"":""ふらび"",""nameKinds"":{""ふらび"":[""label:ja"",""title:jawiki""]},""readingNames"":[""ふらび""],""primaryReadings"":[]}],""lexical"":[]}"
facility	ふれあほーる	フレアホール	1851	1851	wiki	orthographic-kana;https://www.wikidata.org/wiki/Q3924620#name	https://www.wikidata.org/wiki/Q3924620	assistant inspection of pair-bound reading evidence and stored semantic facts; targeted pages for identified problems	Recorded reading/surface pair and category supported by cited facts after rule corrections; not a claim of independent expert review	"{""entities"":[{""id"":""Q3924620"",""names"":[""フレアホール"",""Frere Hall""],""types"":[""Q41176""],""parents"":[],""readings"":[],""title"":""フレアホール"",""nameKinds"":{""フレアホール"":[""label:ja"",""title:jawiki""],""Frere Hall"":[""label:en""]},""readingNames"":[""フレアホール""],""primaryReadings"":[]}],""lexical"":[]}"
facility	ちとせもーる	ちとせモール	1851	1851	wiki	orthographic-kana;https://www.wikidata.org/wiki/Q130734358#name	https://www.wikidata.org/wiki/Q130734358	assistant inspection of pair-bound reading evidence and stored semantic facts; targeted pages for identified problems	Recorded reading/surface pair and category supported by cited facts after rule corrections; not a claim of independent expert review	"{""entities"":[{""id"":""Q130734358"",""names"":[""ちとせモール"",""Chitose Mall""],""types"":[""Q655686""],""parents"":[],""readings"":[],""title"":""ちとせモール"",""nameKinds"":{""ちとせモール"":[""label:ja"",""title:jawiki""],""Chitose Mall"":[""label:en""]},""readingNames"":[""ちとせモール""],""primaryReadings"":[]}],""lexical"":[]}"
facility	らいおんかん	ライオンカン	1851	1851	wiki	orthographic-kana;https://www.wikidata.org/wiki/Q11346299#name	https://www.wikidata.org/wiki/Q11346299	assistant inspection of pair-bound reading evidence and stored semantic facts; targeted pages for identified problems	Recorded reading/surface pair and category supported by cited facts after rule corrections; not a claim of independent expert review	"{""entities"":[{""id"":""Q11346299"",""names"":[""ライオンカン""],""types"":[""Q24354""],""parents"":[],""readings"":[],""title"":""ライオンカン"",""nameKinds"":{""ライオンカン"":[""label:ja"",""title:jawiki""]},""readingNames"":[""ライオンカン""],""primaryReadings"":[]}],""lexical"":[]}"
facility	したくべや	支度部屋	1851	1851	common	https://www.edrdg.org/jmdict/edict_doc.html#entry-1936470-sense-1	https://www.wikidata.org/wiki/Q109363018#P31;reading:independent-pair;categories:facility;lexical-and-confirmed-referents;https://www.edrdg.org/jmdict/edict_doc.html#entry-1936470-sense-1	assistant inspection of pair-bound reading evidence and stored semantic facts; targeted pages for identified problems	Recorded reading/surface pair and category supported by cited facts after rule corrections; not a claim of independent expert review	"{""entities"":[{""id"":""Q109363018"",""names"":[""支度部屋""],""types"":[""Q180516""],""parents"":[],""readings"":[],""title"":""支度部屋"",""nameKinds"":{""支度部屋"":[""label:ja"",""title:jawiki""]},""readingNames"":[""支度部屋""],""primaryReadings"":[]}],""lexical"":[{""reading"":""したくべや"",""surface"":""支度部屋"",""categories"":[""general""],""evidence"":""https://www.edrdg.org/jmdict/edict_doc.html#entry-1936470-sense-1"",""entryId"":""1936470"",""pos"":[""n""],""version"":""76a91691b63094bf2aedca93cb889c7396945fe961e478f13081d839c9684e0c"",""source"":""JMdict"",""glosses"":[""dressing room""]}]}"
facility	きゅうぎじょう	球戯場	1851	1851	wiki	https://www.edrdg.org/jmdict/edict_doc.html#entry-2852814-sense-1;https://www.edrdg.org/jmdict/edict_doc.html#entry-2852814-sense-2	https://www.wikidata.org/wiki/Q805255#P31;reading:independent-pair;categories:facility;lexical-and-confirmed-referents;https://www.edrdg.org/jmdict/edict_doc.html#entry-2852814-sense-1;https://www.edrdg.org/jmdict/edict_doc.html#entry-2852814-sense-2	assistant inspection of pair-bound reading evidence and stored semantic facts; targeted pages for identified problems	Recorded reading/surface pair and category supported by cited facts after rule corrections; not a claim of independent expert review	"{""entities"":[{""id"":""Q805255"",""names"":[""球戯場"",""Salle du Jeu de Paume""],""types"":[""Q805248""],""parents"":[],""readings"":[],""title"":""球戯場"",""nameKinds"":{""球戯場"":[""label:ja"",""title:jawiki""],""Salle du Jeu de Paume"":[""label:en""]},""readingNames"":[""球戯場""],""primaryReadings"":[]}],""lexical"":[{""reading"":""きゅうぎじょう"",""surface"":""球戯場"",""categories"":[""general""],""evidence"":""https://www.edrdg.org/jmdict/edict_doc.html#entry-2852814-sense-1"",""entryId"":""2852814"",""pos"":[""n""],""version"":""76a91691b63094bf2aedca93cb889c7396945fe961e478f13081d839c9684e0c"",""source"":""JMdict"",""misc"":[""dated""],""glosses"":[""billiard hall"",""pool hall""]},{""reading"":""きゅうぎじょう"",""surface"":""球戯場"",""categories"":[""general""],""evidence"":""https://www.edrdg.org/jmdict/edict_doc.html#entry-2852814-sense-2"",""entryId"":""2852814"",""pos"":[""n""],""version"":""76a91691b63094bf2aedca93cb889c7396945fe961e478f13081d839c9684e0c"",""source"":""JMdict"",""misc"":[""dated""],""glosses"":[""tennis court""]}]}"
facility	すてちゅつぃ	ステチュツィ	1851	1851	wiki	orthographic-kana;https://www.wikidata.org/wiki/Q63724#name	https://www.wikidata.org/wiki/Q63724	assistant inspection of pair-bound reading evidence and stored semantic facts; targeted pages for identified problems	Recorded reading/surface pair and category supported by cited facts after rule corrections; not a claim of independent expert review	"{""entities"":[{""id"":""Q63724"",""names"":[""ステチュツィ"",""stechak"",""Stećak necropolises"",""Necropolis of stećaks"",""Stećaks"",""ステチュク"",""中・東欧の中世の墓碑""],""types"":[""Q358"",""Q203443"",""Q1722560""],""parents"":[""Q203443""],""readings"":[],""title"":""ステチュツィ"",""nameKinds"":{""ステチュツィ"":[""label:ja"",""title:jawiki""],""stechak"":[""label:en""],""Stećak necropolises"":[""alias:en""],""Necropolis of stećaks"":[""alias:en""],""Stećaks"":[""alias:en""],""ステチュク"":[""alias:ja""],""中・東欧の中世の墓碑"":[""alias:ja""]},""readingNames"":[""ステチュツィ""],""primaryReadings"":[]}],""lexical"":[]}"
facility	しりつおたるびじゅつかん	市立小樽美術館	1851	1851	wiki	https://www.edrdg.org/jmdict/edict_doc.html#entry-5329095-sense-1	https://www.wikidata.org/wiki/Q11462169#P31;reading:independent-pair;categories:facility;lexical-and-confirmed-referents;https://www.edrdg.org/jmdict/edict_doc.html#entry-5329095-sense-1	assistant inspection of pair-bound reading evidence and stored semantic facts; targeted pages for identified problems	Recorded reading/surface pair and category supported by cited facts after rule corrections; not a claim of independent expert review	"{""entities"":[{""id"":""Q11462169"",""names"":[""市立小樽美術館"",""Otaru City Museum of Art"",""小樽美術館"",""Otaru Municipal Art Museum"",""Otaru City Art Museum"",""Otaru Municipal Museum of Art""],""types"":[""Q207694""],""parents"":[],""readings"":[],""title"":""市立小樽美術館"",""nameKinds"":{""市立小樽美術館"":[""label:ja"",""title:jawiki""],""Otaru City Museum of Art"":[""label:en""],""小樽美術館"":[""alias:ja""],""Otaru Municipal Art Museum"":[""alias:en""],""Otaru City Art Museum"":[""alias:en""],""Otaru Municipal Museum of Art"":[""alias:en""]},""readingNames"":[""市立小樽美術館""],""primaryReadings"":[]}],""lexical"":[{""reading"":""しりつおたるびじゅつかん"",""surface"":""市立小樽美術館"",""categories"":[""organization""],""evidence"":""https://www.edrdg.org/jmdict/edict_doc.html#entry-5329095-sense-1"",""entryId"":""5329095"",""pos"":[""n""],""version"":""76a91691b63094bf2aedca93cb889c7396945fe961e478f13081d839c9684e0c"",""source"":""JMdict"",""misc"":[""organization""],""glosses"":[""Otaru City Museum of Art""]}]}"
facility	かすたむはうす	カスタムハウス	1851	1851	neologd	orthographic-kana;https://www.wikidata.org/wiki/Q6536542#name	https://www.wikidata.org/wiki/Q6536542	assistant inspection of pair-bound reading evidence and stored semantic facts; targeted pages for identified problems	Recorded reading/surface pair and category supported by cited facts after rule corrections; not a claim of independent expert review	"{""entities"":[{""id"":""Q6536542"",""names"":[""Lewis F. Powell, Jr., United States Courthouse"",""カスタムハウス""],""types"":[""Q218653""],""parents"":[],""readings"":[],""nameKinds"":{""Lewis F. Powell, Jr., United States Courthouse"":[""label:en""],""カスタムハウス"":[""label:ja""]},""readingNames"":[""カスタムハウス""],""primaryReadings"":[]}],""lexical"":[]}"
facility	かいほう	海堡	1851	1851	wiki	https://www.edrdg.org/jmdict/edict_doc.html#entry-1863980-sense-1	https://www.wikidata.org/wiki/Q11558822#P31;reading:independent-pair;categories:facility;lexical-and-confirmed-referents;https://www.edrdg.org/jmdict/edict_doc.html#entry-1863980-sense-1	assistant inspection of pair-bound reading evidence and stored semantic facts; targeted pages for identified problems	Recorded reading/surface pair and category supported by cited facts after rule corrections; not a claim of independent expert review	"{""entities"":[{""id"":""Q11558822"",""names"":[""海堡"",""Japanese sea fort""],""types"":[""Q18247357""],""parents"":[""Q20097897"",""Q13691""],""readings"":[],""title"":""海堡"",""nameKinds"":{""海堡"":[""label:ja"",""title:jawiki""],""Japanese sea fort"":[""label:en""]},""readingNames"":[""海堡""],""primaryReadings"":[]}],""lexical"":[{""reading"":""かいほう"",""surface"":""海堡"",""categories"":[""general""],""evidence"":""https://www.edrdg.org/jmdict/edict_doc.html#entry-1863980-sense-1"",""entryId"":""1863980"",""pos"":[""n""],""version"":""76a91691b63094bf2aedca93cb889c7396945fe961e478f13081d839c9684e0c"",""source"":""JMdict"",""glosses"":[""breakwater"",""coast battery""]}]}"
facility	えいみーすとりーと	エイミーストリート	1851	1851	common	orthographic-kana;https://www.wikidata.org/wiki/Q934307#name	https://www.wikidata.org/wiki/Q934307	assistant inspection of pair-bound reading evidence and stored semantic facts; targeted pages for identified problems	Recorded reading/surface pair and category supported by cited facts after rule corrections; not a claim of independent expert review	"{""entities"":[{""id"":""Q934307"",""names"":[""Amie Street"",""エイミーストリート""],""types"":[""Q43060""],""parents"":[],""readings"":[],""title"":""エイミーストリート"",""nameKinds"":{""Amie Street"":[""label:en""],""エイミーストリート"":[""label:ja"",""title:jawiki""]},""readingNames"":[""エイミーストリート""],""primaryReadings"":[]}],""lexical"":[]}"
facility	ひめじしりつびじゅつかん	姫路市立美術館	1851	1851	wiki	https://www.edrdg.org/jmdict/edict_doc.html#entry-5612721-sense-1	https://www.wikidata.org/wiki/Q11447532#P31;reading:independent-pair;categories:facility;lexical-and-confirmed-referents;https://www.edrdg.org/jmdict/edict_doc.html#entry-5612721-sense-1	assistant inspection of pair-bound reading evidence and stored semantic facts; targeted pages for identified problems	Recorded reading/surface pair and category supported by cited facts after rule corrections; not a claim of independent expert review	"{""entities"":[{""id"":""Q11447532"",""names"":[""姫路市立美術館"",""Himeji City Museum of Art""],""types"":[""Q207694""],""parents"":[],""readings"":[],""title"":""姫路市立美術館"",""nameKinds"":{""姫路市立美術館"":[""label:ja"",""title:jawiki""],""Himeji City Museum of Art"":[""label:en""]},""readingNames"":[""姫路市立美術館""],""primaryReadings"":[]}],""lexical"":[{""reading"":""ひめじしりつびじゅつかん"",""surface"":""姫路市立美術館"",""categories"":[""organization""],""evidence"":""https://www.edrdg.org/jmdict/edict_doc.html#entry-5612721-sense-1"",""entryId"":""5612721"",""pos"":[""n""],""version"":""76a91691b63094bf2aedca93cb889c7396945fe961e478f13081d839c9684e0c"",""source"":""JMdict"",""misc"":[""organization""],""glosses"":[""Himeji City Museum of Art""]}]}"
food	すいーとろーる	スイートロール	1851	1851	wiki	orthographic-kana;https://www.wikidata.org/wiki/Q7655635#name	https://www.wikidata.org/wiki/Q7655635	assistant inspection of pair-bound reading evidence and stored semantic facts; targeted pages for identified problems	Recorded reading/surface pair and category supported by cited facts after rule corrections; not a claim of independent expert review	"{""entities"":[{""id"":""Q7655635"",""names"":[""sweet roll"",""スイート・ロール"",""スウィート・ロール"",""スイートロール"",""sweet rolls""],""types"":[],""parents"":[""Q477248"",""Q21596812""],""readings"":[],""title"":""スイートロール"",""nameKinds"":{""sweet roll"":[""label:en""],""スイート・ロール"":[""label:ja""],""スウィート・ロール"":[""alias:ja""],""スイートロール"":[""alias:ja"",""title:jawiki""],""sweet rolls"":[""alias:en""]},""readingNames"":[""スイート・ロール""],""primaryReadings"":[]}],""lexical"":[]}"
food	まめだいふく	まめだいふく	1851	1851	person	https://www.edrdg.org/jmdict/edict_doc.html#entry-2868485-sense-1	lexical-and-confirmed-referents;https://www.edrdg.org/jmdict/edict_doc.html#entry-2868485-sense-1	assistant inspection of pair-bound reading evidence and stored semantic facts; targeted pages for identified problems	Recorded reading/surface pair and category supported by cited facts after rule corrections; not a claim of independent expert review	"{""entities"":[],""lexical"":[{""reading"":""まめだいふく"",""surface"":""まめだいふく"",""categories"":[""food""],""evidence"":""https://www.edrdg.org/jmdict/edict_doc.html#entry-2868485-sense-1"",""entryId"":""2868485"",""fields"":[""food""],""pos"":[""n""],""version"":""76a91691b63094bf2aedca93cb889c7396945fe961e478f13081d839c9684e0c"",""source"":""JMdict"",""glosses"":[""bean daifuku"",""mame daifuku""]}]}"
food	とーるし	トールシ	1851	1851	common	orthographic-kana;https://www.wikidata.org/wiki/Q12012266#name	https://www.wikidata.org/wiki/Q12012266	assistant inspection of pair-bound reading evidence and stored semantic facts; targeted pages for identified problems	Recorded reading/surface pair and category supported by cited facts after rule corrections; not a claim of independent expert review	"{""entities"":[{""id"":""Q12012266"",""names"":[""torshi"",""トールシ""],""types"":[],""parents"":[""Q1503784"",""Q2095""],""readings"":[],""title"":""トールシ"",""nameKinds"":{""torshi"":[""label:en""],""トールシ"":[""label:ja"",""title:jawiki""]},""readingNames"":[""トールシ""],""primaryReadings"":[]}],""lexical"":[]}"
food	やきとん	やきとん	1851	1851	common	https://www.edrdg.org/jmdict/edict_doc.html#entry-2780250-sense-1	https://www.wikidata.org/wiki/Q11280254#P31;reading:independent-pair;categories:food;lexical-and-confirmed-referents;https://www.edrdg.org/jmdict/edict_doc.html#entry-2780250-sense-1	assistant inspection of pair-bound reading evidence and stored semantic facts; targeted pages for identified problems	Recorded reading/surface pair and category supported by cited facts after rule corrections; not a claim of independent expert review	"{""entities"":[{""id"":""Q11280254"",""names"":[""やきとん"",""yakiton"",""焼きトン"",""ヤキトン""],""types"":[],""parents"":[""Q28100020"",""Q16683598""],""readings"":[],""title"":""やきとん"",""nameKinds"":{""やきとん"":[""label:ja"",""title:jawiki""],""yakiton"":[""label:en""],""焼きトン"":[""alias:ja""],""ヤキトン"":[""alias:ja""]},""readingNames"":[""やきとん""],""primaryReadings"":[]}],""lexical"":[{""reading"":""やきとん"",""surface"":""やきとん"",""categories"":[""general""],""evidence"":""https://www.edrdg.org/jmdict/edict_doc.html#entry-2780250-sense-1"",""entryId"":""2780250"",""pos"":[""n""],""version"":""76a91691b63094bf2aedca93cb889c7396945fe961e478f13081d839c9684e0c"",""source"":""JMdict"",""misc"":[""uk""],""glosses"":[""yakiton"",""grilled pork on skewers""]}]}"
food	うながっぱ	うながっぱ	1851	1851	common	https://www.edrdg.org/jmdict/edict_doc.html#entry-2399700-sense-1;https://www.edrdg.org/jmdict/edict_doc.html#entry-2399700-sense-2	https://www.wikidata.org/wiki/Q11260624#P31;reading:independent-pair;categories:character;lexical-and-confirmed-referents;https://www.edrdg.org/jmdict/edict_doc.html#entry-2399700-sense-1;https://www.edrdg.org/jmdict/edict_doc.html#entry-2399700-sense-2	assistant inspection of pair-bound reading evidence and stored semantic facts; targeted pages for identified problems	Recorded reading/surface pair and category supported by cited facts after rule corrections; not a claim of independent expert review	"{""entities"":[{""id"":""Q11260624"",""names"":[""うながっぱ"",""うながっぱパッパソング""],""types"":[""Q386208""],""parents"":[],""readings"":[],""title"":""うながっぱ"",""nameKinds"":{""うながっぱ"":[""label:ja"",""title:jawiki""],""うながっぱパッパソング"":[""alias:ja""]},""readingNames"":[""うながっぱ""],""primaryReadings"":[]}],""lexical"":[{""reading"":""うながっぱ"",""surface"":""うながっぱ"",""categories"":[""food""],""evidence"":""https://www.edrdg.org/jmdict/edict_doc.html#entry-2399700-sense-1"",""entryId"":""2399700"",""pos"":[""n""],""version"":""76a91691b63094bf2aedca93cb889c7396945fe961e478f13081d839c9684e0c"",""source"":""JMdict"",""glosses"":[""maki sushi typically made from eel and cucumber, often with a face-like pattern when cut""]},{""reading"":""うながっぱ"",""surface"":""うながっぱ"",""categories"":[""character""],""evidence"":""https://www.edrdg.org/jmdict/edict_doc.html#entry-2399700-sense-2"",""entryId"":""2399700"",""pos"":[""n""],""version"":""76a91691b63094bf2aedca93cb889c7396945fe961e478f13081d839c9684e0c"",""source"":""JMdict"",""glosses"":[""mascot character used by Tajimi City in Gifu""]}]}"
food	やきちくわ	焼きちくわ	1851	1851	neologd	https://www.edrdg.org/jmdict/edict_doc.html#entry-2833780-sense-1	lexical-and-confirmed-referents;https://www.edrdg.org/jmdict/edict_doc.html#entry-2833780-sense-1	assistant inspection of pair-bound reading evidence and stored semantic facts; targeted pages for identified problems	Recorded reading/surface pair and category supported by cited facts after rule corrections; not a claim of independent expert review	"{""entities"":[],""lexical"":[{""reading"":""やきちくわ"",""surface"":""焼きちくわ"",""categories"":[""food""],""evidence"":""https://www.edrdg.org/jmdict/edict_doc.html#entry-2833780-sense-1"",""entryId"":""2833780"",""fields"":[""food""],""pos"":[""n""],""version"":""76a91691b63094bf2aedca93cb889c7396945fe961e478f13081d839c9684e0c"",""source"":""JMdict"",""glosses"":[""grilled chikuwa""]}]}"
food	あめちゃん	飴ちゃん	1851	1851	neologd	https://www.edrdg.org/jmdict/edict_doc.html#entry-2854358-sense-1	lexical-and-confirmed-referents;https://www.edrdg.org/jmdict/edict_doc.html#entry-2854358-sense-1	assistant inspection of pair-bound reading evidence and stored semantic facts; targeted pages for identified problems	Recorded reading/surface pair and category supported by cited facts after rule corrections; not a claim of independent expert review	"{""entities"":[],""lexical"":[{""reading"":""あめちゃん"",""surface"":""飴ちゃん"",""categories"":[""food""],""evidence"":""https://www.edrdg.org/jmdict/edict_doc.html#entry-2854358-sense-1"",""entryId"":""2854358"",""fields"":[""food""],""pos"":[""n""],""version"":""76a91691b63094bf2aedca93cb889c7396945fe961e478f13081d839c9684e0c"",""source"":""JMdict"",""misc"":[""uk""],""glosses"":[""(hard) candy"",""toffee""]}]}"
food	ほんささうしのした	ホンササウシノシタ	1851	1851	wiki	orthographic-kana;https://www.wikidata.org/wiki/Q27773#name	https://www.wikidata.org/wiki/Q27773	assistant inspection of pair-bound reading evidence and stored semantic facts; targeted pages for identified problems	Recorded reading/surface pair and category supported by cited facts after rule corrections; not a claim of independent expert review	"{""entities"":[{""id"":""Q27773"",""names"":[""common sole"",""ヨーロッパソール"",""Solea solea"",""ホンササウシノシタ""],""types"":[""Q16521"",""Q2095""],""parents"":[],""readings"":[],""title"":""ホンササウシノシタ"",""nameKinds"":{""common sole"":[""label:en""],""ヨーロッパソール"":[""label:ja""],""Solea solea"":[""alias:en""],""ホンササウシノシタ"":[""alias:ja"",""title:jawiki""]},""readingNames"":[""ヨーロッパソール""],""primaryReadings"":[]}],""lexical"":[]}"
food	いかにんじん	いかにんじん	1851	1851	common	orthographic-kana;https://www.wikidata.org/wiki/Q11259037#name	https://www.wikidata.org/wiki/Q11259037	assistant inspection of pair-bound reading evidence and stored semantic facts; targeted pages for identified problems	Recorded reading/surface pair and category supported by cited facts after rule corrections; not a claim of independent expert review	"{""entities"":[{""id"":""Q11259037"",""names"":[""いかにんじん"",""ika ninjin"",""イカニンジン"",""イカ人参"",""いか人参"",""ikaninjin""],""types"":[],""parents"":[""Q28100918"",""Q84431525""],""readings"":[],""title"":""いかにんじん"",""nameKinds"":{""いかにんじん"":[""label:ja"",""title:jawiki""],""ika ninjin"":[""label:en""],""イカニンジン"":[""alias:ja""],""イカ人参"":[""alias:ja""],""いか人参"":[""alias:ja""],""ikaninjin"":[""alias:en""]},""readingNames"":[""いかにんじん""],""primaryReadings"":[]}],""lexical"":[]}"
food	はしぇい	ハシェイ	1851	1851	common	orthographic-kana;https://www.wikidata.org/wiki/Q3094881#name	https://www.wikidata.org/wiki/Q3094881	assistant inspection of pair-bound reading evidence and stored semantic facts; targeted pages for identified problems	Recorded reading/surface pair and category supported by cited facts after rule corrections; not a claim of independent expert review	"{""entities"":[{""id"":""Q3094881"",""names"":[""Hachee"",""ハーシュ"",""ハシェイ""],""types"":[],""parents"":[""Q2920963""],""readings"":[],""title"":""ハシェイ"",""nameKinds"":{""Hachee"":[""label:en""],""ハーシュ"":[""label:ja""],""ハシェイ"":[""alias:ja"",""title:jawiki""]},""readingNames"":[""ハーシュ""],""primaryReadings"":[]}],""lexical"":[]}"
food	とぅしぇんか	トゥシェンカ	1851	1851	wiki	orthographic-kana;https://www.wikidata.org/wiki/Q2643794#name	https://www.wikidata.org/wiki/Q2643794	assistant inspection of pair-bound reading evidence and stored semantic facts; targeted pages for identified problems	Recorded reading/surface pair and category supported by cited facts after rule corrections; not a claim of independent expert review	"{""entities"":[{""id"":""Q2643794"",""names"":[""tushonka"",""トゥシェンカ""],""types"":[],""parents"":[""Q951964"",""Q843389"",""Q746549""],""readings"":[],""title"":""トゥシェンカ"",""nameKinds"":{""tushonka"":[""label:en""],""トゥシェンカ"":[""label:ja"",""title:jawiki""]},""readingNames"":[""トゥシェンカ""],""primaryReadings"":[]}],""lexical"":[]}"
food	ちょこあんり	チョコアンリ	1851	1851	common	orthographic-kana;https://www.wikidata.org/wiki/Q11318420#name	https://www.wikidata.org/wiki/Q11318420	assistant inspection of pair-bound reading evidence and stored semantic facts; targeted pages for identified problems	Recorded reading/surface pair and category supported by cited facts after rule corrections; not a claim of independent expert review	"{""entities"":[{""id"":""Q11318420"",""names"":[""チョコアンリ"",""chocolate covered ants""],""types"":[],""parents"":[""Q195""],""readings"":[],""title"":""チョコアンリ"",""nameKinds"":{""チョコアンリ"":[""label:ja"",""title:jawiki""],""chocolate covered ants"":[""label:en""]},""readingNames"":[""チョコアンリ""],""primaryReadings"":[]}],""lexical"":[]}"
food	はやづけ	早漬	1851	1851	neologd	https://www.edrdg.org/jmdict/edict_doc.html#entry-2849160-sense-1	lexical-and-confirmed-referents;https://www.edrdg.org/jmdict/edict_doc.html#entry-2849160-sense-1	assistant inspection of pair-bound reading evidence and stored semantic facts; targeted pages for identified problems	Recorded reading/surface pair and category supported by cited facts after rule corrections; not a claim of independent expert review	"{""entities"":[],""lexical"":[{""reading"":""はやづけ"",""surface"":""早漬"",""categories"":[""food""],""evidence"":""https://www.edrdg.org/jmdict/edict_doc.html#entry-2849160-sense-1"",""entryId"":""2849160"",""fields"":[""food""],""pos"":[""n""],""version"":""76a91691b63094bf2aedca93cb889c7396945fe961e478f13081d839c9684e0c"",""source"":""JMdict"",""glosses"":[""quick-pickled vegetables""]}]}"
food	ぼたんなべ	牡丹鍋	1851	1851	neologd	https://www.edrdg.org/jmdict/edict_doc.html#entry-2078160-sense-1	lexical-and-confirmed-referents;https://www.edrdg.org/jmdict/edict_doc.html#entry-2078160-sense-1	assistant inspection of pair-bound reading evidence and stored semantic facts; targeted pages for identified problems	Recorded reading/surface pair and category supported by cited facts after rule corrections; not a claim of independent expert review	"{""entities"":[],""lexical"":[{""reading"":""ぼたんなべ"",""surface"":""牡丹鍋"",""categories"":[""food""],""evidence"":""https://www.edrdg.org/jmdict/edict_doc.html#entry-2078160-sense-1"",""entryId"":""2078160"",""fields"":[""food""],""pos"":[""n""],""version"":""76a91691b63094bf2aedca93cb889c7396945fe961e478f13081d839c9684e0c"",""source"":""JMdict"",""glosses"":[""boar meat hot pot"",""boar stew""]}]}"
food	あんびん	あんびん	1851	1851	wiki	orthographic-kana;https://www.wikidata.org/wiki/Q131940125#name	https://www.wikidata.org/wiki/Q131940125	assistant inspection of pair-bound reading evidence and stored semantic facts; targeted pages for identified problems	Recorded reading/surface pair and category supported by cited facts after rule corrections; not a claim of independent expert review	"{""entities"":[{""id"":""Q131940125"",""names"":[""あんびん""],""types"":[],""parents"":[""Q746549""],""readings"":[],""title"":""あんびん"",""nameKinds"":{""あんびん"":[""label:ja"",""title:jawiki""]},""readingNames"":[""あんびん""],""primaryReadings"":[]}],""lexical"":[]}"
food	かたにあす	カタニアス	1851	1851	common	orthographic-kana;https://www.wikidata.org/wiki/Q743714#name	https://www.wikidata.org/wiki/Q743714	assistant inspection of pair-bound reading evidence and stored semantic facts; targeted pages for identified problems	Recorded reading/surface pair and category supported by cited facts after rule corrections; not a claim of independent expert review	"{""entities"":[{""id"":""Q743714"",""names"":[""Catànies"",""カタニアス"",""Catanies""],""types"":[""Q3087607"",""Q2695280""],""parents"":[""Q5159627""],""readings"":[],""nameKinds"":{""Catànies"":[""label:en""],""カタニアス"":[""label:ja""],""Catanies"":[""alias:en""]},""readingNames"":[""カタニアス""],""primaryReadings"":[]}],""lexical"":[]}"
food	むはんまら	ムハンマラ	1851	1851	common	orthographic-kana;https://www.wikidata.org/wiki/Q3866940#name	https://www.wikidata.org/wiki/Q3866940	assistant inspection of pair-bound reading evidence and stored semantic facts; targeted pages for identified problems	Recorded reading/surface pair and category supported by cited facts after rule corrections; not a claim of independent expert review	"{""entities"":[{""id"":""Q3866940"",""names"":[""muhammara"",""ムハンマラ""],""types"":[""Q8195619""],""parents"":[""Q2095"",""Q1472481""],""readings"":[],""title"":""ムハンマラ"",""nameKinds"":{""muhammara"":[""label:en""],""ムハンマラ"":[""label:ja"",""title:jawiki""]},""readingNames"":[""ムハンマラ""],""primaryReadings"":[]}],""lexical"":[]}"
food	せいろむし	蒸籠蒸し	1851	1851	common	https://www.edrdg.org/jmdict/edict_doc.html#entry-2825874-sense-1	lexical-and-confirmed-referents;https://www.edrdg.org/jmdict/edict_doc.html#entry-2825874-sense-1	assistant inspection of pair-bound reading evidence and stored semantic facts; targeted pages for identified problems	Recorded reading/surface pair and category supported by cited facts after rule corrections; not a claim of independent expert review	"{""entities"":[],""lexical"":[{""reading"":""せいろむし"",""surface"":""蒸籠蒸し"",""categories"":[""food""],""evidence"":""https://www.edrdg.org/jmdict/edict_doc.html#entry-2825874-sense-1"",""entryId"":""2825874"",""fields"":[""food""],""pos"":[""n""],""version"":""76a91691b63094bf2aedca93cb889c7396945fe961e478f13081d839c9684e0c"",""source"":""JMdict"",""glosses"":[""steaming (of food) using a bamboo steamer""]}]}"
food	まびきな	間引き菜	1851	1851	neologd	https://www.edrdg.org/jmdict/edict_doc.html#entry-2834518-sense-1	lexical-and-confirmed-referents;https://www.edrdg.org/jmdict/edict_doc.html#entry-2834518-sense-1	assistant inspection of pair-bound reading evidence and stored semantic facts; targeted pages for identified problems	Recorded reading/surface pair and category supported by cited facts after rule corrections; not a claim of independent expert review	"{""entities"":[],""lexical"":[{""reading"":""まびきな"",""surface"":""間引き菜"",""categories"":[""food""],""evidence"":""https://www.edrdg.org/jmdict/edict_doc.html#entry-2834518-sense-1"",""entryId"":""2834518"",""fields"":[""food""],""pos"":[""n""],""version"":""76a91691b63094bf2aedca93cb889c7396945fe961e478f13081d839c9684e0c"",""source"":""JMdict"",""glosses"":[""vegetable thinnings (for salad)""]}]}"
food	らとけす	ラトケス	1851	1851	common	orthographic-kana;https://www.wikidata.org/wiki/Q1512964#name	https://www.wikidata.org/wiki/Q1512964	assistant inspection of pair-bound reading evidence and stored semantic facts; targeted pages for identified problems	Recorded reading/surface pair and category supported by cited facts after rule corrections; not a claim of independent expert review	"{""entities"":[{""id"":""Q1512964"",""names"":[""ラトケス"",""latke"",""latkes"",""levivot"",""latka"",""potato pancake""],""types"":[],""parents"":[""Q10514020"",""Q152981""],""readings"":[],""title"":""ラトケス"",""nameKinds"":{""ラトケス"":[""label:ja"",""title:jawiki""],""latke"":[""label:en""],""latkes"":[""alias:en""],""levivot"":[""alias:en""],""latka"":[""alias:en""],""potato pancake"":[""alias:en""]},""readingNames"":[""ラトケス""],""primaryReadings"":[]}],""lexical"":[]}"
food	えどまえずし	江戸前鮨	1851	1851	neologd	https://www.edrdg.org/jmdict/edict_doc.html#entry-1279900-sense-1	lexical-and-confirmed-referents;https://www.edrdg.org/jmdict/edict_doc.html#entry-1279900-sense-1	assistant inspection of pair-bound reading evidence and stored semantic facts; targeted pages for identified problems	Recorded reading/surface pair and category supported by cited facts after rule corrections; not a claim of independent expert review	"{""entities"":[],""lexical"":[{""reading"":""えどまえずし"",""surface"":""江戸前鮨"",""categories"":[""food""],""evidence"":""https://www.edrdg.org/jmdict/edict_doc.html#entry-1279900-sense-1"",""entryId"":""1279900"",""fields"":[""food""],""pos"":[""n""],""version"":""76a91691b63094bf2aedca93cb889c7396945fe961e478f13081d839c9684e0c"",""source"":""JMdict"",""glosses"":[""Edo-style sushi (usu. nigirizushi)""]}]}"
food	たぬきじる	たぬき汁	1851	1851	common	https://www.edrdg.org/jmdict/edict_doc.html#entry-1834700-sense-1	https://www.wikidata.org/wiki/Q10856318#P31;reading:independent-pair;categories:food;lexical-and-confirmed-referents;https://www.edrdg.org/jmdict/edict_doc.html#entry-1834700-sense-1	assistant inspection of pair-bound reading evidence and stored semantic facts; targeted pages for identified problems	Recorded reading/surface pair and category supported by cited facts after rule corrections; not a claim of independent expert review	"{""entities"":[{""id"":""Q10856318"",""names"":[""たぬき汁"",""tanukijiru"",""tanuki-jiru"",""tanuki soup"",""raccoon-dog soup""],""types"":[],""parents"":[""Q471866"",""Q746549""],""readings"":[],""title"":""たぬき汁"",""nameKinds"":{""たぬき汁"":[""label:ja"",""title:jawiki""],""tanukijiru"":[""label:en""],""tanuki-jiru"":[""alias:en""],""tanuki soup"":[""alias:en""],""raccoon-dog soup"":[""alias:en""]},""readingNames"":[""たぬき汁""],""primaryReadings"":[]}],""lexical"":[{""reading"":""たぬきじる"",""surface"":""たぬき汁"",""categories"":[""general""],""evidence"":""https://www.edrdg.org/jmdict/edict_doc.html#entry-1834700-sense-1"",""entryId"":""1834700"",""pos"":[""n""],""version"":""76a91691b63094bf2aedca93cb889c7396945fe961e478f13081d839c9684e0c"",""source"":""JMdict"",""glosses"":[""tanuki soup"",""raccoon-dog soup""]}]}"
food	とぅあなお	トゥアナオ	1851	1851	wiki	orthographic-kana;https://www.wikidata.org/wiki/Q13015322#name	https://www.wikidata.org/wiki/Q13015322	assistant inspection of pair-bound reading evidence and stored semantic facts; targeted pages for identified problems	Recorded reading/surface pair and category supported by cited facts after rule corrections; not a claim of independent expert review	"{""entities"":[{""id"":""Q13015322"",""names"":[""トゥアナオ"",""Thua nao""],""types"":[""Q2095"",""Q25403900""],""parents"":[],""readings"":[],""title"":""トゥアナオ"",""nameKinds"":{""トゥアナオ"":[""label:ja"",""title:jawiki""],""Thua nao"":[""label:en""]},""readingNames"":[""トゥアナオ""],""primaryReadings"":[]}],""lexical"":[]}"
food	あかず	あかず	1851	1851	person	https://www.edrdg.org/jmdict/edict_doc.html#entry-1518290-sense-1;https://www.edrdg.org/jmdict/edict_doc.html#entry-2712360-sense-1;https://www.edrdg.org/jmdict/edict_doc.html#entry-2712360-sense-2	lexical-and-confirmed-referents;https://www.edrdg.org/jmdict/edict_doc.html#entry-1518290-sense-1;https://www.edrdg.org/jmdict/edict_doc.html#entry-2712360-sense-1;https://www.edrdg.org/jmdict/edict_doc.html#entry-2712360-sense-2	assistant inspection of pair-bound reading evidence and stored semantic facts; targeted pages for identified problems	Recorded reading/surface pair and category supported by cited facts after rule corrections; not a claim of independent expert review	"{""entities"":[],""lexical"":[{""reading"":""あかず"",""surface"":""あかず"",""categories"":[],""evidence"":""https://www.edrdg.org/jmdict/edict_doc.html#entry-1518290-sense-1"",""entryId"":""1518290"",""pos"":[""exp"",""adv""],""version"":""76a91691b63094bf2aedca93cb889c7396945fe961e478f13081d839c9684e0c"",""source"":""JMdict"",""glosses"":[""without tiring (of something)"",""without getting bored"",""without losing interest""]},{""reading"":""あかず"",""surface"":""あかず"",""categories"":[""food""],""evidence"":""https://www.edrdg.org/jmdict/edict_doc.html#entry-2712360-sense-1"",""entryId"":""2712360"",""fields"":[""food""],""pos"":[""n""],""version"":""76a91691b63094bf2aedca93cb889c7396945fe961e478f13081d839c9684e0c"",""source"":""JMdict"",""glosses"":[""red vinegar made from fermented sake lees""]},{""reading"":""あかず"",""surface"":""あかず"",""categories"":[""food""],""evidence"":""https://www.edrdg.org/jmdict/edict_doc.html#entry-2712360-sense-2"",""entryId"":""2712360"",""fields"":[""food""],""pos"":[""n""],""version"":""76a91691b63094bf2aedca93cb889c7396945fe961e478f13081d839c9684e0c"",""source"":""JMdict"",""glosses"":[""plum vinegar with perilla leaves added""]}]}"
food	すきんこんたくとわいん	スキンコンタクトワイン	1851	1851	common	orthographic-kana;https://www.wikidata.org/wiki/Q30587928#name	https://www.wikidata.org/wiki/Q30587928	assistant inspection of pair-bound reading evidence and stored semantic facts; targeted pages for identified problems	Recorded reading/surface pair and category supported by cited facts after rule corrections; not a claim of independent expert review	"{""entities"":[{""id"":""Q30587928"",""names"":[""orange wine"",""オレンジワイン"",""skin-contact white wine"",""skin-fermented white wine"",""amber wine"",""skin-contact wine"",""スキンコンタクトワイン""],""types"":[""Q282""],""parents"":[""Q282"",""Q10210""],""readings"":[],""title"":""スキンコンタクトワイン"",""nameKinds"":{""orange wine"":[""label:en""],""オレンジワイン"":[""label:ja""],""skin-contact white wine"":[""alias:en""],""skin-fermented white wine"":[""alias:en""],""amber wine"":[""alias:en""],""skin-contact wine"":[""alias:en""],""スキンコンタクトワイン"":[""alias:ja"",""title:jawiki""]},""readingNames"":[""オレンジワイン""],""primaryReadings"":[]}],""lexical"":[]}"
food	ふるーつふーる	フルーツフール	1851	1851	wiki	orthographic-kana;https://www.wikidata.org/wiki/Q971054#name	https://www.wikidata.org/wiki/Q971054	assistant inspection of pair-bound reading evidence and stored semantic facts; targeted pages for identified problems	Recorded reading/surface pair and category supported by cited facts after rule corrections; not a claim of independent expert review	"{""entities"":[{""id"":""Q971054"",""names"":[""fruit fool"",""フルーツフール"",""fool"",""フルーツ・フール""],""types"":[],""parents"":[""Q182940""],""readings"":[],""title"":""フルーツ・フール"",""nameKinds"":{""fruit fool"":[""label:en""],""フルーツフール"":[""label:ja""],""fool"":[""alias:en""],""フルーツ・フール"":[""alias:ja"",""title:jawiki""]},""readingNames"":[""フルーツフール""],""primaryReadings"":[]}],""lexical"":[]}"
food	さくべい	索餅	1851	1851	common	https://www.edrdg.org/jmdict/edict_doc.html#entry-2866023-sense-1	lexical-and-confirmed-referents;https://www.edrdg.org/jmdict/edict_doc.html#entry-2866023-sense-1	assistant inspection of pair-bound reading evidence and stored semantic facts; targeted pages for identified problems	Recorded reading/surface pair and category supported by cited facts after rule corrections; not a claim of independent expert review	"{""entities"":[],""lexical"":[{""reading"":""さくべい"",""surface"":""索餅"",""categories"":[""food""],""evidence"":""https://www.edrdg.org/jmdict/edict_doc.html#entry-2866023-sense-1"",""entryId"":""2866023"",""fields"":[""food""],""pos"":[""n""],""version"":""76a91691b63094bf2aedca93cb889c7396945fe961e478f13081d839c9684e0c"",""source"":""JMdict"",""misc"":[""hist""],""glosses"":[""sakubei"",""twisted confectionery eaten during Tanabata""]}]}"
food	おんくん	温燻	1851	1851	neologd	https://www.edrdg.org/jmdict/edict_doc.html#entry-2857951-sense-1	lexical-and-confirmed-referents;https://www.edrdg.org/jmdict/edict_doc.html#entry-2857951-sense-1	assistant inspection of pair-bound reading evidence and stored semantic facts; targeted pages for identified problems	Recorded reading/surface pair and category supported by cited facts after rule corrections; not a claim of independent expert review	"{""entities"":[],""lexical"":[{""reading"":""おんくん"",""surface"":""温燻"",""categories"":[""food""],""evidence"":""https://www.edrdg.org/jmdict/edict_doc.html#entry-2857951-sense-1"",""entryId"":""2857951"",""fields"":[""food""],""pos"":[""n""],""version"":""76a91691b63094bf2aedca93cb889c7396945fe961e478f13081d839c9684e0c"",""source"":""JMdict"",""glosses"":[""hot smoking""]}]}"
food	まるこふちゃ	マルコフチャ	1851	1851	wiki	orthographic-kana;https://www.wikidata.org/wiki/Q4302793#name	https://www.wikidata.org/wiki/Q4302793	assistant inspection of pair-bound reading evidence and stored semantic facts; targeted pages for identified problems	Recorded reading/surface pair and category supported by cited facts after rule corrections; not a claim of independent expert review	"{""entities"":[{""id"":""Q4302793"",""names"":[""Morkovcha"",""マルコフチャ"",""Morkov-cha"",""Korean-style carrots"",""Korean carrot salad""],""types"":[],""parents"":[""Q9266""],""readings"":[],""title"":""マルコフチャ"",""nameKinds"":{""Morkovcha"":[""label:en""],""マルコフチャ"":[""label:ja"",""title:jawiki""],""Morkov-cha"":[""alias:en""],""Korean-style carrots"":[""alias:en""],""Korean carrot salad"":[""alias:en""]},""readingNames"":[""マルコフチャ""],""primaryReadings"":[]}],""lexical"":[]}"
food	まーろーる	マーロール	1851	1851	common	orthographic-kana;https://www.wikidata.org/wiki/Q2047314#name	https://www.wikidata.org/wiki/Q2047314	assistant inspection of pair-bound reading evidence and stored semantic facts; targeted pages for identified problems	Recorded reading/surface pair and category supported by cited facts after rule corrections; not a claim of independent expert review	"{""entities"":[{""id"":""Q2047314"",""names"":[""Maror"",""マーロール""],""types"":[""Q746549""],""parents"":[],""readings"":[],""title"":""マーロール"",""nameKinds"":{""Maror"":[""label:en""],""マーロール"":[""label:ja"",""title:jawiki""]},""readingNames"":[""マーロール""],""primaryReadings"":[]}],""lexical"":[]}"
food	ほりるか	ホリルカ	1851	1851	wiki	orthographic-kana;https://www.wikidata.org/wiki/Q2919495#name	https://www.wikidata.org/wiki/Q2919495	assistant inspection of pair-bound reading evidence and stored semantic facts; targeted pages for identified problems	Recorded reading/surface pair and category supported by cited facts after rule corrections; not a claim of independent expert review	"{""entities"":[{""id"":""Q2919495"",""names"":[""Horilka"",""ホリルカ"",""Pertsivka""],""types"":[""Q154""],""parents"":[""Q374""],""readings"":[],""title"":""ホリルカ"",""nameKinds"":{""Horilka"":[""label:en""],""ホリルカ"":[""label:ja"",""title:jawiki""],""Pertsivka"":[""alias:en""]},""readingNames"":[""ホリルカ""],""primaryReadings"":[]}],""lexical"":[]}"
food	ましゅまろくりーむ	マシュマロクリーム	1851	1851	wiki	orthographic-kana;https://www.wikidata.org/wiki/Q2915519#name	https://www.wikidata.org/wiki/Q2915519	assistant inspection of pair-bound reading evidence and stored semantic facts; targeted pages for identified problems	Recorded reading/surface pair and category supported by cited facts after rule corrections; not a claim of independent expert review	"{""entities"":[{""id"":""Q2915519"",""names"":[""marshmallow creme"",""マシュマロクリーム"",""marshmallow cream"",""marshmallow fluff"",""marshmallow paste""],""types"":[],""parents"":[""Q5159627"",""Q2095""],""readings"":[],""title"":""マシュマロクリーム"",""nameKinds"":{""marshmallow creme"":[""label:en""],""マシュマロクリーム"":[""label:ja"",""title:jawiki""],""marshmallow cream"":[""alias:en""],""marshmallow fluff"":[""alias:en""],""marshmallow paste"":[""alias:en""]},""readingNames"":[""マシュマロクリーム""],""primaryReadings"":[]}],""lexical"":[]}"
food	てすたろーり	テスタローリ	1851	1851	wiki	orthographic-kana;https://www.wikidata.org/wiki/Q3985208#name	https://www.wikidata.org/wiki/Q3985208	assistant inspection of pair-bound reading evidence and stored semantic facts; targeted pages for identified problems	Recorded reading/surface pair and category supported by cited facts after rule corrections; not a claim of independent expert review	"{""entities"":[{""id"":""Q3985208"",""names"":[""testaroli"",""テスタローリ"",""testarolo""],""types"":[""Q2625877""],""parents"":[""Q178""],""readings"":[],""title"":""テスタローリ"",""nameKinds"":{""testaroli"":[""label:en""],""テスタローリ"":[""label:ja"",""title:jawiki""],""testarolo"":[""alias:en""]},""readingNames"":[""テスタローリ""],""primaryReadings"":[]}],""lexical"":[]}"
food	おにぎりせんべい	おにぎりせんべい	1851	1851	common	orthographic-kana;https://www.wikidata.org/wiki/Q11262023#name	https://www.wikidata.org/wiki/Q11262023	assistant inspection of pair-bound reading evidence and stored semantic facts; targeted pages for identified problems	Recorded reading/surface pair and category supported by cited facts after rule corrections; not a claim of independent expert review	"{""entities"":[{""id"":""Q11262023"",""names"":[""おにぎりせんべい"",""Onigiri senbei""],""types"":[""Q749316""],""parents"":[""Q198788""],""readings"":[],""title"":""おにぎりせんべい"",""nameKinds"":{""おにぎりせんべい"":[""label:ja"",""title:jawiki""],""Onigiri senbei"":[""label:en""]},""readingNames"":[""おにぎりせんべい""],""primaryReadings"":[]}],""lexical"":[]}"
food	ようるとるっとぅ	ヨウルトルットゥ	1851	1851	common	orthographic-kana;https://www.wikidata.org/wiki/Q980300#name	https://www.wikidata.org/wiki/Q980300	assistant inspection of pair-bound reading evidence and stored semantic facts; targeted pages for identified problems	Recorded reading/surface pair and category supported by cited facts after rule corrections; not a claim of independent expert review	"{""entities"":[{""id"":""Q980300"",""names"":[""joulutorttu"",""ヨウルトルットゥ"",""christmas tart""],""types"":[""Q3897499""],""parents"":[""Q477248""],""readings"":[],""title"":""ヨウルトルットゥ"",""nameKinds"":{""joulutorttu"":[""label:en""],""ヨウルトルットゥ"":[""label:ja"",""title:jawiki""],""christmas tart"":[""alias:en""]},""readingNames"":[""ヨウルトルットゥ""],""primaryReadings"":[]}],""lexical"":[]}"
food	おこのみやき	お好み焼	1851	1851	neologd	https://www.edrdg.org/jmdict/edict_doc.html#entry-1001890-sense-1	lexical-and-confirmed-referents;https://www.edrdg.org/jmdict/edict_doc.html#entry-1001890-sense-1	assistant inspection of pair-bound reading evidence and stored semantic facts; targeted pages for identified problems	Recorded reading/surface pair and category supported by cited facts after rule corrections; not a claim of independent expert review	"{""entities"":[],""lexical"":[{""reading"":""おこのみやき"",""surface"":""お好み焼"",""categories"":[""food""],""evidence"":""https://www.edrdg.org/jmdict/edict_doc.html#entry-1001890-sense-1"",""entryId"":""1001890"",""fields"":[""food""],""pos"":[""n""],""version"":""76a91691b63094bf2aedca93cb889c7396945fe961e478f13081d839c9684e0c"",""source"":""JMdict"",""glosses"":[""okonomiyaki"",""savoury pancake fried on an iron griddle with vegetables, meat and/or seafood and topped with various sauces and condiments""]}]}"
food	おたいか	オタイカ	1851	1851	wiki	orthographic-kana;https://www.wikidata.org/wiki/Q3393853#name	https://www.wikidata.org/wiki/Q3393853	assistant inspection of pair-bound reading evidence and stored semantic facts; targeted pages for identified problems	Recorded reading/surface pair and category supported by cited facts after rule corrections; not a claim of independent expert review	"{""entities"":[{""id"":""Q3393853"",""names"":[""'Ota 'ika"",""オタイカ"",""coconut fish""],""types"":[""Q746549""],""parents"":[""Q11559422"",""Q44480854""],""readings"":[],""title"":""オタイカ"",""nameKinds"":{""'Ota 'ika"":[""label:en""],""オタイカ"":[""label:ja"",""title:jawiki""],""coconut fish"":[""alias:en""]},""readingNames"":[""オタイカ""],""primaryReadings"":[]}],""lexical"":[]}"
food	なしあやむ	ナシアヤム	1851	1851	wiki	orthographic-kana;https://www.wikidata.org/wiki/Q139344209#name	https://www.wikidata.org/wiki/Q139344209	assistant inspection of pair-bound reading evidence and stored semantic facts; targeted pages for identified problems	Recorded reading/surface pair and category supported by cited facts after rule corrections; not a claim of independent expert review	"{""entities"":[{""id"":""Q139344209"",""names"":[""ナシアヤム"",""Nasi ayam"",""Malaysian nasi ayam"",""ナシ・アヤム""],""types"":[],""parents"":[""Q21976260""],""readings"":[],""title"":""ナシアヤム"",""nameKinds"":{""ナシアヤム"":[""label:ja"",""title:jawiki""],""Nasi ayam"":[""label:en""],""Malaysian nasi ayam"":[""alias:en""],""ナシ・アヤム"":[""alias:ja""]},""readingNames"":[""ナシアヤム""],""primaryReadings"":[]}],""lexical"":[]}"
food	あちぇけ	アチェケ	1851	1851	common	orthographic-kana;https://www.wikidata.org/wiki/Q2870132#name	https://www.wikidata.org/wiki/Q2870132	assistant inspection of pair-bound reading evidence and stored semantic facts; targeted pages for identified problems	Recorded reading/surface pair and category supported by cited facts after rule corrections; not a claim of independent expert review	"{""entities"":[{""id"":""Q2870132"",""names"":[""Acheke"",""アチェケ"",""atchéké"",""attiéké"",""akyeke""],""types"":[],""parents"":[""Q2095""],""readings"":[],""title"":""アチェケ"",""nameKinds"":{""Acheke"":[""label:en""],""アチェケ"":[""label:ja"",""title:jawiki""],""atchéké"":[""alias:en""],""attiéké"":[""alias:en""],""akyeke"":[""alias:en""]},""readingNames"":[""アチェケ""],""primaryReadings"":[]}],""lexical"":[]}"
food	ようにゅう	羊乳	1851	1851	common	https://www.edrdg.org/jmdict/edict_doc.html#entry-2612200-sense-1	https://www.wikidata.org/wiki/Q2736146#P31;reading:independent-pair;categories:food;lexical-and-confirmed-referents;https://www.edrdg.org/jmdict/edict_doc.html#entry-2612200-sense-1	assistant inspection of pair-bound reading evidence and stored semantic facts; targeted pages for identified problems	Recorded reading/surface pair and category supported by cited facts after rule corrections; not a claim of independent expert review	"{""entities"":[{""id"":""Q2736146"",""names"":[""sheep milk"",""羊乳"",""ewe's milk"",""sheep's milk""],""types"":[],""parents"":[""Q8495""],""readings"":[],""title"":""羊乳"",""nameKinds"":{""sheep milk"":[""label:en""],""羊乳"":[""label:ja"",""title:jawiki""],""ewe's milk"":[""alias:en""],""sheep's milk"":[""alias:en""]},""readingNames"":[""羊乳""],""primaryReadings"":[]}],""lexical"":[{""reading"":""ようにゅう"",""surface"":""羊乳"",""categories"":[""general""],""evidence"":""https://www.edrdg.org/jmdict/edict_doc.html#entry-2612200-sense-1"",""entryId"":""2612200"",""pos"":[""n""],""version"":""76a91691b63094bf2aedca93cb889c7396945fe961e478f13081d839c9684e0c"",""source"":""JMdict"",""glosses"":[""sheep's milk""]}]}"
food	ちゅちゅーる	チュチュール	1851	1851	wiki	orthographic-kana;https://www.wikidata.org/wiki/Q17997299#name	https://www.wikidata.org/wiki/Q17997299	assistant inspection of pair-bound reading evidence and stored semantic facts; targeted pages for identified problems	Recorded reading/surface pair and category supported by cited facts after rule corrections; not a claim of independent expert review	"{""entities"":[{""id"":""Q17997299"",""names"":[""Cucur cake"",""チュチュール"",""Kue cucur"",""Cucur""],""types"":[""Q5159627"",""Q749316"",""Q8195619""],""parents"":[""Q2095"",""Q19708506""],""readings"":[],""title"":""チュチュール"",""nameKinds"":{""Cucur cake"":[""label:en""],""チュチュール"":[""label:ja"",""title:jawiki""],""Kue cucur"":[""alias:en""],""Cucur"":[""alias:en""]},""readingNames"":[""チュチュール""],""primaryReadings"":[]}],""lexical"":[]}"
food	ふぉるしゅまーく	フォルシュマーク	1851	1851	common	orthographic-kana;https://www.wikidata.org/wiki/Q2395693#name	https://www.wikidata.org/wiki/Q2395693	assistant inspection of pair-bound reading evidence and stored semantic facts; targeted pages for identified problems	Recorded reading/surface pair and category supported by cited facts after rule corrections; not a claim of independent expert review	"{""entities"":[{""id"":""Q2395693"",""names"":[""フォルシュマーク"",""forshmak"",""vorschmack""],""types"":[""Q746549""],""parents"":[""Q18679149""],""readings"":[],""title"":""フォルシュマーク"",""nameKinds"":{""フォルシュマーク"":[""label:ja"",""title:jawiki""],""forshmak"":[""label:en""],""vorschmack"":[""alias:en""]},""readingNames"":[""フォルシュマーク""],""primaryReadings"":[]}],""lexical"":[]}"
food	えすてれーる	エステレール	1851	1851	wiki	orthographic-kana;https://www.wikidata.org/wiki/Q5396648#name	https://www.wikidata.org/wiki/Q5396648	assistant inspection of pair-bound reading evidence and stored semantic facts; targeted pages for identified problems	Recorded reading/surface pair and category supported by cited facts after rule corrections; not a claim of independent expert review	"{""entities"":[{""id"":""Q5396648"",""names"":[""es teler"",""エステレール""],""types"":[""Q40050"",""Q19708506""],""parents"":[""Q866153""],""readings"":[],""title"":""エステレール"",""nameKinds"":{""es teler"":[""label:en""],""エステレール"":[""label:ja"",""title:jawiki""]},""readingNames"":[""エステレール""],""primaryReadings"":[]}],""lexical"":[]}"
food	けのしる	けの汁	1851	1851	common	https://www.edrdg.org/jmdict/edict_doc.html#entry-2866532-sense-1	https://www.wikidata.org/wiki/Q11265947#P31;reading:independent-pair;categories:food;lexical-and-confirmed-referents;https://www.edrdg.org/jmdict/edict_doc.html#entry-2866532-sense-1	assistant inspection of pair-bound reading evidence and stored semantic facts; targeted pages for identified problems	Recorded reading/surface pair and category supported by cited facts after rule corrections; not a claim of independent expert review	"{""entities"":[{""id"":""Q11265947"",""names"":[""けの汁"",""kenoshiru"",""きゃの汁"",""きゃのこ""],""types"":[],""parents"":[""Q41415""],""readings"":[],""title"":""けの汁"",""nameKinds"":{""けの汁"":[""label:ja"",""title:jawiki""],""kenoshiru"":[""label:en""],""きゃの汁"":[""alias:ja""],""きゃのこ"":[""alias:ja""]},""readingNames"":[""けの汁""],""primaryReadings"":[]}],""lexical"":[{""reading"":""けのしる"",""surface"":""けの汁"",""categories"":[""food""],""evidence"":""https://www.edrdg.org/jmdict/edict_doc.html#entry-2866532-sense-1"",""entryId"":""2866532"",""fields"":[""food""],""pos"":[""n""],""version"":""76a91691b63094bf2aedca93cb889c7396945fe961e478f13081d839c9684e0c"",""source"":""JMdict"",""glosses"":[""wild vegetable and tofu soup (specialty of Aomori prefecture)""]}]}"
food	ちゃるそんす	チャルソンス	1851	1851	wiki	orthographic-kana;https://www.wikidata.org/wiki/Q3678813#name	https://www.wikidata.org/wiki/Q3678813	assistant inspection of pair-bound reading evidence and stored semantic facts; targeted pages for identified problems	Recorded reading/surface pair and category supported by cited facts after rule corrections; not a claim of independent expert review	"{""entities"":[{""id"":""Q3678813"",""names"":[""Cjarsons"",""チャルソンス""],""types"":[""Q2625877""],""parents"":[],""readings"":[],""title"":""チャルソンス"",""nameKinds"":{""Cjarsons"":[""label:en""],""チャルソンス"":[""label:ja"",""title:jawiki""]},""readingNames"":[""チャルソンス""],""primaryReadings"":[]}],""lexical"":[]}"
food	とーらん	トーラン	1851	1851	common	https://www.edrdg.org/jmdict/edict_doc.html#entry-2847022-sense-1	https://www.wikidata.org/wiki/Q7796150#P31;reading:independent-pair;categories:food;lexical-and-confirmed-referents;https://www.edrdg.org/jmdict/edict_doc.html#entry-2847022-sense-1	assistant inspection of pair-bound reading evidence and stored semantic facts; targeted pages for identified problems	Recorded reading/surface pair and category supported by cited facts after rule corrections; not a claim of independent expert review	"{""entities"":[{""id"":""Q7796150"",""names"":[""Thoran"",""トーラン"",""upperi"",""Poriyal""],""types"":[""Q746549""],""parents"":[],""readings"":[],""title"":""トーラン"",""nameKinds"":{""Thoran"":[""label:en""],""トーラン"":[""label:ja"",""title:jawiki""],""upperi"":[""alias:en""],""Poriyal"":[""alias:en""]},""readingNames"":[""トーラン""],""primaryReadings"":[]}],""lexical"":[{""reading"":""とーらん"",""surface"":""トーラン"",""categories"":[""food""],""evidence"":""https://www.edrdg.org/jmdict/edict_doc.html#entry-2847022-sense-1"",""entryId"":""2847022"",""fields"":[""food""],""pos"":[""n""],""version"":""76a91691b63094bf2aedca93cb889c7396945fe961e478f13081d839c9684e0c"",""source"":""JMdict"",""glosses"":[""thoran""]}]}"
food	わかさいも	わかさいも	1851	1851	common	orthographic-kana;https://www.wikidata.org/wiki/Q11281654#name	https://www.wikidata.org/wiki/Q11281654	assistant inspection of pair-bound reading evidence and stored semantic facts; targeted pages for identified problems	Recorded reading/surface pair and category supported by cited facts after rule corrections; not a claim of independent expert review	"{""entities"":[{""id"":""Q11281654"",""names"":[""わかさいも"",""いもてん""],""types"":[""Q5159627""],""parents"":[],""readings"":[],""title"":""わかさいも"",""nameKinds"":{""わかさいも"":[""label:ja"",""title:jawiki""],""いもてん"":[""alias:ja""]},""readingNames"":[""わかさいも""],""primaryReadings"":[]}],""lexical"":[]}"
food	なっとろーすと	ナットロースト	1851	1851	wiki	orthographic-kana;https://www.wikidata.org/wiki/Q4804986#name	https://www.wikidata.org/wiki/Q4804986	assistant inspection of pair-bound reading evidence and stored semantic facts; targeted pages for identified problems	Recorded reading/surface pair and category supported by cited facts after rule corrections; not a claim of independent expert review	"{""entities"":[{""id"":""Q4804986"",""names"":[""nut roast"",""ナットロースト""],""types"":[],""parents"":[""Q2095""],""readings"":[],""title"":""ナットロースト"",""nameKinds"":{""nut roast"":[""label:en""],""ナットロースト"":[""label:ja"",""title:jawiki""]},""readingNames"":[""ナットロースト""],""primaryReadings"":[]}],""lexical"":[]}"
food	かっさてっら	カッサテッラ	1851	1851	wiki	orthographic-kana;https://www.wikidata.org/wiki/Q3661968#name	https://www.wikidata.org/wiki/Q3661968	assistant inspection of pair-bound reading evidence and stored semantic facts; targeted pages for identified problems	Recorded reading/surface pair and category supported by cited facts after rule corrections; not a claim of independent expert review	"{""entities"":[{""id"":""Q3661968"",""names"":[""Cassatella PAT"",""ravioli dolci"",""cappidduzzi"",""casateddi"",""Ravioli dolci siciliani"",""カッサテッラ""],""types"":[""Q182940"",""Q2251745""],""parents"":[""Q477248""],""readings"":[],""title"":""カッサテッラ"",""nameKinds"":{""Cassatella PAT"":[""label:en"",""label:ja""],""ravioli dolci"":[""alias:en""],""cappidduzzi"":[""alias:en""],""casateddi"":[""alias:en""],""Ravioli dolci siciliani"":[""alias:en""],""カッサテッラ"":[""alias:ja"",""title:jawiki""]},""readingNames"":[""Cassatella PAT""],""primaryReadings"":[]}],""lexical"":[]}"
food	れいくん	冷燻	1851	1851	neologd	https://www.edrdg.org/jmdict/edict_doc.html#entry-2857950-sense-1	lexical-and-confirmed-referents;https://www.edrdg.org/jmdict/edict_doc.html#entry-2857950-sense-1	assistant inspection of pair-bound reading evidence and stored semantic facts; targeted pages for identified problems	Recorded reading/surface pair and category supported by cited facts after rule corrections; not a claim of independent expert review	"{""entities"":[],""lexical"":[{""reading"":""れいくん"",""surface"":""冷燻"",""categories"":[""food""],""evidence"":""https://www.edrdg.org/jmdict/edict_doc.html#entry-2857950-sense-1"",""entryId"":""2857950"",""fields"":[""food""],""pos"":[""n""],""version"":""76a91691b63094bf2aedca93cb889c7396945fe961e478f13081d839c9684e0c"",""source"":""JMdict"",""glosses"":[""cold smoking""]}]}"
food	あるちゃっと	アルチャット	1851	1851	wiki	orthographic-kana;https://www.wikidata.org/wiki/Q2839295#name	https://www.wikidata.org/wiki/Q2839295	assistant inspection of pair-bound reading evidence and stored semantic facts; targeted pages for identified problems	Recorded reading/surface pair and category supported by cited facts after rule corrections; not a claim of independent expert review	"{""entities"":[{""id"":""Q2839295"",""names"":[""alu chat"",""アルチャト"",""alu chaat"",""aloo chat"",""aloo chaat"",""アルチャット""],""types"":[""Q749316"",""Q153584""],""parents"":[""Q152964"",""Q1316209""],""readings"":[],""title"":""アルチャット"",""nameKinds"":{""alu chat"":[""label:en""],""アルチャト"":[""label:ja""],""alu chaat"":[""alias:en""],""aloo chat"":[""alias:en""],""aloo chaat"":[""alias:en""],""アルチャット"":[""alias:ja"",""title:jawiki""]},""readingNames"":[""アルチャト""],""primaryReadings"":[]}],""lexical"":[]}"
food	ごうじお	強塩	1851	1851	common	https://www.edrdg.org/jmdict/edict_doc.html#entry-2826568-sense-1	lexical-and-confirmed-referents;https://www.edrdg.org/jmdict/edict_doc.html#entry-2826568-sense-1	assistant inspection of pair-bound reading evidence and stored semantic facts; targeted pages for identified problems	Recorded reading/surface pair and category supported by cited facts after rule corrections; not a claim of independent expert review	"{""entities"":[],""lexical"":[{""reading"":""ごうじお"",""surface"":""強塩"",""categories"":[""food""],""evidence"":""https://www.edrdg.org/jmdict/edict_doc.html#entry-2826568-sense-1"",""entryId"":""2826568"",""fields"":[""food""],""pos"":[""n""],""version"":""76a91691b63094bf2aedca93cb889c7396945fe961e478f13081d839c9684e0c"",""source"":""JMdict"",""glosses"":[""covering in salt""]}]}"
food	ちゃからか	チャカラカ	1851	1851	wiki	orthographic-kana;https://www.wikidata.org/wiki/Q1059273#name	https://www.wikidata.org/wiki/Q1059273	assistant inspection of pair-bound reading evidence and stored semantic facts; targeted pages for identified problems	Recorded reading/surface pair and category supported by cited facts after rule corrections; not a claim of independent expert review	"{""entities"":[{""id"":""Q1059273"",""names"":[""chakalaka"",""チャカラカ""],""types"":[""Q746549""],""parents"":[""Q3688975""],""readings"":[],""title"":""チャカラカ"",""nameKinds"":{""chakalaka"":[""label:en""],""チャカラカ"":[""label:ja"",""title:jawiki""]},""readingNames"":[""チャカラカ""],""primaryReadings"":[]}],""lexical"":[]}"
food	ふぁふさ	ファフサ	1851	1851	common	orthographic-kana;https://www.wikidata.org/wiki/Q5429635#name	https://www.wikidata.org/wiki/Q5429635	assistant inspection of pair-bound reading evidence and stored semantic facts; targeted pages for identified problems	Recorded reading/surface pair and category supported by cited facts after rule corrections; not a claim of independent expert review	"{""entities"":[{""id"":""Q5429635"",""names"":[""Fahsa"",""ファフサ""],""types"":[],""parents"":[""Q2095"",""Q18697490""],""readings"":[],""title"":""ファフサ"",""nameKinds"":{""Fahsa"":[""label:en""],""ファフサ"":[""label:ja"",""title:jawiki""]},""readingNames"":[""ファフサ""],""primaryReadings"":[]}],""lexical"":[]}"
food	ぜんりゅうこくもつ	全粒穀物	1851	1851	common	https://www.edrdg.org/jmdict/edict_doc.html#entry-2848558-sense-1	https://www.wikidata.org/wiki/Q1938952#P31;reading:independent-pair;categories:food;lexical-and-confirmed-referents;https://www.edrdg.org/jmdict/edict_doc.html#entry-2848558-sense-1	assistant inspection of pair-bound reading evidence and stored semantic facts; targeted pages for identified problems	Recorded reading/surface pair and category supported by cited facts after rule corrections; not a claim of independent expert review	"{""entities"":[{""id"":""Q1938952"",""names"":[""全粒穀物"",""whole grain"",""whole grains""],""types"":[],""parents"":[""Q2995529""],""readings"":[],""title"":""全粒穀物"",""nameKinds"":{""全粒穀物"":[""label:ja"",""title:jawiki""],""whole grain"":[""label:en""],""whole grains"":[""alias:en""]},""readingNames"":[""全粒穀物""],""primaryReadings"":[]}],""lexical"":[{""reading"":""ぜんりゅうこくもつ"",""surface"":""全粒穀物"",""categories"":[""general""],""evidence"":""https://www.edrdg.org/jmdict/edict_doc.html#entry-2848558-sense-1"",""entryId"":""2848558"",""pos"":[""n""],""version"":""76a91691b63094bf2aedca93cb889c7396945fe961e478f13081d839c9684e0c"",""source"":""JMdict"",""glosses"":[""whole grains""]}]}"
food	なるとまき	鳴門巻き	1851	1851	common	https://www.edrdg.org/jmdict/edict_doc.html#entry-1532930-sense-1	lexical-and-confirmed-referents;https://www.edrdg.org/jmdict/edict_doc.html#entry-1532930-sense-1	assistant inspection of pair-bound reading evidence and stored semantic facts; targeted pages for identified problems	Recorded reading/surface pair and category supported by cited facts after rule corrections; not a claim of independent expert review	"{""entities"":[],""lexical"":[{""reading"":""なるとまき"",""surface"":""鳴門巻き"",""categories"":[""food""],""evidence"":""https://www.edrdg.org/jmdict/edict_doc.html#entry-1532930-sense-1"",""entryId"":""1532930"",""fields"":[""food""],""pos"":[""n""],""version"":""76a91691b63094bf2aedca93cb889c7396945fe961e478f13081d839c9684e0c"",""source"":""JMdict"",""glosses"":[""kamaboko with a spiral whirlpool-like pattern""]}]}"
food	みてぃてぃ	ミティティ	1851	1851	wiki	orthographic-kana;https://www.wikidata.org/wiki/Q600438#name	https://www.wikidata.org/wiki/Q600438	assistant inspection of pair-bound reading evidence and stored semantic facts; targeted pages for identified problems	Recorded reading/surface pair and category supported by cited facts after rule corrections; not a claim of independent expert review	"{""entities"":[{""id"":""Q600438"",""names"":[""Mititei"",""ミティティ""],""types"":[""Q746549""],""parents"":[],""readings"":[],""title"":""ミティティ"",""nameKinds"":{""Mititei"":[""label:en""],""ミティティ"":[""label:ja"",""title:jawiki""]},""readingNames"":[""ミティティ""],""primaryReadings"":[]}],""lexical"":[]}"
food	たまごかけごはん	たまごかけごはん	1851	1851	person,common	https://www.edrdg.org/jmdict/edict_doc.html#entry-2451370-sense-1	https://www.wikidata.org/wiki/Q11271311#P31;reading:independent-pair;categories:person;lexical-and-confirmed-referents;https://www.edrdg.org/jmdict/edict_doc.html#entry-2451370-sense-1	assistant inspection of pair-bound reading evidence and stored semantic facts; targeted pages for identified problems	Recorded reading/surface pair and category supported by cited facts after rule corrections; not a claim of independent expert review	"{""entities"":[{""id"":""Q11271311"",""names"":[""たまごかけごはん"",""Tamagokake Gohan"",""Furikake Gohan"",""たまごかけごはん (漫画家)""],""types"":[""Q5""],""parents"":[],""readings"":[],""title"":""たまごかけごはん (漫画家)"",""nameKinds"":{""たまごかけごはん"":[""label:ja""],""Tamagokake Gohan"":[""label:en""],""Furikake Gohan"":[""alias:en""],""たまごかけごはん (漫画家)"":[""title:jawiki""]},""readingNames"":[""たまごかけごはん""],""primaryReadings"":[]}],""lexical"":[{""reading"":""たまごかけごはん"",""surface"":""たまごかけごはん"",""categories"":[""food""],""evidence"":""https://www.edrdg.org/jmdict/edict_doc.html#entry-2451370-sense-1"",""entryId"":""2451370"",""fields"":[""food""],""pos"":[""n""],""version"":""76a91691b63094bf2aedca93cb889c7396945fe961e478f13081d839c9684e0c"",""source"":""JMdict"",""glosses"":[""rice topped with raw egg (often seasoned with soy sauce)""]}]}"
food	ひめにら	ヒメニラ	1851	1851	common	orthographic-kana;https://www.wikidata.org/wiki/Q846916#name	https://www.wikidata.org/wiki/Q846916	assistant inspection of pair-bound reading evidence and stored semantic facts; targeted pages for identified problems	Recorded reading/surface pair and category supported by cited facts after rule corrections; not a claim of independent expert review	"{""entities"":[{""id"":""Q846916"",""names"":[""Allium monanthum"",""ヒメニラ"",""Korean wild chive""],""types"":[""Q16521"",""Q5368822""],""parents"":[],""readings"":[],""title"":""ヒメニラ"",""nameKinds"":{""Allium monanthum"":[""label:en""],""ヒメニラ"":[""label:ja"",""title:jawiki""],""Korean wild chive"":[""alias:en""]},""readingNames"":[""ヒメニラ""],""primaryReadings"":[]}],""lexical"":[]}"
food	まあむーる	マアムール	1851	1851	wiki	orthographic-kana;https://www.wikidata.org/wiki/Q725125#name	https://www.wikidata.org/wiki/Q725125	assistant inspection of pair-bound reading evidence and stored semantic facts; targeted pages for identified problems	Recorded reading/surface pair and category supported by cited facts after rule corrections; not a claim of independent expert review	"{""entities"":[{""id"":""Q725125"",""names"":[""Ma'amoul"",""マアムール"",""マームール""],""types"":[],""parents"":[""Q182940"",""Q2095""],""readings"":[],""title"":""マアムール"",""nameKinds"":{""Ma'amoul"":[""label:en""],""マアムール"":[""label:ja"",""title:jawiki""],""マームール"":[""alias:ja""]},""readingNames"":[""マアムール""],""primaryReadings"":[]}],""lexical"":[]}"
food	にゅうさんきんいんりょう	乳酸菌飲料	1851	1851	common	https://www.edrdg.org/jmdict/edict_doc.html#entry-2141960-sense-1	https://www.wikidata.org/wiki/Q122809311#P31;reading:independent-pair;categories:food;lexical-and-confirmed-referents;https://www.edrdg.org/jmdict/edict_doc.html#entry-2141960-sense-1	assistant inspection of pair-bound reading evidence and stored semantic facts; targeted pages for identified problems	Recorded reading/surface pair and category supported by cited facts after rule corrections; not a claim of independent expert review	"{""entities"":[{""id"":""Q122809311"",""names"":[""乳酸菌飲料"",""lactic fermenting beverage""],""types"":[],""parents"":[""Q1872262"",""Q26868224""],""readings"":[],""title"":""乳酸菌飲料"",""nameKinds"":{""乳酸菌飲料"":[""label:ja"",""title:jawiki""],""lactic fermenting beverage"":[""label:en""]},""readingNames"":[""乳酸菌飲料""],""primaryReadings"":[]}],""lexical"":[{""reading"":""にゅうさんきんいんりょう"",""surface"":""乳酸菌飲料"",""categories"":[""general""],""evidence"":""https://www.edrdg.org/jmdict/edict_doc.html#entry-2141960-sense-1"",""entryId"":""2141960"",""pos"":[""n""],""version"":""76a91691b63094bf2aedca93cb889c7396945fe961e478f13081d839c9684e0c"",""source"":""JMdict"",""glosses"":[""fermented milk drink (e.g. Yakult, Calpis, Calpico)"",""lactic fermenting beverage""]}]}"
food	ていたーとっつ	テイタートッツ	1851	1851	common	orthographic-kana;https://www.wikidata.org/wiki/Q3516025#name	https://www.wikidata.org/wiki/Q3516025	assistant inspection of pair-bound reading evidence and stored semantic facts; targeted pages for identified problems	Recorded reading/surface pair and category supported by cited facts after rule corrections; not a claim of independent expert review	"{""entities"":[{""id"":""Q3516025"",""names"":[""Tater Tots"",""テイタートッツ"",""tots"",""tater tots""],""types"":[""Q167270"",""Q951964""],""parents"":[""Q10514020""],""readings"":[],""title"":""テイタートッツ"",""nameKinds"":{""Tater Tots"":[""label:en""],""テイタートッツ"":[""label:ja"",""title:jawiki""],""tots"":[""alias:en""],""tater tots"":[""alias:en""]},""readingNames"":[""テイタートッツ""],""primaryReadings"":[]}],""lexical"":[]}"
food	らーばいさい	辣白菜	1851	1851	neologd	https://www.edrdg.org/jmdict/edict_doc.html#entry-2683340-sense-1	lexical-and-confirmed-referents;https://www.edrdg.org/jmdict/edict_doc.html#entry-2683340-sense-1	assistant inspection of pair-bound reading evidence and stored semantic facts; targeted pages for identified problems	Recorded reading/surface pair and category supported by cited facts after rule corrections; not a claim of independent expert review	"{""entities"":[],""lexical"":[{""reading"":""らーばいさい"",""surface"":""辣白菜"",""categories"":[""food""],""evidence"":""https://www.edrdg.org/jmdict/edict_doc.html#entry-2683340-sense-1"",""entryId"":""2683340"",""fields"":[""food""],""pos"":[""n""],""version"":""76a91691b63094bf2aedca93cb889c7396945fe961e478f13081d839c9684e0c"",""source"":""JMdict"",""glosses"":[""hot-and-sour cabbage""]}]}"
food	あゆずし	鮎鮨	1851	1851	common	https://www.edrdg.org/jmdict/edict_doc.html#entry-2828194-sense-1	lexical-and-confirmed-referents;https://www.edrdg.org/jmdict/edict_doc.html#entry-2828194-sense-1	assistant inspection of pair-bound reading evidence and stored semantic facts; targeted pages for identified problems	Recorded reading/surface pair and category supported by cited facts after rule corrections; not a claim of independent expert review	"{""entities"":[],""lexical"":[{""reading"":""あゆずし"",""surface"":""鮎鮨"",""categories"":[""food""],""evidence"":""https://www.edrdg.org/jmdict/edict_doc.html#entry-2828194-sense-1"",""entryId"":""2828194"",""fields"":[""food""],""pos"":[""n""],""version"":""76a91691b63094bf2aedca93cb889c7396945fe961e478f13081d839c9684e0c"",""source"":""JMdict"",""glosses"":[""sweetfish sushi"",""ayu sushi"",""belly of sweetfish salted, pickled and served on rice""]}]}"
food	いもあん	いもあん	1851	1851	neologd	https://www.edrdg.org/jmdict/edict_doc.html#entry-2871707-sense-1	lexical-and-confirmed-referents;https://www.edrdg.org/jmdict/edict_doc.html#entry-2871707-sense-1	assistant inspection of pair-bound reading evidence and stored semantic facts; targeted pages for identified problems	Recorded reading/surface pair and category supported by cited facts after rule corrections; not a claim of independent expert review	"{""entities"":[],""lexical"":[{""reading"":""いもあん"",""surface"":""いもあん"",""categories"":[""food""],""evidence"":""https://www.edrdg.org/jmdict/edict_doc.html#entry-2871707-sense-1"",""entryId"":""2871707"",""fields"":[""food""],""pos"":[""n""],""version"":""76a91691b63094bf2aedca93cb889c7396945fe961e478f13081d839c9684e0c"",""source"":""JMdict"",""glosses"":[""sweet potato paste""]}]}"
food	おしぼりうどん	おしぼりうどん	1851	1851	common	https://www.edrdg.org/jmdict/edict_doc.html#entry-2865798-sense-1	lexical-and-confirmed-referents;https://www.edrdg.org/jmdict/edict_doc.html#entry-2865798-sense-1	assistant inspection of pair-bound reading evidence and stored semantic facts; targeted pages for identified problems	Recorded reading/surface pair and category supported by cited facts after rule corrections; not a claim of independent expert review	"{""entities"":[],""lexical"":[{""reading"":""おしぼりうどん"",""surface"":""おしぼりうどん"",""categories"":[""food""],""evidence"":""https://www.edrdg.org/jmdict/edict_doc.html#entry-2865798-sense-1"",""entryId"":""2865798"",""fields"":[""food""],""pos"":[""n""],""version"":""76a91691b63094bf2aedca93cb889c7396945fe961e478f13081d839c9684e0c"",""source"":""JMdict"",""glosses"":[""udon dish from Nagano prefecture""]}]}"
food	にごみ	にごみ	1851	1851	wiki	orthographic-kana;https://www.wikidata.org/wiki/Q131903301#name	https://www.wikidata.org/wiki/Q131903301	assistant inspection of pair-bound reading evidence and stored semantic facts; targeted pages for identified problems	Recorded reading/surface pair and category supported by cited facts after rule corrections; not a claim of independent expert review	"{""entities"":[{""id"":""Q131903301"",""names"":[""にごみ""],""types"":[],""parents"":[""Q7037735""],""readings"":[],""title"":""にごみ"",""nameKinds"":{""にごみ"":[""label:ja"",""title:jawiki""]},""readingNames"":[""にごみ""],""primaryReadings"":[]}],""lexical"":[]}"
food	めんつゆ	麺汁	1851	1851	neologd	https://www.edrdg.org/jmdict/edict_doc.html#entry-2828205-sense-1	lexical-and-confirmed-referents;https://www.edrdg.org/jmdict/edict_doc.html#entry-2828205-sense-1	assistant inspection of pair-bound reading evidence and stored semantic facts; targeted pages for identified problems	Recorded reading/surface pair and category supported by cited facts after rule corrections; not a claim of independent expert review	"{""entities"":[],""lexical"":[{""reading"":""めんつゆ"",""surface"":""麺汁"",""categories"":[""food""],""evidence"":""https://www.edrdg.org/jmdict/edict_doc.html#entry-2828205-sense-1"",""entryId"":""2828205"",""fields"":[""food""],""pos"":[""n""],""version"":""76a91691b63094bf2aedca93cb889c7396945fe961e478f13081d839c9684e0c"",""source"":""JMdict"",""misc"":[""uk""],""glosses"":[""mentsuyu"",""noodle soup base"",""mixture of dashi, soy sauce, mirin and sugar""]}]}"
food	おにく	おにく	1851	1851	person	https://www.edrdg.org/jmdict/edict_doc.html#entry-2246730-sense-1;https://www.edrdg.org/jmdict/edict_doc.html#entry-2716820-sense-1	lexical-and-confirmed-referents;https://www.edrdg.org/jmdict/edict_doc.html#entry-2246730-sense-1;https://www.edrdg.org/jmdict/edict_doc.html#entry-2716820-sense-1	assistant inspection of pair-bound reading evidence and stored semantic facts; targeted pages for identified problems	Recorded reading/surface pair and category supported by cited facts after rule corrections; not a claim of independent expert review	"{""entities"":[],""lexical"":[{""reading"":""おにく"",""surface"":""おにく"",""categories"":[""food""],""evidence"":""https://www.edrdg.org/jmdict/edict_doc.html#entry-2246730-sense-1"",""entryId"":""2246730"",""fields"":[""food""],""pos"":[""n""],""version"":""76a91691b63094bf2aedca93cb889c7396945fe961e478f13081d839c9684e0c"",""source"":""JMdict"",""glosses"":[""whale tail""]},{""reading"":""おにく"",""surface"":""おにく"",""categories"":[""general""],""evidence"":""https://www.edrdg.org/jmdict/edict_doc.html#entry-2716820-sense-1"",""entryId"":""2716820"",""pos"":[""n""],""version"":""76a91691b63094bf2aedca93cb889c7396945fe961e478f13081d839c9684e0c"",""source"":""JMdict"",""misc"":[""uk""],""glosses"":[""northern groundcone (Boschniakia rossica)""]}]}"
food	ほやたまご	ほやたまご	1851	1851	wiki	orthographic-kana;https://www.wikidata.org/wiki/Q132126116#name	https://www.wikidata.org/wiki/Q132126116	assistant inspection of pair-bound reading evidence and stored semantic facts; targeted pages for identified problems	Recorded reading/surface pair and category supported by cited facts after rule corrections; not a claim of independent expert review	"{""entities"":[{""id"":""Q132126116"",""names"":[""ほやたまご""],""types"":[""Q746549""],""parents"":[],""readings"":[],""title"":""ほやたまご"",""nameKinds"":{""ほやたまご"":[""label:ja"",""title:jawiki""]},""readingNames"":[""ほやたまご""],""primaryReadings"":[]}],""lexical"":[]}"
food	くちゅーかい	クチューカイ	1851	1851	wiki	orthographic-kana;https://www.wikidata.org/wiki/Q518601#name	https://www.wikidata.org/wiki/Q518601	assistant inspection of pair-bound reading evidence and stored semantic facts; targeted pages for identified problems	Recorded reading/surface pair and category supported by cited facts after rule corrections; not a claim of independent expert review	"{""entities"":[{""id"":""Q518601"",""names"":[""kūčiukai"",""クチューカイ"",""クーチュカイ"",""シルズィキ"",""slizhyki""],""types"":[""Q558298"",""Q13266""],""parents"":[""Q477248""],""readings"":[],""title"":""クチューカイ"",""nameKinds"":{""kūčiukai"":[""label:en""],""クチューカイ"":[""label:ja"",""title:jawiki""],""クーチュカイ"":[""alias:ja""],""シルズィキ"":[""alias:ja""],""slizhyki"":[""alias:en""]},""readingNames"":[""クチューカイ""],""primaryReadings"":[]}],""lexical"":[]}"
food	ねりからし	練りからし	1851	1851	neologd	https://www.edrdg.org/jmdict/edict_doc.html#entry-2083820-sense-1	lexical-and-confirmed-referents;https://www.edrdg.org/jmdict/edict_doc.html#entry-2083820-sense-1	assistant inspection of pair-bound reading evidence and stored semantic facts; targeted pages for identified problems	Recorded reading/surface pair and category supported by cited facts after rule corrections; not a claim of independent expert review	"{""entities"":[],""lexical"":[{""reading"":""ねりからし"",""surface"":""練りからし"",""categories"":[""food""],""evidence"":""https://www.edrdg.org/jmdict/edict_doc.html#entry-2083820-sense-1"",""entryId"":""2083820"",""fields"":[""food""],""pos"":[""n""],""version"":""76a91691b63094bf2aedca93cb889c7396945fe961e478f13081d839c9684e0c"",""source"":""JMdict"",""glosses"":[""mustard paste"",""English mustard""]}]}"
food	しんけんふれっかーる	シンケンフレッカール	1851	1851	common	orthographic-kana;https://www.wikidata.org/wiki/Q2236199#name	https://www.wikidata.org/wiki/Q2236199	assistant inspection of pair-bound reading evidence and stored semantic facts; targeted pages for identified problems	Recorded reading/surface pair and category supported by cited facts after rule corrections; not a claim of independent expert review	"{""entities"":[{""id"":""Q2236199"",""names"":[""シンケンフレッカール""],""types"":[""Q746549""],""parents"":[""Q746549""],""readings"":[],""title"":""シンケンフレッカール"",""nameKinds"":{""シンケンフレッカール"":[""label:ja"",""title:jawiki""]},""readingNames"":[""シンケンフレッカール""],""primaryReadings"":[]}],""lexical"":[]}"
food	りんごす	りんご酢	1851	1851	neologd	https://www.edrdg.org/jmdict/edict_doc.html#entry-2850839-sense-1	lexical-and-confirmed-referents;https://www.edrdg.org/jmdict/edict_doc.html#entry-2850839-sense-1	assistant inspection of pair-bound reading evidence and stored semantic facts; targeted pages for identified problems	Recorded reading/surface pair and category supported by cited facts after rule corrections; not a claim of independent expert review	"{""entities"":[],""lexical"":[{""reading"":""りんごす"",""surface"":""りんご酢"",""categories"":[""food""],""evidence"":""https://www.edrdg.org/jmdict/edict_doc.html#entry-2850839-sense-1"",""entryId"":""2850839"",""fields"":[""food""],""pos"":[""n""],""version"":""76a91691b63094bf2aedca93cb889c7396945fe961e478f13081d839c9684e0c"",""source"":""JMdict"",""glosses"":[""apple cider vinegar"",""cider vinegar""]}]}"
food	むかじゅう	無果汁	1851	1851	common	https://www.edrdg.org/jmdict/edict_doc.html#entry-2867838-sense-1	https://www.wikidata.org/wiki/Q11567414#P31;reading:independent-pair;categories:food;lexical-and-confirmed-referents;https://www.edrdg.org/jmdict/edict_doc.html#entry-2867838-sense-1	assistant inspection of pair-bound reading evidence and stored semantic facts; targeted pages for identified problems	Recorded reading/surface pair and category supported by cited facts after rule corrections; not a claim of independent expert review	"{""entities"":[{""id"":""Q11567414"",""names"":[""無果汁"",""juice without fruit""],""types"":[],""parents"":[""Q2647467""],""readings"":[],""title"":""無果汁"",""nameKinds"":{""無果汁"":[""label:ja"",""title:jawiki""],""juice without fruit"":[""label:en""]},""readingNames"":[""無果汁""],""primaryReadings"":[]}],""lexical"":[{""reading"":""むかじゅう"",""surface"":""無果汁"",""categories"":[""general""],""evidence"":""https://www.edrdg.org/jmdict/edict_doc.html#entry-2867838-sense-1"",""entryId"":""2867838"",""pos"":[""adj-no"",""n""],""version"":""76a91691b63094bf2aedca93cb889c7396945fe961e478f13081d839c9684e0c"",""source"":""JMdict"",""glosses"":[""containing no fruit juice""]}]}"
food	るっくちょこれーと	ルックチョコレート	1851	1851	common	orthographic-kana;https://www.wikidata.org/wiki/Q11348961#name	https://www.wikidata.org/wiki/Q11348961	assistant inspection of pair-bound reading evidence and stored semantic facts; targeted pages for identified problems	Recorded reading/surface pair and category supported by cited facts after rule corrections; not a claim of independent expert review	"{""entities"":[{""id"":""Q11348961"",""names"":[""ルックチョコレート"",""LOOK""],""types"":[],""parents"":[""Q195""],""readings"":[],""title"":""ルックチョコレート"",""nameKinds"":{""ルックチョコレート"":[""label:ja"",""title:jawiki""],""LOOK"":[""label:en""]},""readingNames"":[""ルックチョコレート""],""primaryReadings"":[]}],""lexical"":[]}"
food	ふりーらんち	フリーランチ	1851	1851	neologd	orthographic-kana;https://www.wikidata.org/wiki/Q5500257#name	https://www.wikidata.org/wiki/Q5500257	assistant inspection of pair-bound reading evidence and stored semantic facts; targeted pages for identified problems	Recorded reading/surface pair and category supported by cited facts after rule corrections; not a claim of independent expert review	"{""entities"":[{""id"":""Q5500257"",""names"":[""free lunch"",""フリーランチ""],""types"":[""Q353163"",""Q828395"",""Q131521590""],""parents"":[""Q12896105""],""readings"":[],""nameKinds"":{""free lunch"":[""label:en""],""フリーランチ"":[""label:ja""]},""readingNames"":[""フリーランチ""],""primaryReadings"":[]}],""lexical"":[]}"
food	かっちーかい	カッチーカイ	1851	1851	wiki	orthographic-kana;https://www.wikidata.org/wiki/Q4843243#name	https://www.wikidata.org/wiki/Q4843243	assistant inspection of pair-bound reading evidence and stored semantic facts; targeted pages for identified problems	Recorded reading/surface pair and category supported by cited facts after rule corrections; not a claim of independent expert review	"{""entities"":[{""id"":""Q4843243"",""names"":[""Baik kut kyee kaik"",""カッチーカイ""],""types"":[],""parents"":[""Q2095"",""Q28100907"",""Q28100918""],""readings"":[],""title"":""カッチーカイ"",""nameKinds"":{""Baik kut kyee kaik"":[""label:en""],""カッチーカイ"":[""label:ja"",""title:jawiki""]},""readingNames"":[""カッチーカイ""],""primaryReadings"":[]}],""lexical"":[]}"
food	あつやきたまご	厚焼玉子	1851	1851	neologd	https://www.edrdg.org/jmdict/edict_doc.html#entry-2862021-sense-1	lexical-and-confirmed-referents;https://www.edrdg.org/jmdict/edict_doc.html#entry-2862021-sense-1	assistant inspection of pair-bound reading evidence and stored semantic facts; targeted pages for identified problems	Recorded reading/surface pair and category supported by cited facts after rule corrections; not a claim of independent expert review	"{""entities"":[],""lexical"":[{""reading"":""あつやきたまご"",""surface"":""厚焼玉子"",""categories"":[""food""],""evidence"":""https://www.edrdg.org/jmdict/edict_doc.html#entry-2862021-sense-1"",""entryId"":""2862021"",""fields"":[""food""],""pos"":[""n""],""version"":""76a91691b63094bf2aedca93cb889c7396945fe961e478f13081d839c9684e0c"",""source"":""JMdict"",""glosses"":[""thick omelette"",""rolled omelette""]}]}"
food	ゆべし	柚餅子	1851	1851	neologd	https://www.edrdg.org/jmdict/edict_doc.html#entry-2625690-sense-1	lexical-and-confirmed-referents;https://www.edrdg.org/jmdict/edict_doc.html#entry-2625690-sense-1	assistant inspection of pair-bound reading evidence and stored semantic facts; targeted pages for identified problems	Recorded reading/surface pair and category supported by cited facts after rule corrections; not a claim of independent expert review	"{""entities"":[],""lexical"":[{""reading"":""ゆべし"",""surface"":""柚餅子"",""categories"":[""food""],""evidence"":""https://www.edrdg.org/jmdict/edict_doc.html#entry-2625690-sense-1"",""entryId"":""2625690"",""fields"":[""food""],""pos"":[""n""],""version"":""76a91691b63094bf2aedca93cb889c7396945fe961e478f13081d839c9684e0c"",""source"":""JMdict"",""glosses"":[""sweet yuzu-flavoured steamed dumpling""]}]}"
food	きんだんのかじつ	禁断の果実	1851	1851	common	https://www.edrdg.org/jmdict/edict_doc.html#entry-2830462-sense-1	https://www.wikidata.org/wiki/Q1192941#P31;reading:independent-pair;categories:food;lexical-and-confirmed-referents;https://www.edrdg.org/jmdict/edict_doc.html#entry-2830462-sense-1	assistant inspection of pair-bound reading evidence and stored semantic facts; targeted pages for identified problems	Recorded reading/surface pair and category supported by cited facts after rule corrections; not a claim of independent expert review	"{""entities"":[{""id"":""Q1192941"",""names"":[""禁断の果実"",""forbidden fruit"",""禁断の実""],""types"":[""Q3314483""],""parents"":[],""readings"":[],""title"":""禁断の果実"",""nameKinds"":{""禁断の果実"":[""label:ja"",""title:jawiki""],""forbidden fruit"":[""label:en""],""禁断の実"":[""alias:ja""]},""readingNames"":[""禁断の果実""],""primaryReadings"":[]}],""lexical"":[{""reading"":""きんだんのかじつ"",""surface"":""禁断の果実"",""categories"":[""general""],""evidence"":""https://www.edrdg.org/jmdict/edict_doc.html#entry-2830462-sense-1"",""entryId"":""2830462"",""pos"":[""exp"",""n""],""version"":""76a91691b63094bf2aedca93cb889c7396945fe961e478f13081d839c9684e0c"",""source"":""JMdict"",""glosses"":[""forbidden fruit""]}]}"
food	わがらし	和辛子	1851	1851	neologd	https://www.edrdg.org/jmdict/edict_doc.html#entry-2862272-sense-1	lexical-and-confirmed-referents;https://www.edrdg.org/jmdict/edict_doc.html#entry-2862272-sense-1	assistant inspection of pair-bound reading evidence and stored semantic facts; targeted pages for identified problems	Recorded reading/surface pair and category supported by cited facts after rule corrections; not a claim of independent expert review	"{""entities"":[],""lexical"":[{""reading"":""わがらし"",""surface"":""和辛子"",""categories"":[""food""],""evidence"":""https://www.edrdg.org/jmdict/edict_doc.html#entry-2862272-sense-1"",""entryId"":""2862272"",""fields"":[""food""],""pos"":[""n""],""version"":""76a91691b63094bf2aedca93cb889c7396945fe961e478f13081d839c9684e0c"",""source"":""JMdict"",""glosses"":[""Japanese-style mustard""]}]}"
food	ちゃしゅしゅり	チャシュシュリ	1851	1851	wiki	orthographic-kana;https://www.wikidata.org/wiki/Q106194785#name	https://www.wikidata.org/wiki/Q106194785	assistant inspection of pair-bound reading evidence and stored semantic facts; targeted pages for identified problems	Recorded reading/surface pair and category supported by cited facts after rule corrections; not a claim of independent expert review	"{""entities"":[{""id"":""Q106194785"",""names"":[""チャシュシュリ"",""chashushuli""],""types"":[""Q746549""],""parents"":[""Q28100665""],""readings"":[],""title"":""チャシュシュリ"",""nameKinds"":{""チャシュシュリ"":[""label:ja"",""title:jawiki""],""chashushuli"":[""label:en""]},""readingNames"":[""チャシュシュリ""],""primaryReadings"":[]}],""lexical"":[]}"
food	ひばめし	干葉飯	1851	1851	common	https://www.edrdg.org/jmdict/edict_doc.html#entry-2840099-sense-1	lexical-and-confirmed-referents;https://www.edrdg.org/jmdict/edict_doc.html#entry-2840099-sense-1	assistant inspection of pair-bound reading evidence and stored semantic facts; targeted pages for identified problems	Recorded reading/surface pair and category supported by cited facts after rule corrections; not a claim of independent expert review	"{""entities"":[],""lexical"":[{""reading"":""ひばめし"",""surface"":""干葉飯"",""categories"":[""food""],""evidence"":""https://www.edrdg.org/jmdict/edict_doc.html#entry-2840099-sense-1"",""entryId"":""2840099"",""fields"":[""food""],""pos"":[""n""],""version"":""76a91691b63094bf2aedca93cb889c7396945fe961e478f13081d839c9684e0c"",""source"":""JMdict"",""glosses"":[""rice with dried daikon leaves""]}]}"
food	うーにゆーすと	ウーニユースト	1851	1851	common	orthographic-kana;https://www.wikidata.org/wiki/Q7903559#name	https://www.wikidata.org/wiki/Q7903559	assistant inspection of pair-bound reading evidence and stored semantic facts; targeted pages for identified problems	Recorded reading/surface pair and category supported by cited facts after rule corrections; not a claim of independent expert review	"{""entities"":[{""id"":""Q7903559"",""names"":[""Uunijuusto"",""ウーニユースト""],""types"":[],""parents"":[""Q2095""],""readings"":[],""title"":""ウーニユースト"",""nameKinds"":{""Uunijuusto"":[""label:en""],""ウーニユースト"":[""label:ja"",""title:jawiki""]},""readingNames"":[""ウーニユースト""],""primaryReadings"":[]}],""lexical"":[]}"
food	さるみ	サルミ	1851	1851	neologd	https://www.edrdg.org/jmdict/edict_doc.html#entry-2831180-sense-1	lexical-and-confirmed-referents;https://www.edrdg.org/jmdict/edict_doc.html#entry-2831180-sense-1	assistant inspection of pair-bound reading evidence and stored semantic facts; targeted pages for identified problems	Recorded reading/surface pair and category supported by cited facts after rule corrections; not a claim of independent expert review	"{""entities"":[],""lexical"":[{""reading"":""さるみ"",""surface"":""サルミ"",""categories"":[""food""],""evidence"":""https://www.edrdg.org/jmdict/edict_doc.html#entry-2831180-sense-1"",""entryId"":""2831180"",""fields"":[""food""],""pos"":[""n""],""version"":""76a91691b63094bf2aedca93cb889c7396945fe961e478f13081d839c9684e0c"",""source"":""JMdict"",""glosses"":[""salmis""]}]}"
food	うぇいぱぁー	味覇	1851	1851	neologd	https://www.edrdg.org/jmdict/edict_doc.html#entry-2854565-sense-1	lexical-and-confirmed-referents;https://www.edrdg.org/jmdict/edict_doc.html#entry-2854565-sense-1	assistant inspection of pair-bound reading evidence and stored semantic facts; targeted pages for identified problems	Recorded reading/surface pair and category supported by cited facts after rule corrections; not a claim of independent expert review	"{""entities"":[],""lexical"":[{""reading"":""うぇいぱぁー"",""surface"":""味覇"",""categories"":[""food""],""evidence"":""https://www.edrdg.org/jmdict/edict_doc.html#entry-2854565-sense-1"",""entryId"":""2854565"",""fields"":[""tradem"",""food""],""pos"":[""n""],""version"":""76a91691b63094bf2aedca93cb889c7396945fe961e478f13081d839c9684e0c"",""source"":""JMdict"",""glosses"":[""weipa (seasoning)""]}]}"
food	きざみねぎ	刻み葱	1851	1851	neologd	https://www.edrdg.org/jmdict/edict_doc.html#entry-2872621-sense-1	lexical-and-confirmed-referents;https://www.edrdg.org/jmdict/edict_doc.html#entry-2872621-sense-1	assistant inspection of pair-bound reading evidence and stored semantic facts; targeted pages for identified problems	Recorded reading/surface pair and category supported by cited facts after rule corrections; not a claim of independent expert review	"{""entities"":[],""lexical"":[{""reading"":""きざみねぎ"",""surface"":""刻み葱"",""categories"":[""food""],""evidence"":""https://www.edrdg.org/jmdict/edict_doc.html#entry-2872621-sense-1"",""entryId"":""2872621"",""fields"":[""food""],""pos"":[""n""],""version"":""76a91691b63094bf2aedca93cb889c7396945fe961e478f13081d839c9684e0c"",""source"":""JMdict"",""glosses"":[""chopped leeks""]}]}"
food	みそかつ	味噌かつ	1851	1851	neologd	https://www.edrdg.org/jmdict/edict_doc.html#entry-2857929-sense-1	lexical-and-confirmed-referents;https://www.edrdg.org/jmdict/edict_doc.html#entry-2857929-sense-1	assistant inspection of pair-bound reading evidence and stored semantic facts; targeted pages for identified problems	Recorded reading/surface pair and category supported by cited facts after rule corrections; not a claim of independent expert review	"{""entities"":[],""lexical"":[{""reading"":""みそかつ"",""surface"":""味噌かつ"",""categories"":[""food""],""evidence"":""https://www.edrdg.org/jmdict/edict_doc.html#entry-2857929-sense-1"",""entryId"":""2857929"",""fields"":[""food""],""pos"":[""n""],""version"":""76a91691b63094bf2aedca93cb889c7396945fe961e478f13081d839c9684e0c"",""source"":""JMdict"",""glosses"":[""miso katsu"",""tonkatsu covered in a miso-based sauce""]}]}"
food	くてぃあ	クティア	1851	1851	wiki	orthographic-kana;https://www.wikidata.org/wiki/Q1794677#name	https://www.wikidata.org/wiki/Q1794677	assistant inspection of pair-bound reading evidence and stored semantic facts; targeted pages for identified problems	Recorded reading/surface pair and category supported by cited facts after rule corrections; not a claim of independent expert review	"{""entities"":[{""id"":""Q1794677"",""names"":[""Kutia"",""クティア"",""kutya""],""types"":[],""parents"":[""Q186817"",""Q2744577""],""readings"":[],""title"":""クティア"",""nameKinds"":{""Kutia"":[""label:en""],""クティア"":[""label:ja"",""title:jawiki""],""kutya"":[""alias:en""]},""readingNames"":[""クティア""],""primaryReadings"":[]}],""lexical"":[]}"
food	さいきょうみそ	西京味噌	1851	1851	common	https://www.edrdg.org/jmdict/edict_doc.html#entry-2744310-sense-1	lexical-and-confirmed-referents;https://www.edrdg.org/jmdict/edict_doc.html#entry-2744310-sense-1	assistant inspection of pair-bound reading evidence and stored semantic facts; targeted pages for identified problems	Recorded reading/surface pair and category supported by cited facts after rule corrections; not a claim of independent expert review	"{""entities"":[],""lexical"":[{""reading"":""さいきょうみそ"",""surface"":""西京味噌"",""categories"":[""food""],""evidence"":""https://www.edrdg.org/jmdict/edict_doc.html#entry-2744310-sense-1"",""entryId"":""2744310"",""fields"":[""food""],""pos"":[""n""],""version"":""76a91691b63094bf2aedca93cb889c7396945fe961e478f13081d839c9684e0c"",""source"":""JMdict"",""glosses"":[""Saikyo miso"",""Kyoto-style sweet white miso esp. used for pickling fish""]}]}"
food	だんちゃ	団茶	1851	1851	common	https://www.edrdg.org/jmdict/edict_doc.html#entry-2511860-sense-1	https://www.wikidata.org/wiki/Q10379694#P31;reading:independent-pair;categories:food;lexical-and-confirmed-referents;https://www.edrdg.org/jmdict/edict_doc.html#entry-2511860-sense-1	assistant inspection of pair-bound reading evidence and stored semantic facts; targeted pages for identified problems	Recorded reading/surface pair and category supported by cited facts after rule corrections; not a claim of independent expert review	"{""entities"":[{""id"":""Q10379694"",""names"":[""団茶"",""Tuocha""],""types"":[""Q6097""],""parents"":[],""readings"":[],""title"":""団茶"",""nameKinds"":{""団茶"":[""label:ja"",""title:jawiki""],""Tuocha"":[""label:en""]},""readingNames"":[""団茶""],""primaryReadings"":[]}],""lexical"":[{""reading"":""だんちゃ"",""surface"":""団茶"",""categories"":[""general""],""evidence"":""https://www.edrdg.org/jmdict/edict_doc.html#entry-2511860-sense-1"",""entryId"":""2511860"",""pos"":[""n""],""version"":""76a91691b63094bf2aedca93cb889c7396945fe961e478f13081d839c9684e0c"",""source"":""JMdict"",""glosses"":[""cake tea (e.g. Pu-erh tea)""]}]}"
food	さくさくぱんだ	さくさくぱんだ	1851	1851	common	orthographic-kana;https://www.wikidata.org/wiki/Q86735784#name	https://www.wikidata.org/wiki/Q86735784	assistant inspection of pair-bound reading evidence and stored semantic facts; targeted pages for identified problems	Recorded reading/surface pair and category supported by cited facts after rule corrections; not a claim of independent expert review	"{""entities"":[{""id"":""Q86735784"",""names"":[""さくさくぱんだ""],""types"":[""Q5159627""],""parents"":[""Q13270""],""readings"":[],""title"":""さくさくぱんだ"",""nameKinds"":{""さくさくぱんだ"":[""label:ja"",""title:jawiki""]},""readingNames"":[""さくさくぱんだ""],""primaryReadings"":[]}],""lexical"":[]}"
food	らいすおいる	ライスオイル	1851	1851	wiki	orthographic-kana;https://www.wikidata.org/wiki/Q104127767#name	https://www.wikidata.org/wiki/Q104127767	assistant inspection of pair-bound reading evidence and stored semantic facts; targeted pages for identified problems	Recorded reading/surface pair and category supported by cited facts after rule corrections; not a claim of independent expert review	"{""entities"":[{""id"":""Q104127767"",""names"":[""rice seed oil"",""ライスオイル"",""ライス・オイル""],""types"":[""Q7445643""],""parents"":[],""readings"":[],""nameKinds"":{""rice seed oil"":[""label:en""],""ライスオイル"":[""label:ja""],""ライス・オイル"":[""alias:ja""]},""readingNames"":[""ライスオイル""],""primaryReadings"":[]}],""lexical"":[]}"
food	あるてぃき	アルティキ	1851	1851	wiki	orthographic-kana;https://www.wikidata.org/wiki/Q2624505#name	https://www.wikidata.org/wiki/Q2624505	assistant inspection of pair-bound reading evidence and stored semantic facts; targeted pages for identified problems	Recorded reading/surface pair and category supported by cited facts after rule corrections; not a claim of independent expert review	"{""entities"":[{""id"":""Q2624505"",""names"":[""alu tikki"",""アルティッキ"",""alu ki tikki"",""aloo tikki"",""アルティキ""],""types"":[""Q749316"",""Q153584""],""parents"":[],""readings"":[],""title"":""アルティキ"",""nameKinds"":{""alu tikki"":[""label:en""],""アルティッキ"":[""label:ja""],""alu ki tikki"":[""alias:en""],""aloo tikki"":[""alias:en""],""アルティキ"":[""alias:ja"",""title:jawiki""]},""readingNames"":[""アルティッキ""],""primaryReadings"":[]}],""lexical"":[]}"
food	かいらん	芥藍	1851	1851	neologd	https://www.edrdg.org/jmdict/edict_doc.html#entry-2769190-sense-1	https://www.wikidata.org/wiki/Q104664699#P31;reading:independent-pair;categories:food;lexical-and-confirmed-referents;https://www.edrdg.org/jmdict/edict_doc.html#entry-2769190-sense-1	assistant inspection of pair-bound reading evidence and stored semantic facts; targeted pages for identified problems	Recorded reading/surface pair and category supported by cited facts after rule corrections; not a claim of independent expert review	"{""entities"":[{""id"":""Q104664699"",""names"":[""Chinese broccoli"",""芥藍"",""gai-lan"",""Chinese kale"",""kai-lan"",""kailan"",""gai lan"",""Gai Lan"",""芥藍菜""],""types"":[""Q20134""],""parents"":[],""readings"":[],""nameKinds"":{""Chinese broccoli"":[""label:en""],""芥藍"":[""label:ja""],""gai-lan"":[""alias:en""],""Chinese kale"":[""alias:en""],""kai-lan"":[""alias:en""],""kailan"":[""alias:en""],""gai lan"":[""alias:en""],""Gai Lan"":[""alias:en""],""芥藍菜"":[""alias:ja""]},""readingNames"":[""芥藍""],""primaryReadings"":[]}],""lexical"":[{""reading"":""かいらん"",""surface"":""芥藍"",""categories"":[""general""],""evidence"":""https://www.edrdg.org/jmdict/edict_doc.html#entry-2769190-sense-1"",""entryId"":""2769190"",""pos"":[""n""],""version"":""76a91691b63094bf2aedca93cb889c7396945fe961e478f13081d839c9684e0c"",""source"":""JMdict"",""glosses"":[""kai-lan"",""gai-lan"",""Chinese broccoli""]}]}"
food	すめし	すめし	1851	1851	person	https://www.edrdg.org/jmdict/edict_doc.html#entry-2164930-sense-1	lexical-and-confirmed-referents;https://www.edrdg.org/jmdict/edict_doc.html#entry-2164930-sense-1	assistant inspection of pair-bound reading evidence and stored semantic facts; targeted pages for identified problems	Recorded reading/surface pair and category supported by cited facts after rule corrections; not a claim of independent expert review	"{""entities"":[],""lexical"":[{""reading"":""すめし"",""surface"":""すめし"",""categories"":[""food""],""evidence"":""https://www.edrdg.org/jmdict/edict_doc.html#entry-2164930-sense-1"",""entryId"":""2164930"",""fields"":[""food""],""pos"":[""n""],""version"":""76a91691b63094bf2aedca93cb889c7396945fe961e478f13081d839c9684e0c"",""source"":""JMdict"",""glosses"":[""vinegared rice"",""rice prepared for sushi""]}]}"
food	かつおだし	鰹だし	1851	1851	neologd	https://www.edrdg.org/jmdict/edict_doc.html#entry-2781030-sense-1	lexical-and-confirmed-referents;https://www.edrdg.org/jmdict/edict_doc.html#entry-2781030-sense-1	assistant inspection of pair-bound reading evidence and stored semantic facts; targeted pages for identified problems	Recorded reading/surface pair and category supported by cited facts after rule corrections; not a claim of independent expert review	"{""entities"":[],""lexical"":[{""reading"":""かつおだし"",""surface"":""鰹だし"",""categories"":[""food""],""evidence"":""https://www.edrdg.org/jmdict/edict_doc.html#entry-2781030-sense-1"",""entryId"":""2781030"",""fields"":[""food""],""pos"":[""n""],""version"":""76a91691b63094bf2aedca93cb889c7396945fe961e478f13081d839c9684e0c"",""source"":""JMdict"",""glosses"":[""(dried) bonito stock""]}]}"
food	りょうひ	涼皮	1851	1851	wiki	https://www.edrdg.org/jmdict/edict_doc.html#entry-2855918-sense-1	lexical-and-confirmed-referents;https://www.edrdg.org/jmdict/edict_doc.html#entry-2855918-sense-1	assistant inspection of pair-bound reading evidence and stored semantic facts; targeted pages for identified problems	Recorded reading/surface pair and category supported by cited facts after rule corrections; not a claim of independent expert review	"{""entities"":[],""lexical"":[{""reading"":""りょうひ"",""surface"":""涼皮"",""categories"":[""food""],""evidence"":""https://www.edrdg.org/jmdict/edict_doc.html#entry-2855918-sense-1"",""entryId"":""2855918"",""fields"":[""food""],""pos"":[""n""],""version"":""76a91691b63094bf2aedca93cb889c7396945fe961e478f13081d839c9684e0c"",""source"":""JMdict"",""glosses"":[""liangpi (cold, noodle-like Chinese dish)""]}]}"
food	ようがらし	洋辛子	1851	1851	neologd	https://www.edrdg.org/jmdict/edict_doc.html#entry-1545890-sense-1	lexical-and-confirmed-referents;https://www.edrdg.org/jmdict/edict_doc.html#entry-1545890-sense-1	assistant inspection of pair-bound reading evidence and stored semantic facts; targeted pages for identified problems	Recorded reading/surface pair and category supported by cited facts after rule corrections; not a claim of independent expert review	"{""entities"":[],""lexical"":[{""reading"":""ようがらし"",""surface"":""洋辛子"",""categories"":[""food""],""evidence"":""https://www.edrdg.org/jmdict/edict_doc.html#entry-1545890-sense-1"",""entryId"":""1545890"",""fields"":[""food""],""pos"":[""n""],""version"":""76a91691b63094bf2aedca93cb889c7396945fe961e478f13081d839c9684e0c"",""source"":""JMdict"",""glosses"":[""mustard""]}]}"
general	ふくつふとう	不屈不撓	1851	1851	neologd	https://www.edrdg.org/jmdict/edict_doc.html#entry-2052840-sense-1	lexical-and-confirmed-referents;https://www.edrdg.org/jmdict/edict_doc.html#entry-2052840-sense-1	assistant inspection of pair-bound reading evidence and stored semantic facts; targeted pages for identified problems	Recorded reading/surface pair and category supported by cited facts after rule corrections; not a claim of independent expert review	"{""entities"":[],""lexical"":[{""reading"":""ふくつふとう"",""surface"":""不屈不撓"",""categories"":[""general""],""evidence"":""https://www.edrdg.org/jmdict/edict_doc.html#entry-2052840-sense-1"",""entryId"":""2052840"",""pos"":[""n""],""version"":""76a91691b63094bf2aedca93cb889c7396945fe961e478f13081d839c9684e0c"",""source"":""JMdict"",""misc"":[""yoji""],""glosses"":[""indefatigability"",""indomitableness"",""with unremitting tenacity""]}]}"
general	あてぶり	あてぶり	1851	1851	neologd	https://www.edrdg.org/jmdict/edict_doc.html#entry-2867859-sense-1;https://www.edrdg.org/jmdict/edict_doc.html#entry-2867859-sense-2	lexical-and-confirmed-referents;https://www.edrdg.org/jmdict/edict_doc.html#entry-2867859-sense-1;https://www.edrdg.org/jmdict/edict_doc.html#entry-2867859-sense-2	assistant inspection of pair-bound reading evidence and stored semantic facts; targeted pages for identified problems	Recorded reading/surface pair and category supported by cited facts after rule corrections; not a claim of independent expert review	"{""entities"":[],""lexical"":[{""reading"":""あてぶり"",""surface"":""あてぶり"",""categories"":[""general""],""evidence"":""https://www.edrdg.org/jmdict/edict_doc.html#entry-2867859-sense-1"",""entryId"":""2867859"",""pos"":[""n""],""version"":""76a91691b63094bf2aedca93cb889c7396945fe961e478f13081d839c9684e0c"",""source"":""JMdict"",""glosses"":[""dancing that expresses the meaning of the song lyrics""]},{""reading"":""あてぶり"",""surface"":""あてぶり"",""categories"":[""general""],""evidence"":""https://www.edrdg.org/jmdict/edict_doc.html#entry-2867859-sense-2"",""entryId"":""2867859"",""pos"":[""n""],""version"":""76a91691b63094bf2aedca93cb889c7396945fe961e478f13081d839c9684e0c"",""source"":""JMdict"",""glosses"":[""performing while miming playing instruments""]}]}"
general	りあるたいむしすてむ	リアルタイムシステム	1851	1851	common	https://www.edrdg.org/jmdict/edict_doc.html#entry-1141010-sense-1	lexical-and-confirmed-referents;https://www.edrdg.org/jmdict/edict_doc.html#entry-1141010-sense-1	assistant inspection of pair-bound reading evidence and stored semantic facts; targeted pages for identified problems	Recorded reading/surface pair and category supported by cited facts after rule corrections; not a claim of independent expert review	"{""entities"":[],""lexical"":[{""reading"":""りあるたいむしすてむ"",""surface"":""リアルタイムシステム"",""categories"":[""general""],""evidence"":""https://www.edrdg.org/jmdict/edict_doc.html#entry-1141010-sense-1"",""entryId"":""1141010"",""pos"":[""n""],""version"":""76a91691b63094bf2aedca93cb889c7396945fe961e478f13081d839c9684e0c"",""source"":""JMdict"",""glosses"":[""real-time system""]}]}"
general	りょうぎゃく	凌虐	1851	1851	neologd	https://www.edrdg.org/jmdict/edict_doc.html#entry-2590510-sense-1	lexical-and-confirmed-referents;https://www.edrdg.org/jmdict/edict_doc.html#entry-2590510-sense-1	assistant inspection of pair-bound reading evidence and stored semantic facts; targeted pages for identified problems	Recorded reading/surface pair and category supported by cited facts after rule corrections; not a claim of independent expert review	"{""entities"":[],""lexical"":[{""reading"":""りょうぎゃく"",""surface"":""凌虐"",""categories"":[""general""],""evidence"":""https://www.edrdg.org/jmdict/edict_doc.html#entry-2590510-sense-1"",""entryId"":""2590510"",""pos"":[""n"",""vs"",""vt""],""version"":""76a91691b63094bf2aedca93cb889c7396945fe961e478f13081d839c9684e0c"",""source"":""JMdict"",""glosses"":[""humiliation"",""indignity"",""affront"",""assault""]}]}"
general	あおきっぷ	青切符	1851	1851	common	https://www.edrdg.org/jmdict/edict_doc.html#entry-2837594-sense-1	lexical-and-confirmed-referents;https://www.edrdg.org/jmdict/edict_doc.html#entry-2837594-sense-1	assistant inspection of pair-bound reading evidence and stored semantic facts; targeted pages for identified problems	Recorded reading/surface pair and category supported by cited facts after rule corrections; not a claim of independent expert review	"{""entities"":[],""lexical"":[{""reading"":""あおきっぷ"",""surface"":""青切符"",""categories"":[""general""],""evidence"":""https://www.edrdg.org/jmdict/edict_doc.html#entry-2837594-sense-1"",""entryId"":""2837594"",""pos"":[""n""],""version"":""76a91691b63094bf2aedca93cb889c7396945fe961e478f13081d839c9684e0c"",""source"":""JMdict"",""glosses"":[""blue traffic violation ticket (designating a minor violation)""]}]}"
general	おれりゅう	俺流	1851	1851	neologd	https://www.edrdg.org/jmdict/edict_doc.html#entry-2749200-sense-1	lexical-and-confirmed-referents;https://www.edrdg.org/jmdict/edict_doc.html#entry-2749200-sense-1	assistant inspection of pair-bound reading evidence and stored semantic facts; targeted pages for identified problems	Recorded reading/surface pair and category supported by cited facts after rule corrections; not a claim of independent expert review	"{""entities"":[],""lexical"":[{""reading"":""おれりゅう"",""surface"":""俺流"",""categories"":[""general""],""evidence"":""https://www.edrdg.org/jmdict/edict_doc.html#entry-2749200-sense-1"",""entryId"":""2749200"",""pos"":[""n""],""version"":""76a91691b63094bf2aedca93cb889c7396945fe961e478f13081d839c9684e0c"",""source"":""JMdict"",""glosses"":[""one's own way (esp. of an assertive man)"",""one's own approach""]}]}"
general	ぼうだら	棒だら	1851	1851	neologd	https://www.edrdg.org/jmdict/edict_doc.html#entry-1637270-sense-1	lexical-and-confirmed-referents;https://www.edrdg.org/jmdict/edict_doc.html#entry-1637270-sense-1	assistant inspection of pair-bound reading evidence and stored semantic facts; targeted pages for identified problems	Recorded reading/surface pair and category supported by cited facts after rule corrections; not a claim of independent expert review	"{""entities"":[],""lexical"":[{""reading"":""ぼうだら"",""surface"":""棒だら"",""categories"":[""general""],""evidence"":""https://www.edrdg.org/jmdict/edict_doc.html#entry-1637270-sense-1"",""entryId"":""1637270"",""pos"":[""n""],""version"":""76a91691b63094bf2aedca93cb889c7396945fe961e478f13081d839c9684e0c"",""source"":""JMdict"",""glosses"":[""dried codfish soaked in water for few days, and cooked almost to dryness in soy sauce and water (Kyoto speciality)""]}]}"
general	しんにゅうせいかんげいかい	新入生歓迎会	1851	1851	neologd	https://www.edrdg.org/jmdict/edict_doc.html#entry-2842539-sense-1	lexical-and-confirmed-referents;https://www.edrdg.org/jmdict/edict_doc.html#entry-2842539-sense-1	assistant inspection of pair-bound reading evidence and stored semantic facts; targeted pages for identified problems	Recorded reading/surface pair and category supported by cited facts after rule corrections; not a claim of independent expert review	"{""entities"":[],""lexical"":[{""reading"":""しんにゅうせいかんげいかい"",""surface"":""新入生歓迎会"",""categories"":[""general""],""evidence"":""https://www.edrdg.org/jmdict/edict_doc.html#entry-2842539-sense-1"",""entryId"":""2842539"",""pos"":[""n""],""version"":""76a91691b63094bf2aedca93cb889c7396945fe961e478f13081d839c9684e0c"",""source"":""JMdict"",""glosses"":[""welcome party for new students""]}]}"
general	たいてん	退店	1851	1851	neologd	https://www.edrdg.org/jmdict/edict_doc.html#entry-2848001-sense-1;https://www.edrdg.org/jmdict/edict_doc.html#entry-2848001-sense-2	lexical-and-confirmed-referents;https://www.edrdg.org/jmdict/edict_doc.html#entry-2848001-sense-1;https://www.edrdg.org/jmdict/edict_doc.html#entry-2848001-sense-2	assistant inspection of pair-bound reading evidence and stored semantic facts; targeted pages for identified problems	Recorded reading/surface pair and category supported by cited facts after rule corrections; not a claim of independent expert review	"{""entities"":[],""lexical"":[{""reading"":""たいてん"",""surface"":""退店"",""categories"":[""general""],""evidence"":""https://www.edrdg.org/jmdict/edict_doc.html#entry-2848001-sense-1"",""entryId"":""2848001"",""pos"":[""n"",""vs""],""version"":""76a91691b63094bf2aedca93cb889c7396945fe961e478f13081d839c9684e0c"",""source"":""JMdict"",""glosses"":[""going out of business"",""closing a shop""]},{""reading"":""たいてん"",""surface"":""退店"",""categories"":[""general""],""evidence"":""https://www.edrdg.org/jmdict/edict_doc.html#entry-2848001-sense-2"",""entryId"":""2848001"",""pos"":[""n"",""vs""],""version"":""76a91691b63094bf2aedca93cb889c7396945fe961e478f13081d839c9684e0c"",""source"":""JMdict"",""glosses"":[""exiting a store"",""leaving a shop""]}]}"
general	さとうやし	砂糖椰子	1851	1851	neologd	https://www.edrdg.org/jmdict/edict_doc.html#entry-2235030-sense-1	lexical-and-confirmed-referents;https://www.edrdg.org/jmdict/edict_doc.html#entry-2235030-sense-1	assistant inspection of pair-bound reading evidence and stored semantic facts; targeted pages for identified problems	Recorded reading/surface pair and category supported by cited facts after rule corrections; not a claim of independent expert review	"{""entities"":[],""lexical"":[{""reading"":""さとうやし"",""surface"":""砂糖椰子"",""categories"":[""general""],""evidence"":""https://www.edrdg.org/jmdict/edict_doc.html#entry-2235030-sense-1"",""entryId"":""2235030"",""pos"":[""n""],""version"":""76a91691b63094bf2aedca93cb889c7396945fe961e478f13081d839c9684e0c"",""source"":""JMdict"",""misc"":[""uk""],""glosses"":[""sugar palm (Arenga pinnata)""]}]}"
general	とちばにんじん	栃葉人参	1851	1851	neologd	https://www.edrdg.org/jmdict/edict_doc.html#entry-2171170-sense-1	lexical-and-confirmed-referents;https://www.edrdg.org/jmdict/edict_doc.html#entry-2171170-sense-1	assistant inspection of pair-bound reading evidence and stored semantic facts; targeted pages for identified problems	Recorded reading/surface pair and category supported by cited facts after rule corrections; not a claim of independent expert review	"{""entities"":[],""lexical"":[{""reading"":""とちばにんじん"",""surface"":""栃葉人参"",""categories"":[""general""],""evidence"":""https://www.edrdg.org/jmdict/edict_doc.html#entry-2171170-sense-1"",""entryId"":""2171170"",""pos"":[""n""],""version"":""76a91691b63094bf2aedca93cb889c7396945fe961e478f13081d839c9684e0c"",""source"":""JMdict"",""misc"":[""uk""],""glosses"":[""Japanese ginseng (Panax japonicus)""]}]}"
general	しょうじんがに	精進蟹	1851	1851	neologd	https://www.edrdg.org/jmdict/edict_doc.html#entry-2859654-sense-1	lexical-and-confirmed-referents;https://www.edrdg.org/jmdict/edict_doc.html#entry-2859654-sense-1	assistant inspection of pair-bound reading evidence and stored semantic facts; targeted pages for identified problems	Recorded reading/surface pair and category supported by cited facts after rule corrections; not a claim of independent expert review	"{""entities"":[],""lexical"":[{""reading"":""しょうじんがに"",""surface"":""精進蟹"",""categories"":[""general""],""evidence"":""https://www.edrdg.org/jmdict/edict_doc.html#entry-2859654-sense-1"",""entryId"":""2859654"",""pos"":[""n""],""version"":""76a91691b63094bf2aedca93cb889c7396945fe961e478f13081d839c9684e0c"",""source"":""JMdict"",""misc"":[""uk""],""glosses"":[""cleft-fronted bait crab (Guinusia dentipes)"",""shore crab""]}]}"
general	もとしゅしょう	元首相	1851	1851	neologd	https://www.edrdg.org/jmdict/edict_doc.html#entry-1912520-sense-1	lexical-and-confirmed-referents;https://www.edrdg.org/jmdict/edict_doc.html#entry-1912520-sense-1	assistant inspection of pair-bound reading evidence and stored semantic facts; targeted pages for identified problems	Recorded reading/surface pair and category supported by cited facts after rule corrections; not a claim of independent expert review	"{""entities"":[],""lexical"":[{""reading"":""もとしゅしょう"",""surface"":""元首相"",""categories"":[""general""],""evidence"":""https://www.edrdg.org/jmdict/edict_doc.html#entry-1912520-sense-1"",""entryId"":""1912520"",""pos"":[""n""],""version"":""76a91691b63094bf2aedca93cb889c7396945fe961e478f13081d839c9684e0c"",""source"":""JMdict"",""glosses"":[""former prime minister"",""former premier"",""former chancellor""]}]}"
general	ことなかれしゅぎ	事なかれ主義	1851	1851	neologd	https://www.edrdg.org/jmdict/edict_doc.html#entry-1593340-sense-1	lexical-and-confirmed-referents;https://www.edrdg.org/jmdict/edict_doc.html#entry-1593340-sense-1	assistant inspection of pair-bound reading evidence and stored semantic facts; targeted pages for identified problems	Recorded reading/surface pair and category supported by cited facts after rule corrections; not a claim of independent expert review	"{""entities"":[],""lexical"":[{""reading"":""ことなかれしゅぎ"",""surface"":""事なかれ主義"",""categories"":[""general""],""evidence"":""https://www.edrdg.org/jmdict/edict_doc.html#entry-1593340-sense-1"",""entryId"":""1593340"",""pos"":[""exp"",""n""],""version"":""76a91691b63094bf2aedca93cb889c7396945fe961e478f13081d839c9684e0c"",""source"":""JMdict"",""glosses"":[""(philosophy of) not rocking the boat"",""(principle of) letting sleeping dogs lie""]}]}"
general	あんこ	餡子	1851	1851	neologd	https://www.edrdg.org/jmdict/edict_doc.html#entry-1610570-sense-1;https://www.edrdg.org/jmdict/edict_doc.html#entry-1610570-sense-2;https://www.edrdg.org/jmdict/edict_doc.html#entry-1610570-sense-3	lexical-and-confirmed-referents;https://www.edrdg.org/jmdict/edict_doc.html#entry-1610570-sense-1;https://www.edrdg.org/jmdict/edict_doc.html#entry-1610570-sense-2;https://www.edrdg.org/jmdict/edict_doc.html#entry-1610570-sense-3	assistant inspection of pair-bound reading evidence and stored semantic facts; targeted pages for identified problems	Recorded reading/surface pair and category supported by cited facts after rule corrections; not a claim of independent expert review	"{""entities"":[],""lexical"":[{""reading"":""あんこ"",""surface"":""餡子"",""categories"":[""general""],""evidence"":""https://www.edrdg.org/jmdict/edict_doc.html#entry-1610570-sense-1"",""entryId"":""1610570"",""pos"":[""n""],""version"":""76a91691b63094bf2aedca93cb889c7396945fe961e478f13081d839c9684e0c"",""source"":""JMdict"",""misc"":[""uk""],""glosses"":[""red bean paste"",""red bean jam"",""anko""]},{""reading"":""あんこ"",""surface"":""餡子"",""categories"":[""general""],""evidence"":""https://www.edrdg.org/jmdict/edict_doc.html#entry-1610570-sense-2"",""entryId"":""1610570"",""pos"":[""n""],""version"":""76a91691b63094bf2aedca93cb889c7396945fe961e478f13081d839c9684e0c"",""source"":""JMdict"",""misc"":[""uk""],""glosses"":[""filling (e.g. of a manjū)""]},{""reading"":""あんこ"",""surface"":""餡子"",""categories"":[""general""],""evidence"":""https://www.edrdg.org/jmdict/edict_doc.html#entry-1610570-sense-3"",""entryId"":""1610570"",""pos"":[""n""],""version"":""76a91691b63094bf2aedca93cb889c7396945fe961e478f13081d839c9684e0c"",""source"":""JMdict"",""misc"":[""uk""],""glosses"":[""stuffing"",""padding""]}]}"
general	かげんぜんこう	嘉言善行	1851	1851	neologd	https://www.edrdg.org/jmdict/edict_doc.html#entry-1865060-sense-1	lexical-and-confirmed-referents;https://www.edrdg.org/jmdict/edict_doc.html#entry-1865060-sense-1	assistant inspection of pair-bound reading evidence and stored semantic facts; targeted pages for identified problems	Recorded reading/surface pair and category supported by cited facts after rule corrections; not a claim of independent expert review	"{""entities"":[],""lexical"":[{""reading"":""かげんぜんこう"",""surface"":""嘉言善行"",""categories"":[""general""],""evidence"":""https://www.edrdg.org/jmdict/edict_doc.html#entry-1865060-sense-1"",""entryId"":""1865060"",""pos"":[""n""],""version"":""76a91691b63094bf2aedca93cb889c7396945fe961e478f13081d839c9684e0c"",""source"":""JMdict"",""misc"":[""yoji""],""glosses"":[""good words and good deeds""]}]}"
general	めのーらー	メノーラー	1851	1851	common	https://www.edrdg.org/jmdict/edict_doc.html#entry-2821520-sense-1	lexical-and-confirmed-referents;https://www.edrdg.org/jmdict/edict_doc.html#entry-2821520-sense-1	assistant inspection of pair-bound reading evidence and stored semantic facts; targeted pages for identified problems	Recorded reading/surface pair and category supported by cited facts after rule corrections; not a claim of independent expert review	"{""entities"":[],""lexical"":[{""reading"":""めのーらー"",""surface"":""メノーラー"",""categories"":[""general""],""evidence"":""https://www.edrdg.org/jmdict/edict_doc.html#entry-2821520-sense-1"",""entryId"":""2821520"",""pos"":[""n""],""version"":""76a91691b63094bf2aedca93cb889c7396945fe961e478f13081d839c9684e0c"",""source"":""JMdict"",""glosses"":[""menorah""]}]}"
general	えすあいしー	SIC	1851	1851	neologd	https://www.edrdg.org/jmdict/edict_doc.html#entry-2838454-sense-1	lexical-and-confirmed-referents;https://www.edrdg.org/jmdict/edict_doc.html#entry-2838454-sense-1	assistant inspection of pair-bound reading evidence and stored semantic facts; targeted pages for identified problems	Recorded reading/surface pair and category supported by cited facts after rule corrections; not a claim of independent expert review	"{""entities"":[],""lexical"":[{""reading"":""えすあいしー"",""surface"":""SIC"",""categories"":[""general""],""evidence"":""https://www.edrdg.org/jmdict/edict_doc.html#entry-2838454-sense-1"",""entryId"":""2838454"",""pos"":[""n""],""version"":""76a91691b63094bf2aedca93cb889c7396945fe961e478f13081d839c9684e0c"",""source"":""JMdict"",""glosses"":[""walk-in closet with space for shoes (by the entrance of a house)""]}]}"
general	やさお	やさお	1851	1851	neologd	https://www.edrdg.org/jmdict/edict_doc.html#entry-1539480-sense-1;https://www.edrdg.org/jmdict/edict_doc.html#entry-1539480-sense-2;https://www.edrdg.org/jmdict/edict_doc.html#entry-1539480-sense-3	lexical-and-confirmed-referents;https://www.edrdg.org/jmdict/edict_doc.html#entry-1539480-sense-1;https://www.edrdg.org/jmdict/edict_doc.html#entry-1539480-sense-2;https://www.edrdg.org/jmdict/edict_doc.html#entry-1539480-sense-3	assistant inspection of pair-bound reading evidence and stored semantic facts; targeted pages for identified problems	Recorded reading/surface pair and category supported by cited facts after rule corrections; not a claim of independent expert review	"{""entities"":[],""lexical"":[{""reading"":""やさお"",""surface"":""やさお"",""categories"":[""general""],""evidence"":""https://www.edrdg.org/jmdict/edict_doc.html#entry-1539480-sense-1"",""entryId"":""1539480"",""pos"":[""n""],""version"":""76a91691b63094bf2aedca93cb889c7396945fe961e478f13081d839c9684e0c"",""source"":""JMdict"",""glosses"":[""man with a gentle nature""]},{""reading"":""やさお"",""surface"":""やさお"",""categories"":[""general""],""evidence"":""https://www.edrdg.org/jmdict/edict_doc.html#entry-1539480-sense-2"",""entryId"":""1539480"",""pos"":[""n""],""version"":""76a91691b63094bf2aedca93cb889c7396945fe961e478f13081d839c9684e0c"",""source"":""JMdict"",""glosses"":[""man of delicate features"",""man of slender build""]},{""reading"":""やさお"",""surface"":""やさお"",""categories"":[""general""],""evidence"":""https://www.edrdg.org/jmdict/edict_doc.html#entry-1539480-sense-3"",""entryId"":""1539480"",""pos"":[""n""],""version"":""76a91691b63094bf2aedca93cb889c7396945fe961e478f13081d839c9684e0c"",""source"":""JMdict"",""glosses"":[""effeminate man"",""feeble man""]}]}"
general	ひろはかつら	広葉桂	1851	1851	neologd	https://www.edrdg.org/jmdict/edict_doc.html#entry-2828937-sense-1	lexical-and-confirmed-referents;https://www.edrdg.org/jmdict/edict_doc.html#entry-2828937-sense-1	assistant inspection of pair-bound reading evidence and stored semantic facts; targeted pages for identified problems	Recorded reading/surface pair and category supported by cited facts after rule corrections; not a claim of independent expert review	"{""entities"":[],""lexical"":[{""reading"":""ひろはかつら"",""surface"":""広葉桂"",""categories"":[""general""],""evidence"":""https://www.edrdg.org/jmdict/edict_doc.html#entry-2828937-sense-1"",""entryId"":""2828937"",""pos"":[""n""],""version"":""76a91691b63094bf2aedca93cb889c7396945fe961e478f13081d839c9684e0c"",""source"":""JMdict"",""misc"":[""uk""],""glosses"":[""Cercidiphyllum magnificum (species of katsura)""]}]}"
general	うんどうせいだん	運動星団	1851	1851	common	https://www.edrdg.org/jmdict/edict_doc.html#entry-1972760-sense-1	lexical-and-confirmed-referents;https://www.edrdg.org/jmdict/edict_doc.html#entry-1972760-sense-1	assistant inspection of pair-bound reading evidence and stored semantic facts; targeted pages for identified problems	Recorded reading/surface pair and category supported by cited facts after rule corrections; not a claim of independent expert review	"{""entities"":[],""lexical"":[{""reading"":""うんどうせいだん"",""surface"":""運動星団"",""categories"":[""general""],""evidence"":""https://www.edrdg.org/jmdict/edict_doc.html#entry-1972760-sense-1"",""entryId"":""1972760"",""pos"":[""n""],""version"":""76a91691b63094bf2aedca93cb889c7396945fe961e478f13081d839c9684e0c"",""source"":""JMdict"",""glosses"":[""moving cluster""]}]}"
general	おがさわらましこ	小笠原猿子	1851	1851	neologd	https://www.edrdg.org/jmdict/edict_doc.html#entry-2600190-sense-1	lexical-and-confirmed-referents;https://www.edrdg.org/jmdict/edict_doc.html#entry-2600190-sense-1	assistant inspection of pair-bound reading evidence and stored semantic facts; targeted pages for identified problems	Recorded reading/surface pair and category supported by cited facts after rule corrections; not a claim of independent expert review	"{""entities"":[],""lexical"":[{""reading"":""おがさわらましこ"",""surface"":""小笠原猿子"",""categories"":[""general""],""evidence"":""https://www.edrdg.org/jmdict/edict_doc.html#entry-2600190-sense-1"",""entryId"":""2600190"",""pos"":[""n""],""version"":""76a91691b63094bf2aedca93cb889c7396945fe961e478f13081d839c9684e0c"",""source"":""JMdict"",""misc"":[""uk""],""glosses"":[""Bonin grosbeak (Chaunoproctus ferreorostris, extinct)""]}]}"
general	やごう	家号	1851	1851	neologd	https://www.edrdg.org/jmdict/edict_doc.html#entry-1182690-sense-1;https://www.edrdg.org/jmdict/edict_doc.html#entry-1182690-sense-2	lexical-and-confirmed-referents;https://www.edrdg.org/jmdict/edict_doc.html#entry-1182690-sense-1;https://www.edrdg.org/jmdict/edict_doc.html#entry-1182690-sense-2	assistant inspection of pair-bound reading evidence and stored semantic facts; targeted pages for identified problems	Recorded reading/surface pair and category supported by cited facts after rule corrections; not a claim of independent expert review	"{""entities"":[],""lexical"":[{""reading"":""やごう"",""surface"":""家号"",""categories"":[""general""],""evidence"":""https://www.edrdg.org/jmdict/edict_doc.html#entry-1182690-sense-1"",""entryId"":""1182690"",""pos"":[""n""],""version"":""76a91691b63094bf2aedca93cb889c7396945fe961e478f13081d839c9684e0c"",""source"":""JMdict"",""glosses"":[""name of store"",""trade name (esp. of a sole proprietorship)""]},{""reading"":""やごう"",""surface"":""家号"",""categories"":[""general""],""evidence"":""https://www.edrdg.org/jmdict/edict_doc.html#entry-1182690-sense-2"",""entryId"":""1182690"",""pos"":[""n""],""version"":""76a91691b63094bf2aedca93cb889c7396945fe961e478f13081d839c9684e0c"",""source"":""JMdict"",""glosses"":[""stage name (e.g. of actor)""]}]}"
general	かみのりゅうし	神の粒子	1851	1851	neologd	https://www.edrdg.org/jmdict/edict_doc.html#entry-2783890-sense-1	lexical-and-confirmed-referents;https://www.edrdg.org/jmdict/edict_doc.html#entry-2783890-sense-1	assistant inspection of pair-bound reading evidence and stored semantic facts; targeted pages for identified problems	Recorded reading/surface pair and category supported by cited facts after rule corrections; not a claim of independent expert review	"{""entities"":[],""lexical"":[{""reading"":""かみのりゅうし"",""surface"":""神の粒子"",""categories"":[""general""],""evidence"":""https://www.edrdg.org/jmdict/edict_doc.html#entry-2783890-sense-1"",""entryId"":""2783890"",""pos"":[""exp"",""n""],""version"":""76a91691b63094bf2aedca93cb889c7396945fe961e478f13081d839c9684e0c"",""source"":""JMdict"",""misc"":[""col""],""glosses"":[""God particle""]}]}"
general	しんりんほぜん	森林保全	1851	1851	wiki	https://www.edrdg.org/jmdict/edict_doc.html#entry-2636120-sense-1	lexical-and-confirmed-referents;https://www.edrdg.org/jmdict/edict_doc.html#entry-2636120-sense-1	assistant inspection of pair-bound reading evidence and stored semantic facts; targeted pages for identified problems	Recorded reading/surface pair and category supported by cited facts after rule corrections; not a claim of independent expert review	"{""entities"":[],""lexical"":[{""reading"":""しんりんほぜん"",""surface"":""森林保全"",""categories"":[""general""],""evidence"":""https://www.edrdg.org/jmdict/edict_doc.html#entry-2636120-sense-1"",""entryId"":""2636120"",""pos"":[""n""],""version"":""76a91691b63094bf2aedca93cb889c7396945fe961e478f13081d839c9684e0c"",""source"":""JMdict"",""glosses"":[""forest preservation"",""forestry preservation""]}]}"
general	いろわけいるか	色分海豚	1851	1851	neologd	https://www.edrdg.org/jmdict/edict_doc.html#entry-2789480-sense-1	lexical-and-confirmed-referents;https://www.edrdg.org/jmdict/edict_doc.html#entry-2789480-sense-1	assistant inspection of pair-bound reading evidence and stored semantic facts; targeted pages for identified problems	Recorded reading/surface pair and category supported by cited facts after rule corrections; not a claim of independent expert review	"{""entities"":[],""lexical"":[{""reading"":""いろわけいるか"",""surface"":""色分海豚"",""categories"":[""general""],""evidence"":""https://www.edrdg.org/jmdict/edict_doc.html#entry-2789480-sense-1"",""entryId"":""2789480"",""pos"":[""n""],""version"":""76a91691b63094bf2aedca93cb889c7396945fe961e478f13081d839c9684e0c"",""source"":""JMdict"",""misc"":[""uk""],""glosses"":[""Commerson's dolphin (Cephalorhynchus commersonii)"",""skunk dolphin"",""panda dolphin""]}]}"
general	さんふらんしすここうわじょうやく	サンフランシスコ講和条約	1851	1851	neologd	https://www.edrdg.org/jmdict/edict_doc.html#entry-2144290-sense-1	lexical-and-confirmed-referents;https://www.edrdg.org/jmdict/edict_doc.html#entry-2144290-sense-1	assistant inspection of pair-bound reading evidence and stored semantic facts; targeted pages for identified problems	Recorded reading/surface pair and category supported by cited facts after rule corrections; not a claim of independent expert review	"{""entities"":[],""lexical"":[{""reading"":""さんふらんしすここうわじょうやく"",""surface"":""サンフランシスコ講和条約"",""categories"":[""general""],""evidence"":""https://www.edrdg.org/jmdict/edict_doc.html#entry-2144290-sense-1"",""entryId"":""2144290"",""pos"":[""n""],""version"":""76a91691b63094bf2aedca93cb889c7396945fe961e478f13081d839c9684e0c"",""source"":""JMdict"",""misc"":[""hist""],""glosses"":[""Treaty of San Francisco"",""Treaty of Peace with Japan (Sept. 8, 1951)""]}]}"
general	えんしょくせい	演色性	1851	1851	common	https://www.edrdg.org/jmdict/edict_doc.html#entry-2540620-sense-1	lexical-and-confirmed-referents;https://www.edrdg.org/jmdict/edict_doc.html#entry-2540620-sense-1	assistant inspection of pair-bound reading evidence and stored semantic facts; targeted pages for identified problems	Recorded reading/surface pair and category supported by cited facts after rule corrections; not a claim of independent expert review	"{""entities"":[],""lexical"":[{""reading"":""えんしょくせい"",""surface"":""演色性"",""categories"":[""general""],""evidence"":""https://www.edrdg.org/jmdict/edict_doc.html#entry-2540620-sense-1"",""entryId"":""2540620"",""pos"":[""n""],""version"":""76a91691b63094bf2aedca93cb889c7396945fe961e478f13081d839c9684e0c"",""source"":""JMdict"",""glosses"":[""colour rendering property (color)""]}]}"
general	ちょろぎ	草石蚕	1851	1851	neologd	https://www.edrdg.org/jmdict/edict_doc.html#entry-2070990-sense-1	lexical-and-confirmed-referents;https://www.edrdg.org/jmdict/edict_doc.html#entry-2070990-sense-1	assistant inspection of pair-bound reading evidence and stored semantic facts; targeted pages for identified problems	Recorded reading/surface pair and category supported by cited facts after rule corrections; not a claim of independent expert review	"{""entities"":[],""lexical"":[{""reading"":""ちょろぎ"",""surface"":""草石蚕"",""categories"":[""general""],""evidence"":""https://www.edrdg.org/jmdict/edict_doc.html#entry-2070990-sense-1"",""entryId"":""2070990"",""pos"":[""n""],""version"":""76a91691b63094bf2aedca93cb889c7396945fe961e478f13081d839c9684e0c"",""source"":""JMdict"",""misc"":[""uk""],""glosses"":[""Chinese artichoke (Stachys sieboldii)"",""Japanese artichoke"",""chorogi""]}]}"
general	かんごう	嵌合	1851	1851	neologd	https://www.edrdg.org/jmdict/edict_doc.html#entry-2270040-sense-1	lexical-and-confirmed-referents;https://www.edrdg.org/jmdict/edict_doc.html#entry-2270040-sense-1	assistant inspection of pair-bound reading evidence and stored semantic facts; targeted pages for identified problems	Recorded reading/surface pair and category supported by cited facts after rule corrections; not a claim of independent expert review	"{""entities"":[],""lexical"":[{""reading"":""かんごう"",""surface"":""嵌合"",""categories"":[""general""],""evidence"":""https://www.edrdg.org/jmdict/edict_doc.html#entry-2270040-sense-1"",""entryId"":""2270040"",""pos"":[""n"",""vs""],""version"":""76a91691b63094bf2aedca93cb889c7396945fe961e478f13081d839c9684e0c"",""source"":""JMdict"",""glosses"":[""fitting together (e.g. nuts and bolts)"",""fit""]}]}"
general	ぎょうじゃにんにく	行者葫	1851	1851	neologd	https://www.edrdg.org/jmdict/edict_doc.html#entry-2079730-sense-1	lexical-and-confirmed-referents;https://www.edrdg.org/jmdict/edict_doc.html#entry-2079730-sense-1	assistant inspection of pair-bound reading evidence and stored semantic facts; targeted pages for identified problems	Recorded reading/surface pair and category supported by cited facts after rule corrections; not a claim of independent expert review	"{""entities"":[],""lexical"":[{""reading"":""ぎょうじゃにんにく"",""surface"":""行者葫"",""categories"":[""general""],""evidence"":""https://www.edrdg.org/jmdict/edict_doc.html#entry-2079730-sense-1"",""entryId"":""2079730"",""pos"":[""n""],""version"":""76a91691b63094bf2aedca93cb889c7396945fe961e478f13081d839c9684e0c"",""source"":""JMdict"",""misc"":[""uk""],""glosses"":[""Alpine leek (Allium victorialis var. platyphyllum)""]}]}"
general	かみがしら	かみがしら	1851	1851	wiki	https://www.edrdg.org/jmdict/edict_doc.html#entry-2182350-sense-1;https://www.edrdg.org/jmdict/edict_doc.html#entry-2182350-sense-2;https://www.edrdg.org/jmdict/edict_doc.html#entry-2182350-sense-3	lexical-and-confirmed-referents;https://www.edrdg.org/jmdict/edict_doc.html#entry-2182350-sense-1;https://www.edrdg.org/jmdict/edict_doc.html#entry-2182350-sense-2;https://www.edrdg.org/jmdict/edict_doc.html#entry-2182350-sense-3	assistant inspection of pair-bound reading evidence and stored semantic facts; targeted pages for identified problems	Recorded reading/surface pair and category supported by cited facts after rule corrections; not a claim of independent expert review	"{""entities"":[],""lexical"":[{""reading"":""かみがしら"",""surface"":""かみがしら"",""categories"":[""general""],""evidence"":""https://www.edrdg.org/jmdict/edict_doc.html#entry-2182350-sense-1"",""entryId"":""2182350"",""pos"":[""n""],""version"":""76a91691b63094bf2aedca93cb889c7396945fe961e478f13081d839c9684e0c"",""source"":""JMdict"",""glosses"":[""hair on one's head""]},{""reading"":""かみがしら"",""surface"":""かみがしら"",""categories"":[""general""],""evidence"":""https://www.edrdg.org/jmdict/edict_doc.html#entry-2182350-sense-2"",""entryId"":""2182350"",""pos"":[""n""],""version"":""76a91691b63094bf2aedca93cb889c7396945fe961e478f13081d839c9684e0c"",""source"":""JMdict"",""glosses"":[""head"",""top of one's head""]},{""reading"":""かみがしら"",""surface"":""かみがしら"",""categories"":[""general""],""evidence"":""https://www.edrdg.org/jmdict/edict_doc.html#entry-2182350-sense-3"",""entryId"":""2182350"",""pos"":[""n""],""version"":""76a91691b63094bf2aedca93cb889c7396945fe961e478f13081d839c9684e0c"",""source"":""JMdict"",""glosses"":[""kanji \""hair\"" radical at top""]}]}"
general	れんかく	蓮角	1851	1851	neologd	https://www.edrdg.org/jmdict/edict_doc.html#entry-2674850-sense-1	lexical-and-confirmed-referents;https://www.edrdg.org/jmdict/edict_doc.html#entry-2674850-sense-1	assistant inspection of pair-bound reading evidence and stored semantic facts; targeted pages for identified problems	Recorded reading/surface pair and category supported by cited facts after rule corrections; not a claim of independent expert review	"{""entities"":[],""lexical"":[{""reading"":""れんかく"",""surface"":""蓮角"",""categories"":[""general""],""evidence"":""https://www.edrdg.org/jmdict/edict_doc.html#entry-2674850-sense-1"",""entryId"":""2674850"",""pos"":[""n""],""version"":""76a91691b63094bf2aedca93cb889c7396945fe961e478f13081d839c9684e0c"",""source"":""JMdict"",""misc"":[""uk""],""glosses"":[""jacana (esp. the pheasant-tailed jacana, Hydrophasianus chirurgus)"",""lily-trotter""]}]}"
general	まるけい	マル経	1851	1851	neologd	https://www.edrdg.org/jmdict/edict_doc.html#entry-2765730-sense-1	lexical-and-confirmed-referents;https://www.edrdg.org/jmdict/edict_doc.html#entry-2765730-sense-1	assistant inspection of pair-bound reading evidence and stored semantic facts; targeted pages for identified problems	Recorded reading/surface pair and category supported by cited facts after rule corrections; not a claim of independent expert review	"{""entities"":[],""lexical"":[{""reading"":""まるけい"",""surface"":""マル経"",""categories"":[""general""],""evidence"":""https://www.edrdg.org/jmdict/edict_doc.html#entry-2765730-sense-1"",""entryId"":""2765730"",""pos"":[""n""],""version"":""76a91691b63094bf2aedca93cb889c7396945fe961e478f13081d839c9684e0c"",""source"":""JMdict"",""misc"":[""abbr""],""glosses"":[""Marxian economics""]}]}"
general	じょうしきまく	定式幕	1851	1851	common	https://www.edrdg.org/jmdict/edict_doc.html#entry-2828842-sense-1	lexical-and-confirmed-referents;https://www.edrdg.org/jmdict/edict_doc.html#entry-2828842-sense-1	assistant inspection of pair-bound reading evidence and stored semantic facts; targeted pages for identified problems	Recorded reading/surface pair and category supported by cited facts after rule corrections; not a claim of independent expert review	"{""entities"":[],""lexical"":[{""reading"":""じょうしきまく"",""surface"":""定式幕"",""categories"":[""general""],""evidence"":""https://www.edrdg.org/jmdict/edict_doc.html#entry-2828842-sense-1"",""entryId"":""2828842"",""pos"":[""n""],""version"":""76a91691b63094bf2aedca93cb889c7396945fe961e478f13081d839c9684e0c"",""source"":""JMdict"",""glosses"":[""kabuki curtain, usu. of three coloured panels""]}]}"
general	じょじゅつとりっく	叙述トリック	1851	1851	neologd	https://www.edrdg.org/jmdict/edict_doc.html#entry-2869272-sense-1	lexical-and-confirmed-referents;https://www.edrdg.org/jmdict/edict_doc.html#entry-2869272-sense-1	assistant inspection of pair-bound reading evidence and stored semantic facts; targeted pages for identified problems	Recorded reading/surface pair and category supported by cited facts after rule corrections; not a claim of independent expert review	"{""entities"":[],""lexical"":[{""reading"":""じょじゅつとりっく"",""surface"":""叙述トリック"",""categories"":[""general""],""evidence"":""https://www.edrdg.org/jmdict/edict_doc.html#entry-2869272-sense-1"",""entryId"":""2869272"",""pos"":[""n""],""version"":""76a91691b63094bf2aedca93cb889c7396945fe961e478f13081d839c9684e0c"",""source"":""JMdict"",""glosses"":[""narrative trick (in mystery fiction)""]}]}"
general	まびきうんてん	間引き運転	1851	1851	neologd	https://www.edrdg.org/jmdict/edict_doc.html#entry-1715190-sense-1	lexical-and-confirmed-referents;https://www.edrdg.org/jmdict/edict_doc.html#entry-1715190-sense-1	assistant inspection of pair-bound reading evidence and stored semantic facts; targeted pages for identified problems	Recorded reading/surface pair and category supported by cited facts after rule corrections; not a claim of independent expert review	"{""entities"":[],""lexical"":[{""reading"":""まびきうんてん"",""surface"":""間引き運転"",""categories"":[""general""],""evidence"":""https://www.edrdg.org/jmdict/edict_doc.html#entry-1715190-sense-1"",""entryId"":""1715190"",""pos"":[""n""],""version"":""76a91691b63094bf2aedca93cb889c7396945fe961e478f13081d839c9684e0c"",""source"":""JMdict"",""glosses"":[""curtailed transit schedule""]}]}"
general	きょうせいしせつ	矯正施設	1851	1851	common	https://www.edrdg.org/jmdict/edict_doc.html#entry-2730930-sense-1	lexical-and-confirmed-referents;https://www.edrdg.org/jmdict/edict_doc.html#entry-2730930-sense-1	assistant inspection of pair-bound reading evidence and stored semantic facts; targeted pages for identified problems	Recorded reading/surface pair and category supported by cited facts after rule corrections; not a claim of independent expert review	"{""entities"":[],""lexical"":[{""reading"":""きょうせいしせつ"",""surface"":""矯正施設"",""categories"":[""general""],""evidence"":""https://www.edrdg.org/jmdict/edict_doc.html#entry-2730930-sense-1"",""entryId"":""2730930"",""pos"":[""n""],""version"":""76a91691b63094bf2aedca93cb889c7396945fe961e478f13081d839c9684e0c"",""source"":""JMdict"",""glosses"":[""correctional facility (for juveniles)"",""juvenile detention centre (center)"",""reformatory""]}]}"
general	せきどうざひょう	赤道座標	1851	1851	common	https://www.edrdg.org/jmdict/edict_doc.html#entry-2231690-sense-1	lexical-and-confirmed-referents;https://www.edrdg.org/jmdict/edict_doc.html#entry-2231690-sense-1	assistant inspection of pair-bound reading evidence and stored semantic facts; targeted pages for identified problems	Recorded reading/surface pair and category supported by cited facts after rule corrections; not a claim of independent expert review	"{""entities"":[],""lexical"":[{""reading"":""せきどうざひょう"",""surface"":""赤道座標"",""categories"":[""general""],""evidence"":""https://www.edrdg.org/jmdict/edict_doc.html#entry-2231690-sense-1"",""entryId"":""2231690"",""pos"":[""n""],""version"":""76a91691b63094bf2aedca93cb889c7396945fe961e478f13081d839c9684e0c"",""source"":""JMdict"",""glosses"":[""equatorial coordinates""]}]}"
general	ぶんかえいが	文化映画	1851	1851	common	https://www.edrdg.org/jmdict/edict_doc.html#entry-1723110-sense-1	lexical-and-confirmed-referents;https://www.edrdg.org/jmdict/edict_doc.html#entry-1723110-sense-1	assistant inspection of pair-bound reading evidence and stored semantic facts; targeted pages for identified problems	Recorded reading/surface pair and category supported by cited facts after rule corrections; not a claim of independent expert review	"{""entities"":[],""lexical"":[{""reading"":""ぶんかえいが"",""surface"":""文化映画"",""categories"":[""general""],""evidence"":""https://www.edrdg.org/jmdict/edict_doc.html#entry-1723110-sense-1"",""entryId"":""1723110"",""pos"":[""n""],""version"":""76a91691b63094bf2aedca93cb889c7396945fe961e478f13081d839c9684e0c"",""source"":""JMdict"",""glosses"":[""cultural film""]}]}"
general	じぇいけい	JK	1851	1851	neologd	https://www.edrdg.org/jmdict/edict_doc.html#entry-2739180-sense-1;https://www.edrdg.org/jmdict/edict_doc.html#entry-2739180-sense-2	lexical-and-confirmed-referents;https://www.edrdg.org/jmdict/edict_doc.html#entry-2739180-sense-1;https://www.edrdg.org/jmdict/edict_doc.html#entry-2739180-sense-2	assistant inspection of pair-bound reading evidence and stored semantic facts; targeted pages for identified problems	Recorded reading/surface pair and category supported by cited facts after rule corrections; not a claim of independent expert review	"{""entities"":[],""lexical"":[{""reading"":""じぇいけい"",""surface"":""JK"",""categories"":[""general""],""evidence"":""https://www.edrdg.org/jmdict/edict_doc.html#entry-2739180-sense-1"",""entryId"":""2739180"",""pos"":[""n""],""version"":""76a91691b63094bf2aedca93cb889c7396945fe961e478f13081d839c9684e0c"",""source"":""JMdict"",""misc"":[""sl"",""abbr""],""glosses"":[""female high school student""]},{""reading"":""じぇいけい"",""surface"":""JK"",""categories"":[],""evidence"":""https://www.edrdg.org/jmdict/edict_doc.html#entry-2739180-sense-2"",""entryId"":""2739180"",""pos"":[""exp""],""version"":""76a91691b63094bf2aedca93cb889c7396945fe961e478f13081d839c9684e0c"",""source"":""JMdict"",""misc"":[""net-sl"",""abbr""],""glosses"":[""isn't it obvious?"",""that's common sense""]}]}"
general	じゃーまね	ジャーマネ	1851	1851	person	https://www.edrdg.org/jmdict/edict_doc.html#entry-2706670-sense-1	lexical-and-confirmed-referents;https://www.edrdg.org/jmdict/edict_doc.html#entry-2706670-sense-1	assistant inspection of pair-bound reading evidence and stored semantic facts; targeted pages for identified problems	Recorded reading/surface pair and category supported by cited facts after rule corrections; not a claim of independent expert review	"{""entities"":[],""lexical"":[{""reading"":""じゃーまね"",""surface"":""ジャーマネ"",""categories"":[""general""],""evidence"":""https://www.edrdg.org/jmdict/edict_doc.html#entry-2706670-sense-1"",""entryId"":""2706670"",""pos"":[""n""],""version"":""76a91691b63094bf2aedca93cb889c7396945fe961e478f13081d839c9684e0c"",""source"":""JMdict"",""misc"":[""sl""],""glosses"":[""manager""]}]}"
general	ひょうちょう	標徴	1851	1851	neologd	https://www.edrdg.org/jmdict/edict_doc.html#entry-1489790-sense-1;https://www.edrdg.org/jmdict/edict_doc.html#entry-1489790-sense-2;https://www.edrdg.org/jmdict/edict_doc.html#entry-1489790-sense-3	lexical-and-confirmed-referents;https://www.edrdg.org/jmdict/edict_doc.html#entry-1489790-sense-1;https://www.edrdg.org/jmdict/edict_doc.html#entry-1489790-sense-2;https://www.edrdg.org/jmdict/edict_doc.html#entry-1489790-sense-3	assistant inspection of pair-bound reading evidence and stored semantic facts; targeted pages for identified problems	Recorded reading/surface pair and category supported by cited facts after rule corrections; not a claim of independent expert review	"{""entities"":[],""lexical"":[{""reading"":""ひょうちょう"",""surface"":""標徴"",""categories"":[""general""],""evidence"":""https://www.edrdg.org/jmdict/edict_doc.html#entry-1489790-sense-1"",""entryId"":""1489790"",""pos"":[""n"",""vs"",""vi""],""version"":""76a91691b63094bf2aedca93cb889c7396945fe961e478f13081d839c9684e0c"",""source"":""JMdict"",""glosses"":[""outward sign""]},{""reading"":""ひょうちょう"",""surface"":""標徴"",""categories"":[""general""],""evidence"":""https://www.edrdg.org/jmdict/edict_doc.html#entry-1489790-sense-2"",""entryId"":""1489790"",""pos"":[""n"",""vs"",""vt""],""version"":""76a91691b63094bf2aedca93cb889c7396945fe961e478f13081d839c9684e0c"",""source"":""JMdict"",""glosses"":[""symbol (of something abstract)"",""emblem""]},{""reading"":""ひょうちょう"",""surface"":""標徴"",""categories"":[""technical""],""evidence"":""https://www.edrdg.org/jmdict/edict_doc.html#entry-1489790-sense-3"",""entryId"":""1489790"",""fields"":[""biol""],""pos"":[""n""],""version"":""76a91691b63094bf2aedca93cb889c7396945fe961e478f13081d839c9684e0c"",""source"":""JMdict"",""glosses"":[""distinguishing mark"",""diagnostic character""]}]}"
general	かるしふぇろーる	カルシフェロール	1851	1851	wiki	https://www.edrdg.org/jmdict/edict_doc.html#entry-2459900-sense-1	lexical-and-confirmed-referents;https://www.edrdg.org/jmdict/edict_doc.html#entry-2459900-sense-1	assistant inspection of pair-bound reading evidence and stored semantic facts; targeted pages for identified problems	Recorded reading/surface pair and category supported by cited facts after rule corrections; not a claim of independent expert review	"{""entities"":[],""lexical"":[{""reading"":""かるしふぇろーる"",""surface"":""カルシフェロール"",""categories"":[""general""],""evidence"":""https://www.edrdg.org/jmdict/edict_doc.html#entry-2459900-sense-1"",""entryId"":""2459900"",""pos"":[""n""],""version"":""76a91691b63094bf2aedca93cb889c7396945fe961e478f13081d839c9684e0c"",""source"":""JMdict"",""glosses"":[""calciferol""]}]}"
general	しろえび	白海老	1851	1851	neologd	https://www.edrdg.org/jmdict/edict_doc.html#entry-2674130-sense-1;https://www.edrdg.org/jmdict/edict_doc.html#entry-2674130-sense-2	lexical-and-confirmed-referents;https://www.edrdg.org/jmdict/edict_doc.html#entry-2674130-sense-1;https://www.edrdg.org/jmdict/edict_doc.html#entry-2674130-sense-2	assistant inspection of pair-bound reading evidence and stored semantic facts; targeted pages for identified problems	Recorded reading/surface pair and category supported by cited facts after rule corrections; not a claim of independent expert review	"{""entities"":[],""lexical"":[{""reading"":""しろえび"",""surface"":""白海老"",""categories"":[""general""],""evidence"":""https://www.edrdg.org/jmdict/edict_doc.html#entry-2674130-sense-1"",""entryId"":""2674130"",""pos"":[""n""],""version"":""76a91691b63094bf2aedca93cb889c7396945fe961e478f13081d839c9684e0c"",""source"":""JMdict"",""misc"":[""uk""],""glosses"":[""broad velvet shrimp (Metapenaeopsis lata)""]},{""reading"":""しろえび"",""surface"":""白海老"",""categories"":[""general""],""evidence"":""https://www.edrdg.org/jmdict/edict_doc.html#entry-2674130-sense-2"",""entryId"":""2674130"",""pos"":[""n""],""version"":""76a91691b63094bf2aedca93cb889c7396945fe961e478f13081d839c9684e0c"",""source"":""JMdict"",""misc"":[""uk""],""glosses"":[""shiba shrimp (Metapenaeus joyneri)""]}]}"
general	しせいせいど	氏姓制度	1851	1851	common	https://www.edrdg.org/jmdict/edict_doc.html#entry-1880590-sense-1	lexical-and-confirmed-referents;https://www.edrdg.org/jmdict/edict_doc.html#entry-1880590-sense-1	assistant inspection of pair-bound reading evidence and stored semantic facts; targeted pages for identified problems	Recorded reading/surface pair and category supported by cited facts after rule corrections; not a claim of independent expert review	"{""entities"":[],""lexical"":[{""reading"":""しせいせいど"",""surface"":""氏姓制度"",""categories"":[""general""],""evidence"":""https://www.edrdg.org/jmdict/edict_doc.html#entry-1880590-sense-1"",""entryId"":""1880590"",""pos"":[""n""],""version"":""76a91691b63094bf2aedca93cb889c7396945fe961e478f13081d839c9684e0c"",""source"":""JMdict"",""glosses"":[""uji-kabane system"",""system of clans and hereditary titles (of the Yamato court)""]}]}"
general	ふたるさんえすてる	フタル酸エステル	1851	1851	neologd	https://www.edrdg.org/jmdict/edict_doc.html#entry-1967580-sense-1	lexical-and-confirmed-referents;https://www.edrdg.org/jmdict/edict_doc.html#entry-1967580-sense-1	assistant inspection of pair-bound reading evidence and stored semantic facts; targeted pages for identified problems	Recorded reading/surface pair and category supported by cited facts after rule corrections; not a claim of independent expert review	"{""entities"":[],""lexical"":[{""reading"":""ふたるさんえすてる"",""surface"":""フタル酸エステル"",""categories"":[""general""],""evidence"":""https://www.edrdg.org/jmdict/edict_doc.html#entry-1967580-sense-1"",""entryId"":""1967580"",""pos"":[""n""],""version"":""76a91691b63094bf2aedca93cb889c7396945fe961e478f13081d839c9684e0c"",""source"":""JMdict"",""glosses"":[""phthalate ester""]}]}"
general	ていとうへいしん	低頭平身	1851	1851	neologd	https://www.edrdg.org/jmdict/edict_doc.html#entry-1434660-sense-1	lexical-and-confirmed-referents;https://www.edrdg.org/jmdict/edict_doc.html#entry-1434660-sense-1	assistant inspection of pair-bound reading evidence and stored semantic facts; targeted pages for identified problems	Recorded reading/surface pair and category supported by cited facts after rule corrections; not a claim of independent expert review	"{""entities"":[],""lexical"":[{""reading"":""ていとうへいしん"",""surface"":""低頭平身"",""categories"":[""general""],""evidence"":""https://www.edrdg.org/jmdict/edict_doc.html#entry-1434660-sense-1"",""entryId"":""1434660"",""pos"":[""n"",""vs""],""version"":""76a91691b63094bf2aedca93cb889c7396945fe961e478f13081d839c9684e0c"",""source"":""JMdict"",""misc"":[""yoji""],""glosses"":[""prostrating oneself""]}]}"
general	のぼりせん	上り線	1851	1851	neologd	https://www.edrdg.org/jmdict/edict_doc.html#entry-2168820-sense-1	lexical-and-confirmed-referents;https://www.edrdg.org/jmdict/edict_doc.html#entry-2168820-sense-1	assistant inspection of pair-bound reading evidence and stored semantic facts; targeted pages for identified problems	Recorded reading/surface pair and category supported by cited facts after rule corrections; not a claim of independent expert review	"{""entities"":[],""lexical"":[{""reading"":""のぼりせん"",""surface"":""上り線"",""categories"":[""general""],""evidence"":""https://www.edrdg.org/jmdict/edict_doc.html#entry-2168820-sense-1"",""entryId"":""2168820"",""pos"":[""n""],""version"":""76a91691b63094bf2aedca93cb889c7396945fe961e478f13081d839c9684e0c"",""source"":""JMdict"",""glosses"":[""up line"",""in-bound line""]}]}"
general	ひょうばく	氷瀑	1851	1851	neologd	https://www.edrdg.org/jmdict/edict_doc.html#entry-2856127-sense-1;https://www.edrdg.org/jmdict/edict_doc.html#entry-2856127-sense-2	lexical-and-confirmed-referents;https://www.edrdg.org/jmdict/edict_doc.html#entry-2856127-sense-1;https://www.edrdg.org/jmdict/edict_doc.html#entry-2856127-sense-2	assistant inspection of pair-bound reading evidence and stored semantic facts; targeted pages for identified problems	Recorded reading/surface pair and category supported by cited facts after rule corrections; not a claim of independent expert review	"{""entities"":[],""lexical"":[{""reading"":""ひょうばく"",""surface"":""氷瀑"",""categories"":[""general""],""evidence"":""https://www.edrdg.org/jmdict/edict_doc.html#entry-2856127-sense-1"",""entryId"":""2856127"",""pos"":[""n""],""version"":""76a91691b63094bf2aedca93cb889c7396945fe961e478f13081d839c9684e0c"",""source"":""JMdict"",""glosses"":[""frozen waterfall"",""freezing of a waterfall""]},{""reading"":""ひょうばく"",""surface"":""氷瀑"",""categories"":[""general""],""evidence"":""https://www.edrdg.org/jmdict/edict_doc.html#entry-2856127-sense-2"",""entryId"":""2856127"",""pos"":[""n""],""version"":""76a91691b63094bf2aedca93cb889c7396945fe961e478f13081d839c9684e0c"",""source"":""JMdict"",""glosses"":[""icefall""]}]}"
general	かんりつうかせいど	管理通貨制度	1851	1851	common	https://www.edrdg.org/jmdict/edict_doc.html#entry-1979870-sense-1	lexical-and-confirmed-referents;https://www.edrdg.org/jmdict/edict_doc.html#entry-1979870-sense-1	assistant inspection of pair-bound reading evidence and stored semantic facts; targeted pages for identified problems	Recorded reading/surface pair and category supported by cited facts after rule corrections; not a claim of independent expert review	"{""entities"":[],""lexical"":[{""reading"":""かんりつうかせいど"",""surface"":""管理通貨制度"",""categories"":[""general""],""evidence"":""https://www.edrdg.org/jmdict/edict_doc.html#entry-1979870-sense-1"",""entryId"":""1979870"",""pos"":[""n""],""version"":""76a91691b63094bf2aedca93cb889c7396945fe961e478f13081d839c9684e0c"",""source"":""JMdict"",""glosses"":[""managed currency system""]}]}"
general	うらんけいれつ	ウラン系列	1851	1851	common	https://www.edrdg.org/jmdict/edict_doc.html#entry-1961990-sense-1	lexical-and-confirmed-referents;https://www.edrdg.org/jmdict/edict_doc.html#entry-1961990-sense-1	assistant inspection of pair-bound reading evidence and stored semantic facts; targeted pages for identified problems	Recorded reading/surface pair and category supported by cited facts after rule corrections; not a claim of independent expert review	"{""entities"":[],""lexical"":[{""reading"":""うらんけいれつ"",""surface"":""ウラン系列"",""categories"":[""general""],""evidence"":""https://www.edrdg.org/jmdict/edict_doc.html#entry-1961990-sense-1"",""entryId"":""1961990"",""pos"":[""n""],""version"":""76a91691b63094bf2aedca93cb889c7396945fe961e478f13081d839c9684e0c"",""source"":""JMdict"",""glosses"":[""uranium series""]}]}"
general	はちくま	蜂熊	1851	1851	neologd	https://www.edrdg.org/jmdict/edict_doc.html#entry-2752310-sense-1	lexical-and-confirmed-referents;https://www.edrdg.org/jmdict/edict_doc.html#entry-2752310-sense-1	assistant inspection of pair-bound reading evidence and stored semantic facts; targeted pages for identified problems	Recorded reading/surface pair and category supported by cited facts after rule corrections; not a claim of independent expert review	"{""entities"":[],""lexical"":[{""reading"":""はちくま"",""surface"":""蜂熊"",""categories"":[""general""],""evidence"":""https://www.edrdg.org/jmdict/edict_doc.html#entry-2752310-sense-1"",""entryId"":""2752310"",""pos"":[""n""],""version"":""76a91691b63094bf2aedca93cb889c7396945fe961e478f13081d839c9684e0c"",""source"":""JMdict"",""misc"":[""uk""],""glosses"":[""crested honey buzzard (Pernis ptilorhynchus)"",""Oriental honey buzzard"",""pern""]}]}"
general	りゅうにち	留日	1851	1851	neologd	https://www.edrdg.org/jmdict/edict_doc.html#entry-2846563-sense-1;https://www.edrdg.org/jmdict/edict_doc.html#entry-2846563-sense-2	lexical-and-confirmed-referents;https://www.edrdg.org/jmdict/edict_doc.html#entry-2846563-sense-1;https://www.edrdg.org/jmdict/edict_doc.html#entry-2846563-sense-2	assistant inspection of pair-bound reading evidence and stored semantic facts; targeted pages for identified problems	Recorded reading/surface pair and category supported by cited facts after rule corrections; not a claim of independent expert review	"{""entities"":[],""lexical"":[{""reading"":""りゅうにち"",""surface"":""留日"",""categories"":[""general""],""evidence"":""https://www.edrdg.org/jmdict/edict_doc.html#entry-2846563-sense-1"",""entryId"":""2846563"",""pos"":[""n"",""vs""],""version"":""76a91691b63094bf2aedca93cb889c7396945fe961e478f13081d839c9684e0c"",""source"":""JMdict"",""glosses"":[""studying abroad in Japan""]},{""reading"":""りゅうにち"",""surface"":""留日"",""categories"":[""general""],""evidence"":""https://www.edrdg.org/jmdict/edict_doc.html#entry-2846563-sense-2"",""entryId"":""2846563"",""pos"":[""n"",""vs""],""version"":""76a91691b63094bf2aedca93cb889c7396945fe961e478f13081d839c9684e0c"",""source"":""JMdict"",""glosses"":[""staying in Japan""]}]}"
general	なすぞく	ナス属	1851	1851	wiki	https://www.edrdg.org/jmdict/edict_doc.html#entry-2565030-sense-1	lexical-and-confirmed-referents;https://www.edrdg.org/jmdict/edict_doc.html#entry-2565030-sense-1	assistant inspection of pair-bound reading evidence and stored semantic facts; targeted pages for identified problems	Recorded reading/surface pair and category supported by cited facts after rule corrections; not a claim of independent expert review	"{""entities"":[],""lexical"":[{""reading"":""なすぞく"",""surface"":""ナス属"",""categories"":[""general""],""evidence"":""https://www.edrdg.org/jmdict/edict_doc.html#entry-2565030-sense-1"",""entryId"":""2565030"",""pos"":[""n""],""version"":""76a91691b63094bf2aedca93cb889c7396945fe961e478f13081d839c9684e0c"",""source"":""JMdict"",""glosses"":[""Solanum (nightshade genus of plants)""]}]}"
general	さとぅるなりあ	サトゥルナリア	1851	1851	wiki	https://www.edrdg.org/jmdict/edict_doc.html#entry-2831048-sense-1	lexical-and-confirmed-referents;https://www.edrdg.org/jmdict/edict_doc.html#entry-2831048-sense-1	assistant inspection of pair-bound reading evidence and stored semantic facts; targeted pages for identified problems	Recorded reading/surface pair and category supported by cited facts after rule corrections; not a claim of independent expert review	"{""entities"":[],""lexical"":[{""reading"":""さとぅるなりあ"",""surface"":""サトゥルナリア"",""categories"":[""general""],""evidence"":""https://www.edrdg.org/jmdict/edict_doc.html#entry-2831048-sense-1"",""entryId"":""2831048"",""pos"":[""n""],""version"":""76a91691b63094bf2aedca93cb889c7396945fe961e478f13081d839c9684e0c"",""source"":""JMdict"",""glosses"":[""Saturnalia (ancient Roman festival)""]}]}"
general	ほうかんきょうようしょう	宝冠杏葉章	1851	1851	neologd	https://www.edrdg.org/jmdict/edict_doc.html#entry-2235410-sense-1	lexical-and-confirmed-referents;https://www.edrdg.org/jmdict/edict_doc.html#entry-2235410-sense-1	assistant inspection of pair-bound reading evidence and stored semantic facts; targeted pages for identified problems	Recorded reading/surface pair and category supported by cited facts after rule corrections; not a claim of independent expert review	"{""entities"":[],""lexical"":[{""reading"":""ほうかんきょうようしょう"",""surface"":""宝冠杏葉章"",""categories"":[""general""],""evidence"":""https://www.edrdg.org/jmdict/edict_doc.html#entry-2235410-sense-1"",""entryId"":""2235410"",""pos"":[""n""],""version"":""76a91691b63094bf2aedca93cb889c7396945fe961e478f13081d839c9684e0c"",""source"":""JMdict"",""glosses"":[""Order of the Precious Crown, Apricot""]}]}"
general	たからだに	宝蜱	1851	1851	neologd	https://www.edrdg.org/jmdict/edict_doc.html#entry-2792450-sense-1	lexical-and-confirmed-referents;https://www.edrdg.org/jmdict/edict_doc.html#entry-2792450-sense-1	assistant inspection of pair-bound reading evidence and stored semantic facts; targeted pages for identified problems	Recorded reading/surface pair and category supported by cited facts after rule corrections; not a claim of independent expert review	"{""entities"":[],""lexical"":[{""reading"":""たからだに"",""surface"":""宝蜱"",""categories"":[""general""],""evidence"":""https://www.edrdg.org/jmdict/edict_doc.html#entry-2792450-sense-1"",""entryId"":""2792450"",""pos"":[""n""],""version"":""76a91691b63094bf2aedca93cb889c7396945fe961e478f13081d839c9684e0c"",""source"":""JMdict"",""misc"":[""uk""],""glosses"":[""erythaeid mite (Erythraeoidea spp.)""]}]}"
general	うみおうむ	海鸚鵡	1851	1851	neologd	https://www.edrdg.org/jmdict/edict_doc.html#entry-2733470-sense-1	lexical-and-confirmed-referents;https://www.edrdg.org/jmdict/edict_doc.html#entry-2733470-sense-1	assistant inspection of pair-bound reading evidence and stored semantic facts; targeted pages for identified problems	Recorded reading/surface pair and category supported by cited facts after rule corrections; not a claim of independent expert review	"{""entities"":[],""lexical"":[{""reading"":""うみおうむ"",""surface"":""海鸚鵡"",""categories"":[""general""],""evidence"":""https://www.edrdg.org/jmdict/edict_doc.html#entry-2733470-sense-1"",""entryId"":""2733470"",""pos"":[""n""],""version"":""76a91691b63094bf2aedca93cb889c7396945fe961e478f13081d839c9684e0c"",""source"":""JMdict"",""misc"":[""uk""],""glosses"":[""parakeet auklet (Aethia psittacula)""]}]}"
general	いがんたいしょく	依願退職	1851	1851	neologd	https://www.edrdg.org/jmdict/edict_doc.html#entry-1857850-sense-1	lexical-and-confirmed-referents;https://www.edrdg.org/jmdict/edict_doc.html#entry-1857850-sense-1	assistant inspection of pair-bound reading evidence and stored semantic facts; targeted pages for identified problems	Recorded reading/surface pair and category supported by cited facts after rule corrections; not a claim of independent expert review	"{""entities"":[],""lexical"":[{""reading"":""いがんたいしょく"",""surface"":""依願退職"",""categories"":[""general""],""evidence"":""https://www.edrdg.org/jmdict/edict_doc.html#entry-1857850-sense-1"",""entryId"":""1857850"",""pos"":[""n"",""vs""],""version"":""76a91691b63094bf2aedca93cb889c7396945fe961e478f13081d839c9684e0c"",""source"":""JMdict"",""glosses"":[""retirement at one's own request""]}]}"
general	そらすずめだい	空雀鯛	1851	1851	neologd	https://www.edrdg.org/jmdict/edict_doc.html#entry-2774650-sense-1	lexical-and-confirmed-referents;https://www.edrdg.org/jmdict/edict_doc.html#entry-2774650-sense-1	assistant inspection of pair-bound reading evidence and stored semantic facts; targeted pages for identified problems	Recorded reading/surface pair and category supported by cited facts after rule corrections; not a claim of independent expert review	"{""entities"":[],""lexical"":[{""reading"":""そらすずめだい"",""surface"":""空雀鯛"",""categories"":[""general""],""evidence"":""https://www.edrdg.org/jmdict/edict_doc.html#entry-2774650-sense-1"",""entryId"":""2774650"",""pos"":[""n""],""version"":""76a91691b63094bf2aedca93cb889c7396945fe961e478f13081d839c9684e0c"",""source"":""JMdict"",""misc"":[""uk""],""glosses"":[""neon damselfish (Pomacentrus coelestis)"",""heavenly damselfish""]}]}"
general	きゅうじつしゅっきん	休日出勤	1851	1851	neologd	https://www.edrdg.org/jmdict/edict_doc.html#entry-2404670-sense-1	lexical-and-confirmed-referents;https://www.edrdg.org/jmdict/edict_doc.html#entry-2404670-sense-1	assistant inspection of pair-bound reading evidence and stored semantic facts; targeted pages for identified problems	Recorded reading/surface pair and category supported by cited facts after rule corrections; not a claim of independent expert review	"{""entities"":[],""lexical"":[{""reading"":""きゅうじつしゅっきん"",""surface"":""休日出勤"",""categories"":[""general""],""evidence"":""https://www.edrdg.org/jmdict/edict_doc.html#entry-2404670-sense-1"",""entryId"":""2404670"",""pos"":[""n""],""version"":""76a91691b63094bf2aedca93cb889c7396945fe961e478f13081d839c9684e0c"",""source"":""JMdict"",""glosses"":[""working on a day off""]}]}"
general	きいちご	懸鉤子	1851	1851	neologd	https://www.edrdg.org/jmdict/edict_doc.html#entry-1534900-sense-1	lexical-and-confirmed-referents;https://www.edrdg.org/jmdict/edict_doc.html#entry-1534900-sense-1	assistant inspection of pair-bound reading evidence and stored semantic facts; targeted pages for identified problems	Recorded reading/surface pair and category supported by cited facts after rule corrections; not a claim of independent expert review	"{""entities"":[],""lexical"":[{""reading"":""きいちご"",""surface"":""懸鉤子"",""categories"":[""general""],""evidence"":""https://www.edrdg.org/jmdict/edict_doc.html#entry-1534900-sense-1"",""entryId"":""1534900"",""pos"":[""n""],""version"":""76a91691b63094bf2aedca93cb889c7396945fe961e478f13081d839c9684e0c"",""source"":""JMdict"",""misc"":[""uk""],""glosses"":[""raspberry (any plant of genus Rubus, esp. Rubus palmatus var. coptophyllus)""]}]}"
general	ひさいしゃしえん	被災者支援	1851	1851	neologd	https://www.edrdg.org/jmdict/edict_doc.html#entry-2848463-sense-1	lexical-and-confirmed-referents;https://www.edrdg.org/jmdict/edict_doc.html#entry-2848463-sense-1	assistant inspection of pair-bound reading evidence and stored semantic facts; targeted pages for identified problems	Recorded reading/surface pair and category supported by cited facts after rule corrections; not a claim of independent expert review	"{""entities"":[],""lexical"":[{""reading"":""ひさいしゃしえん"",""surface"":""被災者支援"",""categories"":[""general""],""evidence"":""https://www.edrdg.org/jmdict/edict_doc.html#entry-2848463-sense-1"",""entryId"":""2848463"",""pos"":[""n""],""version"":""76a91691b63094bf2aedca93cb889c7396945fe961e478f13081d839c9684e0c"",""source"":""JMdict"",""glosses"":[""disaster relief"",""monetary assistance to disaster victims""]}]}"
general	かんぱち	間八	1851	1851	neologd	https://www.edrdg.org/jmdict/edict_doc.html#entry-1637000-sense-1	lexical-and-confirmed-referents;https://www.edrdg.org/jmdict/edict_doc.html#entry-1637000-sense-1	assistant inspection of pair-bound reading evidence and stored semantic facts; targeted pages for identified problems	Recorded reading/surface pair and category supported by cited facts after rule corrections; not a claim of independent expert review	"{""entities"":[],""lexical"":[{""reading"":""かんぱち"",""surface"":""間八"",""categories"":[""general""],""evidence"":""https://www.edrdg.org/jmdict/edict_doc.html#entry-1637000-sense-1"",""entryId"":""1637000"",""pos"":[""n""],""version"":""76a91691b63094bf2aedca93cb889c7396945fe961e478f13081d839c9684e0c"",""source"":""JMdict"",""misc"":[""uk""],""glosses"":[""greater amberjack (Seriola dumerili)"",""purplish amberjack"",""greater yellowtail""]}]}"
general	やきとん	やきとん	1851	1851	common	https://www.edrdg.org/jmdict/edict_doc.html#entry-2780250-sense-1	https://www.wikidata.org/wiki/Q11280254#P31;reading:independent-pair;categories:food;lexical-and-confirmed-referents;https://www.edrdg.org/jmdict/edict_doc.html#entry-2780250-sense-1	assistant inspection of pair-bound reading evidence and stored semantic facts; targeted pages for identified problems	Recorded reading/surface pair and category supported by cited facts after rule corrections; not a claim of independent expert review	"{""entities"":[{""id"":""Q11280254"",""names"":[""やきとん"",""yakiton"",""焼きトン"",""ヤキトン""],""types"":[],""parents"":[""Q28100020"",""Q16683598""],""readings"":[],""title"":""やきとん"",""nameKinds"":{""やきとん"":[""label:ja"",""title:jawiki""],""yakiton"":[""label:en""],""焼きトン"":[""alias:ja""],""ヤキトン"":[""alias:ja""]},""readingNames"":[""やきとん""],""primaryReadings"":[]}],""lexical"":[{""reading"":""やきとん"",""surface"":""やきとん"",""categories"":[""general""],""evidence"":""https://www.edrdg.org/jmdict/edict_doc.html#entry-2780250-sense-1"",""entryId"":""2780250"",""pos"":[""n""],""version"":""76a91691b63094bf2aedca93cb889c7396945fe961e478f13081d839c9684e0c"",""source"":""JMdict"",""misc"":[""uk""],""glosses"":[""yakiton"",""grilled pork on skewers""]}]}"
general	しゅっしょうしょうめいしょ	出生証明書	1851	1851	neologd	https://www.edrdg.org/jmdict/edict_doc.html#entry-1580070-sense-1	lexical-and-confirmed-referents;https://www.edrdg.org/jmdict/edict_doc.html#entry-1580070-sense-1	assistant inspection of pair-bound reading evidence and stored semantic facts; targeted pages for identified problems	Recorded reading/surface pair and category supported by cited facts after rule corrections; not a claim of independent expert review	"{""entities"":[],""lexical"":[{""reading"":""しゅっしょうしょうめいしょ"",""surface"":""出生証明書"",""categories"":[""general""],""evidence"":""https://www.edrdg.org/jmdict/edict_doc.html#entry-1580070-sense-1"",""entryId"":""1580070"",""pos"":[""n""],""version"":""76a91691b63094bf2aedca93cb889c7396945fe961e478f13081d839c9684e0c"",""source"":""JMdict"",""glosses"":[""birth certificate""]}]}"
general	こどものけんりじょうやく	子供の権利条約	1851	1851	neologd	https://www.edrdg.org/jmdict/edict_doc.html#entry-2851780-sense-1	lexical-and-confirmed-referents;https://www.edrdg.org/jmdict/edict_doc.html#entry-2851780-sense-1	assistant inspection of pair-bound reading evidence and stored semantic facts; targeted pages for identified problems	Recorded reading/surface pair and category supported by cited facts after rule corrections; not a claim of independent expert review	"{""entities"":[],""lexical"":[{""reading"":""こどものけんりじょうやく"",""surface"":""子供の権利条約"",""categories"":[""general""],""evidence"":""https://www.edrdg.org/jmdict/edict_doc.html#entry-2851780-sense-1"",""entryId"":""2851780"",""pos"":[""exp"",""n""],""version"":""76a91691b63094bf2aedca93cb889c7396945fe961e478f13081d839c9684e0c"",""source"":""JMdict"",""glosses"":[""Convention on the Rights of the Child""]}]}"
general	いちりんそう	一輪草	1851	1851	neologd	https://www.edrdg.org/jmdict/edict_doc.html#entry-2828636-sense-1	lexical-and-confirmed-referents;https://www.edrdg.org/jmdict/edict_doc.html#entry-2828636-sense-1	assistant inspection of pair-bound reading evidence and stored semantic facts; targeted pages for identified problems	Recorded reading/surface pair and category supported by cited facts after rule corrections; not a claim of independent expert review	"{""entities"":[],""lexical"":[{""reading"":""いちりんそう"",""surface"":""一輪草"",""categories"":[""general""],""evidence"":""https://www.edrdg.org/jmdict/edict_doc.html#entry-2828636-sense-1"",""entryId"":""2828636"",""pos"":[""n""],""version"":""76a91691b63094bf2aedca93cb889c7396945fe961e478f13081d839c9684e0c"",""source"":""JMdict"",""misc"":[""uk""],""glosses"":[""Anemone nikoensis (species of anemone)"",""ichirinso"",""poppy anenome""]}]}"
general	ほうふくこうい	報復行為	1851	1851	neologd	https://www.edrdg.org/jmdict/edict_doc.html#entry-1946820-sense-1	lexical-and-confirmed-referents;https://www.edrdg.org/jmdict/edict_doc.html#entry-1946820-sense-1	assistant inspection of pair-bound reading evidence and stored semantic facts; targeted pages for identified problems	Recorded reading/surface pair and category supported by cited facts after rule corrections; not a claim of independent expert review	"{""entities"":[],""lexical"":[{""reading"":""ほうふくこうい"",""surface"":""報復行為"",""categories"":[""general""],""evidence"":""https://www.edrdg.org/jmdict/edict_doc.html#entry-1946820-sense-1"",""entryId"":""1946820"",""pos"":[""n""],""version"":""76a91691b63094bf2aedca93cb889c7396945fe961e478f13081d839c9684e0c"",""source"":""JMdict"",""glosses"":[""act of retaliation""]}]}"
general	ないめんか	内面化	1851	1851	common	https://www.edrdg.org/jmdict/edict_doc.html#entry-2129910-sense-1	lexical-and-confirmed-referents;https://www.edrdg.org/jmdict/edict_doc.html#entry-2129910-sense-1	assistant inspection of pair-bound reading evidence and stored semantic facts; targeted pages for identified problems	Recorded reading/surface pair and category supported by cited facts after rule corrections; not a claim of independent expert review	"{""entities"":[],""lexical"":[{""reading"":""ないめんか"",""surface"":""内面化"",""categories"":[""general""],""evidence"":""https://www.edrdg.org/jmdict/edict_doc.html#entry-2129910-sense-1"",""entryId"":""2129910"",""pos"":[""n"",""vs"",""vt""],""version"":""76a91691b63094bf2aedca93cb889c7396945fe961e478f13081d839c9684e0c"",""source"":""JMdict"",""glosses"":[""internalization"",""internalisation""]}]}"
general	こくみんぐん	国民軍	1851	1851	common	https://www.edrdg.org/jmdict/edict_doc.html#entry-1746230-sense-1	lexical-and-confirmed-referents;https://www.edrdg.org/jmdict/edict_doc.html#entry-1746230-sense-1	assistant inspection of pair-bound reading evidence and stored semantic facts; targeted pages for identified problems	Recorded reading/surface pair and category supported by cited facts after rule corrections; not a claim of independent expert review	"{""entities"":[],""lexical"":[{""reading"":""こくみんぐん"",""surface"":""国民軍"",""categories"":[""general""],""evidence"":""https://www.edrdg.org/jmdict/edict_doc.html#entry-1746230-sense-1"",""entryId"":""1746230"",""pos"":[""n""],""version"":""76a91691b63094bf2aedca93cb889c7396945fe961e478f13081d839c9684e0c"",""source"":""JMdict"",""glosses"":[""national army""]}]}"
general	かんけつば	汗血馬	1851	1851	common	https://www.edrdg.org/jmdict/edict_doc.html#entry-2869995-sense-1	lexical-and-confirmed-referents;https://www.edrdg.org/jmdict/edict_doc.html#entry-2869995-sense-1	assistant inspection of pair-bound reading evidence and stored semantic facts; targeted pages for identified problems	Recorded reading/surface pair and category supported by cited facts after rule corrections; not a claim of independent expert review	"{""entities"":[],""lexical"":[{""reading"":""かんけつば"",""surface"":""汗血馬"",""categories"":[""general""],""evidence"":""https://www.edrdg.org/jmdict/edict_doc.html#entry-2869995-sense-1"",""entryId"":""2869995"",""pos"":[""n""],""version"":""76a91691b63094bf2aedca93cb889c7396945fe961e478f13081d839c9684e0c"",""source"":""JMdict"",""misc"":[""hist""],""glosses"":[""Ferghana horse (legendary breed in ancient China)"",""blood-sweating horse""]}]}"
general	ほるもんざい	ホルモン剤	1851	1851	neologd	https://www.edrdg.org/jmdict/edict_doc.html#entry-2692340-sense-1	lexical-and-confirmed-referents;https://www.edrdg.org/jmdict/edict_doc.html#entry-2692340-sense-1	assistant inspection of pair-bound reading evidence and stored semantic facts; targeted pages for identified problems	Recorded reading/surface pair and category supported by cited facts after rule corrections; not a claim of independent expert review	"{""entities"":[],""lexical"":[{""reading"":""ほるもんざい"",""surface"":""ホルモン剤"",""categories"":[""general""],""evidence"":""https://www.edrdg.org/jmdict/edict_doc.html#entry-2692340-sense-1"",""entryId"":""2692340"",""pos"":[""n""],""version"":""76a91691b63094bf2aedca93cb889c7396945fe961e478f13081d839c9684e0c"",""source"":""JMdict"",""glosses"":[""hormone drug"",""hormone pill"",""hormone preparation"",""hormonal agent""]}]}"
general	はつかだいこん	二十日大根	1851	1851	neologd	https://www.edrdg.org/jmdict/edict_doc.html#entry-1462070-sense-1	lexical-and-confirmed-referents;https://www.edrdg.org/jmdict/edict_doc.html#entry-1462070-sense-1	assistant inspection of pair-bound reading evidence and stored semantic facts; targeted pages for identified problems	Recorded reading/surface pair and category supported by cited facts after rule corrections; not a claim of independent expert review	"{""entities"":[],""lexical"":[{""reading"":""はつかだいこん"",""surface"":""二十日大根"",""categories"":[""general""],""evidence"":""https://www.edrdg.org/jmdict/edict_doc.html#entry-1462070-sense-1"",""entryId"":""1462070"",""pos"":[""n""],""version"":""76a91691b63094bf2aedca93cb889c7396945fe961e478f13081d839c9684e0c"",""source"":""JMdict"",""misc"":[""uk""],""glosses"":[""radish (Raphanus sativus var. sativus)""]}]}"
general	きだい	黄鯛	1851	1851	neologd	https://www.edrdg.org/jmdict/edict_doc.html#entry-1182150-sense-1	lexical-and-confirmed-referents;https://www.edrdg.org/jmdict/edict_doc.html#entry-1182150-sense-1	assistant inspection of pair-bound reading evidence and stored semantic facts; targeted pages for identified problems	Recorded reading/surface pair and category supported by cited facts after rule corrections; not a claim of independent expert review	"{""entities"":[],""lexical"":[{""reading"":""きだい"",""surface"":""黄鯛"",""categories"":[""general""],""evidence"":""https://www.edrdg.org/jmdict/edict_doc.html#entry-1182150-sense-1"",""entryId"":""1182150"",""pos"":[""n""],""version"":""76a91691b63094bf2aedca93cb889c7396945fe961e478f13081d839c9684e0c"",""source"":""JMdict"",""misc"":[""uk""],""glosses"":[""yellowback sea bream (Dentex tumifrons)""]}]}"
general	ゆうどうでんどうき	誘導電動機	1851	1851	common	https://www.edrdg.org/jmdict/edict_doc.html#entry-1948080-sense-1	lexical-and-confirmed-referents;https://www.edrdg.org/jmdict/edict_doc.html#entry-1948080-sense-1	assistant inspection of pair-bound reading evidence and stored semantic facts; targeted pages for identified problems	Recorded reading/surface pair and category supported by cited facts after rule corrections; not a claim of independent expert review	"{""entities"":[],""lexical"":[{""reading"":""ゆうどうでんどうき"",""surface"":""誘導電動機"",""categories"":[""general""],""evidence"":""https://www.edrdg.org/jmdict/edict_doc.html#entry-1948080-sense-1"",""entryId"":""1948080"",""pos"":[""n""],""version"":""76a91691b63094bf2aedca93cb889c7396945fe961e478f13081d839c9684e0c"",""source"":""JMdict"",""glosses"":[""induction motor""]}]}"
general	あかかわいのしし	アカカワイノシシ	1851	1851	common	https://www.edrdg.org/jmdict/edict_doc.html#entry-2737080-sense-1	lexical-and-confirmed-referents;https://www.edrdg.org/jmdict/edict_doc.html#entry-2737080-sense-1	assistant inspection of pair-bound reading evidence and stored semantic facts; targeted pages for identified problems	Recorded reading/surface pair and category supported by cited facts after rule corrections; not a claim of independent expert review	"{""entities"":[],""lexical"":[{""reading"":""あかかわいのしし"",""surface"":""アカカワイノシシ"",""categories"":[""general""],""evidence"":""https://www.edrdg.org/jmdict/edict_doc.html#entry-2737080-sense-1"",""entryId"":""2737080"",""pos"":[""n""],""version"":""76a91691b63094bf2aedca93cb889c7396945fe961e478f13081d839c9684e0c"",""source"":""JMdict"",""misc"":[""uk""],""glosses"":[""red river hog (Potamochoerus porcus)"",""bush pig""]}]}"
general	むのうやくのうほう	無農薬農法	1851	1851	neologd	https://www.edrdg.org/jmdict/edict_doc.html#entry-2578700-sense-1	lexical-and-confirmed-referents;https://www.edrdg.org/jmdict/edict_doc.html#entry-2578700-sense-1	assistant inspection of pair-bound reading evidence and stored semantic facts; targeted pages for identified problems	Recorded reading/surface pair and category supported by cited facts after rule corrections; not a claim of independent expert review	"{""entities"":[],""lexical"":[{""reading"":""むのうやくのうほう"",""surface"":""無農薬農法"",""categories"":[""general""],""evidence"":""https://www.edrdg.org/jmdict/edict_doc.html#entry-2578700-sense-1"",""entryId"":""2578700"",""pos"":[""n""],""version"":""76a91691b63094bf2aedca93cb889c7396945fe961e478f13081d839c9684e0c"",""source"":""JMdict"",""glosses"":[""organic farming""]}]}"
general	あかうそ	アカウソ	1851	1851	common	https://www.edrdg.org/jmdict/edict_doc.html#entry-2619830-sense-1	lexical-and-confirmed-referents;https://www.edrdg.org/jmdict/edict_doc.html#entry-2619830-sense-1	assistant inspection of pair-bound reading evidence and stored semantic facts; targeted pages for identified problems	Recorded reading/surface pair and category supported by cited facts after rule corrections; not a claim of independent expert review	"{""entities"":[],""lexical"":[{""reading"":""あかうそ"",""surface"":""アカウソ"",""categories"":[""general""],""evidence"":""https://www.edrdg.org/jmdict/edict_doc.html#entry-2619830-sense-1"",""entryId"":""2619830"",""pos"":[""n""],""version"":""76a91691b63094bf2aedca93cb889c7396945fe961e478f13081d839c9684e0c"",""source"":""JMdict"",""misc"":[""uk""],""glosses"":[""bullfinch (Pyrrhula pyrrhula rosacea)""]}]}"
general	やまのてことば	山の手言葉	1851	1851	common	https://www.edrdg.org/jmdict/edict_doc.html#entry-2412850-sense-1	lexical-and-confirmed-referents;https://www.edrdg.org/jmdict/edict_doc.html#entry-2412850-sense-1	assistant inspection of pair-bound reading evidence and stored semantic facts; targeted pages for identified problems	Recorded reading/surface pair and category supported by cited facts after rule corrections; not a claim of independent expert review	"{""entities"":[],""lexical"":[{""reading"":""やまのてことば"",""surface"":""山の手言葉"",""categories"":[""general""],""evidence"":""https://www.edrdg.org/jmdict/edict_doc.html#entry-2412850-sense-1"",""entryId"":""2412850"",""pos"":[""n""],""version"":""76a91691b63094bf2aedca93cb889c7396945fe961e478f13081d839c9684e0c"",""source"":""JMdict"",""glosses"":[""refined speech of the uptown residents of Tokyo""]}]}"
general	おうきゅうしゅうり	応急修理	1851	1851	wiki	https://www.edrdg.org/jmdict/edict_doc.html#entry-1930820-sense-1	lexical-and-confirmed-referents;https://www.edrdg.org/jmdict/edict_doc.html#entry-1930820-sense-1	assistant inspection of pair-bound reading evidence and stored semantic facts; targeted pages for identified problems	Recorded reading/surface pair and category supported by cited facts after rule corrections; not a claim of independent expert review	"{""entities"":[],""lexical"":[{""reading"":""おうきゅうしゅうり"",""surface"":""応急修理"",""categories"":[""general""],""evidence"":""https://www.edrdg.org/jmdict/edict_doc.html#entry-1930820-sense-1"",""entryId"":""1930820"",""pos"":[""n"",""vs""],""version"":""76a91691b63094bf2aedca93cb889c7396945fe961e478f13081d839c9684e0c"",""source"":""JMdict"",""glosses"":[""temporary repairs""]}]}"
general	おーすとらりあく	オーストラリア区	1851	1851	common	https://www.edrdg.org/jmdict/edict_doc.html#entry-2456240-sense-1	lexical-and-confirmed-referents;https://www.edrdg.org/jmdict/edict_doc.html#entry-2456240-sense-1	assistant inspection of pair-bound reading evidence and stored semantic facts; targeted pages for identified problems	Recorded reading/surface pair and category supported by cited facts after rule corrections; not a claim of independent expert review	"{""entities"":[],""lexical"":[{""reading"":""おーすとらりあく"",""surface"":""オーストラリア区"",""categories"":[""general""],""evidence"":""https://www.edrdg.org/jmdict/edict_doc.html#entry-2456240-sense-1"",""entryId"":""2456240"",""pos"":[""n""],""version"":""76a91691b63094bf2aedca93cb889c7396945fe961e478f13081d839c9684e0c"",""source"":""JMdict"",""glosses"":[""Australian (zoogeographical region)""]}]}"
general	ろけっとはなび	ロケット花火	1851	1851	neologd	https://www.edrdg.org/jmdict/edict_doc.html#entry-2089450-sense-1	lexical-and-confirmed-referents;https://www.edrdg.org/jmdict/edict_doc.html#entry-2089450-sense-1	assistant inspection of pair-bound reading evidence and stored semantic facts; targeted pages for identified problems	Recorded reading/surface pair and category supported by cited facts after rule corrections; not a claim of independent expert review	"{""entities"":[],""lexical"":[{""reading"":""ろけっとはなび"",""surface"":""ロケット花火"",""categories"":[""general""],""evidence"":""https://www.edrdg.org/jmdict/edict_doc.html#entry-2089450-sense-1"",""entryId"":""2089450"",""pos"":[""n""],""version"":""76a91691b63094bf2aedca93cb889c7396945fe961e478f13081d839c9684e0c"",""source"":""JMdict"",""glosses"":[""skyrocket"",""bottle rocket""]}]}"
general	ななつぼし	七つ星	1851	1851	common	https://www.edrdg.org/jmdict/edict_doc.html#entry-2196050-sense-1;https://www.edrdg.org/jmdict/edict_doc.html#entry-2196050-sense-2;https://www.edrdg.org/jmdict/edict_doc.html#entry-2196050-sense-3	lexical-and-confirmed-referents;https://www.edrdg.org/jmdict/edict_doc.html#entry-2196050-sense-1;https://www.edrdg.org/jmdict/edict_doc.html#entry-2196050-sense-2;https://www.edrdg.org/jmdict/edict_doc.html#entry-2196050-sense-3	assistant inspection of pair-bound reading evidence and stored semantic facts; targeted pages for identified problems	Recorded reading/surface pair and category supported by cited facts after rule corrections; not a claim of independent expert review	"{""entities"":[],""lexical"":[{""reading"":""ななつぼし"",""surface"":""七つ星"",""categories"":[""technical""],""evidence"":""https://www.edrdg.org/jmdict/edict_doc.html#entry-2196050-sense-1"",""entryId"":""2196050"",""fields"":[""astron""],""pos"":[""n""],""version"":""76a91691b63094bf2aedca93cb889c7396945fe961e478f13081d839c9684e0c"",""source"":""JMdict"",""glosses"":[""the Big Dipper (asterism)"",""the Plough"",""the Plow""]},{""reading"":""ななつぼし"",""surface"":""七つ星"",""categories"":[""general""],""evidence"":""https://www.edrdg.org/jmdict/edict_doc.html#entry-2196050-sense-2"",""entryId"":""2196050"",""pos"":[""n""],""version"":""76a91691b63094bf2aedca93cb889c7396945fe961e478f13081d839c9684e0c"",""source"":""JMdict"",""glosses"":[""family crest representing the seven luminaries (with one central circle surrounded by six other circles)""]},{""reading"":""ななつぼし"",""surface"":""七つ星"",""categories"":[""general""],""evidence"":""https://www.edrdg.org/jmdict/edict_doc.html#entry-2196050-sense-3"",""entryId"":""2196050"",""pos"":[""n""],""version"":""76a91691b63094bf2aedca93cb889c7396945fe961e478f13081d839c9684e0c"",""source"":""JMdict"",""glosses"":[""Japanese pilchard (Sardinops melanostictus)"",""Japanese sardine""]}]}"
general	すかいくれーん	スカイクレーン	1851	1851	wiki	https://www.edrdg.org/jmdict/edict_doc.html#entry-2734490-sense-1	lexical-and-confirmed-referents;https://www.edrdg.org/jmdict/edict_doc.html#entry-2734490-sense-1	assistant inspection of pair-bound reading evidence and stored semantic facts; targeted pages for identified problems	Recorded reading/surface pair and category supported by cited facts after rule corrections; not a claim of independent expert review	"{""entities"":[],""lexical"":[{""reading"":""すかいくれーん"",""surface"":""スカイクレーン"",""categories"":[""general""],""evidence"":""https://www.edrdg.org/jmdict/edict_doc.html#entry-2734490-sense-1"",""entryId"":""2734490"",""pos"":[""n""],""version"":""76a91691b63094bf2aedca93cb889c7396945fe961e478f13081d839c9684e0c"",""source"":""JMdict"",""glosses"":[""sky crane"",""skycrane"",""flying crane""]}]}"
general	れいおんていし	冷温停止	1851	1851	neologd	https://www.edrdg.org/jmdict/edict_doc.html#entry-2738390-sense-1	lexical-and-confirmed-referents;https://www.edrdg.org/jmdict/edict_doc.html#entry-2738390-sense-1	assistant inspection of pair-bound reading evidence and stored semantic facts; targeted pages for identified problems	Recorded reading/surface pair and category supported by cited facts after rule corrections; not a claim of independent expert review	"{""entities"":[],""lexical"":[{""reading"":""れいおんていし"",""surface"":""冷温停止"",""categories"":[""general""],""evidence"":""https://www.edrdg.org/jmdict/edict_doc.html#entry-2738390-sense-1"",""entryId"":""2738390"",""pos"":[""n""],""version"":""76a91691b63094bf2aedca93cb889c7396945fe961e478f13081d839c9684e0c"",""source"":""JMdict"",""glosses"":[""cold shutdown (nuclear reactor)""]}]}"
general	いんすたばえ	インスタ映え	1851	1851	neologd	https://www.edrdg.org/jmdict/edict_doc.html#entry-2833081-sense-1	lexical-and-confirmed-referents;https://www.edrdg.org/jmdict/edict_doc.html#entry-2833081-sense-1	assistant inspection of pair-bound reading evidence and stored semantic facts; targeted pages for identified problems	Recorded reading/surface pair and category supported by cited facts after rule corrections; not a claim of independent expert review	"{""entities"":[],""lexical"":[{""reading"":""いんすたばえ"",""surface"":""インスタ映え"",""categories"":[""general""],""evidence"":""https://www.edrdg.org/jmdict/edict_doc.html#entry-2833081-sense-1"",""entryId"":""2833081"",""pos"":[""n"",""vs"",""vi""],""version"":""76a91691b63094bf2aedca93cb889c7396945fe961e478f13081d839c9684e0c"",""source"":""JMdict"",""misc"":[""col""],""glosses"":[""being Instagrammable"",""looking good on Instagram""]}]}"
general	せるつぁー	セルツァー	1851	1851	wiki	https://www.edrdg.org/jmdict/edict_doc.html#entry-2867138-sense-1	lexical-and-confirmed-referents;https://www.edrdg.org/jmdict/edict_doc.html#entry-2867138-sense-1	assistant inspection of pair-bound reading evidence and stored semantic facts; targeted pages for identified problems	Recorded reading/surface pair and category supported by cited facts after rule corrections; not a claim of independent expert review	"{""entities"":[],""lexical"":[{""reading"":""せるつぁー"",""surface"":""セルツァー"",""categories"":[""general""],""evidence"":""https://www.edrdg.org/jmdict/edict_doc.html#entry-2867138-sense-1"",""entryId"":""2867138"",""pos"":[""n""],""version"":""76a91691b63094bf2aedca93cb889c7396945fe961e478f13081d839c9684e0c"",""source"":""JMdict"",""glosses"":[""seltzer""]}]}"
general	のうぎょうだいがっこう	農業大学校	1851	1851	neologd	https://www.edrdg.org/jmdict/edict_doc.html#entry-2856160-sense-1	lexical-and-confirmed-referents;https://www.edrdg.org/jmdict/edict_doc.html#entry-2856160-sense-1	assistant inspection of pair-bound reading evidence and stored semantic facts; targeted pages for identified problems	Recorded reading/surface pair and category supported by cited facts after rule corrections; not a claim of independent expert review	"{""entities"":[],""lexical"":[{""reading"":""のうぎょうだいがっこう"",""surface"":""農業大学校"",""categories"":[""general""],""evidence"":""https://www.edrdg.org/jmdict/edict_doc.html#entry-2856160-sense-1"",""entryId"":""2856160"",""pos"":[""n""],""version"":""76a91691b63094bf2aedca93cb889c7396945fe961e478f13081d839c9684e0c"",""source"":""JMdict"",""glosses"":[""agricultural college""]}]}"
general	こおりおに	こおり鬼	1851	1851	common	https://www.edrdg.org/jmdict/edict_doc.html#entry-2799890-sense-1	lexical-and-confirmed-referents;https://www.edrdg.org/jmdict/edict_doc.html#entry-2799890-sense-1	assistant inspection of pair-bound reading evidence and stored semantic facts; targeted pages for identified problems	Recorded reading/surface pair and category supported by cited facts after rule corrections; not a claim of independent expert review	"{""entities"":[],""lexical"":[{""reading"":""こおりおに"",""surface"":""こおり鬼"",""categories"":[""general""],""evidence"":""https://www.edrdg.org/jmdict/edict_doc.html#entry-2799890-sense-1"",""entryId"":""2799890"",""pos"":[""n""],""version"":""76a91691b63094bf2aedca93cb889c7396945fe961e478f13081d839c9684e0c"",""source"":""JMdict"",""glosses"":[""freeze tag (children's game)""]}]}"
general	ほうしゃせんぎし	放射線技師	1851	1851	neologd	https://www.edrdg.org/jmdict/edict_doc.html#entry-1516680-sense-1	lexical-and-confirmed-referents;https://www.edrdg.org/jmdict/edict_doc.html#entry-1516680-sense-1	assistant inspection of pair-bound reading evidence and stored semantic facts; targeted pages for identified problems	Recorded reading/surface pair and category supported by cited facts after rule corrections; not a claim of independent expert review	"{""entities"":[],""lexical"":[{""reading"":""ほうしゃせんぎし"",""surface"":""放射線技師"",""categories"":[""general""],""evidence"":""https://www.edrdg.org/jmdict/edict_doc.html#entry-1516680-sense-1"",""entryId"":""1516680"",""pos"":[""n""],""version"":""76a91691b63094bf2aedca93cb889c7396945fe961e478f13081d839c9684e0c"",""source"":""JMdict"",""glosses"":[""radiology technician"",""radiographer""]}]}"
general	しおまねき	潮招	1851	1851	neologd	https://www.edrdg.org/jmdict/edict_doc.html#entry-1953790-sense-1	lexical-and-confirmed-referents;https://www.edrdg.org/jmdict/edict_doc.html#entry-1953790-sense-1	assistant inspection of pair-bound reading evidence and stored semantic facts; targeted pages for identified problems	Recorded reading/surface pair and category supported by cited facts after rule corrections; not a claim of independent expert review	"{""entities"":[],""lexical"":[{""reading"":""しおまねき"",""surface"":""潮招"",""categories"":[""general""],""evidence"":""https://www.edrdg.org/jmdict/edict_doc.html#entry-1953790-sense-1"",""entryId"":""1953790"",""pos"":[""n""],""version"":""76a91691b63094bf2aedca93cb889c7396945fe961e478f13081d839c9684e0c"",""source"":""JMdict"",""misc"":[""uk""],""glosses"":[""fiddler crab (esp. species Uca arcuata)""]}]}"
general	よんかいせい	4回生	1851	1851	neologd	https://www.edrdg.org/jmdict/edict_doc.html#entry-2265330-sense-1	lexical-and-confirmed-referents;https://www.edrdg.org/jmdict/edict_doc.html#entry-2265330-sense-1	assistant inspection of pair-bound reading evidence and stored semantic facts; targeted pages for identified problems	Recorded reading/surface pair and category supported by cited facts after rule corrections; not a claim of independent expert review	"{""entities"":[],""lexical"":[{""reading"":""よんかいせい"",""surface"":""4回生"",""categories"":[""general""],""evidence"":""https://www.edrdg.org/jmdict/edict_doc.html#entry-2265330-sense-1"",""entryId"":""2265330"",""pos"":[""n""],""version"":""76a91691b63094bf2aedca93cb889c7396945fe961e478f13081d839c9684e0c"",""source"":""JMdict"",""glosses"":[""fourth year (college) student"",""senior""]}]}"
general	へんごく	辺獄	1851	1851	common	https://www.edrdg.org/jmdict/edict_doc.html#entry-2830820-sense-1	https://www.wikidata.org/wiki/Q270710#P31;reading:independent-pair;categories:place;lexical-and-confirmed-referents;https://www.edrdg.org/jmdict/edict_doc.html#entry-2830820-sense-1	assistant inspection of pair-bound reading evidence and stored semantic facts; targeted pages for identified problems	Recorded reading/surface pair and category supported by cited facts after rule corrections; not a claim of independent expert review	"{""entities"":[{""id"":""Q270710"",""names"":[""辺獄"",""limbo"",""リンボ界"",""古聖所"",""リンボ"",""limbus""],""types"":[""Q3238337""],""parents"":[],""readings"":[],""title"":""辺獄"",""nameKinds"":{""辺獄"":[""label:ja"",""title:jawiki""],""limbo"":[""label:en""],""リンボ界"":[""alias:ja""],""古聖所"":[""alias:ja""],""リンボ"":[""alias:ja""],""limbus"":[""alias:en""]},""readingNames"":[""辺獄""],""primaryReadings"":[]}],""lexical"":[{""reading"":""へんごく"",""surface"":""辺獄"",""categories"":[""general""],""evidence"":""https://www.edrdg.org/jmdict/edict_doc.html#entry-2830820-sense-1"",""entryId"":""2830820"",""pos"":[""n""],""version"":""76a91691b63094bf2aedca93cb889c7396945fe961e478f13081d839c9684e0c"",""source"":""JMdict"",""glosses"":[""limbo""]}]}"
general	しょうじょあい	少女愛	1851	1851	common	https://www.edrdg.org/jmdict/edict_doc.html#entry-2841036-sense-1	lexical-and-confirmed-referents;https://www.edrdg.org/jmdict/edict_doc.html#entry-2841036-sense-1	assistant inspection of pair-bound reading evidence and stored semantic facts; targeted pages for identified problems	Recorded reading/surface pair and category supported by cited facts after rule corrections; not a claim of independent expert review	"{""entities"":[],""lexical"":[{""reading"":""しょうじょあい"",""surface"":""少女愛"",""categories"":[""general""],""evidence"":""https://www.edrdg.org/jmdict/edict_doc.html#entry-2841036-sense-1"",""entryId"":""2841036"",""pos"":[""n""],""version"":""76a91691b63094bf2aedca93cb889c7396945fe961e478f13081d839c9684e0c"",""source"":""JMdict"",""glosses"":[""nymphophilia"",""sexual fixation on young girls"",""lolicon""]}]}"
general	えーがた	A型	1851	1851	common	https://www.edrdg.org/jmdict/edict_doc.html#entry-2236420-sense-1	lexical-and-confirmed-referents;https://www.edrdg.org/jmdict/edict_doc.html#entry-2236420-sense-1	assistant inspection of pair-bound reading evidence and stored semantic facts; targeted pages for identified problems	Recorded reading/surface pair and category supported by cited facts after rule corrections; not a claim of independent expert review	"{""entities"":[],""lexical"":[{""reading"":""えーがた"",""surface"":""A型"",""categories"":[""general""],""evidence"":""https://www.edrdg.org/jmdict/edict_doc.html#entry-2236420-sense-1"",""entryId"":""2236420"",""pos"":[""n""],""version"":""76a91691b63094bf2aedca93cb889c7396945fe961e478f13081d839c9684e0c"",""source"":""JMdict"",""glosses"":[""type A (blood, influenza, hepatitis, etc.)""]}]}"
general	みずごり	水ごり	1851	1851	neologd	https://www.edrdg.org/jmdict/edict_doc.html#entry-1737180-sense-1	lexical-and-confirmed-referents;https://www.edrdg.org/jmdict/edict_doc.html#entry-1737180-sense-1	assistant inspection of pair-bound reading evidence and stored semantic facts; targeted pages for identified problems	Recorded reading/surface pair and category supported by cited facts after rule corrections; not a claim of independent expert review	"{""entities"":[],""lexical"":[{""reading"":""みずごり"",""surface"":""水ごり"",""categories"":[""general""],""evidence"":""https://www.edrdg.org/jmdict/edict_doc.html#entry-1737180-sense-1"",""entryId"":""1737180"",""pos"":[""n""],""version"":""76a91691b63094bf2aedca93cb889c7396945fe961e478f13081d839c9684e0c"",""source"":""JMdict"",""glosses"":[""cold-water ablutions (for spiritual purification)""]}]}"
general	どくぜり	毒芹	1851	1851	neologd	https://www.edrdg.org/jmdict/edict_doc.html#entry-2603360-sense-1	lexical-and-confirmed-referents;https://www.edrdg.org/jmdict/edict_doc.html#entry-2603360-sense-1	assistant inspection of pair-bound reading evidence and stored semantic facts; targeted pages for identified problems	Recorded reading/surface pair and category supported by cited facts after rule corrections; not a claim of independent expert review	"{""entities"":[],""lexical"":[{""reading"":""どくぜり"",""surface"":""毒芹"",""categories"":[""general""],""evidence"":""https://www.edrdg.org/jmdict/edict_doc.html#entry-2603360-sense-1"",""entryId"":""2603360"",""pos"":[""n""],""version"":""76a91691b63094bf2aedca93cb889c7396945fe961e478f13081d839c9684e0c"",""source"":""JMdict"",""misc"":[""uk""],""glosses"":[""Mackenzie's water hemlock (Cicuta virosa)""]}]}"
general	ひっとさく	ヒット作	1851	1851	neologd	https://www.edrdg.org/jmdict/edict_doc.html#entry-2850004-sense-1	lexical-and-confirmed-referents;https://www.edrdg.org/jmdict/edict_doc.html#entry-2850004-sense-1	assistant inspection of pair-bound reading evidence and stored semantic facts; targeted pages for identified problems	Recorded reading/surface pair and category supported by cited facts after rule corrections; not a claim of independent expert review	"{""entities"":[],""lexical"":[{""reading"":""ひっとさく"",""surface"":""ヒット作"",""categories"":[""general""],""evidence"":""https://www.edrdg.org/jmdict/edict_doc.html#entry-2850004-sense-1"",""entryId"":""2850004"",""pos"":[""n""],""version"":""76a91691b63094bf2aedca93cb889c7396945fe961e478f13081d839c9684e0c"",""source"":""JMdict"",""glosses"":[""hit (film, song, book, etc.)"",""bestseller"",""blockbuster""]}]}"
organization	らいず	RIZE	1851	1851	neologd	https://ja.wikipedia.org/wiki/RIZE	https://www.wikidata.org/wiki/Q986829#P31;reading:independent-pair;categories:organization;lexical-and-confirmed-referents;https://ja.wikipedia.org/wiki/RIZE	assistant inspection of pair-bound reading evidence and stored semantic facts; targeted pages for identified problems	Recorded reading/surface pair and category supported by cited facts after rule corrections; not a claim of independent expert review	"{""entities"":[{""id"":""Q986829"",""names"":[""RIZE"",""Rize"",""雷図"",""ライズ""],""types"":[""Q215380""],""parents"":[],""readings"":[],""title"":""RIZE"",""nameKinds"":{""RIZE"":[""label:ja"",""title:jawiki""],""Rize"":[""label:en""],""雷図"":[""alias:ja""],""ライズ"":[""alias:ja""]},""readingNames"":[""RIZE""],""primaryReadings"":[]}],""lexical"":[]}"
organization	るにおーね	ルニオーネ	1851	1851	common	orthographic-kana;https://www.wikidata.org/wiki/Q1138768#name	https://www.wikidata.org/wiki/Q1138768	assistant inspection of pair-bound reading evidence and stored semantic facts; targeted pages for identified problems	Recorded reading/surface pair and category supported by cited facts after rule corrections; not a claim of independent expert review	"{""entities"":[{""id"":""Q1138768"",""names"":[""The Union"",""ルニオーネ"",""連合"",""ウニオーネ""],""types"":[""Q6138528""],""parents"":[],""readings"":[],""title"":""ルニオーネ"",""nameKinds"":{""The Union"":[""label:en""],""ルニオーネ"":[""label:ja"",""title:jawiki""],""連合"":[""alias:ja""],""ウニオーネ"":[""alias:ja""]},""readingNames"":[""ルニオーネ""],""primaryReadings"":[]}],""lexical"":[]}"
organization	でぃーぷしーく	DeepSeek	1851	1851	person	https://ja.wikipedia.org/wiki/DeepSeek	https://www.wikidata.org/wiki/Q131577453#P31;reading:independent-pair;categories:organization;lexical-and-confirmed-referents;https://ja.wikipedia.org/wiki/DeepSeek	assistant inspection of pair-bound reading evidence and stored semantic facts; targeted pages for identified problems	Recorded reading/surface pair and category supported by cited facts after rule corrections; not a claim of independent expert review	"{""entities"":[{""id"":""Q131577453"",""names"":[""DeepSeek"",""deepseek.com"",""Hangzhou DeepSeek Artificial Intelligence Basic Technology Research Co., Ltd."",""深度求索"",""ディープシーク""],""types"":[""Q4830453"",""Q129238"",""Q18388277""],""parents"":[],""readings"":[],""title"":""DeepSeek"",""nameKinds"":{""DeepSeek"":[""label:en"",""label:ja"",""title:jawiki""],""deepseek.com"":[""alias:en""],""Hangzhou DeepSeek Artificial Intelligence Basic Technology Research Co., Ltd."":[""alias:en""],""深度求索"":[""alias:ja""],""ディープシーク"":[""alias:ja""]},""readingNames"":[""DeepSeek""],""primaryReadings"":[]}],""lexical"":[]}"
organization	あんぜんほしょうかいぎ	安全保障会議	1851	1851	neologd	https://www.edrdg.org/jmdict/edict_doc.html#entry-1980260-sense-1	https://www.edrdg.org/jmdict/edict_doc.html#entry-1980260-sense-1	assistant inspection of pair-bound reading evidence and stored semantic facts; targeted pages for identified problems	Recorded reading/surface pair and category supported by cited facts after rule corrections; not a claim of independent expert review	"{""entities"":[],""lexical"":[{""reading"":""あんぜんほしょうかいぎ"",""surface"":""安全保障会議"",""categories"":[""general""],""evidence"":""https://www.edrdg.org/jmdict/edict_doc.html#entry-1980260-sense-1"",""entryId"":""1980260"",""pos"":[""n""],""version"":""76a91691b63094bf2aedca93cb889c7396945fe961e478f13081d839c9684e0c"",""source"":""JMdict"",""glosses"":[""Security Council of Japan""]}]}"
organization	さみっく	サミック	1851	1851	wiki	orthographic-kana;https://www.wikidata.org/wiki/Q489208#name	https://www.wikidata.org/wiki/Q489208	assistant inspection of pair-bound reading evidence and stored semantic facts; targeted pages for identified problems	Recorded reading/surface pair and category supported by cited facts after rule corrections; not a claim of independent expert review	"{""entities"":[{""id"":""Q489208"",""names"":[""Samick"",""サミック"",""三益楽器""],""types"":[""Q167270"",""Q55190325""],""parents"":[],""readings"":[],""title"":""三益楽器"",""nameKinds"":{""Samick"":[""label:en""],""サミック"":[""label:ja""],""三益楽器"":[""alias:ja"",""title:jawiki""]},""readingNames"":[""サミック""],""primaryReadings"":[]}],""lexical"":[]}"
organization	かりふぉるにあこうかだいがく	カリフォルニア工科大学	1851	1851	common	https://www.edrdg.org/jmdict/edict_doc.html#entry-5741511-sense-1	https://www.wikidata.org/wiki/Q161562#P31;reading:independent-pair;categories:organization;lexical-and-confirmed-referents;https://www.edrdg.org/jmdict/edict_doc.html#entry-5741511-sense-1	assistant inspection of pair-bound reading evidence and stored semantic facts; targeted pages for identified problems	Recorded reading/surface pair and category supported by cited facts after rule corrections; not a claim of independent expert review	"{""entities"":[{""id"":""Q161562"",""names"":[""カリフォルニア工科大学"",""California Institute of Technology"",""キャルテク"",""キャルテック"",""カルテク"",""CalTech"",""カルテック"",""Caltech"",""Cal Tech"",""CIT""],""types"":[""Q3918"",""Q23002054""],""parents"":[],""readings"":[],""title"":""カリフォルニア工科大学"",""nameKinds"":{""カリフォルニア工科大学"":[""label:ja"",""title:jawiki""],""California Institute of Technology"":[""label:en""],""キャルテク"":[""alias:ja""],""キャルテック"":[""alias:ja""],""カルテク"":[""alias:ja""],""CalTech"":[""alias:ja""],""カルテック"":[""alias:ja""],""Caltech"":[""alias:en""],""Cal Tech"":[""alias:en""],""CIT"":[""alias:en""]},""readingNames"":[""カリフォルニア工科大学""],""primaryReadings"":[]}],""lexical"":[{""reading"":""かりふぉるにあこうかだいがく"",""surface"":""カリフォルニア工科大学"",""categories"":[""organization""],""evidence"":""https://www.edrdg.org/jmdict/edict_doc.html#entry-5741511-sense-1"",""entryId"":""5741511"",""pos"":[""n""],""version"":""76a91691b63094bf2aedca93cb889c7396945fe961e478f13081d839c9684e0c"",""source"":""JMdict"",""misc"":[""organization""],""glosses"":[""California Institute of Technology""]}]}"
organization	こうあれす	コウアレス	1851	1851	neologd	orthographic-kana;https://www.wikidata.org/wiki/Q3676067#name	https://www.wikidata.org/wiki/Q3676067	assistant inspection of pair-bound reading evidence and stored semantic facts; targeted pages for identified problems	Recorded reading/surface pair and category supported by cited facts after rule corrections; not a claim of independent expert review	"{""entities"":[{""id"":""Q3676067"",""names"":[""Coalesce"",""コウアレス""],""types"":[""Q215380""],""parents"":[],""readings"":[],""nameKinds"":{""Coalesce"":[""label:en""],""コウアレス"":[""label:ja""]},""readingNames"":[""コウアレス""],""primaryReadings"":[]}],""lexical"":[]}"
organization	だいがくたいいくきょうかい	大学体育協会	1851	1851	wiki	https://www.edrdg.org/jmdict/edict_doc.html#entry-5489055-sense-1	https://www.wikidata.org/wiki/Q1401736#P31;reading:independent-pair;categories:organization;lexical-and-confirmed-referents;https://www.edrdg.org/jmdict/edict_doc.html#entry-5489055-sense-1	assistant inspection of pair-bound reading evidence and stored semantic facts; targeted pages for identified problems	Recorded reading/surface pair and category supported by cited facts after rule corrections; not a claim of independent expert review	"{""entities"":[{""id"":""Q1401736"",""names"":[""University Athletic Association"",""大学体育協会"",""大学体育協会 (NCAAディビジョンIII)""],""types"":[""Q2992826""],""parents"":[],""readings"":[],""title"":""大学体育協会 (NCAAディビジョンIII)"",""nameKinds"":{""University Athletic Association"":[""label:en""],""大学体育協会"":[""label:ja""],""大学体育協会 (NCAAディビジョンIII)"":[""title:jawiki""]},""readingNames"":[""大学体育協会""],""primaryReadings"":[]}],""lexical"":[{""reading"":""だいがくたいいくきょうかい"",""surface"":""大学体育協会"",""categories"":[""organization""],""evidence"":""https://www.edrdg.org/jmdict/edict_doc.html#entry-5489055-sense-1"",""entryId"":""5489055"",""pos"":[""n""],""version"":""76a91691b63094bf2aedca93cb889c7396945fe961e478f13081d839c9684e0c"",""source"":""JMdict"",""misc"":[""organization""],""glosses"":[""College Physical Education Association""]}]}"
organization	あいりふどーぱ	アイリフドーパ	1851	1851	person	orthographic-kana;https://www.wikidata.org/wiki/Q107400569#name	https://www.wikidata.org/wiki/Q107400569	assistant inspection of pair-bound reading evidence and stored semantic facts; targeted pages for identified problems	Recorded reading/surface pair and category supported by cited facts after rule corrections; not a claim of independent expert review	"{""entities"":[{""id"":""Q107400569"",""names"":[""Ailiph Doepa"",""アイリフドーパ""],""types"":[""Q2088357"",""Q215380""],""parents"":[],""readings"":[],""title"":""アイリフドーパ"",""nameKinds"":{""Ailiph Doepa"":[""label:ja""],""アイリフドーパ"":[""alias:ja"",""title:jawiki""]},""readingNames"":[""Ailiph Doepa""],""primaryReadings"":[]}],""lexical"":[]}"
organization	いかりそーす	イカリソース	1851	1851	common	orthographic-kana;https://www.wikidata.org/wiki/Q11286352#name	https://www.wikidata.org/wiki/Q11286352	assistant inspection of pair-bound reading evidence and stored semantic facts; targeted pages for identified problems	Recorded reading/surface pair and category supported by cited facts after rule corrections; not a claim of independent expert review	"{""entities"":[{""id"":""Q11286352"",""names"":[""イカリソース"",""Ikari Sauce"",""サンワフーズ"",""Ikari Sauce Co.,ltd.""],""types"":[""Q4830453""],""parents"":[],""readings"":[],""title"":""イカリソース"",""nameKinds"":{""イカリソース"":[""label:ja"",""title:jawiki""],""Ikari Sauce"":[""label:en""],""サンワフーズ"":[""alias:ja""],""Ikari Sauce Co.,ltd."":[""alias:en""]},""readingNames"":[""イカリソース""],""primaryReadings"":[]}],""lexical"":[]}"
organization	えれくとろーら	エレクトローラ	1851	1851	common	orthographic-kana;https://www.wikidata.org/wiki/Q323151#name	https://www.wikidata.org/wiki/Q323151	assistant inspection of pair-bound reading evidence and stored semantic facts; targeted pages for identified problems	Recorded reading/surface pair and category supported by cited facts after rule corrections; not a claim of independent expert review	"{""entities"":[{""id"":""Q323151"",""names"":[""エレクトローラ"",""Electrola"",""LC 00193"",""LC 0193""],""types"":[""Q18127""],""parents"":[],""readings"":[],""title"":""エレクトローラ"",""nameKinds"":{""エレクトローラ"":[""label:ja"",""title:jawiki""],""Electrola"":[""label:en""],""LC 00193"":[""alias:en""],""LC 0193"":[""alias:en""]},""readingNames"":[""エレクトローラ""],""primaryReadings"":[]}],""lexical"":[]}"
organization	こくりつこうとうせんもんがっこう	国立高等専門学校	1851	1851	neologd	https://www.edrdg.org/jmdict/edict_doc.html#entry-5295345-sense-1	lexical-and-confirmed-referents;https://www.edrdg.org/jmdict/edict_doc.html#entry-5295345-sense-1	assistant inspection of pair-bound reading evidence and stored semantic facts; targeted pages for identified problems	Recorded reading/surface pair and category supported by cited facts after rule corrections; not a claim of independent expert review	"{""entities"":[],""lexical"":[{""reading"":""こくりつこうとうせんもんがっこう"",""surface"":""国立高等専門学校"",""categories"":[""organization""],""evidence"":""https://www.edrdg.org/jmdict/edict_doc.html#entry-5295345-sense-1"",""entryId"":""5295345"",""pos"":[""n""],""version"":""76a91691b63094bf2aedca93cb889c7396945fe961e478f13081d839c9684e0c"",""source"":""JMdict"",""misc"":[""organization""],""glosses"":[""National Technical College""]}]}"
organization	てらけん	テラケン	1851	1851	common	orthographic-kana;https://www.wikidata.org/wiki/Q11319391#name	https://www.wikidata.org/wiki/Q11319391	assistant inspection of pair-bound reading evidence and stored semantic facts; targeted pages for identified problems	Recorded reading/surface pair and category supported by cited facts after rule corrections; not a claim of independent expert review	"{""entities"":[{""id"":""Q11319391"",""names"":[""テラケン"",""Teraken Corporation"",""さくら水産""],""types"":[""Q4830453""],""parents"":[],""readings"":[],""title"":""テラケン"",""nameKinds"":{""テラケン"":[""label:ja"",""title:jawiki""],""Teraken Corporation"":[""label:en""],""さくら水産"":[""alias:ja""]},""readingNames"":[""テラケン""],""primaryReadings"":[]}],""lexical"":[]}"
organization	さぼん	SABON	1851	1851	neologd	https://www.edrdg.org/jmdict/edict_doc.html#entry-5742160-sense-1	lexical-and-confirmed-referents;https://www.edrdg.org/jmdict/edict_doc.html#entry-5742160-sense-1	assistant inspection of pair-bound reading evidence and stored semantic facts; targeted pages for identified problems	Recorded reading/surface pair and category supported by cited facts after rule corrections; not a claim of independent expert review	"{""entities"":[],""lexical"":[{""reading"":""さぼん"",""surface"":""SABON"",""categories"":[""organization""],""evidence"":""https://www.edrdg.org/jmdict/edict_doc.html#entry-5742160-sense-1"",""entryId"":""5742160"",""pos"":[""n""],""version"":""76a91691b63094bf2aedca93cb889c7396945fe961e478f13081d839c9684e0c"",""source"":""JMdict"",""misc"":[""company""],""glosses"":[""SABON (manufacturer of bath and body products)""]}]}"
organization	つぁいにゃお	ツァイニャオ	1851	1851	common	orthographic-kana;https://www.wikidata.org/wiki/Q16947973#name	https://www.wikidata.org/wiki/Q16947973	assistant inspection of pair-bound reading evidence and stored semantic facts; targeted pages for identified problems	Recorded reading/surface pair and category supported by cited facts after rule corrections; not a claim of independent expert review	"{""entities"":[{""id"":""Q16947973"",""names"":[""Cainiao"",""ツァイニャオ"",""China Smart Logistic Network"",""CAINIAO"",""Cainiao Smart Logistics Holding Limited"",""菜鳥""],""types"":[""Q4830453"",""Q7397""],""parents"":[],""readings"":[],""title"":""ツァイニャオ"",""nameKinds"":{""Cainiao"":[""label:en""],""ツァイニャオ"":[""label:ja"",""title:jawiki""],""China Smart Logistic Network"":[""alias:en""],""CAINIAO"":[""alias:en""],""Cainiao Smart Logistics Holding Limited"":[""alias:en""],""菜鳥"":[""alias:ja""]},""readingNames"":[""ツァイニャオ""],""primaryReadings"":[]}],""lexical"":[]}"
organization	かんたいへいようだいがく	環太平洋大学	1851	1851	common	https://www.edrdg.org/jmdict/edict_doc.html#entry-5742855-sense-1	https://www.wikidata.org/wiki/Q6052304#P31;reading:independent-pair;categories:organization;lexical-and-confirmed-referents;https://www.edrdg.org/jmdict/edict_doc.html#entry-5742855-sense-1	assistant inspection of pair-bound reading evidence and stored semantic facts; targeted pages for identified problems	Recorded reading/surface pair and category supported by cited facts after rule corrections; not a claim of independent expert review	"{""entities"":[{""id"":""Q6052304"",""names"":[""International Pacific University"",""環太平洋大学"",""IPU-JAPAN"",""IPU""],""types"":[""Q902104""],""parents"":[],""readings"":[],""title"":""環太平洋大学"",""nameKinds"":{""International Pacific University"":[""label:en""],""環太平洋大学"":[""label:ja"",""title:jawiki""],""IPU-JAPAN"":[""alias:ja""],""IPU"":[""alias:en""]},""readingNames"":[""環太平洋大学""],""primaryReadings"":[]}],""lexical"":[{""reading"":""かんたいへいようだいがく"",""surface"":""環太平洋大学"",""categories"":[""organization""],""evidence"":""https://www.edrdg.org/jmdict/edict_doc.html#entry-5742855-sense-1"",""entryId"":""5742855"",""pos"":[""n""],""version"":""76a91691b63094bf2aedca93cb889c7396945fe961e478f13081d839c9684e0c"",""source"":""JMdict"",""misc"":[""organization""],""glosses"":[""International Pacific University""]}]}"
organization	しまねけんりつだいがく	島根県立大学	1851	1851	common	https://www.edrdg.org/jmdict/edict_doc.html#entry-5747225-sense-1	https://www.wikidata.org/wiki/Q3551847#P31;reading:independent-pair;categories:organization;lexical-and-confirmed-referents;https://www.edrdg.org/jmdict/edict_doc.html#entry-5747225-sense-1	assistant inspection of pair-bound reading evidence and stored semantic facts; targeted pages for identified problems	Recorded reading/surface pair and category supported by cited facts after rule corrections; not a claim of independent expert review	"{""entities"":[{""id"":""Q3551847"",""names"":[""University of Shimane"",""島根県立大学"",""公立大学法人島根県立大学""],""types"":[""Q3918""],""parents"":[],""readings"":[],""title"":""島根県立大学"",""nameKinds"":{""University of Shimane"":[""label:en""],""島根県立大学"":[""label:ja"",""title:jawiki""],""公立大学法人島根県立大学"":[""alias:ja""]},""readingNames"":[""島根県立大学""],""primaryReadings"":[]}],""lexical"":[{""reading"":""しまねけんりつだいがく"",""surface"":""島根県立大学"",""categories"":[""organization""],""evidence"":""https://www.edrdg.org/jmdict/edict_doc.html#entry-5747225-sense-1"",""entryId"":""5747225"",""pos"":[""n""],""version"":""76a91691b63094bf2aedca93cb889c7396945fe961e478f13081d839c9684e0c"",""source"":""JMdict"",""misc"":[""organization""],""glosses"":[""University of Shimane""]}]}"
organization	ふるさときゃらばん	ふるさときゃらばん	1851	1851	common	orthographic-kana;https://www.wikidata.org/wiki/Q11277281#name	https://www.wikidata.org/wiki/Q11277281	assistant inspection of pair-bound reading evidence and stored semantic facts; targeted pages for identified problems	Recorded reading/surface pair and category supported by cited facts after rule corrections; not a claim of independent expert review	"{""entities"":[{""id"":""Q11277281"",""names"":[""ふるさときゃらばん""],""types"":[""Q742421""],""parents"":[],""readings"":[],""title"":""ふるさときゃらばん"",""nameKinds"":{""ふるさときゃらばん"":[""label:ja"",""title:jawiki""]},""readingNames"":[""ふるさときゃらばん""],""primaryReadings"":[]}],""lexical"":[]}"
organization	さくだいがく	佐久大学	1851	1851	neologd	https://www.edrdg.org/jmdict/edict_doc.html#entry-5742800-sense-1	https://www.wikidata.org/wiki/Q7403136#P31;reading:independent-pair;categories:organization;lexical-and-confirmed-referents;https://www.edrdg.org/jmdict/edict_doc.html#entry-5742800-sense-1	assistant inspection of pair-bound reading evidence and stored semantic facts; targeted pages for identified problems	Recorded reading/surface pair and category supported by cited facts after rule corrections; not a claim of independent expert review	"{""entities"":[{""id"":""Q7403136"",""names"":[""Saku University"",""佐久大学"",""信州佐久大学""],""types"":[""Q3918""],""parents"":[],""readings"":[],""title"":""佐久大学"",""nameKinds"":{""Saku University"":[""label:en""],""佐久大学"":[""label:ja"",""title:jawiki""],""信州佐久大学"":[""alias:ja""]},""readingNames"":[""佐久大学""],""primaryReadings"":[]}],""lexical"":[{""reading"":""さくだいがく"",""surface"":""佐久大学"",""categories"":[""organization""],""evidence"":""https://www.edrdg.org/jmdict/edict_doc.html#entry-5742800-sense-1"",""entryId"":""5742800"",""pos"":[""n""],""version"":""76a91691b63094bf2aedca93cb889c7396945fe961e478f13081d839c9684e0c"",""source"":""JMdict"",""misc"":[""organization""],""glosses"":[""Saku University""]}]}"
organization	らっくちゃっく	ラックチャック	1851	1851	common	orthographic-kana;https://www.wikidata.org/wiki/Q24885983#name	https://www.wikidata.org/wiki/Q24885983	assistant inspection of pair-bound reading evidence and stored semantic facts; targeted pages for identified problems	Recorded reading/surface pair and category supported by cited facts after rule corrections; not a claim of independent expert review	"{""entities"":[{""id"":""Q24885983"",""names"":[""ラックチャック""],""types"":[""Q18510489""],""parents"":[],""readings"":[],""title"":""ラックチャック"",""nameKinds"":{""ラックチャック"":[""label:ja"",""title:jawiki""]},""readingNames"":[""ラックチャック""],""primaryReadings"":[]}],""lexical"":[]}"
organization	とーきょーはいらいと	トーキョーハイライト	1851	1851	common	orthographic-kana;https://www.wikidata.org/wiki/Q11322314#name	https://www.wikidata.org/wiki/Q11322314	assistant inspection of pair-bound reading evidence and stored semantic facts; targeted pages for identified problems	Recorded reading/surface pair and category supported by cited facts after rule corrections; not a claim of independent expert review	"{""entities"":[{""id"":""Q11322314"",""names"":[""トーキョーハイライト""],""types"":[""Q742421""],""parents"":[],""readings"":[],""title"":""トーキョーハイライト"",""nameKinds"":{""トーキョーハイライト"":[""label:ja"",""title:jawiki""]},""readingNames"":[""トーキョーハイライト""],""primaryReadings"":[]}],""lexical"":[]}"
organization	たーりすとりお	ターリストリオ	1851	1851	common	orthographic-kana;https://www.wikidata.org/wiki/Q97198405#name	https://www.wikidata.org/wiki/Q97198405	assistant inspection of pair-bound reading evidence and stored semantic facts; targeted pages for identified problems	Recorded reading/surface pair and category supported by cited facts after rule corrections; not a claim of independent expert review	"{""entities"":[{""id"":""Q97198405"",""names"":[""ターリストリオ"",""Talistrio""],""types"":[""Q215380""],""parents"":[],""readings"":[],""title"":""ターリストリオ"",""nameKinds"":{""ターリストリオ"":[""label:ja"",""title:jawiki""],""Talistrio"":[""label:en""]},""readingNames"":[""ターリストリオ""],""primaryReadings"":[]}],""lexical"":[]}"
organization	こすもすふぁくとりー	コスモスファクトリー	1851	1851	common	orthographic-kana;https://www.wikidata.org/wiki/Q11302119#name	https://www.wikidata.org/wiki/Q11302119	assistant inspection of pair-bound reading evidence and stored semantic facts; targeted pages for identified problems	Recorded reading/surface pair and category supported by cited facts after rule corrections; not a claim of independent expert review	"{""entities"":[{""id"":""Q11302119"",""names"":[""コスモスファクトリー"",""Cosmos Factory""],""types"":[""Q215380""],""parents"":[],""readings"":[],""title"":""コスモスファクトリー"",""nameKinds"":{""コスモスファクトリー"":[""label:ja"",""title:jawiki""],""Cosmos Factory"":[""label:en""]},""readingNames"":[""コスモスファクトリー""],""primaryReadings"":[]}],""lexical"":[]}"
organization	きむらやせれくと	キムラヤセレクト	1851	1851	common	orthographic-kana;https://www.wikidata.org/wiki/Q11297003#name	https://www.wikidata.org/wiki/Q11297003	assistant inspection of pair-bound reading evidence and stored semantic facts; targeted pages for identified problems	Recorded reading/surface pair and category supported by cited facts after rule corrections; not a claim of independent expert review	"{""entities"":[{""id"":""Q11297003"",""names"":[""キムラヤセレクト"",""ワイズセレクト"",""イーウェルネス""],""types"":[""Q4830453""],""parents"":[],""readings"":[],""title"":""イーウェルネス"",""nameKinds"":{""キムラヤセレクト"":[""label:ja""],""ワイズセレクト"":[""alias:ja""],""イーウェルネス"":[""alias:ja"",""title:jawiki""]},""readingNames"":[""キムラヤセレクト""],""primaryReadings"":[]}],""lexical"":[]}"
organization	こくりつがんけんきゅうじょ	国立がん研究所	1851	1851	neologd	https://www.edrdg.org/jmdict/edict_doc.html#entry-5741015-sense-1	lexical-and-confirmed-referents;https://www.edrdg.org/jmdict/edict_doc.html#entry-5741015-sense-1	assistant inspection of pair-bound reading evidence and stored semantic facts; targeted pages for identified problems	Recorded reading/surface pair and category supported by cited facts after rule corrections; not a claim of independent expert review	"{""entities"":[],""lexical"":[{""reading"":""こくりつがんけんきゅうじょ"",""surface"":""国立がん研究所"",""categories"":[""organization""],""evidence"":""https://www.edrdg.org/jmdict/edict_doc.html#entry-5741015-sense-1"",""entryId"":""5741015"",""pos"":[""n""],""version"":""76a91691b63094bf2aedca93cb889c7396945fe961e478f13081d839c9684e0c"",""source"":""JMdict"",""misc"":[""organization""],""glosses"":[""National Cancer Institute (US)"",""NCI""]}]}"
organization	くろーめお	クローメオ	1851	1851	common	orthographic-kana;https://www.wikidata.org/wiki/Q1087706#name	https://www.wikidata.org/wiki/Q1087706	assistant inspection of pair-bound reading evidence and stored semantic facts; targeted pages for identified problems	Recorded reading/surface pair and category supported by cited facts after rule corrections; not a claim of independent expert review	"{""entities"":[{""id"":""Q1087706"",""names"":[""Chromeo"",""クローメオ""],""types"":[""Q215380""],""parents"":[],""readings"":[],""title"":""クローメオ"",""nameKinds"":{""Chromeo"":[""label:en""],""クローメオ"":[""label:ja"",""title:jawiki""]},""readingNames"":[""クローメオ""],""primaryReadings"":[]}],""lexical"":[]}"
organization	ままりす	ママリス	1851	1851	common	orthographic-kana;https://www.wikidata.org/wiki/Q28685973#name	https://www.wikidata.org/wiki/Q28685973	assistant inspection of pair-bound reading evidence and stored semantic facts; targeted pages for identified problems	Recorded reading/surface pair and category supported by cited facts after rule corrections; not a claim of independent expert review	"{""entities"":[{""id"":""Q28685973"",""names"":[""ママリス""],""types"":[""Q4830453""],""parents"":[],""readings"":[],""title"":""ママリス"",""nameKinds"":{""ママリス"":[""label:ja"",""title:jawiki""]},""readingNames"":[""ママリス""],""primaryReadings"":[]}],""lexical"":[]}"
organization	おふぃすえらん	オフィスエラン	1851	1851	common	orthographic-kana;https://www.wikidata.org/wiki/Q11292233#name	https://www.wikidata.org/wiki/Q11292233	assistant inspection of pair-bound reading evidence and stored semantic facts; targeted pages for identified problems	Recorded reading/surface pair and category supported by cited facts after rule corrections; not a claim of independent expert review	"{""entities"":[{""id"":""Q11292233"",""names"":[""オフィスエラン"",""株式会社オフィスエラン""],""types"":[""Q4830453""],""parents"":[],""readings"":[],""title"":""オフィスエラン"",""nameKinds"":{""オフィスエラン"":[""label:ja"",""title:jawiki""],""株式会社オフィスエラン"":[""alias:ja""]},""readingNames"":[""オフィスエラン""],""primaryReadings"":[]}],""lexical"":[]}"
organization	あんあるうぇん	アンアルウェン	1851	1851	neologd	orthographic-kana;https://www.wikidata.org/wiki/Q18335615#name	https://www.wikidata.org/wiki/Q18335615	assistant inspection of pair-bound reading evidence and stored semantic facts; targeted pages for identified problems	Recorded reading/surface pair and category supported by cited facts after rule corrections; not a claim of independent expert review	"{""entities"":[{""id"":""Q18335615"",""names"":[""アンアルウェン""],""types"":[""Q4830453""],""parents"":[],""readings"":[],""nameKinds"":{""アンアルウェン"":[""label:ja""]},""readingNames"":[""アンアルウェン""],""primaryReadings"":[]}],""lexical"":[]}"
organization	くればぁ	くればぁ	1851	1851	common	orthographic-kana;https://www.wikidata.org/wiki/Q95781062#name	https://www.wikidata.org/wiki/Q95781062	assistant inspection of pair-bound reading evidence and stored semantic facts; targeted pages for identified problems	Recorded reading/surface pair and category supported by cited facts after rule corrections; not a claim of independent expert review	"{""entities"":[{""id"":""Q95781062"",""names"":[""くればぁ""],""types"":[""Q4830453""],""parents"":[],""readings"":[],""title"":""くればぁ"",""nameKinds"":{""くればぁ"":[""label:ja"",""title:jawiki""]},""readingNames"":[""くればぁ""],""primaryReadings"":[]}],""lexical"":[]}"
organization	えすえいてぃーてぃー	エスエイティーティー	1851	1851	common	orthographic-kana;https://www.wikidata.org/wiki/Q11289982#name	https://www.wikidata.org/wiki/Q11289982	assistant inspection of pair-bound reading evidence and stored semantic facts; targeted pages for identified problems	Recorded reading/surface pair and category supported by cited facts after rule corrections; not a claim of independent expert review	"{""entities"":[{""id"":""Q11289982"",""names"":[""エスエイティーティー"",""SATT"",""エスエイティーティー株式会社""],""types"":[""Q4830453""],""parents"":[],""readings"":[],""title"":""エスエイティーティー"",""nameKinds"":{""エスエイティーティー"":[""label:ja"",""title:jawiki""],""SATT"":[""label:en"",""alias:ja""],""エスエイティーティー株式会社"":[""alias:ja""]},""readingNames"":[""エスエイティーティー""],""primaryReadings"":[]}],""lexical"":[]}"
organization	しゅうじつだいがく	就実大学	1851	1851	neologd	https://www.edrdg.org/jmdict/edict_doc.html#entry-5742781-sense-1	https://www.wikidata.org/wiki/Q11464831#P31;reading:independent-pair;categories:organization;lexical-and-confirmed-referents;https://www.edrdg.org/jmdict/edict_doc.html#entry-5742781-sense-1	assistant inspection of pair-bound reading evidence and stored semantic facts; targeted pages for identified problems	Recorded reading/surface pair and category supported by cited facts after rule corrections; not a claim of independent expert review	"{""entities"":[{""id"":""Q11464831"",""names"":[""Shujitsu University"",""就実大学"",""就実女子大学"",""Shūjitsu Daigaku"",""Shujitsu Junior College""],""types"":[""Q3918""],""parents"":[],""readings"":[],""title"":""就実大学"",""nameKinds"":{""Shujitsu University"":[""label:en""],""就実大学"":[""label:ja"",""title:jawiki""],""就実女子大学"":[""alias:ja""],""Shūjitsu Daigaku"":[""alias:en""],""Shujitsu Junior College"":[""alias:en""]},""readingNames"":[""就実大学""],""primaryReadings"":[]}],""lexical"":[{""reading"":""しゅうじつだいがく"",""surface"":""就実大学"",""categories"":[""organization""],""evidence"":""https://www.edrdg.org/jmdict/edict_doc.html#entry-5742781-sense-1"",""entryId"":""5742781"",""pos"":[""n""],""version"":""76a91691b63094bf2aedca93cb889c7396945fe961e478f13081d839c9684e0c"",""source"":""JMdict"",""misc"":[""organization""],""glosses"":[""Shujitsu University""]}]}"
organization	かがわたんきだいがく	香川短期大学	1851	1851	neologd	https://www.edrdg.org/jmdict/edict_doc.html#entry-5286815-sense-1	https://www.wikidata.org/wiki/Q6346398#P31;reading:independent-pair;categories:organization;lexical-and-confirmed-referents;https://www.edrdg.org/jmdict/edict_doc.html#entry-5286815-sense-1	assistant inspection of pair-bound reading evidence and stored semantic facts; targeted pages for identified problems	Recorded reading/surface pair and category supported by cited facts after rule corrections; not a claim of independent expert review	"{""entities"":[{""id"":""Q6346398"",""names"":[""Kagawa Junior College"",""香川短期大学"",""Kagawa tanki daigaku""],""types"":[""Q189004""],""parents"":[],""readings"":[],""title"":""香川短期大学"",""nameKinds"":{""Kagawa Junior College"":[""label:en""],""香川短期大学"":[""label:ja"",""title:jawiki""],""Kagawa tanki daigaku"":[""alias:en""]},""readingNames"":[""香川短期大学""],""primaryReadings"":[]}],""lexical"":[{""reading"":""かがわたんきだいがく"",""surface"":""香川短期大学"",""categories"":[""organization""],""evidence"":""https://www.edrdg.org/jmdict/edict_doc.html#entry-5286815-sense-1"",""entryId"":""5286815"",""pos"":[""n""],""version"":""76a91691b63094bf2aedca93cb889c7396945fe961e478f13081d839c9684e0c"",""source"":""JMdict"",""misc"":[""organization""],""glosses"":[""Kagawa Junior College""]}]}"
organization	そしみ	ソシミ	1851	1851	common	orthographic-kana;https://www.wikidata.org/wiki/Q3459850#name	https://www.wikidata.org/wiki/Q3459850	assistant inspection of pair-bound reading evidence and stored semantic facts; targeted pages for identified problems	Recorded reading/surface pair and category supported by cited facts after rule corrections; not a claim of independent expert review	"{""entities"":[{""id"":""Q3459850"",""names"":[""Socimi"",""ソシミ"",""SOCIMI、Società Costruzioni Industriali Milano"",""Società Costruzioni Industriali Milano""],""types"":[""Q4830453"",""Q6881511""],""parents"":[],""readings"":[],""title"":""ソシミ"",""nameKinds"":{""Socimi"":[""label:en""],""ソシミ"":[""label:ja"",""title:jawiki""],""SOCIMI、Società Costruzioni Industriali Milano"":[""alias:ja""],""Società Costruzioni Industriali Milano"":[""alias:en""]},""readingNames"":[""ソシミ""],""primaryReadings"":[]}],""lexical"":[]}"
organization	せるん	CERN	1851	1851	neologd	https://www.edrdg.org/jmdict/edict_doc.html#entry-5741800-sense-1	lexical-and-confirmed-referents;https://www.edrdg.org/jmdict/edict_doc.html#entry-5741800-sense-1	assistant inspection of pair-bound reading evidence and stored semantic facts; targeted pages for identified problems	Recorded reading/surface pair and category supported by cited facts after rule corrections; not a claim of independent expert review	"{""entities"":[],""lexical"":[{""reading"":""せるん"",""surface"":""CERN"",""categories"":[""organization""],""evidence"":""https://www.edrdg.org/jmdict/edict_doc.html#entry-5741800-sense-1"",""entryId"":""5741800"",""pos"":[""n""],""version"":""76a91691b63094bf2aedca93cb889c7396945fe961e478f13081d839c9684e0c"",""source"":""JMdict"",""misc"":[""organization""],""glosses"":[""CERN"",""European Organization for Nuclear Research""]}]}"
organization	ふくしまがくいんだいがく	福島学院大学	1851	1851	neologd	https://www.edrdg.org/jmdict/edict_doc.html#entry-5743005-sense-1	https://www.wikidata.org/wiki/Q5507725#P31;reading:independent-pair;categories:organization;lexical-and-confirmed-referents;https://www.edrdg.org/jmdict/edict_doc.html#entry-5743005-sense-1	assistant inspection of pair-bound reading evidence and stored semantic facts; targeted pages for identified problems	Recorded reading/surface pair and category supported by cited facts after rule corrections; not a claim of independent expert review	"{""entities"":[{""id"":""Q5507725"",""names"":[""Fukushima College"",""福島学院大学"",""Higher Dressmaking School"",""Midorigaoka Women’s Junior College"",""Fukushima Women’s Junior College"",""Fukushima Gakuen Junior College"",""Fukushima Gakuin Daigaku""],""types"":[""Q3918""],""parents"":[],""readings"":[],""title"":""福島学院大学"",""nameKinds"":{""Fukushima College"":[""label:en""],""福島学院大学"":[""label:ja"",""title:jawiki""],""Higher Dressmaking School"":[""alias:en""],""Midorigaoka Women’s Junior College"":[""alias:en""],""Fukushima Women’s Junior College"":[""alias:en""],""Fukushima Gakuen Junior College"":[""alias:en""],""Fukushima Gakuin Daigaku"":[""alias:en""]},""readingNames"":[""福島学院大学""],""primaryReadings"":[]}],""lexical"":[{""reading"":""ふくしまがくいんだいがく"",""surface"":""福島学院大学"",""categories"":[""organization""],""evidence"":""https://www.edrdg.org/jmdict/edict_doc.html#entry-5743005-sense-1"",""entryId"":""5743005"",""pos"":[""n""],""version"":""76a91691b63094bf2aedca93cb889c7396945fe961e478f13081d839c9684e0c"",""source"":""JMdict"",""misc"":[""organization""],""glosses"":[""Fukushima College""]}]}"
organization	にこんてっく	ニコンテック	1851	1851	common	orthographic-kana;https://www.wikidata.org/wiki/Q11324301#name	https://www.wikidata.org/wiki/Q11324301	assistant inspection of pair-bound reading evidence and stored semantic facts; targeted pages for identified problems	Recorded reading/surface pair and category supported by cited facts after rule corrections; not a claim of independent expert review	"{""entities"":[{""id"":""Q11324301"",""names"":[""ニコンテック"",""Nikon Tec""],""types"":[""Q4830453""],""parents"":[],""readings"":[],""title"":""ニコンテック"",""nameKinds"":{""ニコンテック"":[""label:ja"",""title:jawiki""],""Nikon Tec"":[""label:en""]},""readingNames"":[""ニコンテック""],""primaryReadings"":[]}],""lexical"":[]}"
organization	あかいらか	あかいらか	1851	1851	common	orthographic-kana;https://www.wikidata.org/wiki/Q11256842#name	https://www.wikidata.org/wiki/Q11256842	assistant inspection of pair-bound reading evidence and stored semantic facts; targeted pages for identified problems	Recorded reading/surface pair and category supported by cited facts after rule corrections; not a claim of independent expert review	"{""entities"":[{""id"":""Q11256842"",""names"":[""あかいらか"",""Akairaka"",""長谷川ヨシテル"",""内田英輔""],""types"":[""Q1141470""],""parents"":[],""readings"":[],""title"":""あかいらか"",""nameKinds"":{""あかいらか"":[""label:ja"",""title:jawiki""],""Akairaka"":[""label:en""],""長谷川ヨシテル"":[""alias:ja""],""内田英輔"":[""alias:ja""]},""readingNames"":[""あかいらか""],""primaryReadings"":[]}],""lexical"":[]}"
organization	かわねや	かわねや	1851	1851	common	orthographic-kana;https://www.wikidata.org/wiki/Q11264491#name	https://www.wikidata.org/wiki/Q11264491	assistant inspection of pair-bound reading evidence and stored semantic facts; targeted pages for identified problems	Recorded reading/surface pair and category supported by cited facts after rule corrections; not a claim of independent expert review	"{""entities"":[{""id"":""Q11264491"",""names"":[""かわねや"",""Kawaneya""],""types"":[""Q4830453""],""parents"":[],""readings"":[],""title"":""かわねや"",""nameKinds"":{""かわねや"":[""label:ja"",""title:jawiki""],""Kawaneya"":[""label:en""]},""readingNames"":[""かわねや""],""primaryReadings"":[]}],""lexical"":[]}"
organization	よこうん	ヨコウン	1851	1851	wiki	orthographic-kana;https://www.wikidata.org/wiki/Q119660774#name	https://www.wikidata.org/wiki/Q119660774	assistant inspection of pair-bound reading evidence and stored semantic facts; targeted pages for identified problems	Recorded reading/surface pair and category supported by cited facts after rule corrections; not a claim of independent expert review	"{""entities"":[{""id"":""Q119660774"",""names"":[""ヨコウン""],""types"":[""Q4830453""],""parents"":[],""readings"":[],""title"":""ヨコウン"",""nameKinds"":{""ヨコウン"":[""label:ja"",""title:jawiki""]},""readingNames"":[""ヨコウン""],""primaryReadings"":[]}],""lexical"":[]}"
organization	せかいぶっきょうとれんめい	世界仏教徒連盟	1851	1851	common	https://www.edrdg.org/jmdict/edict_doc.html#entry-5429181-sense-1	https://www.wikidata.org/wiki/Q477716#P31;reading:independent-pair;categories:organization;lexical-and-confirmed-referents;https://www.edrdg.org/jmdict/edict_doc.html#entry-5429181-sense-1	assistant inspection of pair-bound reading evidence and stored semantic facts; targeted pages for identified problems	Recorded reading/surface pair and category supported by cited facts after rule corrections; not a claim of independent expert review	"{""entities"":[{""id"":""Q477716"",""names"":[""World Fellowship of Buddhists"",""世界仏教徒連盟"",""WFB"",""The World Fellowship of Buddhists""],""types"":[""Q1530022""],""parents"":[],""readings"":[],""title"":""世界仏教徒連盟"",""nameKinds"":{""World Fellowship of Buddhists"":[""label:en""],""世界仏教徒連盟"":[""label:ja"",""title:jawiki""],""WFB"":[""alias:en""],""The World Fellowship of Buddhists"":[""alias:en""]},""readingNames"":[""世界仏教徒連盟""],""primaryReadings"":[]}],""lexical"":[{""reading"":""せかいぶっきょうとれんめい"",""surface"":""世界仏教徒連盟"",""categories"":[""organization""],""evidence"":""https://www.edrdg.org/jmdict/edict_doc.html#entry-5429181-sense-1"",""entryId"":""5429181"",""pos"":[""n""],""version"":""76a91691b63094bf2aedca93cb889c7396945fe961e478f13081d839c9684e0c"",""source"":""JMdict"",""misc"":[""organization""],""glosses"":[""World Fellowship of Buddhists""]}]}"
organization	まるしんすとあ	マルシンストア	1851	1851	common	orthographic-kana;https://www.wikidata.org/wiki/Q11341291#name	https://www.wikidata.org/wiki/Q11341291	assistant inspection of pair-bound reading evidence and stored semantic facts; targeted pages for identified problems	Recorded reading/surface pair and category supported by cited facts after rule corrections; not a claim of independent expert review	"{""entities"":[{""id"":""Q11341291"",""names"":[""マルシンストア"",""Marushin Store""],""types"":[""Q4830453""],""parents"":[],""readings"":[],""title"":""マルシンストア"",""nameKinds"":{""マルシンストア"":[""label:ja"",""title:jawiki""],""Marushin Store"":[""label:en""]},""readingNames"":[""マルシンストア""],""primaryReadings"":[]}],""lexical"":[]}"
organization	こくさいえあろまりん	コクサイエアロマリン	1851	1851	common	orthographic-kana;https://www.wikidata.org/wiki/Q11301915#name	https://www.wikidata.org/wiki/Q11301915	assistant inspection of pair-bound reading evidence and stored semantic facts; targeted pages for identified problems	Recorded reading/surface pair and category supported by cited facts after rule corrections; not a claim of independent expert review	"{""entities"":[{""id"":""Q11301915"",""names"":[""コクサイエアロマリン"",""Kokusai Aeromarine""],""types"":[""Q4830453""],""parents"":[],""readings"":[],""title"":""コクサイエアロマリン"",""nameKinds"":{""コクサイエアロマリン"":[""label:ja"",""title:jawiki""],""Kokusai Aeromarine"":[""label:en""]},""readingNames"":[""コクサイエアロマリン""],""primaryReadings"":[]}],""lexical"":[]}"
organization	たいようにっさん	大陽日酸	1851	1851	neologd	https://www.edrdg.org/jmdict/edict_doc.html#entry-5743235-sense-1	lexical-and-confirmed-referents;https://www.edrdg.org/jmdict/edict_doc.html#entry-5743235-sense-1	assistant inspection of pair-bound reading evidence and stored semantic facts; targeted pages for identified problems	Recorded reading/surface pair and category supported by cited facts after rule corrections; not a claim of independent expert review	"{""entities"":[],""lexical"":[{""reading"":""たいようにっさん"",""surface"":""大陽日酸"",""categories"":[""organization""],""evidence"":""https://www.edrdg.org/jmdict/edict_doc.html#entry-5743235-sense-1"",""entryId"":""5743235"",""pos"":[""n""],""version"":""76a91691b63094bf2aedca93cb889c7396945fe961e478f13081d839c9684e0c"",""source"":""JMdict"",""misc"":[""company""],""glosses"":[""Taiyo Nippon Sanso""]}]}"
organization	しがっかんだいがく	至学館大学	1851	1851	neologd	https://www.edrdg.org/jmdict/edict_doc.html#entry-5742792-sense-1	https://www.wikidata.org/wiki/Q7496299#P31;reading:independent-pair;categories:organization;lexical-and-confirmed-referents;https://www.edrdg.org/jmdict/edict_doc.html#entry-5742792-sense-1	assistant inspection of pair-bound reading evidence and stored semantic facts; targeted pages for identified problems	Recorded reading/surface pair and category supported by cited facts after rule corrections; not a claim of independent expert review	"{""entities"":[{""id"":""Q7496299"",""names"":[""Shigakkan University"",""至学館大学"",""中京女子大学""],""types"":[""Q3918""],""parents"":[],""readings"":[],""title"":""至学館大学"",""nameKinds"":{""Shigakkan University"":[""label:en""],""至学館大学"":[""label:ja"",""title:jawiki""],""中京女子大学"":[""alias:ja""]},""readingNames"":[""至学館大学""],""primaryReadings"":[]}],""lexical"":[{""reading"":""しがっかんだいがく"",""surface"":""至学館大学"",""categories"":[""organization""],""evidence"":""https://www.edrdg.org/jmdict/edict_doc.html#entry-5742792-sense-1"",""entryId"":""5742792"",""pos"":[""n""],""version"":""76a91691b63094bf2aedca93cb889c7396945fe961e478f13081d839c9684e0c"",""source"":""JMdict"",""misc"":[""organization""],""glosses"":[""Shigakkan University""]}]}"
organization	あなむね	アナムネ	1851	1851	common	orthographic-kana;https://www.wikidata.org/wiki/Q119380751#name	https://www.wikidata.org/wiki/Q119380751	assistant inspection of pair-bound reading evidence and stored semantic facts; targeted pages for identified problems	Recorded reading/surface pair and category supported by cited facts after rule corrections; not a claim of independent expert review	"{""entities"":[{""id"":""Q119380751"",""names"":[""アナムネ""],""types"":[""Q783794""],""parents"":[],""readings"":[],""title"":""アナムネ"",""nameKinds"":{""アナムネ"":[""label:ja"",""title:jawiki""]},""readingNames"":[""アナムネ""],""primaryReadings"":[]}],""lexical"":[]}"
organization	めりたす	メリタス	1851	1851	common	orthographic-kana;https://www.wikidata.org/wiki/Q1921768#name	https://www.wikidata.org/wiki/Q1921768	assistant inspection of pair-bound reading evidence and stored semantic facts; targeted pages for identified problems	Recorded reading/surface pair and category supported by cited facts after rule corrections; not a claim of independent expert review	"{""entities"":[{""id"":""Q1921768"",""names"":[""Team Meritus"",""メリタス"",""チーム・メリタス""],""types"":[""Q20074337""],""parents"":[],""readings"":[],""title"":""メリタス"",""nameKinds"":{""Team Meritus"":[""label:en""],""メリタス"":[""label:ja"",""title:jawiki""],""チーム・メリタス"":[""alias:ja""]},""readingNames"":[""メリタス""],""primaryReadings"":[]}],""lexical"":[]}"
organization	ぱぴろじぇ	パピロジェ	1851	1851	person	orthographic-kana;https://www.wikidata.org/wiki/Q30924862#name	https://www.wikidata.org/wiki/Q30924862	assistant inspection of pair-bound reading evidence and stored semantic facts; targeted pages for identified problems	Recorded reading/surface pair and category supported by cited facts after rule corrections; not a claim of independent expert review	"{""entities"":[{""id"":""Q30924862"",""names"":[""パピロジェ""],""types"":[""Q215380""],""parents"":[],""readings"":[],""title"":""パピロジェ"",""nameKinds"":{""パピロジェ"":[""label:ja"",""title:jawiki""]},""readingNames"":[""パピロジェ""],""primaryReadings"":[]}],""lexical"":[]}"
organization	にほんくりえいと	ニホンクリエイト	1851	1851	common	orthographic-kana;https://www.wikidata.org/wiki/Q11324596#name	https://www.wikidata.org/wiki/Q11324596	assistant inspection of pair-bound reading evidence and stored semantic facts; targeted pages for identified problems	Recorded reading/surface pair and category supported by cited facts after rule corrections; not a claim of independent expert review	"{""entities"":[{""id"":""Q11324596"",""names"":[""ニホンクリエイト"",""Nihon Create"",""日本クリエイト""],""types"":[""Q4830453""],""parents"":[],""readings"":[],""title"":""ニホンクリエイト"",""nameKinds"":{""ニホンクリエイト"":[""label:ja"",""title:jawiki""],""Nihon Create"":[""label:en""],""日本クリエイト"":[""alias:ja""]},""readingNames"":[""ニホンクリエイト""],""primaryReadings"":[]}],""lexical"":[]}"
organization	くろすふぃにてぃ	クロスフィニティ	1851	1851	common	orthographic-kana;https://www.wikidata.org/wiki/Q18226389#name	https://www.wikidata.org/wiki/Q18226389	assistant inspection of pair-bound reading evidence and stored semantic facts; targeted pages for identified problems	Recorded reading/surface pair and category supported by cited facts after rule corrections; not a claim of independent expert review	"{""entities"":[{""id"":""Q18226389"",""names"":[""クロスフィニティ""],""types"":[""Q4830453""],""parents"":[],""readings"":[],""title"":""クロスフィニティ"",""nameKinds"":{""クロスフィニティ"":[""label:ja"",""title:jawiki""]},""readingNames"":[""クロスフィニティ""],""primaryReadings"":[]}],""lexical"":[]}"
organization	ろいやるかなん	ロイヤルカナン	1851	1851	common	orthographic-kana;https://www.wikidata.org/wiki/Q1849609#name	https://www.wikidata.org/wiki/Q1849609	assistant inspection of pair-bound reading evidence and stored semantic facts; targeted pages for identified problems	Recorded reading/surface pair and category supported by cited facts after rule corrections; not a claim of independent expert review	"{""entities"":[{""id"":""Q1849609"",""names"":[""Royal Canin"",""ロイヤル・カナン・ジャポン"",""royalcanin.com"",""ロイヤルカナン""],""types"":[""Q1252971""],""parents"":[],""readings"":[],""title"":""ロイヤルカナン"",""nameKinds"":{""Royal Canin"":[""label:en""],""ロイヤル・カナン・ジャポン"":[""label:ja""],""royalcanin.com"":[""alias:en""],""ロイヤルカナン"":[""alias:ja"",""title:jawiki""]},""readingNames"":[""ロイヤル・カナン・ジャポン""],""primaryReadings"":[]}],""lexical"":[]}"
organization	おいでやすこが	おいでやすこが	1851	1851	person,wiki	orthographic-kana;https://www.wikidata.org/wiki/Q109363140#name	https://www.wikidata.org/wiki/Q109363140	assistant inspection of pair-bound reading evidence and stored semantic facts; targeted pages for identified problems	Recorded reading/surface pair and category supported by cited facts after rule corrections; not a claim of independent expert review	"{""entities"":[{""id"":""Q109363140"",""names"":[""おいでやすこが""],""types"":[""Q1141470"",""Q109288825""],""parents"":[],""readings"":[],""title"":""おいでやすこが"",""nameKinds"":{""おいでやすこが"":[""label:ja"",""title:jawiki""]},""readingNames"":[""おいでやすこが""],""primaryReadings"":[]}],""lexical"":[]}"
organization	しょうねんさいばんしょ	少年裁判所	1851	1851	common	https://www.edrdg.org/jmdict/edict_doc.html#entry-2833131-sense-1	https://www.wikidata.org/wiki/Q468501#P31;reading:independent-pair;categories:organization;lexical-and-confirmed-referents;https://www.edrdg.org/jmdict/edict_doc.html#entry-2833131-sense-1	assistant inspection of pair-bound reading evidence and stored semantic facts; targeted pages for identified problems	Recorded reading/surface pair and category supported by cited facts after rule corrections; not a claim of independent expert review	"{""entities"":[{""id"":""Q468501"",""names"":[""juvenile court"",""少年裁判所"",""minors' court"",""少年裁判所 (フランス)""],""types"":[""Q41487""],""parents"":[""Q41487""],""readings"":[],""title"":""少年裁判所 (フランス)"",""nameKinds"":{""juvenile court"":[""label:en""],""少年裁判所"":[""label:ja""],""minors' court"":[""alias:en""],""少年裁判所 (フランス)"":[""title:jawiki""]},""readingNames"":[""少年裁判所""],""primaryReadings"":[]}],""lexical"":[{""reading"":""しょうねんさいばんしょ"",""surface"":""少年裁判所"",""categories"":[""general""],""evidence"":""https://www.edrdg.org/jmdict/edict_doc.html#entry-2833131-sense-1"",""entryId"":""2833131"",""pos"":[""n""],""version"":""76a91691b63094bf2aedca93cb889c7396945fe961e478f13081d839c9684e0c"",""source"":""JMdict"",""glosses"":[""juvenile court""]}]}"
organization	くらしきさくようだいがく	くらしき作陽大学	1851	1851	wiki	https://www.edrdg.org/jmdict/edict_doc.html#entry-5002287-sense-1	https://www.wikidata.org/wiki/Q6445629#P31;reading:independent-pair;categories:organization;lexical-and-confirmed-referents;https://www.edrdg.org/jmdict/edict_doc.html#entry-5002287-sense-1	assistant inspection of pair-bound reading evidence and stored semantic facts; targeted pages for identified problems	Recorded reading/surface pair and category supported by cited facts after rule corrections; not a claim of independent expert review	"{""entities"":[{""id"":""Q6445629"",""names"":[""Kurashiki Sakuyo University"",""くらしき作陽大学"",""作陽学園大学"",""作陽音楽大学""],""types"":[""Q3918""],""parents"":[],""readings"":[],""title"":""くらしき作陽大学"",""nameKinds"":{""Kurashiki Sakuyo University"":[""label:en""],""くらしき作陽大学"":[""label:ja"",""title:jawiki""],""作陽学園大学"":[""alias:ja""],""作陽音楽大学"":[""alias:ja""]},""readingNames"":[""くらしき作陽大学""],""primaryReadings"":[]}],""lexical"":[{""reading"":""くらしきさくようだいがく"",""surface"":""くらしき作陽大学"",""categories"":[""organization""],""evidence"":""https://www.edrdg.org/jmdict/edict_doc.html#entry-5002287-sense-1"",""entryId"":""5002287"",""pos"":[""n""],""version"":""76a91691b63094bf2aedca93cb889c7396945fe961e478f13081d839c9684e0c"",""source"":""JMdict"",""misc"":[""organization""],""glosses"":[""Kurashikisakuyou University""]}]}"
organization	えふねす	エフネス	1851	1851	common	orthographic-kana;https://www.wikidata.org/wiki/Q11290668#name	https://www.wikidata.org/wiki/Q11290668	assistant inspection of pair-bound reading evidence and stored semantic facts; targeted pages for identified problems	Recorded reading/surface pair and category supported by cited facts after rule corrections; not a claim of independent expert review	"{""entities"":[{""id"":""Q11290668"",""names"":[""エフネス&アソシエイツ"",""エフネス""],""types"":[""Q4830453""],""parents"":[],""readings"":[],""title"":""エフネス"",""nameKinds"":{""エフネス&アソシエイツ"":[""label:ja""],""エフネス"":[""alias:ja"",""title:jawiki""]},""readingNames"":[""エフネス&アソシエイツ""],""primaryReadings"":[]}],""lexical"":[]}"
organization	ちょろーす	チョロース	1851	1851	common	orthographic-kana;https://www.wikidata.org/wiki/Q2625429#name	https://www.wikidata.org/wiki/Q2625429	assistant inspection of pair-bound reading evidence and stored semantic facts; targeted pages for identified problems	Recorded reading/surface pair and category supported by cited facts after rule corrections; not a claim of independent expert review	"{""entities"":[{""id"":""Q2625429"",""names"":[""Choros"",""チョロース氏"",""チョロース""],""types"":[""Q211503""],""parents"":[""Q689831""],""readings"":[],""title"":""チョロース"",""nameKinds"":{""Choros"":[""label:en""],""チョロース氏"":[""label:ja""],""チョロース"":[""alias:ja"",""title:jawiki""]},""readingNames"":[""チョロース氏""],""primaryReadings"":[]}],""lexical"":[]}"
organization	てくのすまーと	テクノスマート	1851	1851	neologd	orthographic-kana;https://www.wikidata.org/wiki/Q96312658#name	https://www.wikidata.org/wiki/Q96312658	assistant inspection of pair-bound reading evidence and stored semantic facts; targeted pages for identified problems	Recorded reading/surface pair and category supported by cited facts after rule corrections; not a claim of independent expert review	"{""entities"":[{""id"":""Q96312658"",""names"":[""テクノスマート""],""types"":[""Q4830453"",""Q6881511""],""parents"":[],""readings"":[],""nameKinds"":{""テクノスマート"":[""label:ja""]},""readingNames"":[""テクノスマート""],""primaryReadings"":[]}],""lexical"":[]}"
organization	もっとねくすと	もっとネクスト	1851	1851	common	orthographic-kana;https://www.wikidata.org/wiki/Q11280016#name	https://www.wikidata.org/wiki/Q11280016	assistant inspection of pair-bound reading evidence and stored semantic facts; targeted pages for identified problems	Recorded reading/surface pair and category supported by cited facts after rule corrections; not a claim of independent expert review	"{""entities"":[{""id"":""Q11280016"",""names"":[""もっとネクスト""],""types"":[""Q4830453""],""parents"":[],""readings"":[],""title"":""もっとネクスト"",""nameKinds"":{""もっとネクスト"":[""label:ja"",""title:jawiki""]},""readingNames"":[""もっとネクスト""],""primaryReadings"":[]}],""lexical"":[]}"
organization	いしかわけんりつだいがく	石川県立大学	1851	1851	neologd	https://www.edrdg.org/jmdict/edict_doc.html#entry-5742903-sense-1	https://www.wikidata.org/wiki/Q4845532#P31;reading:independent-pair;categories:organization;lexical-and-confirmed-referents;https://www.edrdg.org/jmdict/edict_doc.html#entry-5742903-sense-1	assistant inspection of pair-bound reading evidence and stored semantic facts; targeted pages for identified problems	Recorded reading/surface pair and category supported by cited facts after rule corrections; not a claim of independent expert review	"{""entities"":[{""id"":""Q4845532"",""names"":[""石川県立大学"",""Ishikawa Prefectural University""],""types"":[""Q3918""],""parents"":[],""readings"":[],""title"":""石川県立大学"",""nameKinds"":{""石川県立大学"":[""label:ja"",""title:jawiki""],""Ishikawa Prefectural University"":[""label:en""]},""readingNames"":[""石川県立大学""],""primaryReadings"":[]}],""lexical"":[{""reading"":""いしかわけんりつだいがく"",""surface"":""石川県立大学"",""categories"":[""organization""],""evidence"":""https://www.edrdg.org/jmdict/edict_doc.html#entry-5742903-sense-1"",""entryId"":""5742903"",""pos"":[""n""],""version"":""76a91691b63094bf2aedca93cb889c7396945fe961e478f13081d839c9684e0c"",""source"":""JMdict"",""misc"":[""organization""],""glosses"":[""Ishikawa Prefectural University""]}]}"
organization	すらろむ	スラロム	1851	1851	wiki	orthographic-kana;https://www.wikidata.org/wiki/Q50820826#name	https://www.wikidata.org/wiki/Q50820826	assistant inspection of pair-bound reading evidence and stored semantic facts; targeted pages for identified problems	Recorded reading/surface pair and category supported by cited facts after rule corrections; not a claim of independent expert review	"{""entities"":[{""id"":""Q50820826"",""names"":[""Slalom, Inc."",""スラロム"",""スラロム・コンサルティング"",""Slalom Consulting""],""types"":[""Q4830453"",""Q2089936""],""parents"":[],""readings"":[],""title"":""スラロム"",""nameKinds"":{""Slalom, Inc."":[""label:en""],""スラロム"":[""label:ja"",""title:jawiki""],""スラロム・コンサルティング"":[""alias:ja""],""Slalom Consulting"":[""alias:en""]},""readingNames"":[""スラロム""],""primaryReadings"":[]}],""lexical"":[]}"
organization	いちのみやけんしんだいがく	一宮研伸大学	1851	1851	neologd	https://www.edrdg.org/jmdict/edict_doc.html#entry-5742901-sense-1	https://www.wikidata.org/wiki/Q55526145#P31;reading:independent-pair;categories:organization;lexical-and-confirmed-referents;https://www.edrdg.org/jmdict/edict_doc.html#entry-5742901-sense-1	assistant inspection of pair-bound reading evidence and stored semantic facts; targeted pages for identified problems	Recorded reading/surface pair and category supported by cited facts after rule corrections; not a claim of independent expert review	"{""entities"":[{""id"":""Q55526145"",""names"":[""一宮研伸大学"",""Ichinomiya Kenshin College"",""一宮研伸大学 看護学部"",""Ichinomiya Kenshin University"",""IKC""],""types"":[""Q902104"",""Q2385804""],""parents"":[],""readings"":[],""title"":""一宮研伸大学"",""nameKinds"":{""一宮研伸大学"":[""label:ja"",""title:jawiki""],""Ichinomiya Kenshin College"":[""label:en""],""一宮研伸大学 看護学部"":[""alias:ja""],""Ichinomiya Kenshin University"":[""alias:en""],""IKC"":[""alias:en""]},""readingNames"":[""一宮研伸大学""],""primaryReadings"":[]}],""lexical"":[{""reading"":""いちのみやけんしんだいがく"",""surface"":""一宮研伸大学"",""categories"":[""organization""],""evidence"":""https://www.edrdg.org/jmdict/edict_doc.html#entry-5742901-sense-1"",""entryId"":""5742901"",""pos"":[""n""],""version"":""76a91691b63094bf2aedca93cb889c7396945fe961e478f13081d839c9684e0c"",""source"":""JMdict"",""misc"":[""organization""],""glosses"":[""Ichinomiya Kenshin College""]}]}"
organization	だいほうてい	大法廷	1851	1851	common	https://www.edrdg.org/jmdict/edict_doc.html#entry-1785930-sense-1	https://www.wikidata.org/wiki/Q114079706#P31;reading:independent-pair;categories:organization;lexical-and-confirmed-referents;https://www.edrdg.org/jmdict/edict_doc.html#entry-1785930-sense-1	assistant inspection of pair-bound reading evidence and stored semantic facts; targeted pages for identified problems	Recorded reading/surface pair and category supported by cited facts after rule corrections; not a claim of independent expert review	"{""entities"":[{""id"":""Q114079706"",""names"":[""大法廷"",""Grand Bench"",""だいほうてい"",""最高裁判所大法廷""],""types"":[""Q41487""],""parents"":[],""readings"":[],""title"":""大法廷"",""nameKinds"":{""大法廷"":[""label:ja"",""title:jawiki""],""Grand Bench"":[""label:en""],""だいほうてい"":[""alias:ja""],""最高裁判所大法廷"":[""alias:ja""]},""readingNames"":[""大法廷""],""primaryReadings"":[]}],""lexical"":[{""reading"":""だいほうてい"",""surface"":""大法廷"",""categories"":[""general""],""evidence"":""https://www.edrdg.org/jmdict/edict_doc.html#entry-1785930-sense-1"",""entryId"":""1785930"",""pos"":[""n""],""version"":""76a91691b63094bf2aedca93cb889c7396945fe961e478f13081d839c9684e0c"",""source"":""JMdict"",""glosses"":[""full court"",""grand bench of the supreme court""]}]}"
organization	あみふぁ	アミファ	1851	1851	common	orthographic-kana;https://www.wikidata.org/wiki/Q17177213#name	https://www.wikidata.org/wiki/Q17177213	assistant inspection of pair-bound reading evidence and stored semantic facts; targeted pages for identified problems	Recorded reading/surface pair and category supported by cited facts after rule corrections; not a claim of independent expert review	"{""entities"":[{""id"":""Q17177213"",""names"":[""アミファ"",""Amifa""],""types"":[""Q4830453""],""parents"":[],""readings"":[],""title"":""アミファ"",""nameKinds"":{""アミファ"":[""label:ja"",""title:jawiki""],""Amifa"":[""label:en""]},""readingNames"":[""アミファ""],""primaryReadings"":[]}],""lexical"":[]}"
organization	すきゃのみくす	スキャノミクス	1851	1851	common	orthographic-kana;https://www.wikidata.org/wiki/Q21813731#name	https://www.wikidata.org/wiki/Q21813731	assistant inspection of pair-bound reading evidence and stored semantic facts; targeted pages for identified problems	Recorded reading/surface pair and category supported by cited facts after rule corrections; not a claim of independent expert review	"{""entities"":[{""id"":""Q21813731"",""names"":[""スキャノミクス"",""Scanomics""],""types"":[""Q215380""],""parents"":[],""readings"":[],""title"":""スキャノミクス"",""nameKinds"":{""スキャノミクス"":[""label:ja"",""title:jawiki""],""Scanomics"":[""label:en""]},""readingNames"":[""スキャノミクス""],""primaryReadings"":[]}],""lexical"":[]}"
organization	こくさいかんこうりょかんれんめい	国際観光旅館連盟	1851	1851	neologd	https://www.edrdg.org/jmdict/edict_doc.html#entry-5294421-sense-1	lexical-and-confirmed-referents;https://www.edrdg.org/jmdict/edict_doc.html#entry-5294421-sense-1	assistant inspection of pair-bound reading evidence and stored semantic facts; targeted pages for identified problems	Recorded reading/surface pair and category supported by cited facts after rule corrections; not a claim of independent expert review	"{""entities"":[],""lexical"":[{""reading"":""こくさいかんこうりょかんれんめい"",""surface"":""国際観光旅館連盟"",""categories"":[""organization""],""evidence"":""https://www.edrdg.org/jmdict/edict_doc.html#entry-5294421-sense-1"",""entryId"":""5294421"",""pos"":[""n""],""version"":""76a91691b63094bf2aedca93cb889c7396945fe961e478f13081d839c9684e0c"",""source"":""JMdict"",""misc"":[""organization""],""glosses"":[""Japan Ryokan Association""]}]}"
organization	すっとんとりお	すっとんトリオ	1851	1851	common	orthographic-kana;https://www.wikidata.org/wiki/Q11269757#name	https://www.wikidata.org/wiki/Q11269757	assistant inspection of pair-bound reading evidence and stored semantic facts; targeted pages for identified problems	Recorded reading/surface pair and category supported by cited facts after rule corrections; not a claim of independent expert review	"{""entities"":[{""id"":""Q11269757"",""names"":[""すっとんトリオ""],""types"":[""Q18510489""],""parents"":[],""readings"":[],""title"":""すっとんトリオ"",""nameKinds"":{""すっとんトリオ"":[""label:ja"",""title:jawiki""]},""readingNames"":[""すっとんトリオ""],""primaryReadings"":[]}],""lexical"":[]}"
organization	あいしんしろき	アイシンシロキ	1851	1851	wiki	orthographic-kana;https://www.wikidata.org/wiki/Q11308462#name	https://www.wikidata.org/wiki/Q11308462	assistant inspection of pair-bound reading evidence and stored semantic facts; targeted pages for identified problems	Recorded reading/surface pair and category supported by cited facts after rule corrections; not a claim of independent expert review	"{""entities"":[{""id"":""Q11308462"",""names"":[""アイシンシロキ"",""Aisin Shiroki Corporation"",""しろきこうぎょう"",""シロキ工業"",""Shiroki Kōgyō"",""Shiroki Corporation""],""types"":[""Q4830453"",""Q891723""],""parents"":[],""readings"":[],""title"":""アイシンシロキ"",""nameKinds"":{""アイシンシロキ"":[""label:ja"",""title:jawiki""],""Aisin Shiroki Corporation"":[""label:en""],""しろきこうぎょう"":[""alias:ja""],""シロキ工業"":[""alias:ja""],""Shiroki Kōgyō"":[""alias:en""],""Shiroki Corporation"":[""alias:en""]},""readingNames"":[""アイシンシロキ""],""primaryReadings"":[]}],""lexical"":[]}"
organization	えーあいしーてっく	エーアイシーテック	1851	1851	common	orthographic-kana;https://www.wikidata.org/wiki/Q94385005#name	https://www.wikidata.org/wiki/Q94385005	assistant inspection of pair-bound reading evidence and stored semantic facts; targeted pages for identified problems	Recorded reading/surface pair and category supported by cited facts after rule corrections; not a claim of independent expert review	"{""entities"":[{""id"":""Q94385005"",""names"":[""エーアイシーテック"",""AIC tech""],""types"":[""Q4830453""],""parents"":[],""readings"":[],""title"":""エーアイシーテック"",""nameKinds"":{""エーアイシーテック"":[""label:ja"",""title:jawiki""],""AIC tech"":[""label:en""]},""readingNames"":[""エーアイシーテック""],""primaryReadings"":[]}],""lexical"":[]}"
organization	いっりかっふぇ	イッリカッフェ	1851	1851	common	orthographic-kana;https://www.wikidata.org/wiki/Q969999#name	https://www.wikidata.org/wiki/Q969999	assistant inspection of pair-bound reading evidence and stored semantic facts; targeted pages for identified problems	Recorded reading/surface pair and category supported by cited facts after rule corrections; not a claim of independent expert review	"{""entities"":[{""id"":""Q969999"",""names"":[""illy"",""イッリカッフェ"",""Illycaffè"",""Illycaffe""],""types"":[""Q4830453"",""Q6881511""],""parents"":[],""readings"":[],""title"":""イッリカッフェ"",""nameKinds"":{""illy"":[""label:en""],""イッリカッフェ"":[""label:ja"",""title:jawiki""],""Illycaffè"":[""alias:en""],""Illycaffe"":[""alias:en""]},""readingNames"":[""イッリカッフェ""],""primaryReadings"":[]}],""lexical"":[]}"
organization	おふぃすくらいん	オフィスクライン	1851	1851	common	orthographic-kana;https://www.wikidata.org/wiki/Q11292237#name	https://www.wikidata.org/wiki/Q11292237	assistant inspection of pair-bound reading evidence and stored semantic facts; targeted pages for identified problems	Recorded reading/surface pair and category supported by cited facts after rule corrections; not a claim of independent expert review	"{""entities"":[{""id"":""Q11292237"",""names"":[""オフィスクライン""],""types"":[""Q4830453""],""parents"":[],""readings"":[],""title"":""オフィスクライン"",""nameKinds"":{""オフィスクライン"":[""label:ja"",""title:jawiki""]},""readingNames"":[""オフィスクライン""],""primaryReadings"":[]}],""lexical"":[]}"
organization	くろっくわーくす	クロックワークス	1851	1851	common	orthographic-kana;https://www.wikidata.org/wiki/Q11299799#name	https://www.wikidata.org/wiki/Q11299799	assistant inspection of pair-bound reading evidence and stored semantic facts; targeted pages for identified problems	Recorded reading/surface pair and category supported by cited facts after rule corrections; not a claim of independent expert review	"{""entities"":[{""id"":""Q11299799"",""names"":[""クロックワークス"",""Klockworx"",""クロック・ワークス"",""Klock Worx"",""KlockWorx"",""KlockWorx Co.ltd"",""The Klockworx Co Ltd""],""types"":[""Q4830453""],""parents"":[],""readings"":[],""title"":""クロックワークス"",""nameKinds"":{""クロックワークス"":[""label:ja"",""title:jawiki""],""Klockworx"":[""label:en""],""クロック・ワークス"":[""alias:ja""],""Klock Worx"":[""alias:ja""],""KlockWorx"":[""alias:ja"",""alias:en""],""KlockWorx Co.ltd"":[""alias:en""],""The Klockworx Co Ltd"":[""alias:en""]},""readingNames"":[""クロックワークス""],""primaryReadings"":[]}],""lexical"":[]}"
organization	とーさい	トーサイ	1851	1851	wiki	orthographic-kana;https://www.wikidata.org/wiki/Q119380825#name	https://www.wikidata.org/wiki/Q119380825	assistant inspection of pair-bound reading evidence and stored semantic facts; targeted pages for identified problems	Recorded reading/surface pair and category supported by cited facts after rule corrections; not a claim of independent expert review	"{""entities"":[{""id"":""Q119380825"",""names"":[""トーサイ""],""types"":[""Q783794""],""parents"":[],""readings"":[],""title"":""トーサイ"",""nameKinds"":{""トーサイ"":[""label:ja"",""title:jawiki""]},""readingNames"":[""トーサイ""],""primaryReadings"":[]}],""lexical"":[]}"
organization	ぽんるーぷ	ポンループ	1851	1851	person	orthographic-kana;https://www.wikidata.org/wiki/Q109360319#name	https://www.wikidata.org/wiki/Q109360319	assistant inspection of pair-bound reading evidence and stored semantic facts; targeted pages for identified problems	Recorded reading/surface pair and category supported by cited facts after rule corrections; not a claim of independent expert review	"{""entities"":[{""id"":""Q109360319"",""names"":[""ポンループ""],""types"":[""Q1141470""],""parents"":[],""readings"":[],""title"":""ポンループ"",""nameKinds"":{""ポンループ"":[""label:ja"",""title:jawiki""]},""readingNames"":[""ポンループ""],""primaryReadings"":[]}],""lexical"":[]}"
organization	にほんでんしきかいこうぎょうかい	日本電子機械工業会	1851	1851	neologd	https://www.edrdg.org/jmdict/edict_doc.html#entry-5740871-sense-1	https://www.wikidata.org/wiki/Q5358257#P31;reading:independent-pair;categories:organization;lexical-and-confirmed-referents;https://www.edrdg.org/jmdict/edict_doc.html#entry-5740871-sense-1	assistant inspection of pair-bound reading evidence and stored semantic facts; targeted pages for identified problems	Recorded reading/surface pair and category supported by cited facts after rule corrections; not a claim of independent expert review	"{""entities"":[{""id"":""Q5358257"",""names"":[""Electronic Industries Association of Japan"",""日本電子機械工業会"",""EIAJ""],""types"":[""Q783794"",""Q2178147""],""parents"":[],""readings"":[],""nameKinds"":{""Electronic Industries Association of Japan"":[""label:en""],""日本電子機械工業会"":[""label:ja""],""EIAJ"":[""alias:ja""]},""readingNames"":[""日本電子機械工業会""],""primaryReadings"":[]}],""lexical"":[{""reading"":""にほんでんしきかいこうぎょうかい"",""surface"":""日本電子機械工業会"",""categories"":[""organization""],""evidence"":""https://www.edrdg.org/jmdict/edict_doc.html#entry-5740871-sense-1"",""entryId"":""5740871"",""pos"":[""n""],""version"":""76a91691b63094bf2aedca93cb889c7396945fe961e478f13081d839c9684e0c"",""source"":""JMdict"",""misc"":[""organization""],""glosses"":[""Electronic Industries Association of Japan"",""EIAJ""]}]}"
organization	せんてぃねくす	センティネクス	1851	1851	common	orthographic-kana;https://www.wikidata.org/wiki/Q1053635#name	https://www.wikidata.org/wiki/Q1053635	assistant inspection of pair-bound reading evidence and stored semantic facts; targeted pages for identified problems	Recorded reading/surface pair and category supported by cited facts after rule corrections; not a claim of independent expert review	"{""entities"":[{""id"":""Q1053635"",""names"":[""Centinex"",""センティネクス""],""types"":[""Q215380""],""parents"":[],""readings"":[],""title"":""センティネクス"",""nameKinds"":{""Centinex"":[""label:en"",""alias:ja""],""センティネクス"":[""label:ja"",""title:jawiki""]},""readingNames"":[""センティネクス""],""primaryReadings"":[]}],""lexical"":[]}"
organization	こくみんかくめいぐん	国民革命軍	1851	1851	common	https://www.edrdg.org/jmdict/edict_doc.html#entry-2832712-sense-1	https://www.wikidata.org/wiki/Q714843#P31;reading:independent-pair;categories:organization;lexical-and-confirmed-referents;https://www.edrdg.org/jmdict/edict_doc.html#entry-2832712-sense-1	assistant inspection of pair-bound reading evidence and stored semantic facts; targeted pages for identified problems	Recorded reading/surface pair and category supported by cited facts after rule corrections; not a claim of independent expert review	"{""entities"":[{""id"":""Q714843"",""names"":[""National Revolutionary Army"",""国民革命軍"",""国民党軍"",""国民政府軍"",""国軍"",""NRA""],""types"":[""Q8473""],""parents"":[],""readings"":[],""title"":""国民革命軍"",""nameKinds"":{""National Revolutionary Army"":[""label:en""],""国民革命軍"":[""label:ja"",""title:jawiki""],""国民党軍"":[""alias:ja""],""国民政府軍"":[""alias:ja""],""国軍"":[""alias:ja""],""NRA"":[""alias:en""]},""readingNames"":[""国民革命軍""],""primaryReadings"":[]}],""lexical"":[{""reading"":""こくみんかくめいぐん"",""surface"":""国民革命軍"",""categories"":[""general""],""evidence"":""https://www.edrdg.org/jmdict/edict_doc.html#entry-2832712-sense-1"",""entryId"":""2832712"",""pos"":[""n""],""version"":""76a91691b63094bf2aedca93cb889c7396945fe961e478f13081d839c9684e0c"",""source"":""JMdict"",""misc"":[""hist""],""glosses"":[""National Revolutionary Army (Republic of China; 1925-1947)""]}]}"
organization	あとらすねっとわーく	アトラスネットワーク	1851	1851	common	orthographic-kana;https://www.wikidata.org/wiki/Q757030#name	https://www.wikidata.org/wiki/Q757030	assistant inspection of pair-bound reading evidence and stored semantic facts; targeted pages for identified problems	Recorded reading/surface pair and category supported by cited facts after rule corrections; not a claim of independent expert review	"{""entities"":[{""id"":""Q757030"",""names"":[""Atlas Network"",""アトラスネットワーク""],""types"":[""Q66429535""],""parents"":[],""readings"":[],""title"":""アトラスネットワーク"",""nameKinds"":{""Atlas Network"":[""label:en""],""アトラスネットワーク"":[""label:ja"",""title:jawiki""]},""readingNames"":[""アトラスネットワーク""],""primaryReadings"":[]}],""lexical"":[]}"
organization	たぬきごはん	たぬきごはん	1851	1851	person,common	orthographic-kana;https://www.wikidata.org/wiki/Q11277858#name	https://www.wikidata.org/wiki/Q11277858	assistant inspection of pair-bound reading evidence and stored semantic facts; targeted pages for identified problems	Recorded reading/surface pair and category supported by cited facts after rule corrections; not a claim of independent expert review	"{""entities"":[{""id"":""Q11277858"",""names"":[""たぬきごはん"",""Tanuki Gohan""],""types"":[""Q1141470""],""parents"":[],""readings"":[],""title"":""たぬきごはん"",""nameKinds"":{""たぬきごはん"":[""label:ja"",""title:jawiki""],""Tanuki Gohan"":[""label:en""]},""readingNames"":[""たぬきごはん""],""primaryReadings"":[]}],""lexical"":[]}"
organization	あっとはーす	アットハース	1851	1851	common	orthographic-kana;https://www.wikidata.org/wiki/Q59186466#name	https://www.wikidata.org/wiki/Q59186466	assistant inspection of pair-bound reading evidence and stored semantic facts; targeted pages for identified problems	Recorded reading/surface pair and category supported by cited facts after rule corrections; not a claim of independent expert review	"{""entities"":[{""id"":""Q59186466"",""names"":[""アットハース"",""AtHearth"",""東京ハース""],""types"":[""Q4830453""],""parents"":[],""readings"":[],""title"":""アットハース"",""nameKinds"":{""アットハース"":[""label:ja"",""title:jawiki""],""AtHearth"":[""label:en""],""東京ハース"":[""alias:ja""]},""readingNames"":[""アットハース""],""primaryReadings"":[]}],""lexical"":[]}"
organization	けーふぉーえんたーていんめんと	ケーフォーエンターテインメント	1851	1851	common	orthographic-kana;https://www.wikidata.org/wiki/Q85871194#name	https://www.wikidata.org/wiki/Q85871194	assistant inspection of pair-bound reading evidence and stored semantic facts; targeted pages for identified problems	Recorded reading/surface pair and category supported by cited facts after rule corrections; not a claim of independent expert review	"{""entities"":[{""id"":""Q85871194"",""names"":[""ケーフォーエンターテインメント""],""types"":[""Q4830453""],""parents"":[],""readings"":[],""title"":""ケーフォーエンターテインメント"",""nameKinds"":{""ケーフォーエンターテインメント"":[""label:ja"",""title:jawiki""]},""readingNames"":[""ケーフォーエンターテインメント""],""primaryReadings"":[]}],""lexical"":[]}"
organization	うぃすとろん	ウィストロン	1851	1851	common	orthographic-kana;https://www.wikidata.org/wiki/Q441821#name	https://www.wikidata.org/wiki/Q441821	assistant inspection of pair-bound reading evidence and stored semantic facts; targeted pages for identified problems	Recorded reading/surface pair and category supported by cited facts after rule corrections; not a claim of independent expert review	"{""entities"":[{""id"":""Q441821"",""names"":[""Wistron"",""ウィストロン""],""types"":[""Q4830453"",""Q6881511"",""Q18388277""],""parents"":[],""readings"":[],""title"":""ウィストロン"",""nameKinds"":{""Wistron"":[""label:en""],""ウィストロン"":[""label:ja"",""title:jawiki""]},""readingNames"":[""ウィストロン""],""primaryReadings"":[]}],""lexical"":[]}"
organization	いーくる	イークル	1851	1851	neologd	orthographic-kana;https://www.wikidata.org/wiki/Q53308619#name	https://www.wikidata.org/wiki/Q53308619	assistant inspection of pair-bound reading evidence and stored semantic facts; targeted pages for identified problems	Recorded reading/surface pair and category supported by cited facts after rule corrections; not a claim of independent expert review	"{""entities"":[{""id"":""Q53308619"",""names"":[""イークル""],""types"":[""Q4830453""],""parents"":[],""readings"":[],""nameKinds"":{""イークル"":[""label:ja""]},""readingNames"":[""イークル""],""primaryReadings"":[]}],""lexical"":[]}"
organization	やるせなす	やるせなす	1851	1851	common	orthographic-kana;https://www.wikidata.org/wiki/Q11280593#name	https://www.wikidata.org/wiki/Q11280593	assistant inspection of pair-bound reading evidence and stored semantic facts; targeted pages for identified problems	Recorded reading/surface pair and category supported by cited facts after rule corrections; not a claim of independent expert review	"{""entities"":[{""id"":""Q11280593"",""names"":[""やるせなす""],""types"":[""Q1141470"",""Q109288825""],""parents"":[],""readings"":[],""title"":""やるせなす"",""nameKinds"":{""やるせなす"":[""label:ja"",""title:jawiki""]},""readingNames"":[""やるせなす""],""primaryReadings"":[]}],""lexical"":[]}"
organization	きょうりつじょしたんきだいがく	共立女子短期大学	1851	1851	neologd	https://www.edrdg.org/jmdict/edict_doc.html#entry-5744380-sense-1	https://www.wikidata.org/wiki/Q6452071#P31;reading:independent-pair;categories:organization;lexical-and-confirmed-referents;https://www.edrdg.org/jmdict/edict_doc.html#entry-5744380-sense-1	assistant inspection of pair-bound reading evidence and stored semantic facts; targeted pages for identified problems	Recorded reading/surface pair and category supported by cited facts after rule corrections; not a claim of independent expert review	"{""entities"":[{""id"":""Q6452071"",""names"":[""Kyoritsu Women's Junior College"",""共立女子短期大学"",""共立女子大学短期大学部""],""types"":[""Q189004""],""parents"":[],""readings"":[],""title"":""共立女子短期大学"",""nameKinds"":{""Kyoritsu Women's Junior College"":[""label:en""],""共立女子短期大学"":[""label:ja"",""title:jawiki""],""共立女子大学短期大学部"":[""alias:ja""]},""readingNames"":[""共立女子短期大学""],""primaryReadings"":[]}],""lexical"":[{""reading"":""きょうりつじょしたんきだいがく"",""surface"":""共立女子短期大学"",""categories"":[""organization""],""evidence"":""https://www.edrdg.org/jmdict/edict_doc.html#entry-5744380-sense-1"",""entryId"":""5744380"",""pos"":[""n""],""version"":""76a91691b63094bf2aedca93cb889c7396945fe961e478f13081d839c9684e0c"",""source"":""JMdict"",""misc"":[""organization""],""glosses"":[""Kyōritsu Women's Junior College""]}]}"
organization	めとーかけふ	メトーカケフ	1851	1851	common	orthographic-kana;https://www.wikidata.org/wiki/Q11343920#name	https://www.wikidata.org/wiki/Q11343920	assistant inspection of pair-bound reading evidence and stored semantic facts; targeted pages for identified problems	Recorded reading/surface pair and category supported by cited facts after rule corrections; not a claim of independent expert review	"{""entities"":[{""id"":""Q11343920"",""names"":[""メトーカケフ""],""types"":[""Q4830453""],""parents"":[],""readings"":[],""title"":""メトーカケフ"",""nameKinds"":{""メトーカケフ"":[""label:ja"",""title:jawiki""]},""readingNames"":[""メトーカケフ""],""primaryReadings"":[]}],""lexical"":[]}"
organization	るっくすおてぃか	ルックスオティカ	1851	1851	common	orthographic-kana;https://www.wikidata.org/wiki/Q1878364#name	https://www.wikidata.org/wiki/Q1878364	assistant inspection of pair-bound reading evidence and stored semantic facts; targeted pages for identified problems	Recorded reading/surface pair and category supported by cited facts after rule corrections; not a claim of independent expert review	"{""entities"":[{""id"":""Q1878364"",""names"":[""Luxottica"",""ルックソティカ"",""ルクソティカ"",""ルックスオティカ"",""Luxottica Group S.p.A.""],""types"":[""Q4830453"",""Q6881511"",""Q891723""],""parents"":[],""readings"":[],""title"":""ルックスオティカ"",""nameKinds"":{""Luxottica"":[""label:en""],""ルックソティカ"":[""label:ja""],""ルクソティカ"":[""alias:ja""],""ルックスオティカ"":[""alias:ja"",""title:jawiki""],""Luxottica Group S.p.A."":[""alias:en""]},""readingNames"":[""ルックソティカ""],""primaryReadings"":[]}],""lexical"":[]}"
organization	ぴゅあふる	ぴゅあふる	1851	1851	person	orthographic-kana;https://www.wikidata.org/wiki/Q11276915#name	https://www.wikidata.org/wiki/Q11276915	assistant inspection of pair-bound reading evidence and stored semantic facts; targeted pages for identified problems	Recorded reading/surface pair and category supported by cited facts after rule corrections; not a claim of independent expert review	"{""entities"":[{""id"":""Q11276915"",""names"":[""ぴゅあふる"",""Pureful""],""types"":[""Q215380"",""Q11446438""],""parents"":[],""readings"":[],""title"":""ぴゅあふる"",""nameKinds"":{""ぴゅあふる"":[""label:ja"",""title:jawiki""],""Pureful"":[""label:en""]},""readingNames"":[""ぴゅあふる""],""primaryReadings"":[]}],""lexical"":[]}"
organization	いぇーせいやー	イェーセイヤー	1851	1851	common	orthographic-kana;https://www.wikidata.org/wiki/Q367254#name	https://www.wikidata.org/wiki/Q367254	assistant inspection of pair-bound reading evidence and stored semantic facts; targeted pages for identified problems	Recorded reading/surface pair and category supported by cited facts after rule corrections; not a claim of independent expert review	"{""entities"":[{""id"":""Q367254"",""names"":[""Yeasayer"",""イェーセイヤー""],""types"":[""Q215380""],""parents"":[],""readings"":[],""title"":""イェーセイヤー"",""nameKinds"":{""Yeasayer"":[""label:en""],""イェーセイヤー"":[""label:ja"",""title:jawiki""]},""readingNames"":[""イェーセイヤー""],""primaryReadings"":[]}],""lexical"":[]}"
organization	ふらいありすたん	フライアリスタン	1851	1851	wiki	orthographic-kana;https://www.wikidata.org/wiki/Q63044327#name	https://www.wikidata.org/wiki/Q63044327	assistant inspection of pair-bound reading evidence and stored semantic facts; targeted pages for identified problems	Recorded reading/surface pair and category supported by cited facts after rule corrections; not a claim of independent expert review	"{""entities"":[{""id"":""Q63044327"",""names"":[""FlyArystan"",""フライアリスタン""],""types"":[""Q46970""],""parents"":[],""readings"":[],""title"":""フライアリスタン"",""nameKinds"":{""FlyArystan"":[""label:en""],""フライアリスタン"":[""label:ja"",""title:jawiki""]},""readingNames"":[""フライアリスタン""],""primaryReadings"":[]}],""lexical"":[]}"
organization	まるふくけみふぁ	マルフクケミファ	1851	1851	common	orthographic-kana;https://www.wikidata.org/wiki/Q11341429#name	https://www.wikidata.org/wiki/Q11341429	assistant inspection of pair-bound reading evidence and stored semantic facts; targeted pages for identified problems	Recorded reading/surface pair and category supported by cited facts after rule corrections; not a claim of independent expert review	"{""entities"":[{""id"":""Q11341429"",""names"":[""マルフクケミファ"",""Marufuku Chemifa"",""マルフククレンザー"",""マルフクケミファ株式会社"",""マルフククレンザー製造""],""types"":[""Q4830453""],""parents"":[],""readings"":[],""title"":""マルフクケミファ"",""nameKinds"":{""マルフクケミファ"":[""label:ja"",""title:jawiki""],""Marufuku Chemifa"":[""label:en""],""マルフククレンザー"":[""alias:ja""],""マルフクケミファ株式会社"":[""alias:ja""],""マルフククレンザー製造"":[""alias:ja""]},""readingNames"":[""マルフクケミファ""],""primaryReadings"":[]}],""lexical"":[]}"
organization	とうほくこうえきぶんかだいがく	東北公益文科大学	1851	1851	common	https://www.edrdg.org/jmdict/edict_doc.html#entry-5557549-sense-1	https://www.wikidata.org/wiki/Q7813298#P31;reading:independent-pair;categories:organization;lexical-and-confirmed-referents;https://www.edrdg.org/jmdict/edict_doc.html#entry-5557549-sense-1	assistant inspection of pair-bound reading evidence and stored semantic facts; targeted pages for identified problems	Recorded reading/surface pair and category supported by cited facts after rule corrections; not a claim of independent expert review	"{""entities"":[{""id"":""Q7813298"",""names"":[""Tohoku University of Community Service and Science"",""東北公益文科大学"",""公益学部"",""TUCSS"",""TUOCSAS"",""公益大""],""types"":[""Q3918""],""parents"":[],""readings"":[],""title"":""東北公益文科大学"",""nameKinds"":{""Tohoku University of Community Service and Science"":[""label:en""],""東北公益文科大学"":[""label:ja"",""title:jawiki""],""公益学部"":[""alias:ja""],""TUCSS"":[""alias:ja""],""TUOCSAS"":[""alias:ja""],""公益大"":[""alias:ja""]},""readingNames"":[""東北公益文科大学""],""primaryReadings"":[]}],""lexical"":[{""reading"":""とうほくこうえきぶんかだいがく"",""surface"":""東北公益文科大学"",""categories"":[""organization""],""evidence"":""https://www.edrdg.org/jmdict/edict_doc.html#entry-5557549-sense-1"",""entryId"":""5557549"",""pos"":[""n""],""version"":""76a91691b63094bf2aedca93cb889c7396945fe961e478f13081d839c9684e0c"",""source"":""JMdict"",""misc"":[""organization""],""glosses"":[""Koeki University"",""Tohoku University of Community Service and Science""]}]}"
organization	つくばがくいんだいがく	筑波学院大学	1851	1851	neologd	https://www.edrdg.org/jmdict/edict_doc.html#entry-5742738-sense-1	https://www.wikidata.org/wiki/Q5369925#P31;reading:independent-pair;categories:organization;lexical-and-confirmed-referents;https://www.edrdg.org/jmdict/edict_doc.html#entry-5742738-sense-1	assistant inspection of pair-bound reading evidence and stored semantic facts; targeted pages for identified problems	Recorded reading/surface pair and category supported by cited facts after rule corrections; not a claim of independent expert review	"{""entities"":[{""id"":""Q5369925"",""names"":[""筑波学院大学"",""Tsukuba Gakuin University"",""東京家政学院筑波女子大学"",""東京家政学院筑波短期大学"",""日本国際学園大学""],""types"":[""Q3918""],""parents"":[],""readings"":[],""title"":""日本国際学園大学"",""nameKinds"":{""筑波学院大学"":[""label:ja""],""Tsukuba Gakuin University"":[""label:en""],""東京家政学院筑波女子大学"":[""alias:ja""],""東京家政学院筑波短期大学"":[""alias:ja""],""日本国際学園大学"":[""alias:ja"",""title:jawiki""]},""readingNames"":[""筑波学院大学""],""primaryReadings"":[]}],""lexical"":[{""reading"":""つくばがくいんだいがく"",""surface"":""筑波学院大学"",""categories"":[""organization""],""evidence"":""https://www.edrdg.org/jmdict/edict_doc.html#entry-5742738-sense-1"",""entryId"":""5742738"",""pos"":[""n""],""version"":""76a91691b63094bf2aedca93cb889c7396945fe961e478f13081d839c9684e0c"",""source"":""JMdict"",""misc"":[""organization""],""glosses"":[""Tsukuba Gakuin University""]}]}"
organization	すたっくしすてむ	スタックシステム	1851	1851	wiki	orthographic-kana;https://www.wikidata.org/wiki/Q107411833#name	https://www.wikidata.org/wiki/Q107411833	assistant inspection of pair-bound reading evidence and stored semantic facts; targeted pages for identified problems	Recorded reading/surface pair and category supported by cited facts after rule corrections; not a claim of independent expert review	"{""entities"":[{""id"":""Q107411833"",""names"":[""スタックシステム""],""types"":[""Q4830453""],""parents"":[],""readings"":[],""title"":""スタックシステム"",""nameKinds"":{""スタックシステム"":[""label:ja"",""title:jawiki""]},""readingNames"":[""スタックシステム""],""primaryReadings"":[]}],""lexical"":[]}"
organization	ちこちぇあー	チコチェアー	1851	1851	common	orthographic-kana;https://www.wikidata.org/wiki/Q11317921#name	https://www.wikidata.org/wiki/Q11317921	assistant inspection of pair-bound reading evidence and stored semantic facts; targeted pages for identified problems	Recorded reading/surface pair and category supported by cited facts after rule corrections; not a claim of independent expert review	"{""entities"":[{""id"":""Q11317921"",""names"":[""チコチェアー"",""Chicochair""],""types"":[""Q215380""],""parents"":[],""readings"":[],""title"":""チコチェアー"",""nameKinds"":{""チコチェアー"":[""label:ja"",""title:jawiki""],""Chicochair"":[""label:en"",""alias:ja""]},""readingNames"":[""チコチェアー""],""primaryReadings"":[]}],""lexical"":[]}"
organization	とうきょうせいとくだいがく	東京成徳大学	1851	1851	neologd	https://www.edrdg.org/jmdict/edict_doc.html#entry-5553289-sense-1	https://www.wikidata.org/wiki/Q7813986#P31;reading:independent-pair;categories:organization;lexical-and-confirmed-referents;https://www.edrdg.org/jmdict/edict_doc.html#entry-5553289-sense-1	assistant inspection of pair-bound reading evidence and stored semantic facts; targeted pages for identified problems	Recorded reading/surface pair and category supported by cited facts after rule corrections; not a claim of independent expert review	"{""entities"":[{""id"":""Q7813986"",""names"":[""Tokyo Seitoku University"",""東京成徳大学"",""EFTSG""],""types"":[""Q3918""],""parents"":[],""readings"":[],""title"":""東京成徳大学"",""nameKinds"":{""Tokyo Seitoku University"":[""label:en""],""東京成徳大学"":[""label:ja"",""title:jawiki""],""EFTSG"":[""alias:ja""]},""readingNames"":[""東京成徳大学""],""primaryReadings"":[]}],""lexical"":[{""reading"":""とうきょうせいとくだいがく"",""surface"":""東京成徳大学"",""categories"":[""organization""],""evidence"":""https://www.edrdg.org/jmdict/edict_doc.html#entry-5553289-sense-1"",""entryId"":""5553289"",""pos"":[""n""],""version"":""76a91691b63094bf2aedca93cb889c7396945fe961e478f13081d839c9684e0c"",""source"":""JMdict"",""misc"":[""organization""],""glosses"":[""Tokyo Seitoku University""]}]}"
organization	けみら	ケミラ	1851	1851	wiki	orthographic-kana;https://www.wikidata.org/wiki/Q905801#name	https://www.wikidata.org/wiki/Q905801	assistant inspection of pair-bound reading evidence and stored semantic facts; targeted pages for identified problems	Recorded reading/surface pair and category supported by cited facts after rule corrections; not a claim of independent expert review	"{""entities"":[{""id"":""Q905801"",""names"":[""Kemira"",""ケミラ""],""types"":[""Q4830453"",""Q6881511"",""Q891723""],""parents"":[],""readings"":[],""title"":""ケミラ"",""nameKinds"":{""Kemira"":[""label:en"",""alias:ja""],""ケミラ"":[""label:ja"",""title:jawiki""]},""readingNames"":[""ケミラ""],""primaryReadings"":[]}],""lexical"":[]}"
organization	さんみらの	サンミラノ	1851	1851	common	orthographic-kana;https://www.wikidata.org/wiki/Q11306007#name	https://www.wikidata.org/wiki/Q11306007	assistant inspection of pair-bound reading evidence and stored semantic facts; targeted pages for identified problems	Recorded reading/surface pair and category supported by cited facts after rule corrections; not a claim of independent expert review	"{""entities"":[{""id"":""Q11306007"",""names"":[""サンミラノ""],""types"":[""Q1141470""],""parents"":[],""readings"":[],""title"":""サンミラノ"",""nameKinds"":{""サンミラノ"":[""label:ja"",""title:jawiki""]},""readingNames"":[""サンミラノ""],""primaryReadings"":[]}],""lexical"":[]}"
organization	わさびーず	わさびーず	1851	1851	common	orthographic-kana;https://www.wikidata.org/wiki/Q11281790#name	https://www.wikidata.org/wiki/Q11281790	assistant inspection of pair-bound reading evidence and stored semantic facts; targeted pages for identified problems	Recorded reading/surface pair and category supported by cited facts after rule corrections; not a claim of independent expert review	"{""entities"":[{""id"":""Q11281790"",""names"":[""わさびーず""],""types"":[""Q215380""],""parents"":[],""readings"":[],""title"":""わさびーず"",""nameKinds"":{""わさびーず"":[""label:ja"",""title:jawiki""]},""readingNames"":[""わさびーず""],""primaryReadings"":[]}],""lexical"":[]}"
organization	あるせすと	アルセスト	1851	1851	common	orthographic-kana;https://www.wikidata.org/wiki/Q1517060#name	https://www.wikidata.org/wiki/Q1517060	assistant inspection of pair-bound reading evidence and stored semantic facts; targeted pages for identified problems	Recorded reading/surface pair and category supported by cited facts after rule corrections; not a claim of independent expert review	"{""entities"":[{""id"":""Q1517060"",""names"":[""アルセ"",""Alcest"",""アルセスト""],""types"":[""Q215380""],""parents"":[],""readings"":[],""title"":""アルセスト"",""nameKinds"":{""アルセ"":[""label:ja""],""Alcest"":[""label:en"",""alias:ja""],""アルセスト"":[""alias:ja"",""title:jawiki""]},""readingNames"":[""アルセ""],""primaryReadings"":[]}],""lexical"":[]}"
organization	とうきょうみらいだいがく	東京未来大学	1851	1851	neologd	https://www.edrdg.org/jmdict/edict_doc.html#entry-5742717-sense-1	https://www.wikidata.org/wiki/Q7813883#P31;reading:independent-pair;categories:organization;lexical-and-confirmed-referents;https://www.edrdg.org/jmdict/edict_doc.html#entry-5742717-sense-1	assistant inspection of pair-bound reading evidence and stored semantic facts; targeted pages for identified problems	Recorded reading/surface pair and category supported by cited facts after rule corrections; not a claim of independent expert review	"{""entities"":[{""id"":""Q7813883"",""names"":[""Tokyo Future University"",""東京未来大学""],""types"":[""Q3918""],""parents"":[],""readings"":[],""title"":""東京未来大学"",""nameKinds"":{""Tokyo Future University"":[""label:en""],""東京未来大学"":[""label:ja"",""title:jawiki""]},""readingNames"":[""東京未来大学""],""primaryReadings"":[]}],""lexical"":[{""reading"":""とうきょうみらいだいがく"",""surface"":""東京未来大学"",""categories"":[""organization""],""evidence"":""https://www.edrdg.org/jmdict/edict_doc.html#entry-5742717-sense-1"",""entryId"":""5742717"",""pos"":[""n""],""version"":""76a91691b63094bf2aedca93cb889c7396945fe961e478f13081d839c9684e0c"",""source"":""JMdict"",""misc"":[""organization""],""glosses"":[""Tokyo Future University""]}]}"
person	ひでぼー	HIDEBOH	1851	1851	neologd	https://hideboh.fanpla.jp/news/2/	lexical-and-confirmed-referents;https://hideboh.fanpla.jp/news/2/	assistant inspection of pair-bound reading evidence and stored semantic facts; targeted pages for identified problems	Recorded reading/surface pair and category supported by cited facts after rule corrections; not a claim of independent expert review	"{""entities"":[],""lexical"":[]}"
person	さとうはちろー	サトウハチロー	1851	1851	common	orthographic-kana;https://www.wikidata.org/wiki/Q11304874#name	https://www.wikidata.org/wiki/Q11304874	assistant inspection of pair-bound reading evidence and stored semantic facts; targeted pages for identified problems	Recorded reading/surface pair and category supported by cited facts after rule corrections; not a claim of independent expert review	"{""entities"":[{""id"":""Q11304874"",""names"":[""サトウハチロー"",""Hachirō Satō"",""サトウ・ハチロー"",""玉川映二"",""かわいいかくれんぼ"",""佐藤 八郎"",""倉中房男"",""熱田房夫"",""サトウハチロウ"",""サトーハチロー"",""星野貞志"",""並木せんざ"",""清水七郎"",""倉中住人"",""山野三郎"",""佐藤八郎"",""淸水操六"",""Hachiro Sato"",""Satō Hachirō"",""Sato Hachiro"",""Hachirou Satou""],""types"":[""Q5""],""parents"":[],""readings"":[],""title"":""サトウハチロー"",""nameKinds"":{""サトウハチロー"":[""label:ja"",""title:jawiki""],""Hachirō Satō"":[""label:en""],""サトウ・ハチロー"":[""alias:ja""],""玉川映二"":[""alias:ja""],""かわいいかくれんぼ"":[""alias:ja""],""佐藤 八郎"":[""alias:ja""],""倉中房男"":[""alias:ja""],""熱田房夫"":[""alias:ja""],""サトウハチロウ"":[""alias:ja""],""サトーハチロー"":[""alias:ja""],""星野貞志"":[""alias:ja""],""並木せんざ"":[""alias:ja""],""清水七郎"":[""alias:ja""],""倉中住人"":[""alias:ja""],""山野三郎"":[""alias:ja""],""佐藤八郎"":[""alias:ja""],""淸水操六"":[""alias:ja""],""Hachiro Sato"":[""alias:en""],""Satō Hachirō"":[""alias:en""],""Sato Hachiro"":[""alias:en""],""Hachirou Satou"":[""alias:en""]},""readingNames"":[""サトウハチロー""],""primaryReadings"":[]}],""lexical"":[]}"
person	とむすか	トムスカ	1851	1851	wiki	orthographic-kana;https://www.wikidata.org/wiki/Q18122911#name	https://www.wikidata.org/wiki/Q18122911	assistant inspection of pair-bound reading evidence and stored semantic facts; targeted pages for identified problems	Recorded reading/surface pair and category supported by cited facts after rule corrections; not a claim of independent expert review	"{""entities"":[{""id"":""Q18122911"",""names"":[""TomSka"",""トムスカ"",""DarkSquidge"",""Thomas Ridgewell"",""Thomas James Ridgewell"",""Thomas \""TomSka\"" Ridgewell""],""types"":[""Q5""],""parents"":[],""readings"":[],""title"":""トムスカ"",""nameKinds"":{""TomSka"":[""label:en""],""トムスカ"":[""label:ja"",""title:jawiki""],""DarkSquidge"":[""alias:en""],""Thomas Ridgewell"":[""alias:en""],""Thomas James Ridgewell"":[""alias:en""],""Thomas \""TomSka\"" Ridgewell"":[""alias:en""]},""readingNames"":[""トムスカ""],""primaryReadings"":[]}],""lexical"":[]}"
person	あゆみかとりーな	アユミカトリーナ	1851	1851	common	orthographic-kana;https://www.wikidata.org/wiki/Q11285201#name	https://www.wikidata.org/wiki/Q11285201	assistant inspection of pair-bound reading evidence and stored semantic facts; targeted pages for identified problems	Recorded reading/surface pair and category supported by cited facts after rule corrections; not a claim of independent expert review	"{""entities"":[{""id"":""Q11285201"",""names"":[""アユミカトリーナ"",""Ayumi Katrina"",""池田あゆみ"",""池田カトリーナ""],""types"":[""Q5""],""parents"":[],""readings"":[],""title"":""アユミカトリーナ"",""nameKinds"":{""アユミカトリーナ"":[""label:ja"",""title:jawiki""],""Ayumi Katrina"":[""label:en""],""池田あゆみ"":[""alias:ja""],""池田カトリーナ"":[""alias:ja""]},""readingNames"":[""アユミカトリーナ""],""primaryReadings"":[]}],""lexical"":[]}"
person	おとにえる	オトニエル	1851	1851	common	orthographic-kana;https://www.wikidata.org/wiki/Q536485#name	https://www.wikidata.org/wiki/Q536485	assistant inspection of pair-bound reading evidence and stored semantic facts; targeted pages for identified problems	Recorded reading/surface pair and category supported by cited facts after rule corrections; not a claim of independent expert review	"{""entities"":[{""id"":""Q536485"",""names"":[""Othniel"",""オトニエル""],""types"":[""Q20643955""],""parents"":[],""readings"":[],""title"":""オトニエル"",""nameKinds"":{""Othniel"":[""label:en""],""オトニエル"":[""label:ja"",""title:jawiki""]},""readingNames"":[""オトニエル""],""primaryReadings"":[]}],""lexical"":[]}"
person	すみゅるなのこいんとす	スミュルナのコイントス	1851	1851	common	orthographic-kana;https://www.wikidata.org/wiki/Q352702#name	https://www.wikidata.org/wiki/Q352702	assistant inspection of pair-bound reading evidence and stored semantic facts; targeted pages for identified problems	Recorded reading/surface pair and category supported by cited facts after rule corrections; not a claim of independent expert review	"{""entities"":[{""id"":""Q352702"",""names"":[""Quintus Smyrnaeus"",""スミュルナのコイントス"",""スミュルナのクイントゥス"",""クイントス・スミュルナイオス"",""Quintus Calaber"",""Kointos"",""Quintus"",""Quintus of Smyrna""],""types"":[""Q5""],""parents"":[],""readings"":[],""title"":""スミュルナのコイントス"",""nameKinds"":{""Quintus Smyrnaeus"":[""label:en""],""スミュルナのコイントス"":[""label:ja"",""title:jawiki""],""スミュルナのクイントゥス"":[""alias:ja""],""クイントス・スミュルナイオス"":[""alias:ja""],""Quintus Calaber"":[""alias:en""],""Kointos"":[""alias:en""],""Quintus"":[""alias:en""],""Quintus of Smyrna"":[""alias:en""]},""readingNames"":[""スミュルナのコイントス""],""primaryReadings"":[]}],""lexical"":[]}"
person	らうの	ラウノ	1851	1851	common	orthographic-kana;https://www.wikidata.org/wiki/Q2133447#name	https://www.wikidata.org/wiki/Q2133447	assistant inspection of pair-bound reading evidence and stored semantic facts; targeted pages for identified problems	Recorded reading/surface pair and category supported by cited facts after rule corrections; not a claim of independent expert review	"{""entities"":[{""id"":""Q2133447"",""names"":[""Rauno"",""ラウノ"",""Rauno (first name)"",""Rauno (given name)""],""types"":[""Q12308941""],""parents"":[],""readings"":[],""title"":""ラウノ"",""nameKinds"":{""Rauno"":[""label:en"",""alias:ja""],""ラウノ"":[""label:ja"",""title:jawiki""],""Rauno (first name)"":[""alias:en""],""Rauno (given name)"":[""alias:en""]},""readingNames"":[""ラウノ""],""primaryReadings"":[]}],""lexical"":[]}"
person	あまつまりな	あまつまりな	1851	1851	person,wiki	orthographic-kana;https://www.wikidata.org/wiki/Q115529306#name	https://www.wikidata.org/wiki/Q115529306	assistant inspection of pair-bound reading evidence and stored semantic facts; targeted pages for identified problems	Recorded reading/surface pair and category supported by cited facts after rule corrections; not a claim of independent expert review	"{""entities"":[{""id"":""Q115529306"",""names"":[""あまつまりな"",""Marina Amatsu""],""types"":[""Q5""],""parents"":[],""readings"":[],""title"":""あまつまりな"",""nameKinds"":{""あまつまりな"":[""label:ja"",""title:jawiki""],""Marina Amatsu"":[""label:en""]},""readingNames"":[""あまつまりな""],""primaryReadings"":[]}],""lexical"":[]}"
person	まきいづみ	まきいづみ	1851	1851	person	orthographic-kana;https://www.wikidata.org/wiki/Q11278176#name	https://www.wikidata.org/wiki/Q11278176	assistant inspection of pair-bound reading evidence and stored semantic facts; targeted pages for identified problems	Recorded reading/surface pair and category supported by cited facts after rule corrections; not a claim of independent expert review	"{""entities"":[{""id"":""Q11278176"",""names"":[""まきいづみ"",""Izumi Maki"",""まきいずみ""],""types"":[""Q5""],""parents"":[],""readings"":[],""title"":""まきいづみ"",""nameKinds"":{""まきいづみ"":[""label:ja"",""title:jawiki""],""Izumi Maki"":[""label:en""],""まきいずみ"":[""alias:ja""]},""readingNames"":[""まきいづみ""],""primaryReadings"":[]}],""lexical"":[]}"
person	すみゅるなのておん	スミュルナのテオン	1851	1851	common	orthographic-kana;https://www.wikidata.org/wiki/Q705950#name	https://www.wikidata.org/wiki/Q705950	assistant inspection of pair-bound reading evidence and stored semantic facts; targeted pages for identified problems	Recorded reading/surface pair and category supported by cited facts after rule corrections; not a claim of independent expert review	"{""entities"":[{""id"":""Q705950"",""names"":[""スミュルナのテオン"",""Theon of Smyrna""],""types"":[""Q5""],""parents"":[],""readings"":[],""title"":""スミュルナのテオン"",""nameKinds"":{""スミュルナのテオン"":[""label:ja"",""title:jawiki""],""Theon of Smyrna"":[""label:en""]},""readingNames"":[""スミュルナのテオン""],""primaryReadings"":[]}],""lexical"":[]}"
person	つゆりよつば	つゆりよつば	1851	1851	common	orthographic-kana;https://www.wikidata.org/wiki/Q11272508#name	https://www.wikidata.org/wiki/Q11272508	assistant inspection of pair-bound reading evidence and stored semantic facts; targeted pages for identified problems	Recorded reading/surface pair and category supported by cited facts after rule corrections; not a claim of independent expert review	"{""entities"":[{""id"":""Q11272508"",""names"":[""つゆりよつば"",""Yotsuba Tsuyuri"",""Yotsuba Tsukishima"",""Yotuba Tukisima"",""TSUYURI Yotsuba"",""TSUKISHIMA Yotsuba"",""月島よつば""],""types"":[""Q5""],""parents"":[],""readings"":[],""title"":""つゆりよつば"",""nameKinds"":{""つゆりよつば"":[""label:ja"",""title:jawiki""],""Yotsuba Tsuyuri"":[""label:en""],""Yotsuba Tsukishima"":[""alias:en""],""Yotuba Tukisima"":[""alias:en""],""TSUYURI Yotsuba"":[""alias:en""],""TSUKISHIMA Yotsuba"":[""alias:en""],""月島よつば"":[""alias:ja""]},""readingNames"":[""つゆりよつば""],""primaryReadings"":[]}],""lexical"":[]}"
person	はやふみ	はやふみ	1851	1851	common	orthographic-kana;https://www.wikidata.org/wiki/Q134508533#name	https://www.wikidata.org/wiki/Q134508533	assistant inspection of pair-bound reading evidence and stored semantic facts; targeted pages for identified problems	Recorded reading/surface pair and category supported by cited facts after rule corrections; not a claim of independent expert review	"{""entities"":[{""id"":""Q134508533"",""names"":[""はやふみ""],""types"":[""Q5""],""parents"":[],""readings"":[],""title"":""はやふみ"",""nameKinds"":{""はやふみ"":[""label:ja"",""title:jawiki""]},""readingNames"":[""はやふみ""],""primaryReadings"":[]}],""lexical"":[]}"
person	わいっしゅ	わいっしゅ	1851	1851	common	orthographic-kana;https://www.wikidata.org/wiki/Q130726505#name	https://www.wikidata.org/wiki/Q130726505	assistant inspection of pair-bound reading evidence and stored semantic facts; targeted pages for identified problems	Recorded reading/surface pair and category supported by cited facts after rule corrections; not a claim of independent expert review	"{""entities"":[{""id"":""Q130726505"",""names"":[""わいっしゅ"",""Waisshu""],""types"":[""Q5""],""parents"":[],""readings"":[],""title"":""わいっしゅ"",""nameKinds"":{""わいっしゅ"":[""label:ja"",""title:jawiki""],""Waisshu"":[""label:en""]},""readingNames"":[""わいっしゅ""],""primaryReadings"":[]}],""lexical"":[]}"
person	きたつとむ	きたつとむ	1851	1851	person	orthographic-kana;https://www.wikidata.org/wiki/Q138419249#name	https://www.wikidata.org/wiki/Q138419249	assistant inspection of pair-bound reading evidence and stored semantic facts; targeted pages for identified problems	Recorded reading/surface pair and category supported by cited facts after rule corrections; not a claim of independent expert review	"{""entities"":[{""id"":""Q138419249"",""names"":[""きたつとむ""],""types"":[""Q5""],""parents"":[],""readings"":[],""title"":""きたつとむ"",""nameKinds"":{""きたつとむ"":[""label:ja"",""title:jawiki""]},""readingNames"":[""きたつとむ""],""primaryReadings"":[]}],""lexical"":[]}"
person	ようなぴ	ようなぴ	1851	1851	person,common	orthographic-kana;https://www.wikidata.org/wiki/Q34861510#name	https://www.wikidata.org/wiki/Q34861510	assistant inspection of pair-bound reading evidence and stored semantic facts; targeted pages for identified problems	Recorded reading/surface pair and category supported by cited facts after rule corrections; not a claim of independent expert review	"{""entities"":[{""id"":""Q34861510"",""names"":[""ようなぴ"",""Younapi""],""types"":[""Q5""],""parents"":[],""readings"":[],""title"":""ようなぴ"",""nameKinds"":{""ようなぴ"":[""label:ja"",""title:jawiki""],""Younapi"":[""label:en""]},""readingNames"":[""ようなぴ""],""primaryReadings"":[]}],""lexical"":[]}"
person	おせるく	オセルク	1851	1851	wiki	orthographic-kana;https://www.wikidata.org/wiki/Q109494374#name	https://www.wikidata.org/wiki/Q109494374	assistant inspection of pair-bound reading evidence and stored semantic facts; targeted pages for identified problems	Recorded reading/surface pair and category supported by cited facts after rule corrections; not a claim of independent expert review	"{""entities"":[{""id"":""Q109494374"",""names"":[""オセルク"",""Oseluk""],""types"":[""Q5""],""parents"":[],""readings"":[],""title"":""オセルク"",""nameKinds"":{""オセルク"":[""label:ja"",""title:jawiki""],""Oseluk"":[""label:en""]},""readingNames"":[""オセルク""],""primaryReadings"":[]}],""lexical"":[]}"
person	ゆうきともか	ゆうきともか	1851	1851	common	orthographic-kana;https://www.wikidata.org/wiki/Q11280639#name	https://www.wikidata.org/wiki/Q11280639	assistant inspection of pair-bound reading evidence and stored semantic facts; targeted pages for identified problems	Recorded reading/surface pair and category supported by cited facts after rule corrections; not a claim of independent expert review	"{""entities"":[{""id"":""Q11280639"",""names"":[""ゆうきともか"",""Yūki Tomoka"",""友紀知佳"",""Yuuki Tomoka"",""Yuki Tomoka""],""types"":[""Q5""],""parents"":[],""readings"":[],""title"":""ゆうきともか"",""nameKinds"":{""ゆうきともか"":[""label:ja"",""title:jawiki""],""Yūki Tomoka"":[""label:en""],""友紀知佳"":[""alias:ja""],""Yuuki Tomoka"":[""alias:en""],""Yuki Tomoka"":[""alias:en""]},""readingNames"":[""ゆうきともか""],""primaryReadings"":[]}],""lexical"":[]}"
person	うぉーらうぉんさーてぃらーと	ウォーラウォンサーティラート	1851	1851	common	orthographic-kana;https://www.wikidata.org/wiki/Q882753#name	https://www.wikidata.org/wiki/Q882753	assistant inspection of pair-bound reading evidence and stored semantic facts; targeted pages for identified problems	Recorded reading/surface pair and category supported by cited facts after rule corrections; not a claim of independent expert review	"{""entities"":[{""id"":""Q882753"",""names"":[""ウォーラウォンサーティラート"",""Worawongsathirat"",""ウォーラウォンサー"",""ウォーラウォンサー王"",""クン・ウォーラウォンサー"",""クン・ウォーラウォンサーティラート"",""ウォーラウォンサーティラート王"",""Varavaṅśādhirāja""],""types"":[""Q5""],""parents"":[],""readings"":[],""title"":""ウォーラウォンサーティラート"",""nameKinds"":{""ウォーラウォンサーティラート"":[""label:ja"",""title:jawiki""],""Worawongsathirat"":[""label:en""],""ウォーラウォンサー"":[""alias:ja""],""ウォーラウォンサー王"":[""alias:ja""],""クン・ウォーラウォンサー"":[""alias:ja""],""クン・ウォーラウォンサーティラート"":[""alias:ja""],""ウォーラウォンサーティラート王"":[""alias:ja""],""Varavaṅśādhirāja"":[""alias:en""]},""readingNames"":[""ウォーラウォンサーティラート""],""primaryReadings"":[]}],""lexical"":[]}"
person	とにーひろた	トニーヒロタ	1851	1851	person,common	orthographic-kana;https://www.wikidata.org/wiki/Q11321320#name	https://www.wikidata.org/wiki/Q11321320	assistant inspection of pair-bound reading evidence and stored semantic facts; targeted pages for identified problems	Recorded reading/surface pair and category supported by cited facts after rule corrections; not a claim of independent expert review	"{""entities"":[{""id"":""Q11321320"",""names"":[""トニーヒロタ"",""Tony Hirota""],""types"":[""Q5""],""parents"":[],""readings"":[],""title"":""トニーヒロタ"",""nameKinds"":{""トニーヒロタ"":[""label:ja"",""title:jawiki""],""Tony Hirota"":[""label:en""]},""readingNames"":[""トニーヒロタ""],""primaryReadings"":[]}],""lexical"":[]}"
person	なみはるか	なみはるか	1851	1851	person,wiki	orthographic-kana;https://www.wikidata.org/wiki/Q139731578#name	https://www.wikidata.org/wiki/Q139731578	assistant inspection of pair-bound reading evidence and stored semantic facts; targeted pages for identified problems	Recorded reading/surface pair and category supported by cited facts after rule corrections; not a claim of independent expert review	"{""entities"":[{""id"":""Q139731578"",""names"":[""なみはるか"",""Haruka Nami""],""types"":[""Q5""],""parents"":[],""readings"":[],""nameKinds"":{""なみはるか"":[""label:ja""],""Haruka Nami"":[""label:en""]},""readingNames"":[""なみはるか""],""primaryReadings"":[]}],""lexical"":[]}"
person	はさねいん	ハサネイン	1851	1851	wiki	orthographic-kana;https://www.wikidata.org/wiki/Q37444696#name	https://www.wikidata.org/wiki/Q37444696	assistant inspection of pair-bound reading evidence and stored semantic facts; targeted pages for identified problems	Recorded reading/surface pair and category supported by cited facts after rule corrections; not a claim of independent expert review	"{""entities"":[{""id"":""Q37444696"",""names"":[""Hassanein"",""ハサネイン"",""ハサナイン""],""types"":[""Q101352""],""parents"":[],""readings"":[],""title"":""ハサネイン"",""nameKinds"":{""Hassanein"":[""label:en""],""ハサネイン"":[""label:ja"",""title:jawiki""],""ハサナイン"":[""alias:ja""]},""readingNames"":[""ハサネイン""],""primaryReadings"":[]}],""lexical"":[]}"
person	あめみやともこ	あめみやともこ	1851	1851	common	orthographic-kana;https://www.wikidata.org/wiki/Q29841171#name	https://www.wikidata.org/wiki/Q29841171	assistant inspection of pair-bound reading evidence and stored semantic facts; targeted pages for identified problems	Recorded reading/surface pair and category supported by cited facts after rule corrections; not a claim of independent expert review	"{""entities"":[{""id"":""Q29841171"",""names"":[""Tomoko Amemiya"",""あめみやともこ""],""types"":[""Q5""],""parents"":[],""readings"":[],""title"":""あめみやともこ"",""nameKinds"":{""Tomoko Amemiya"":[""label:en""],""あめみやともこ"":[""label:ja"",""title:jawiki""]},""readingNames"":[""あめみやともこ""],""primaryReadings"":[]}],""lexical"":[]}"
person	たけざわたろう	たけざわたろう	1851	1851	common	orthographic-kana;https://www.wikidata.org/wiki/Q11270902#name	https://www.wikidata.org/wiki/Q11270902	assistant inspection of pair-bound reading evidence and stored semantic facts; targeted pages for identified problems	Recorded reading/surface pair and category supported by cited facts after rule corrections; not a claim of independent expert review	"{""entities"":[{""id"":""Q11270902"",""names"":[""たけざわたろう"",""Tarō Takezawa"",""竹澤太郎"",""Taro Takezawa"",""Tarou Takezawa""],""types"":[""Q5""],""parents"":[],""readings"":[],""title"":""たけざわたろう"",""nameKinds"":{""たけざわたろう"":[""label:ja"",""title:jawiki""],""Tarō Takezawa"":[""label:en""],""竹澤太郎"":[""alias:ja""],""Taro Takezawa"":[""alias:en""],""Tarou Takezawa"":[""alias:en""]},""readingNames"":[""たけざわたろう""],""primaryReadings"":[]}],""lexical"":[]}"
person	ぬーたん	ヌータン	1851	1851	wiki	orthographic-kana;https://www.wikidata.org/wiki/Q146444#name	https://www.wikidata.org/wiki/Q146444	assistant inspection of pair-bound reading evidence and stored semantic facts; targeted pages for identified problems	Recorded reading/surface pair and category supported by cited facts after rule corrections; not a claim of independent expert review	"{""entities"":[{""id"":""Q146444"",""names"":[""Nutan"",""ヌータン"",""Nutan Samarth"",""Nutan Samarth Bahl"",""Nutan Bahl""],""types"":[""Q5""],""parents"":[],""readings"":[],""title"":""ヌータン"",""nameKinds"":{""Nutan"":[""label:en""],""ヌータン"":[""label:ja"",""title:jawiki""],""Nutan Samarth"":[""alias:en""],""Nutan Samarth Bahl"":[""alias:en""],""Nutan Bahl"":[""alias:en""]},""readingNames"":[""ヌータン""],""primaryReadings"":[]}],""lexical"":[]}"
person	すとろーむ	ストローム	1851	1851	person	orthographic-kana;https://www.wikidata.org/wiki/Q7626039#name	https://www.wikidata.org/wiki/Q7626039	assistant inspection of pair-bound reading evidence and stored semantic facts; targeted pages for identified problems	Recorded reading/surface pair and category supported by cited facts after rule corrections; not a claim of independent expert review	"{""entities"":[{""id"":""Q7626039"",""names"":[""Ström"",""ストローム"",""Ström (surname)"",""Ström (family name)""],""types"":[""Q101352"",""Q7655015"",""Q505837""],""parents"":[],""readings"":[],""nameKinds"":{""Ström"":[""label:en"",""alias:ja""],""ストローム"":[""label:ja""],""Ström (surname)"":[""alias:en""],""Ström (family name)"":[""alias:en""]},""readingNames"":[""ストローム""],""primaryReadings"":[]}],""lexical"":[]}"
person	えみすむ	エミスム	1851	1851	common	orthographic-kana;https://www.wikidata.org/wiki/Q1559809#name	https://www.wikidata.org/wiki/Q1559809	assistant inspection of pair-bound reading evidence and stored semantic facts; targeted pages for identified problems	Recorded reading/surface pair and category supported by cited facts after rule corrections; not a claim of independent expert review	"{""entities"":[{""id"":""Q1559809"",""names"":[""Emisum"",""エミスム"",""エミツム""],""types"":[""Q5""],""parents"":[],""readings"":[],""title"":""エミスム"",""nameKinds"":{""Emisum"":[""label:en""],""エミスム"":[""label:ja"",""title:jawiki""],""エミツム"":[""alias:ja""]},""readingNames"":[""エミスム""],""primaryReadings"":[]}],""lexical"":[]}"
person	たちのまさみ	たちのまさみ	1851	1851	common	orthographic-kana;https://www.wikidata.org/wiki/Q11271058#name	https://www.wikidata.org/wiki/Q11271058	assistant inspection of pair-bound reading evidence and stored semantic facts; targeted pages for identified problems	Recorded reading/surface pair and category supported by cited facts after rule corrections; not a claim of independent expert review	"{""entities"":[{""id"":""Q11271058"",""names"":[""たちのまさみ"",""Masami Tachino""],""types"":[""Q5""],""parents"":[],""readings"":[],""title"":""たちのまさみ"",""nameKinds"":{""たちのまさみ"":[""label:ja"",""title:jawiki""],""Masami Tachino"":[""label:en""]},""readingNames"":[""たちのまさみ""],""primaryReadings"":[]}],""lexical"":[]}"
person	あおのなち	あおのなち	1851	1851	neologd	orthographic-kana;https://www.wikidata.org/wiki/Q115734874#name	https://www.wikidata.org/wiki/Q115734874	assistant inspection of pair-bound reading evidence and stored semantic facts; targeted pages for identified problems	Recorded reading/surface pair and category supported by cited facts after rule corrections; not a claim of independent expert review	"{""entities"":[{""id"":""Q115734874"",""names"":[""Nachi Aono"",""あおのなち"",""Aono Nachi"",""チキンロック"",""あおの""],""types"":[""Q5""],""parents"":[],""readings"":[],""nameKinds"":{""Nachi Aono"":[""label:en""],""あおのなち"":[""label:ja""],""Aono Nachi"":[""alias:en""],""チキンロック"":[""alias:ja""],""あおの"":[""alias:ja""]},""readingNames"":[""あおのなち""],""primaryReadings"":[]}],""lexical"":[]}"
person	ししにうす	シシニウス	1851	1851	wiki	orthographic-kana;https://www.wikidata.org/wiki/Q103277#name	https://www.wikidata.org/wiki/Q103277	assistant inspection of pair-bound reading evidence and stored semantic facts; targeted pages for identified problems	Recorded reading/surface pair and category supported by cited facts after rule corrections; not a claim of independent expert review	"{""entities"":[{""id"":""Q103277"",""names"":[""Sisinnius"",""シシニウス"",""Pope Sisinnius"",""シシニウス (ローマ教皇)""],""types"":[""Q5""],""parents"":[],""readings"":[],""title"":""シシニウス (ローマ教皇)"",""nameKinds"":{""Sisinnius"":[""label:en""],""シシニウス"":[""label:ja""],""Pope Sisinnius"":[""alias:en""],""シシニウス (ローマ教皇)"":[""title:jawiki""]},""readingNames"":[""シシニウス""],""primaryReadings"":[]}],""lexical"":[]}"
person	むっちりむうにい	むっちりむうにい	1851	1851	common	orthographic-kana;https://www.wikidata.org/wiki/Q11279570#name	https://www.wikidata.org/wiki/Q11279570	assistant inspection of pair-bound reading evidence and stored semantic facts; targeted pages for identified problems	Recorded reading/surface pair and category supported by cited facts after rule corrections; not a claim of independent expert review	"{""entities"":[{""id"":""Q11279570"",""names"":[""むっちりむうにい"",""Mucchiri Munii"",""多田悟""],""types"":[""Q5""],""parents"":[],""readings"":[],""title"":""むっちりむうにい"",""nameKinds"":{""むっちりむうにい"":[""label:ja"",""title:jawiki""],""Mucchiri Munii"":[""label:en""],""多田悟"":[""alias:ja""]},""readingNames"":[""むっちりむうにい""],""primaryReadings"":[]}],""lexical"":[]}"
person	あいだゆき	あいだゆき	1851	1851	person,neologd	orthographic-kana;https://www.wikidata.org/wiki/Q139622498#name	https://www.wikidata.org/wiki/Q139622498	assistant inspection of pair-bound reading evidence and stored semantic facts; targeted pages for identified problems	Recorded reading/surface pair and category supported by cited facts after rule corrections; not a claim of independent expert review	"{""entities"":[{""id"":""Q139622498"",""names"":[""あいだゆき"",""Yuki Aida""],""types"":[""Q5""],""parents"":[],""readings"":[],""nameKinds"":{""あいだゆき"":[""label:ja""],""Yuki Aida"":[""label:en""]},""readingNames"":[""あいだゆき""],""primaryReadings"":[]}],""lexical"":[]}"
person	ききわん	キキワン	1851	1851	common	orthographic-kana;https://www.wikidata.org/wiki/Q116936800#name	https://www.wikidata.org/wiki/Q116936800	assistant inspection of pair-bound reading evidence and stored semantic facts; targeted pages for identified problems	Recorded reading/surface pair and category supported by cited facts after rule corrections; not a claim of independent expert review	"{""entities"":[{""id"":""Q116936800"",""names"":[""キキワン"",""Kikiwan""],""types"":[""Q5""],""parents"":[],""readings"":[],""title"":""キキワン"",""nameKinds"":{""キキワン"":[""label:ja"",""title:jawiki""],""Kikiwan"":[""label:en""]},""readingNames"":[""キキワン""],""primaryReadings"":[]}],""lexical"":[]}"
person	しのぎけい	しのぎけい	1851	1851	common	orthographic-kana;https://www.wikidata.org/wiki/Q11268941#name	https://www.wikidata.org/wiki/Q11268941	assistant inspection of pair-bound reading evidence and stored semantic facts; targeted pages for identified problems	Recorded reading/surface pair and category supported by cited facts after rule corrections; not a claim of independent expert review	"{""entities"":[{""id"":""Q11268941"",""names"":[""しのぎけい"",""Kei Shinogi"",""篠木 圭""],""types"":[""Q5""],""parents"":[],""readings"":[],""title"":""しのぎけい"",""nameKinds"":{""しのぎけい"":[""label:ja"",""title:jawiki""],""Kei Shinogi"":[""label:en""],""篠木 圭"":[""alias:ja""]},""readingNames"":[""しのぎけい""],""primaryReadings"":[]}],""lexical"":[]}"
person	きづきあきら	きづきあきら	1851	1851	common	orthographic-kana;https://www.wikidata.org/wiki/Q11264875#name	https://www.wikidata.org/wiki/Q11264875	assistant inspection of pair-bound reading evidence and stored semantic facts; targeted pages for identified problems	Recorded reading/surface pair and category supported by cited facts after rule corrections; not a claim of independent expert review	"{""entities"":[{""id"":""Q11264875"",""names"":[""きづきあきら"",""Akira Kiduki"",""サトウナンキ""],""types"":[""Q5""],""parents"":[],""readings"":[],""title"":""きづきあきら"",""nameKinds"":{""きづきあきら"":[""label:ja"",""title:jawiki""],""Akira Kiduki"":[""label:en""],""サトウナンキ"":[""alias:ja""]},""readingNames"":[""きづきあきら""],""primaryReadings"":[]}],""lexical"":[]}"
person	ここちゅ	ココチュ	1851	1851	wiki	orthographic-kana;https://www.wikidata.org/wiki/Q7072496#name	https://www.wikidata.org/wiki/Q7072496	assistant inspection of pair-bound reading evidence and stored semantic facts; targeted pages for identified problems	Recorded reading/surface pair and category supported by cited facts after rule corrections; not a claim of independent expert review	"{""entities"":[{""id"":""Q7072496"",""names"":[""Kuokuochu"",""ココチュ"",""Kököčü"",""Kököcü"",""ココチュ (寧王)""],""types"":[""Q5""],""parents"":[],""readings"":[],""title"":""ココチュ (寧王)"",""nameKinds"":{""Kuokuochu"":[""label:en""],""ココチュ"":[""label:ja""],""Kököčü"":[""alias:ja""],""Kököcü"":[""alias:en""],""ココチュ (寧王)"":[""title:jawiki""]},""readingNames"":[""ココチュ""],""primaryReadings"":[]}],""lexical"":[]}"
person	あっりあのす	アッリアノス	1851	1851	common	orthographic-kana;https://www.wikidata.org/wiki/Q31845#name	https://www.wikidata.org/wiki/Q31845	assistant inspection of pair-bound reading evidence and stored semantic facts; targeted pages for identified problems	Recorded reading/surface pair and category supported by cited facts after rule corrections; not a claim of independent expert review	"{""entities"":[{""id"":""Q31845"",""names"":[""アッリアノス"",""Arrian"",""フラウィウス・アリアヌス"",""アーリアヌス"",""フラウィオス・アリアノス"",""フラウィオス・アッリアノス"",""フラウィウス・アッリアヌス"",""アリアノス"",""Arrian of Nicomedia"",""Lucius Flavius Arrianus"",""Flavius Arrian"",""Flavius Arrianus"",""Arrien"",""Arriános"",""Flavio Arriano"",""Lucio Flavio Arriano"",""Arriano"",""Flaviĭ Arrian""],""types"":[""Q5""],""parents"":[],""readings"":[],""title"":""アッリアノス"",""nameKinds"":{""アッリアノス"":[""label:ja"",""title:jawiki""],""Arrian"":[""label:en""],""フラウィウス・アリアヌス"":[""alias:ja""],""アーリアヌス"":[""alias:ja""],""フラウィオス・アリアノス"":[""alias:ja""],""フラウィオス・アッリアノス"":[""alias:ja""],""フラウィウス・アッリアヌス"":[""alias:ja""],""アリアノス"":[""alias:ja""],""Arrian of Nicomedia"":[""alias:en""],""Lucius Flavius Arrianus"":[""alias:en""],""Flavius Arrian"":[""alias:en""],""Flavius Arrianus"":[""alias:en""],""Arrien"":[""alias:en""],""Arriános"":[""alias:en""],""Flavio Arriano"":[""alias:en""],""Lucio Flavio Arriano"":[""alias:en""],""Arriano"":[""alias:en""],""Flaviĭ Arrian"":[""alias:en""]},""readingNames"":[""アッリアノス""],""primaryReadings"":[]}],""lexical"":[]}"
person	たうけ	タウケ	1851	1851	common	orthographic-kana;https://www.wikidata.org/wiki/Q2497155#name	https://www.wikidata.org/wiki/Q2497155	assistant inspection of pair-bound reading evidence and stored semantic facts; targeted pages for identified problems	Recorded reading/surface pair and category supported by cited facts after rule corrections; not a claim of independent expert review	"{""entities"":[{""id"":""Q2497155"",""names"":[""Tauke Khan"",""タウケ""],""types"":[""Q5""],""parents"":[],""readings"":[],""title"":""タウケ"",""nameKinds"":{""Tauke Khan"":[""label:en""],""タウケ"":[""label:ja"",""title:jawiki""]},""readingNames"":[""タウケ""],""primaryReadings"":[]}],""lexical"":[]}"
person	たりち	タリチ	1851	1851	common	orthographic-kana;https://www.wikidata.org/wiki/Q85872161#name	https://www.wikidata.org/wiki/Q85872161	assistant inspection of pair-bound reading evidence and stored semantic facts; targeted pages for identified problems	Recorded reading/surface pair and category supported by cited facts after rule corrections; not a claim of independent expert review	"{""entities"":[{""id"":""Q85872161"",""names"":[""タリチ"",""Taliči""],""types"":[""Q5""],""parents"":[],""readings"":[],""title"":""タリチ"",""nameKinds"":{""タリチ"":[""label:ja"",""title:jawiki""],""Taliči"":[""label:en""]},""readingNames"":[""タリチ""],""primaryReadings"":[]}],""lexical"":[]}"
person	ゆいか	ゆいか	1851	1851	person	orthographic-kana;https://www.wikidata.org/wiki/Q65043254#name	https://www.wikidata.org/wiki/Q65043254	assistant inspection of pair-bound reading evidence and stored semantic facts; targeted pages for identified problems	Recorded reading/surface pair and category supported by cited facts after rule corrections; not a claim of independent expert review	"{""entities"":[{""id"":""Q65043254"",""names"":[""Yuika"",""ゆいか"",""ユイカ""],""types"":[""Q11879590"",""Q88865478""],""parents"":[],""readings"":[],""nameKinds"":{""Yuika"":[""label:en""],""ゆいか"":[""label:ja""],""ユイカ"":[""alias:ja""]},""readingNames"":[""ゆいか""],""primaryReadings"":[]}],""lexical"":[]}"
person	えのきどいちろう	えのきどいちろう	1851	1851	person,common	orthographic-kana;https://www.wikidata.org/wiki/Q16264592#name	https://www.wikidata.org/wiki/Q16264592	assistant inspection of pair-bound reading evidence and stored semantic facts; targeted pages for identified problems	Recorded reading/surface pair and category supported by cited facts after rule corrections; not a claim of independent expert review	"{""entities"":[{""id"":""Q16264592"",""names"":[""えのきどいちろう"",""Ichirō Enokido""],""types"":[""Q5""],""parents"":[],""readings"":[],""title"":""えのきどいちろう"",""nameKinds"":{""えのきどいちろう"":[""label:ja"",""title:jawiki""],""Ichirō Enokido"":[""label:en""]},""readingNames"":[""えのきどいちろう""],""primaryReadings"":[]}],""lexical"":[]}"
person	へかとむのす	ヘカトムノス	1851	1851	wiki	orthographic-kana;https://www.wikidata.org/wiki/Q1370645#name	https://www.wikidata.org/wiki/Q1370645	assistant inspection of pair-bound reading evidence and stored semantic facts; targeted pages for identified problems	Recorded reading/surface pair and category supported by cited facts after rule corrections; not a claim of independent expert review	"{""entities"":[{""id"":""Q1370645"",""names"":[""Hecatomnus"",""ヘカトムノス"",""Hecatomnus of Mylasa"",""Hekatomnos""],""types"":[""Q5""],""parents"":[],""readings"":[],""title"":""ヘカトムノス"",""nameKinds"":{""Hecatomnus"":[""label:en""],""ヘカトムノス"":[""label:ja"",""title:jawiki""],""Hecatomnus of Mylasa"":[""alias:en""],""Hekatomnos"":[""alias:en""]},""readingNames"":[""ヘカトムノス""],""primaryReadings"":[]}],""lexical"":[]}"
person	かのうゆめ	かのうゆめ	1851	1851	neologd	orthographic-kana;https://www.wikidata.org/wiki/Q141171546#name	https://www.wikidata.org/wiki/Q141171546	assistant inspection of pair-bound reading evidence and stored semantic facts; targeted pages for identified problems	Recorded reading/surface pair and category supported by cited facts after rule corrections; not a claim of independent expert review	"{""entities"":[{""id"":""Q141171546"",""names"":[""かのうゆめ"",""Yume Kanou""],""types"":[""Q5""],""parents"":[],""readings"":[],""nameKinds"":{""かのうゆめ"":[""label:ja""],""Yume Kanou"":[""label:en""]},""readingNames"":[""かのうゆめ""],""primaryReadings"":[]}],""lexical"":[]}"
person	にもし	にもし	1851	1851	wiki	orthographic-kana;https://www.wikidata.org/wiki/Q106274314#name	https://www.wikidata.org/wiki/Q106274314	assistant inspection of pair-bound reading evidence and stored semantic facts; targeted pages for identified problems	Recorded reading/surface pair and category supported by cited facts after rule corrections; not a claim of independent expert review	"{""entities"":[{""id"":""Q106274314"",""names"":[""Nimoshi"",""にもし""],""types"":[""Q5""],""parents"":[],""readings"":[],""title"":""にもし"",""nameKinds"":{""Nimoshi"":[""label:en""],""にもし"":[""label:ja"",""title:jawiki""]},""readingNames"":[""にもし""],""primaryReadings"":[]}],""lexical"":[]}"
person	まつやまいぐさ	まつやまいぐさ	1851	1851	common	orthographic-kana;https://www.wikidata.org/wiki/Q11278413#name	https://www.wikidata.org/wiki/Q11278413	assistant inspection of pair-bound reading evidence and stored semantic facts; targeted pages for identified problems	Recorded reading/surface pair and category supported by cited facts after rule corrections; not a claim of independent expert review	"{""entities"":[{""id"":""Q11278413"",""names"":[""まつやまいぐさ"",""Matsuyama Igusa""],""types"":[""Q5""],""parents"":[],""readings"":[],""title"":""まつやまいぐさ"",""nameKinds"":{""まつやまいぐさ"":[""label:ja"",""title:jawiki""],""Matsuyama Igusa"":[""label:en""]},""readingNames"":[""まつやまいぐさ""],""primaryReadings"":[]}],""lexical"":[]}"
person	みきつきみ	みきつきみ	1851	1851	common	orthographic-kana;https://www.wikidata.org/wiki/Q24021038#name	https://www.wikidata.org/wiki/Q24021038	assistant inspection of pair-bound reading evidence and stored semantic facts; targeted pages for identified problems	Recorded reading/surface pair and category supported by cited facts after rule corrections; not a claim of independent expert review	"{""entities"":[{""id"":""Q24021038"",""names"":[""みきつきみ"",""Tsukimi Miki"",""内藤圭二"",""Keiji Naitō""],""types"":[""Q5""],""parents"":[],""readings"":[],""title"":""みきつきみ"",""nameKinds"":{""みきつきみ"":[""label:ja"",""title:jawiki""],""Tsukimi Miki"":[""label:en""],""内藤圭二"":[""alias:ja""],""Keiji Naitō"":[""alias:en""]},""readingNames"":[""みきつきみ""],""primaryReadings"":[]}],""lexical"":[]}"
person	むうたすぃむ	ムウタスィム	1851	1851	common	orthographic-kana;https://www.wikidata.org/wiki/Q284550#name	https://www.wikidata.org/wiki/Q284550	assistant inspection of pair-bound reading evidence and stored semantic facts; targeted pages for identified problems	Recorded reading/surface pair and category supported by cited facts after rule corrections; not a claim of independent expert review	"{""entities"":[{""id"":""Q284550"",""names"":[""Al-Mu'tasim"",""ムウタスィム"",""Abu Ishaq 'Abbas al-Mu'tasim ibn Harun al-Rashid""],""types"":[""Q5""],""parents"":[],""readings"":[],""title"":""ムウタスィム"",""nameKinds"":{""Al-Mu'tasim"":[""label:en""],""ムウタスィム"":[""label:ja"",""title:jawiki""],""Abu Ishaq 'Abbas al-Mu'tasim ibn Harun al-Rashid"":[""alias:en""]},""readingNames"":[""ムウタスィム""],""primaryReadings"":[]}],""lexical"":[]}"
person	うえだゆうじ	うえだゆうじ	1851	1851	person,common	orthographic-kana;https://www.wikidata.org/wiki/Q1196972#name	https://www.wikidata.org/wiki/Q1196972	assistant inspection of pair-bound reading evidence and stored semantic facts; targeted pages for identified problems	Recorded reading/surface pair and category supported by cited facts after rule corrections; not a claim of independent expert review	"{""entities"":[{""id"":""Q1196972"",""names"":[""うえだゆうじ"",""Yūji Ueda"",""上田祐司"",""Yuji Ueda"",""Yuuji Ueda"",""Ueda Yūji"",""Ueda Yuji"",""Ueda Yuuji""],""types"":[""Q5""],""parents"":[],""readings"":[],""title"":""うえだゆうじ"",""nameKinds"":{""うえだゆうじ"":[""label:ja"",""title:jawiki""],""Yūji Ueda"":[""label:en""],""上田祐司"":[""alias:ja""],""Yuji Ueda"":[""alias:en""],""Yuuji Ueda"":[""alias:en""],""Ueda Yūji"":[""alias:en""],""Ueda Yuji"":[""alias:en""],""Ueda Yuuji"":[""alias:en""]},""readingNames"":[""うえだゆうじ""],""primaryReadings"":[]}],""lexical"":[]}"
person	こるねーりあ	コルネーリア	1851	1851	wiki	orthographic-kana;https://www.wikidata.org/wiki/Q16746896#name	https://www.wikidata.org/wiki/Q16746896	assistant inspection of pair-bound reading evidence and stored semantic facts; targeted pages for identified problems	Recorded reading/surface pair and category supported by cited facts after rule corrections; not a claim of independent expert review	"{""entities"":[{""id"":""Q16746896"",""names"":[""Kornelia"",""コルネーリア""],""types"":[""Q11879590""],""parents"":[],""readings"":[],""nameKinds"":{""Kornelia"":[""label:en"",""alias:ja""],""コルネーリア"":[""label:ja""]},""readingNames"":[""コルネーリア""],""primaryReadings"":[]}],""lexical"":[]}"
person	ねじがなめた	ねじがなめた	1851	1851	neologd	orthographic-kana;https://www.wikidata.org/wiki/Q138807610#name	https://www.wikidata.org/wiki/Q138807610	assistant inspection of pair-bound reading evidence and stored semantic facts; targeted pages for identified problems	Recorded reading/surface pair and category supported by cited facts after rule corrections; not a claim of independent expert review	"{""entities"":[{""id"":""Q138807610"",""names"":[""Nejiganameta"",""ねじがなめた"",""NEJIGANAMETA"",""Nejiga Nameta""],""types"":[""Q5""],""parents"":[],""readings"":[],""nameKinds"":{""Nejiganameta"":[""label:en""],""ねじがなめた"":[""label:ja""],""NEJIGANAMETA"":[""alias:en""],""Nejiga Nameta"":[""alias:en""]},""readingNames"":[""ねじがなめた""],""primaryReadings"":[]}],""lexical"":[]}"
person	ありすとめねす	アリストメネス	1851	1851	common	orthographic-kana;https://www.wikidata.org/wiki/Q1258025#name	https://www.wikidata.org/wiki/Q1258025	assistant inspection of pair-bound reading evidence and stored semantic facts; targeted pages for identified problems	Recorded reading/surface pair and category supported by cited facts after rule corrections; not a claim of independent expert review	"{""entities"":[{""id"":""Q1258025"",""names"":[""Aristomenes"",""アリストメネス""],""types"":[""Q5""],""parents"":[],""readings"":[],""title"":""アリストメネス"",""nameKinds"":{""Aristomenes"":[""label:en""],""アリストメネス"":[""label:ja"",""title:jawiki""]},""readingNames"":[""アリストメネス""],""primaryReadings"":[]}],""lexical"":[]}"
person	いぇすい	イェスイ	1851	1851	common	orthographic-kana;https://www.wikidata.org/wiki/Q4177257#name	https://www.wikidata.org/wiki/Q4177257	assistant inspection of pair-bound reading evidence and stored semantic facts; targeted pages for identified problems	Recorded reading/surface pair and category supported by cited facts after rule corrections; not a claim of independent expert review	"{""entities"":[{""id"":""Q4177257"",""names"":[""Yesui"",""イェスイ"",""イェスルン""],""types"":[""Q5""],""parents"":[],""readings"":[],""title"":""イェスイ"",""nameKinds"":{""Yesui"":[""label:en""],""イェスイ"":[""label:ja"",""title:jawiki""],""イェスルン"":[""alias:ja""]},""readingNames"":[""イェスイ""],""primaryReadings"":[]}],""lexical"":[]}"
person	わりあ	ワリア	1851	1851	common	orthographic-kana;https://www.wikidata.org/wiki/Q1463732#name	https://www.wikidata.org/wiki/Q1463732	assistant inspection of pair-bound reading evidence and stored semantic facts; targeted pages for identified problems	Recorded reading/surface pair and category supported by cited facts after rule corrections; not a claim of independent expert review	"{""entities"":[{""id"":""Q1463732"",""names"":[""Wallia"",""ワリア"",""Walia"",""Valia""],""types"":[""Q5""],""parents"":[],""readings"":[],""title"":""ワリア"",""nameKinds"":{""Wallia"":[""label:en""],""ワリア"":[""label:ja"",""title:jawiki""],""Walia"":[""alias:en""],""Valia"":[""alias:en""]},""readingNames"":[""ワリア""],""primaryReadings"":[]}],""lexical"":[]}"
person	いとうまゆ	いとうまゆ	1851	1851	person,common	orthographic-kana;https://www.wikidata.org/wiki/Q11259801#name	https://www.wikidata.org/wiki/Q11259801	assistant inspection of pair-bound reading evidence and stored semantic facts; targeted pages for identified problems	Recorded reading/surface pair and category supported by cited facts after rule corrections; not a claim of independent expert review	"{""entities"":[{""id"":""Q11259801"",""names"":[""いとうまゆ"",""Mayu Itō"",""伊藤美帆"",""Miho Ito"",""Miho Itou"",""Miho Itō"",""Mayu Ito""],""types"":[""Q5""],""parents"":[],""readings"":[],""title"":""いとうまゆ"",""nameKinds"":{""いとうまゆ"":[""label:ja"",""title:jawiki""],""Mayu Itō"":[""label:en""],""伊藤美帆"":[""alias:ja""],""Miho Ito"":[""alias:en""],""Miho Itou"":[""alias:en""],""Miho Itō"":[""alias:en""],""Mayu Ito"":[""alias:en""]},""readingNames"":[""いとうまゆ""],""primaryReadings"":[]}],""lexical"":[]}"
person	あらわるす	アラワルス	1851	1851	wiki	orthographic-kana;https://www.wikidata.org/wiki/Q45465365#name	https://www.wikidata.org/wiki/Q45465365	assistant inspection of pair-bound reading evidence and stored semantic facts; targeted pages for identified problems	Recorded reading/surface pair and category supported by cited facts after rule corrections; not a claim of independent expert review	"{""entities"":[{""id"":""Q45465365"",""names"":[""Alawaersi"",""アラワルス"",""Alawars""],""types"":[""Q5""],""parents"":[],""readings"":[],""title"":""アラワルス"",""nameKinds"":{""Alawaersi"":[""label:en""],""アラワルス"":[""label:ja"",""title:jawiki""],""Alawars"":[""alias:en""]},""readingNames"":[""アラワルス""],""primaryReadings"":[]}],""lexical"":[]}"
person	ちゃいそんくらーむ	チャイソンクラーム	1851	1851	common	orthographic-kana;https://www.wikidata.org/wiki/Q1058875#name	https://www.wikidata.org/wiki/Q1058875	assistant inspection of pair-bound reading evidence and stored semantic facts; targeted pages for identified problems	Recorded reading/surface pair and category supported by cited facts after rule corrections; not a claim of independent expert review	"{""entities"":[{""id"":""Q1058875"",""names"":[""Chaiyasongkhram"",""チャイソンクラーム"",""Mangkhram"",""Khun khram""],""types"":[""Q5""],""parents"":[],""readings"":[],""title"":""チャイソンクラーム"",""nameKinds"":{""Chaiyasongkhram"":[""label:en"",""alias:en""],""チャイソンクラーム"":[""label:ja"",""title:jawiki""],""Mangkhram"":[""alias:en""],""Khun khram"":[""alias:en""]},""readingNames"":[""チャイソンクラーム""],""primaryReadings"":[]}],""lexical"":[]}"
person	ながてゆか	ながてゆか	1851	1851	common	orthographic-kana;https://www.wikidata.org/wiki/Q11274171#name	https://www.wikidata.org/wiki/Q11274171	assistant inspection of pair-bound reading evidence and stored semantic facts; targeted pages for identified problems	Recorded reading/surface pair and category supported by cited facts after rule corrections; not a claim of independent expert review	"{""entities"":[{""id"":""Q11274171"",""names"":[""ながてゆか"",""Yuka Nagate"",""ナガテユカ"",""Nagate Yuka""],""types"":[""Q5""],""parents"":[],""readings"":[],""title"":""ながてゆか"",""nameKinds"":{""ながてゆか"":[""label:ja"",""title:jawiki""],""Yuka Nagate"":[""label:en""],""ナガテユカ"":[""alias:ja""],""Nagate Yuka"":[""alias:en""]},""readingNames"":[""ながてゆか""],""primaryReadings"":[]}],""lexical"":[]}"
person	やまじえびね	やまじえびね	1851	1851	common	orthographic-kana;https://www.wikidata.org/wiki/Q1125852#name	https://www.wikidata.org/wiki/Q1125852	assistant inspection of pair-bound reading evidence and stored semantic facts; targeted pages for identified problems	Recorded reading/surface pair and category supported by cited facts after rule corrections; not a claim of independent expert review	"{""entities"":[{""id"":""Q1125852"",""names"":[""Ebine Yamaji"",""やまじえびね"",""Yamaji Ebine""],""types"":[""Q5""],""parents"":[],""readings"":[],""title"":""やまじえびね"",""nameKinds"":{""Ebine Yamaji"":[""label:en""],""やまじえびね"":[""label:ja"",""title:jawiki""],""Yamaji Ebine"":[""alias:en""]},""readingNames"":[""やまじえびね""],""primaryReadings"":[]}],""lexical"":[]}"
person	しなとるけす	シナトルケス	1851	1851	common	orthographic-kana;https://www.wikidata.org/wiki/Q317699#name	https://www.wikidata.org/wiki/Q317699	assistant inspection of pair-bound reading evidence and stored semantic facts; targeted pages for identified problems	Recorded reading/surface pair and category supported by cited facts after rule corrections; not a claim of independent expert review	"{""entities"":[{""id"":""Q317699"",""names"":[""Sanatruces of Parthia"",""シナトルケス"",""Sinatruces""],""types"":[""Q5""],""parents"":[],""readings"":[],""title"":""シナトルケス"",""nameKinds"":{""Sanatruces of Parthia"":[""label:en""],""シナトルケス"":[""label:ja"",""title:jawiki""],""Sinatruces"":[""alias:en""]},""readingNames"":[""シナトルケス""],""primaryReadings"":[]}],""lexical"":[]}"
person	まるてぃりお	マルティリオ	1851	1851	wiki	orthographic-kana;https://www.wikidata.org/wiki/Q454150#name	https://www.wikidata.org/wiki/Q454150	assistant inspection of pair-bound reading evidence and stored semantic facts; targeted pages for identified problems	Recorded reading/surface pair and category supported by cited facts after rule corrections; not a claim of independent expert review	"{""entities"":[{""id"":""Q454150"",""names"":[""Martirio"",""マルティリオ"",""マリア・イザベル・キニョネス・グティエレス"",""Maribel Quiñones""],""types"":[""Q5""],""parents"":[],""readings"":[],""title"":""マルティリオ"",""nameKinds"":{""Martirio"":[""label:en""],""マルティリオ"":[""label:ja"",""title:jawiki""],""マリア・イザベル・キニョネス・グティエレス"":[""alias:ja""],""Maribel Quiñones"":[""alias:en""]},""readingNames"":[""マルティリオ""],""primaryReadings"":[]}],""lexical"":[]}"
person	うせるからー	ウセルカラー	1851	1851	common	orthographic-kana;https://www.wikidata.org/wiki/Q258637#name	https://www.wikidata.org/wiki/Q258637	assistant inspection of pair-bound reading evidence and stored semantic facts; targeted pages for identified problems	Recorded reading/surface pair and category supported by cited facts after rule corrections; not a claim of independent expert review	"{""entities"":[{""id"":""Q258637"",""names"":[""Userkare"",""ウセルカラー""],""types"":[""Q5""],""parents"":[],""readings"":[],""title"":""ウセルカラー"",""nameKinds"":{""Userkare"":[""label:en""],""ウセルカラー"":[""label:ja"",""title:jawiki""]},""readingNames"":[""ウセルカラー""],""primaryReadings"":[]}],""lexical"":[]}"
person	さもすのあしおす	サモスのアシオス	1851	1851	common	orthographic-kana;https://www.wikidata.org/wiki/Q730625#name	https://www.wikidata.org/wiki/Q730625	assistant inspection of pair-bound reading evidence and stored semantic facts; targeted pages for identified problems	Recorded reading/surface pair and category supported by cited facts after rule corrections; not a claim of independent expert review	"{""entities"":[{""id"":""Q730625"",""names"":[""Asius of Samos"",""サモスのアシオス"",""Asius"",""Asios of Samos""],""types"":[""Q5""],""parents"":[],""readings"":[],""title"":""サモスのアシオス"",""nameKinds"":{""Asius of Samos"":[""label:en""],""サモスのアシオス"":[""label:ja"",""title:jawiki""],""Asius"":[""alias:en""],""Asios of Samos"":[""alias:en""]},""readingNames"":[""サモスのアシオス""],""primaryReadings"":[]}],""lexical"":[]}"
person	ふーみん	ふーみん	1851	1851	person	orthographic-kana;https://www.wikidata.org/wiki/Q56059689#name	https://www.wikidata.org/wiki/Q56059689	assistant inspection of pair-bound reading evidence and stored semantic facts; targeted pages for identified problems	Recorded reading/surface pair and category supported by cited facts after rule corrections; not a claim of independent expert review	"{""entities"":[{""id"":""Q56059689"",""names"":[""ふーみん"",""Fūmin"",""Fumiya Ōno"",""大野文弥""],""types"":[""Q5""],""parents"":[],""readings"":[],""title"":""ふーみん"",""nameKinds"":{""ふーみん"":[""label:ja"",""title:jawiki""],""Fūmin"":[""label:en""],""Fumiya Ōno"":[""alias:en""],""大野文弥"":[""alias:ja""]},""readingNames"":[""ふーみん""],""primaryReadings"":[]}],""lexical"":[]}"
person	らくしん	ラクシン	1851	1851	wiki	orthographic-kana;https://www.wikidata.org/wiki/Q96035002#name	https://www.wikidata.org/wiki/Q96035002	assistant inspection of pair-bound reading evidence and stored semantic facts; targeted pages for identified problems	Recorded reading/surface pair and category supported by cited facts after rule corrections; not a claim of independent expert review	"{""entities"":[{""id"":""Q96035002"",""names"":[""Raksin"",""ラクシン""],""types"":[""Q101352""],""parents"":[],""readings"":[],""nameKinds"":{""Raksin"":[""label:en"",""alias:ja""],""ラクシン"":[""label:ja""]},""readingNames"":[""ラクシン""],""primaryReadings"":[]}],""lexical"":[]}"
person	さえぐさじゅん	さえぐさじゅん	1851	1851	common	orthographic-kana;https://www.wikidata.org/wiki/Q105182933#name	https://www.wikidata.org/wiki/Q105182933	assistant inspection of pair-bound reading evidence and stored semantic facts; targeted pages for identified problems	Recorded reading/surface pair and category supported by cited facts after rule corrections; not a claim of independent expert review	"{""entities"":[{""id"":""Q105182933"",""names"":[""さえぐさじゅん"",""Jun Saegusa"",""Saegusa Jun"",""Zun Monogusa"",""Monogusa Zun"",""ものぐさずん""],""types"":[""Q5""],""parents"":[],""readings"":[],""title"":""さえぐさじゅん"",""nameKinds"":{""さえぐさじゅん"":[""label:ja"",""title:jawiki""],""Jun Saegusa"":[""label:en""],""Saegusa Jun"":[""alias:en""],""Zun Monogusa"":[""alias:en""],""Monogusa Zun"":[""alias:en""],""ものぐさずん"":[""alias:ja""]},""readingNames"":[""さえぐさじゅん""],""primaryReadings"":[]}],""lexical"":[]}"
person	くとるく	クトルク	1851	1851	wiki	orthographic-kana;https://www.wikidata.org/wiki/Q112365091#name	https://www.wikidata.org/wiki/Q112365091	assistant inspection of pair-bound reading evidence and stored semantic facts; targeted pages for identified problems	Recorded reading/surface pair and category supported by cited facts after rule corrections; not a claim of independent expert review	"{""entities"":[{""id"":""Q112365091"",""names"":[""クトルク"",""Qutluq"",""Hutulu""],""types"":[""Q5""],""parents"":[],""readings"":[],""title"":""クトルク"",""nameKinds"":{""クトルク"":[""label:ja"",""title:jawiki""],""Qutluq"":[""label:en""],""Hutulu"":[""alias:en""]},""readingNames"":[""クトルク""],""primaryReadings"":[]}],""lexical"":[]}"
person	かいとうぴんく	かいとうぴんく	1851	1851	common	orthographic-kana;https://www.wikidata.org/wiki/Q18226039#name	https://www.wikidata.org/wiki/Q18226039	assistant inspection of pair-bound reading evidence and stored semantic facts; targeted pages for identified problems	Recorded reading/surface pair and category supported by cited facts after rule corrections; not a claim of independent expert review	"{""entities"":[{""id"":""Q18226039"",""names"":[""かいとうぴんく"",""Kaitou Pink"",""Rina Yoshiguchi"",""吉口里奈""],""types"":[""Q5""],""parents"":[],""readings"":[],""title"":""かいとうぴんく"",""nameKinds"":{""かいとうぴんく"":[""label:ja"",""title:jawiki""],""Kaitou Pink"":[""label:en""],""Rina Yoshiguchi"":[""alias:en""],""吉口里奈"":[""alias:ja""]},""readingNames"":[""かいとうぴんく""],""primaryReadings"":[]}],""lexical"":[]}"
person	てりめねす	テリメネス	1851	1851	common	orthographic-kana;https://www.wikidata.org/wiki/Q1756498#name	https://www.wikidata.org/wiki/Q1756498	assistant inspection of pair-bound reading evidence and stored semantic facts; targeted pages for identified problems	Recorded reading/surface pair and category supported by cited facts after rule corrections; not a claim of independent expert review	"{""entities"":[{""id"":""Q1756498"",""names"":[""テリメネス"",""Therimenes""],""types"":[""Q5""],""parents"":[],""readings"":[],""title"":""テリメネス"",""nameKinds"":{""テリメネス"":[""label:ja"",""title:jawiki""],""Therimenes"":[""label:en""]},""readingNames"":[""テリメネス""],""primaryReadings"":[]}],""lexical"":[]}"
person	ちゅんしゃん	チュンシャン	1851	1851	common	orthographic-kana;https://www.wikidata.org/wiki/Q16076935#name	https://www.wikidata.org/wiki/Q16076935	assistant inspection of pair-bound reading evidence and stored semantic facts; targeted pages for identified problems	Recorded reading/surface pair and category supported by cited facts after rule corrections; not a claim of independent expert review	"{""entities"":[{""id"":""Q16076935"",""names"":[""チュンシャン"",""Čungšan""],""types"":[""Q5""],""parents"":[],""readings"":[],""title"":""チュンシャン"",""nameKinds"":{""チュンシャン"":[""label:ja"",""title:jawiki""],""Čungšan"":[""label:en""]},""readingNames"":[""チュンシャン""],""primaryReadings"":[]}],""lexical"":[]}"
person	そうるー	ソウルー	1851	1851	common	orthographic-kana;https://www.wikidata.org/wiki/Q1395934#name	https://www.wikidata.org/wiki/Q1395934	assistant inspection of pair-bound reading evidence and stored semantic facts; targeted pages for identified problems	Recorded reading/surface pair and category supported by cited facts after rule corrections; not a claim of independent expert review	"{""entities"":[{""id"":""Q1395934"",""names"":[""ソウルー"",""Sawlu""],""types"":[""Q5""],""parents"":[],""readings"":[],""title"":""ソウルー"",""nameKinds"":{""ソウルー"":[""label:ja"",""title:jawiki""],""Sawlu"":[""label:en""]},""readingNames"":[""ソウルー""],""primaryReadings"":[]}],""lexical"":[]}"
person	ひめのあきら	ヒメノアキラ	1851	1851	person	orthographic-kana;https://www.wikidata.org/wiki/Q136692790#name	https://www.wikidata.org/wiki/Q136692790	assistant inspection of pair-bound reading evidence and stored semantic facts; targeted pages for identified problems	Recorded reading/surface pair and category supported by cited facts after rule corrections; not a claim of independent expert review	"{""entities"":[{""id"":""Q136692790"",""names"":[""ヒメノアキラ""],""types"":[""Q5""],""parents"":[],""readings"":[],""title"":""ヒメノアキラ"",""nameKinds"":{""ヒメノアキラ"":[""label:ja"",""title:jawiki""]},""readingNames"":[""ヒメノアキラ""],""primaryReadings"":[]}],""lexical"":[]}"
person	にのす	ニノス	1851	1851	wiki	orthographic-kana;https://www.wikidata.org/wiki/Q1152356#name	https://www.wikidata.org/wiki/Q1152356	assistant inspection of pair-bound reading evidence and stored semantic facts; targeted pages for identified problems	Recorded reading/surface pair and category supported by cited facts after rule corrections; not a claim of independent expert review	"{""entities"":[{""id"":""Q1152356"",""names"":[""Ninus"",""ニヌス"",""Ninos"",""ニノス""],""types"":[""Q22988604"",""Q16513904"",""Q5"",""Q6517872""],""parents"":[],""readings"":[],""title"":""ニノス"",""nameKinds"":{""Ninus"":[""label:en""],""ニヌス"":[""label:ja""],""Ninos"":[""alias:en""],""ニノス"":[""alias:ja"",""title:jawiki""]},""readingNames"":[""ニヌス""],""primaryReadings"":[]}],""lexical"":[]}"
person	おろろす	オロロス	1851	1851	common	orthographic-kana;https://www.wikidata.org/wiki/Q511862#name	https://www.wikidata.org/wiki/Q511862	assistant inspection of pair-bound reading evidence and stored semantic facts; targeted pages for identified problems	Recorded reading/surface pair and category supported by cited facts after rule corrections; not a claim of independent expert review	"{""entities"":[{""id"":""Q511862"",""names"":[""Olorus"",""オロロス"",""Orolus"",""Oloros"",""Orolos""],""types"":[""Q5""],""parents"":[],""readings"":[],""title"":""オロロス"",""nameKinds"":{""Olorus"":[""label:en""],""オロロス"":[""label:ja"",""title:jawiki""],""Orolus"":[""alias:en""],""Oloros"":[""alias:en""],""Orolos"":[""alias:en""]},""readingNames"":[""オロロス""],""primaryReadings"":[]}],""lexical"":[]}"
person	きゅーらいす	キューライス	1851	1851	common	orthographic-kana;https://www.wikidata.org/wiki/Q51166463#name	https://www.wikidata.org/wiki/Q51166463	assistant inspection of pair-bound reading evidence and stored semantic facts; targeted pages for identified problems	Recorded reading/surface pair and category supported by cited facts after rule corrections; not a claim of independent expert review	"{""entities"":[{""id"":""Q51166463"",""names"":[""キューライス"",""Q-rais"",""Yūsuke Sakamoto"",""Kyuraisu"",""坂元友介""],""types"":[""Q5""],""parents"":[],""readings"":[],""title"":""キューライス"",""nameKinds"":{""キューライス"":[""label:ja"",""title:jawiki""],""Q-rais"":[""label:en""],""Yūsuke Sakamoto"":[""alias:en""],""Kyuraisu"":[""alias:en""],""坂元友介"":[""alias:ja""]},""readingNames"":[""キューライス""],""primaryReadings"":[]}],""lexical"":[]}"
person	ねちん	ネチン	1851	1851	wiki	orthographic-kana;https://www.wikidata.org/wiki/Q15934140#name	https://www.wikidata.org/wiki/Q15934140	assistant inspection of pair-bound reading evidence and stored semantic facts; targeted pages for identified problems	Recorded reading/surface pair and category supported by cited facts after rule corrections; not a claim of independent expert review	"{""entities"":[{""id"":""Q15934140"",""names"":[""Necin"",""ノチン"",""Niuhulu Neqin"",""Niuhulu Naqin"",""Niohuru Necin"",""Neqin"",""No-ch'in"",""訥親"",""鈕祜禄・訥親"",""ネチン""],""types"":[""Q5""],""parents"":[],""readings"":[],""title"":""ネチン"",""nameKinds"":{""Necin"":[""label:en""],""ノチン"":[""label:ja""],""Niuhulu Neqin"":[""alias:en""],""Niuhulu Naqin"":[""alias:en""],""Niohuru Necin"":[""alias:en""],""Neqin"":[""alias:en""],""No-ch'in"":[""alias:en""],""訥親"":[""alias:ja""],""鈕祜禄・訥親"":[""alias:ja""],""ネチン"":[""alias:ja"",""title:jawiki""]},""readingNames"":[""ノチン""],""primaryReadings"":[]}],""lexical"":[]}"
person	うるます	ウルマス	1851	1851	wiki	orthographic-kana;https://www.wikidata.org/wiki/Q45688258#name	https://www.wikidata.org/wiki/Q45688258	assistant inspection of pair-bound reading evidence and stored semantic facts; targeted pages for identified problems	Recorded reading/surface pair and category supported by cited facts after rule corrections; not a claim of independent expert review	"{""entities"":[{""id"":""Q45688258"",""names"":[""Yuelimasi"",""ウルマス"",""Urmas""],""types"":[""Q5""],""parents"":[],""readings"":[],""title"":""ウルマス"",""nameKinds"":{""Yuelimasi"":[""label:en""],""ウルマス"":[""label:ja"",""title:jawiki""],""Urmas"":[""alias:en""]},""readingNames"":[""ウルマス""],""primaryReadings"":[]}],""lexical"":[]}"
person	まうこむ	マウコム	1851	1851	wiki	orthographic-kana;https://www.wikidata.org/wiki/Q16745198#name	https://www.wikidata.org/wiki/Q16745198	assistant inspection of pair-bound reading evidence and stored semantic facts; targeted pages for identified problems	Recorded reading/surface pair and category supported by cited facts after rule corrections; not a claim of independent expert review	"{""entities"":[{""id"":""Q16745198"",""names"":[""Malcom"",""マウコム・フィリペ・シウヴァ・デ・オリヴェイラ"",""Malcom Filipe Silva de Oliveira"",""マウコム""],""types"":[""Q5""],""parents"":[],""readings"":[],""title"":""マウコム"",""nameKinds"":{""Malcom"":[""label:en""],""マウコム・フィリペ・シウヴァ・デ・オリヴェイラ"":[""label:ja""],""Malcom Filipe Silva de Oliveira"":[""alias:en""],""マウコム"":[""alias:ja"",""title:jawiki""]},""readingNames"":[""マウコム・フィリペ・シウヴァ・デ・オリヴェイラ""],""primaryReadings"":[]}],""lexical"":[]}"
person	へらくれあのまるきあのす	ヘラクレアのマルキアノス	1851	1851	common	orthographic-kana;https://www.wikidata.org/wiki/Q1165497#name	https://www.wikidata.org/wiki/Q1165497	assistant inspection of pair-bound reading evidence and stored semantic facts; targeted pages for identified problems	Recorded reading/surface pair and category supported by cited facts after rule corrections; not a claim of independent expert review	"{""entities"":[{""id"":""Q1165497"",""names"":[""ヘラクレアのマルキアノス"",""Marcianus of Heraclea"",""Markianos of Heraclea""],""types"":[""Q5""],""parents"":[],""readings"":[],""title"":""ヘラクレアのマルキアノス"",""nameKinds"":{""ヘラクレアのマルキアノス"":[""label:ja"",""title:jawiki""],""Marcianus of Heraclea"":[""label:en""],""Markianos of Heraclea"":[""alias:en""]},""readingNames"":[""ヘラクレアのマルキアノス""],""primaryReadings"":[]}],""lexical"":[]}"
person	ちょろふも	チョロフモ	1851	1851	wiki	orthographic-kana;https://www.wikidata.org/wiki/Q5767283#name	https://www.wikidata.org/wiki/Q5767283	assistant inspection of pair-bound reading evidence and stored semantic facts; targeted pages for identified problems	Recorded reading/surface pair and category supported by cited facts after rule corrections; not a claim of independent expert review	"{""entities"":[{""id"":""Q5767283"",""names"":[""チョロフモ""],""types"":[""Q5""],""parents"":[],""readings"":[],""title"":""チョロフモ"",""nameKinds"":{""チョロフモ"":[""label:ja"",""title:jawiki""]},""readingNames"":[""チョロフモ""],""primaryReadings"":[]}],""lexical"":[]}"
person	うぃかむのうぃりあむ	ウィカムのウィリアム	1851	1851	common	orthographic-kana;https://www.wikidata.org/wiki/Q723451#name	https://www.wikidata.org/wiki/Q723451	assistant inspection of pair-bound reading evidence and stored semantic facts; targeted pages for identified problems	Recorded reading/surface pair and category supported by cited facts after rule corrections; not a claim of independent expert review	"{""entities"":[{""id"":""Q723451"",""names"":[""ウィカムのウィリアム"",""William of Wykeham"",""ウィリアム・オブ・ウィカム"",""ウィッカムのウィリアム"",""ヰカムのヰリアム"",""ワイカムのウィリアム"",""ウィリアム・ワイカム"",""ウィリアム・ウィカム"",""ウィリアム・オブ・ワイカム"",""ウィリアム・ウィッカム"",""Bishop William of Wykeham"",""William of Wykeham, Bishop of Winchester""],""types"":[""Q5""],""parents"":[],""readings"":[],""title"":""ウィカムのウィリアム"",""nameKinds"":{""ウィカムのウィリアム"":[""label:ja"",""title:jawiki""],""William of Wykeham"":[""label:en""],""ウィリアム・オブ・ウィカム"":[""alias:ja""],""ウィッカムのウィリアム"":[""alias:ja""],""ヰカムのヰリアム"":[""alias:ja""],""ワイカムのウィリアム"":[""alias:ja""],""ウィリアム・ワイカム"":[""alias:ja""],""ウィリアム・ウィカム"":[""alias:ja""],""ウィリアム・オブ・ワイカム"":[""alias:ja""],""ウィリアム・ウィッカム"":[""alias:ja""],""Bishop William of Wykeham"":[""alias:en""],""William of Wykeham, Bishop of Winchester"":[""alias:en""]},""readingNames"":[""ウィカムのウィリアム""],""primaryReadings"":[]}],""lexical"":[]}"
person	だるまさん	だるまさん	1851	1851	common	orthographic-kana;https://www.wikidata.org/wiki/Q11271600#name	https://www.wikidata.org/wiki/Q11271600	assistant inspection of pair-bound reading evidence and stored semantic facts; targeted pages for identified problems	Recorded reading/surface pair and category supported by cited facts after rule corrections; not a claim of independent expert review	"{""entities"":[{""id"":""Q11271600"",""names"":[""だるまさん"",""Darumasan"",""OHYA""],""types"":[""Q5""],""parents"":[],""readings"":[],""title"":""だるまさん"",""nameKinds"":{""だるまさん"":[""label:ja"",""title:jawiki""],""Darumasan"":[""label:en""],""OHYA"":[""alias:ja""]},""readingNames"":[""だるまさん""],""primaryReadings"":[]}],""lexical"":[]}"
person	つぇるれってぃ	ツェルレッティ	1851	1851	wiki	orthographic-kana;https://www.wikidata.org/wiki/Q2706353#name	https://www.wikidata.org/wiki/Q2706353	assistant inspection of pair-bound reading evidence and stored semantic facts; targeted pages for identified problems	Recorded reading/surface pair and category supported by cited facts after rule corrections; not a claim of independent expert review	"{""entities"":[{""id"":""Q2706353"",""names"":[""ツェルレッティ"",""Ugo Cerletti"",""ウーゴ・チェルレッティ""],""types"":[""Q5""],""parents"":[],""readings"":[],""title"":""ウーゴ・チェルレッティ"",""nameKinds"":{""ツェルレッティ"":[""label:ja""],""Ugo Cerletti"":[""label:en""],""ウーゴ・チェルレッティ"":[""alias:ja"",""title:jawiki""]},""readingNames"":[""ツェルレッティ""],""primaryReadings"":[]}],""lexical"":[]}"
person	れおかれす	レオカレス	1851	1851	wiki	orthographic-kana;https://www.wikidata.org/wiki/Q323430#name	https://www.wikidata.org/wiki/Q323430	assistant inspection of pair-bound reading evidence and stored semantic facts; targeted pages for identified problems	Recorded reading/surface pair and category supported by cited facts after rule corrections; not a claim of independent expert review	"{""entities"":[{""id"":""Q323430"",""names"":[""Leochares"",""レオカレス""],""types"":[""Q5""],""parents"":[],""readings"":[],""title"":""レオカレス"",""nameKinds"":{""Leochares"":[""label:en""],""レオカレス"":[""label:ja"",""title:jawiki""]},""readingNames"":[""レオカレス""],""primaryReadings"":[]}],""lexical"":[]}"
person	おのまくりとす	オノマクリトス	1851	1851	common	orthographic-kana;https://www.wikidata.org/wiki/Q537647#name	https://www.wikidata.org/wiki/Q537647	assistant inspection of pair-bound reading evidence and stored semantic facts; targeted pages for identified problems	Recorded reading/surface pair and category supported by cited facts after rule corrections; not a claim of independent expert review	"{""entities"":[{""id"":""Q537647"",""names"":[""Onomacritus"",""オノマクリトス"",""Onomakritos""],""types"":[""Q5""],""parents"":[],""readings"":[],""title"":""オノマクリトス"",""nameKinds"":{""Onomacritus"":[""label:en""],""オノマクリトス"":[""label:ja"",""title:jawiki""],""Onomakritos"":[""alias:en""]},""readingNames"":[""オノマクリトス""],""primaryReadings"":[]}],""lexical"":[]}"
person	しーくえんすはやとも	シークエンスはやとも	1851	1851	person,common	orthographic-kana;https://www.wikidata.org/wiki/Q97341845#name	https://www.wikidata.org/wiki/Q97341845	assistant inspection of pair-bound reading evidence and stored semantic facts; targeted pages for identified problems	Recorded reading/surface pair and category supported by cited facts after rule corrections; not a claim of independent expert review	"{""entities"":[{""id"":""Q97341845"",""names"":[""シークエンスはやとも"",""Hayatomo Takahashi"",""高橋駿等""],""types"":[""Q5""],""parents"":[],""readings"":[],""title"":""シークエンスはやとも"",""nameKinds"":{""シークエンスはやとも"":[""label:ja"",""title:jawiki""],""Hayatomo Takahashi"":[""alias:en""],""高橋駿等"":[""alias:ja""]},""readingNames"":[""シークエンスはやとも""],""primaryReadings"":[]}],""lexical"":[]}"
person	かすか	カスカ	1851	1851	person	orthographic-kana;https://www.wikidata.org/wiki/Q137668495#name	https://www.wikidata.org/wiki/Q137668495	assistant inspection of pair-bound reading evidence and stored semantic facts; targeted pages for identified problems	Recorded reading/surface pair and category supported by cited facts after rule corrections; not a claim of independent expert review	"{""entities"":[{""id"":""Q137668495"",""names"":[""カスカ"",""KASUKA"",""kasuka""],""types"":[""Q5""],""parents"":[],""readings"":[],""nameKinds"":{""カスカ"":[""label:ja""],""KASUKA"":[""label:en""],""kasuka"":[""alias:en""]},""readingNames"":[""カスカ""],""primaryReadings"":[]}],""lexical"":[]}"
person	くれいろ	クレイロ	1851	1851	common	orthographic-kana;https://www.wikidata.org/wiki/Q52433533#name	https://www.wikidata.org/wiki/Q52433533	assistant inspection of pair-bound reading evidence and stored semantic facts; targeted pages for identified problems	Recorded reading/surface pair and category supported by cited facts after rule corrections; not a claim of independent expert review	"{""entities"":[{""id"":""Q52433533"",""names"":[""Clairo"",""クレイロ"",""Claire Elizabeth Cottrill""],""types"":[""Q5""],""parents"":[],""readings"":[],""title"":""クレイロ"",""nameKinds"":{""Clairo"":[""label:en""],""クレイロ"":[""label:ja"",""title:jawiki""],""Claire Elizabeth Cottrill"":[""alias:en""]},""readingNames"":[""クレイロ""],""primaryReadings"":[]}],""lexical"":[]}"
person	きんらん	金蘭	1851	1851	neologd	https://www.edrdg.org/jmdict/edict_doc.html#entry-2852649-sense-1;https://www.edrdg.org/jmdict/edict_doc.html#entry-2852649-sense-2	https://www.wikidata.org/wiki/Q97573287#P31;reading:independent-pair;categories:person;lexical-and-confirmed-referents;https://www.edrdg.org/jmdict/edict_doc.html#entry-2852649-sense-1;https://www.edrdg.org/jmdict/edict_doc.html#entry-2852649-sense-2	assistant inspection of pair-bound reading evidence and stored semantic facts; targeted pages for identified problems	Recorded reading/surface pair and category supported by cited facts after rule corrections; not a claim of independent expert review	"{""entities"":[{""id"":""Q97573287"",""names"":[""Jinlan"",""金蘭"",""金兰""],""types"":[""Q22809413"",""Q202444""],""parents"":[],""readings"":[],""nameKinds"":{""Jinlan"":[""label:en""],""金蘭"":[""label:ja"",""alias:en""],""金兰"":[""alias:en""]},""readingNames"":[""金蘭""],""primaryReadings"":[]}],""lexical"":[{""reading"":""きんらん"",""surface"":""金蘭"",""categories"":[""general""],""evidence"":""https://www.edrdg.org/jmdict/edict_doc.html#entry-2852649-sense-1"",""entryId"":""2852649"",""pos"":[""n""],""version"":""76a91691b63094bf2aedca93cb889c7396945fe961e478f13081d839c9684e0c"",""source"":""JMdict"",""misc"":[""uk""],""glosses"":[""golden orchid (Cephalanthera falcata)"",""kinran""]},{""reading"":""きんらん"",""surface"":""金蘭"",""categories"":[""general""],""evidence"":""https://www.edrdg.org/jmdict/edict_doc.html#entry-2852649-sense-2"",""entryId"":""2852649"",""pos"":[""n""],""version"":""76a91691b63094bf2aedca93cb889c7396945fe961e478f13081d839c9684e0c"",""source"":""JMdict"",""misc"":[""uk""],""glosses"":[""very close friendship""]}]}"
person	れあそん	レアソン	1851	1851	neologd	orthographic-kana;https://www.wikidata.org/wiki/Q37088840#name	https://www.wikidata.org/wiki/Q37088840	assistant inspection of pair-bound reading evidence and stored semantic facts; targeted pages for identified problems	Recorded reading/surface pair and category supported by cited facts after rule corrections; not a claim of independent expert review	"{""entities"":[{""id"":""Q37088840"",""names"":[""レアソン"",""レアスン""],""types"":[""Q101352""],""parents"":[],""readings"":[],""nameKinds"":{""レアソン"":[""label:ja""],""レアスン"":[""alias:ja""]},""readingNames"":[""レアソン""],""primaryReadings"":[]}],""lexical"":[]}"
person	しょぼすけ	しょぼすけ	1851	1851	person	orthographic-kana;https://www.wikidata.org/wiki/Q122899644#name	https://www.wikidata.org/wiki/Q122899644	assistant inspection of pair-bound reading evidence and stored semantic facts; targeted pages for identified problems	Recorded reading/surface pair and category supported by cited facts after rule corrections; not a claim of independent expert review	"{""entities"":[{""id"":""Q122899644"",""names"":[""しょぼすけ"",""ShoboSuke"",""岩間滉"",""Shobosuke""],""types"":[""Q5""],""parents"":[],""readings"":[],""nameKinds"":{""しょぼすけ"":[""label:ja""],""ShoboSuke"":[""label:en""],""岩間滉"":[""alias:ja""],""Shobosuke"":[""alias:ja""]},""readingNames"":[""しょぼすけ""],""primaryReadings"":[]}],""lexical"":[]}"
person	よびのりたくみ	ヨビノリたくみ	1851	1851	person	orthographic-kana;https://www.wikidata.org/wiki/Q64784351#name	https://www.wikidata.org/wiki/Q64784351	assistant inspection of pair-bound reading evidence and stored semantic facts; targeted pages for identified problems	Recorded reading/surface pair and category supported by cited facts after rule corrections; not a claim of independent expert review	"{""entities"":[{""id"":""Q64784351"",""names"":[""ヨビノリたくみ"",""Yobinori Takumi""],""types"":[""Q5""],""parents"":[],""readings"":[],""title"":""ヨビノリたくみ"",""nameKinds"":{""ヨビノリたくみ"":[""label:ja"",""title:jawiki""],""Yobinori Takumi"":[""label:en""]},""readingNames"":[""ヨビノリたくみ""],""primaryReadings"":[]}],""lexical"":[]}"
person	ちんくるり	ちんくるり	1851	1851	neologd	orthographic-kana;https://www.wikidata.org/wiki/Q134895418#name	https://www.wikidata.org/wiki/Q134895418	assistant inspection of pair-bound reading evidence and stored semantic facts; targeted pages for identified problems	Recorded reading/surface pair and category supported by cited facts after rule corrections; not a claim of independent expert review	"{""entities"":[{""id"":""Q134895418"",""names"":[""ちんくるり"",""Chinkururi""],""types"":[""Q5""],""parents"":[],""readings"":[],""nameKinds"":{""ちんくるり"":[""label:ja""],""Chinkururi"":[""label:en""]},""readingNames"":[""ちんくるり""],""primaryReadings"":[]}],""lexical"":[]}"
person	みゃっさん	ミャッサン	1851	1851	wiki	orthographic-kana;https://www.wikidata.org/wiki/Q64757025#name	https://www.wikidata.org/wiki/Q64757025	assistant inspection of pair-bound reading evidence and stored semantic facts; targeted pages for identified problems	Recorded reading/surface pair and category supported by cited facts after rule corrections; not a claim of independent expert review	"{""entities"":[{""id"":""Q64757025"",""names"":[""Maung Myat San"",""ミャッサン"",""Letwe Thondara"",""U Myat San""],""types"":[""Q5""],""parents"":[],""readings"":[],""title"":""ミャッサン"",""nameKinds"":{""Maung Myat San"":[""label:en""],""ミャッサン"":[""label:ja"",""title:jawiki""],""Letwe Thondara"":[""alias:en""],""U Myat San"":[""alias:en""]},""readingNames"":[""ミャッサン""],""primaryReadings"":[]}],""lexical"":[]}"
person	こだまじゅんじろう	こだまじゅんじろう	1851	1851	wiki	orthographic-kana;https://www.wikidata.org/wiki/Q109321937#name	https://www.wikidata.org/wiki/Q109321937	assistant inspection of pair-bound reading evidence and stored semantic facts; targeted pages for identified problems	Recorded reading/surface pair and category supported by cited facts after rule corrections; not a claim of independent expert review	"{""entities"":[{""id"":""Q109321937"",""names"":[""こだまじゅんじろう"",""Junjiro Kodama"",""児玉潤二郎""],""types"":[""Q5""],""parents"":[],""readings"":[],""title"":""こだまじゅんじろう"",""nameKinds"":{""こだまじゅんじろう"":[""label:ja"",""title:jawiki""],""Junjiro Kodama"":[""label:en""],""児玉潤二郎"":[""alias:ja""]},""readingNames"":[""こだまじゅんじろう""],""primaryReadings"":[]}],""lexical"":[]}"
person	よこみぞゆり	よこみぞゆり	1851	1851	common	orthographic-kana;https://www.wikidata.org/wiki/Q111601288#name	https://www.wikidata.org/wiki/Q111601288	assistant inspection of pair-bound reading evidence and stored semantic facts; targeted pages for identified problems	Recorded reading/surface pair and category supported by cited facts after rule corrections; not a claim of independent expert review	"{""entities"":[{""id"":""Q111601288"",""names"":[""Yuri Yokomizo"",""よこみぞゆり""],""types"":[""Q5""],""parents"":[],""readings"":[],""title"":""よこみぞゆり"",""nameKinds"":{""Yuri Yokomizo"":[""label:en""],""よこみぞゆり"":[""label:ja"",""title:jawiki""]},""readingNames"":[""よこみぞゆり""],""primaryReadings"":[]}],""lexical"":[]}"
person	えうへめろす	エウヘメロス	1851	1851	common	orthographic-kana;https://www.wikidata.org/wiki/Q317942#name	https://www.wikidata.org/wiki/Q317942	assistant inspection of pair-bound reading evidence and stored semantic facts; targeted pages for identified problems	Recorded reading/surface pair and category supported by cited facts after rule corrections; not a claim of independent expert review	"{""entities"":[{""id"":""Q317942"",""names"":[""Euhemerus"",""エウヘメロス"",""エウヘメリズム"",""Euhemerus of Messene"",""Euhemeros of Messene""],""types"":[""Q5""],""parents"":[],""readings"":[],""title"":""エウヘメロス"",""nameKinds"":{""Euhemerus"":[""label:en""],""エウヘメロス"":[""label:ja"",""title:jawiki""],""エウヘメリズム"":[""alias:ja""],""Euhemerus of Messene"":[""alias:en""],""Euhemeros of Messene"":[""alias:en""]},""readingNames"":[""エウヘメロス""],""primaryReadings"":[]}],""lexical"":[]}"
person	いしやなさらすふぁてぃ	イシヤナサラスファティ	1851	1851	wiki	orthographic-kana;https://www.wikidata.org/wiki/Q19655501#name	https://www.wikidata.org/wiki/Q19655501	assistant inspection of pair-bound reading evidence and stored semantic facts; targeted pages for identified problems	Recorded reading/surface pair and category supported by cited facts after rule corrections; not a claim of independent expert review	"{""entities"":[{""id"":""Q19655501"",""names"":[""Isyana Sarasvati"",""イシヤナサラスファティ"",""イシヤナ・サラスファティ""],""types"":[""Q5""],""parents"":[],""readings"":[],""title"":""イシヤナ・サラスファティ"",""nameKinds"":{""Isyana Sarasvati"":[""label:en""],""イシヤナサラスファティ"":[""label:ja""],""イシヤナ・サラスファティ"":[""alias:ja"",""title:jawiki""]},""readingNames"":[""イシヤナサラスファティ""],""primaryReadings"":[]}],""lexical"":[]}"
person	たかひろや	たかひろや	1851	1851	common	orthographic-kana;https://www.wikidata.org/wiki/Q65235094#name	https://www.wikidata.org/wiki/Q65235094	assistant inspection of pair-bound reading evidence and stored semantic facts; targeted pages for identified problems	Recorded reading/surface pair and category supported by cited facts after rule corrections; not a claim of independent expert review	"{""entities"":[{""id"":""Q65235094"",""names"":[""たかひろや""],""types"":[""Q5""],""parents"":[],""readings"":[],""title"":""たかひろや"",""nameKinds"":{""たかひろや"":[""label:ja"",""title:jawiki""]},""readingNames"":[""たかひろや""],""primaryReadings"":[]}],""lexical"":[]}"
person	ちぇうりん	チェウリン	1851	1851	common	orthographic-kana;https://www.wikidata.org/wiki/Q363849#name	https://www.wikidata.org/wiki/Q363849	assistant inspection of pair-bound reading evidence and stored semantic facts; targeted pages for identified problems	Recorded reading/surface pair and category supported by cited facts after rule corrections; not a claim of independent expert review	"{""entities"":[{""id"":""Q363849"",""names"":[""Ceawlin of Wessex"",""チェウリン"",""ツェアウリン"",""セウリン"",""Ceawlin""],""types"":[""Q5""],""parents"":[],""readings"":[],""title"":""チェウリン"",""nameKinds"":{""Ceawlin of Wessex"":[""label:en""],""チェウリン"":[""label:ja"",""title:jawiki""],""ツェアウリン"":[""alias:ja""],""セウリン"":[""alias:ja""],""Ceawlin"":[""alias:en""]},""readingNames"":[""チェウリン""],""primaryReadings"":[]}],""lexical"":[]}"
person	あおきえい	あおきえい	1851	1851	person,common	orthographic-kana;https://www.wikidata.org/wiki/Q8917961#name	https://www.wikidata.org/wiki/Q8917961	assistant inspection of pair-bound reading evidence and stored semantic facts; targeted pages for identified problems	Recorded reading/surface pair and category supported by cited facts after rule corrections; not a claim of independent expert review	"{""entities"":[{""id"":""Q8917961"",""names"":[""あおきえい"",""Ei Aoki""],""types"":[""Q5""],""parents"":[],""readings"":[],""title"":""あおきえい"",""nameKinds"":{""あおきえい"":[""label:ja"",""title:jawiki""],""Ei Aoki"":[""label:en""]},""readingNames"":[""あおきえい""],""primaryReadings"":[]}],""lexical"":[]}"
person	つしまこう	ツシマコウ	1851	1851	common	orthographic-kana;https://www.wikidata.org/wiki/Q97183767#name	https://www.wikidata.org/wiki/Q97183767	assistant inspection of pair-bound reading evidence and stored semantic facts; targeted pages for identified problems	Recorded reading/surface pair and category supported by cited facts after rule corrections; not a claim of independent expert review	"{""entities"":[{""id"":""Q97183767"",""names"":[""ツシマコウ"",""Tsushimaco""],""types"":[""Q5""],""parents"":[],""readings"":[],""title"":""ツシマコウ"",""nameKinds"":{""ツシマコウ"":[""label:ja"",""title:jawiki""],""Tsushimaco"":[""label:en""]},""readingNames"":[""ツシマコウ""],""primaryReadings"":[]}],""lexical"":[]}"
place	すとるみゃに	ストルミャニ	1851	1851	common	orthographic-kana;https://www.wikidata.org/wiki/Q2046578#name	https://www.wikidata.org/wiki/Q2046578	assistant inspection of pair-bound reading evidence and stored semantic facts; targeted pages for identified problems	Recorded reading/surface pair and category supported by cited facts after rule corrections; not a claim of independent expert review	"{""entities"":[{""id"":""Q2046578"",""names"":[""Strumyani"",""ストルミャニ""],""types"":[""Q15630849"",""Q15303838""],""parents"":[],""readings"":[],""title"":""ストルミャニ"",""nameKinds"":{""Strumyani"":[""label:en""],""ストルミャニ"":[""label:ja"",""title:jawiki""]},""readingNames"":[""ストルミャニ""],""primaryReadings"":[]}],""lexical"":[]}"
place	むーすふぁくとりー	ムースファクトリー	1851	1851	wiki	orthographic-kana;https://www.wikidata.org/wiki/Q3031892#name	https://www.wikidata.org/wiki/Q3031892	assistant inspection of pair-bound reading evidence and stored semantic facts; targeted pages for identified problems	Recorded reading/surface pair and category supported by cited facts after rule corrections; not a claim of independent expert review	"{""entities"":[{""id"":""Q3031892"",""names"":[""ムースファクトリー"",""Moose Factory"",""Moose Factory, ON"",""Moose Factory, Ontario""],""types"":[""Q486972""],""parents"":[],""readings"":[],""title"":""ムースファクトリー"",""nameKinds"":{""ムースファクトリー"":[""label:ja"",""title:jawiki""],""Moose Factory"":[""label:en""],""Moose Factory, ON"":[""alias:en""],""Moose Factory, Ontario"":[""alias:en""]},""readingNames"":[""ムースファクトリー""],""primaryReadings"":[]}],""lexical"":[]}"
place	しゃふてぃ	シャフティ	1851	1851	wiki	orthographic-kana;https://www.wikidata.org/wiki/Q198206#name	https://www.wikidata.org/wiki/Q198206	assistant inspection of pair-bound reading evidence and stored semantic facts; targeted pages for identified problems	Recorded reading/surface pair and category supported by cited facts after rule corrections; not a claim of independent expert review	"{""entities"":[{""id"":""Q198206"",""names"":[""Shakhty"",""シャフティ"",""シャーフトィ"",""シャフトゥイ""],""types"":[""Q192287"",""Q7930989"",""Q1549591""],""parents"":[],""readings"":[],""title"":""シャフティ"",""nameKinds"":{""Shakhty"":[""label:en""],""シャフティ"":[""label:ja"",""title:jawiki""],""シャーフトィ"":[""alias:ja""],""シャフトゥイ"":[""alias:ja""]},""readingNames"":[""シャフティ""],""primaryReadings"":[]}],""lexical"":[]}"
place	あんふぃさ	アンフィサ	1851	1851	common	orthographic-kana;https://www.wikidata.org/wiki/Q470481#name	https://www.wikidata.org/wiki/Q470481	assistant inspection of pair-bound reading evidence and stored semantic facts; targeted pages for identified problems	Recorded reading/surface pair and category supported by cited facts after rule corrections; not a claim of independent expert review	"{""entities"":[{""id"":""Q470481"",""names"":[""Amfissa"",""アンフィサ"",""アムピッサ"",""アンフィッサ"",""Amphissa"",""Aulon"",""Salona""],""types"":[""Q515""],""parents"":[],""readings"":[],""title"":""アンフィサ"",""nameKinds"":{""Amfissa"":[""label:en""],""アンフィサ"":[""label:ja"",""title:jawiki""],""アムピッサ"":[""alias:ja""],""アンフィッサ"":[""alias:ja""],""Amphissa"":[""alias:en""],""Aulon"":[""alias:en""],""Salona"":[""alias:en""]},""readingNames"":[""アンフィサ""],""primaryReadings"":[]}],""lexical"":[]}"
place	りすとれーしょん	リストレーション	1851	1851	neologd	orthographic-kana;https://www.wikidata.org/wiki/Q5634040#name	https://www.wikidata.org/wiki/Q5634040	assistant inspection of pair-bound reading evidence and stored semantic facts; targeted pages for identified problems	Recorded reading/surface pair and category supported by cited facts after rule corrections; not a claim of independent expert review	"{""entities"":[{""id"":""Q5634040"",""names"":[""HMS Restoration"",""リストレーション""],""types"":[""Q892492"",""Q852190""],""parents"":[],""readings"":[],""nameKinds"":{""HMS Restoration"":[""label:en""],""リストレーション"":[""label:ja""]},""readingNames"":[""リストレーション""],""primaryReadings"":[]}],""lexical"":[]}"
place	くるぃちゃう	クルィチャウ	1851	1851	common	orthographic-kana;https://www.wikidata.org/wiki/Q954914#name	https://www.wikidata.org/wiki/Q954914	assistant inspection of pair-bound reading evidence and stored semantic facts; targeted pages for identified problems	Recorded reading/surface pair and category supported by cited facts after rule corrections; not a claim of independent expert review	"{""entities"":[{""id"":""Q954914"",""names"":[""Krychaw"",""クルィチャウ"",""Krichev"",""Kryčaŭ"",""Krzyczew""],""types"":[""Q79324274""],""parents"":[],""readings"":[],""title"":""クルィチャウ"",""nameKinds"":{""Krychaw"":[""label:en""],""クルィチャウ"":[""label:ja"",""title:jawiki""],""Krichev"":[""alias:en""],""Kryčaŭ"":[""alias:en""],""Krzyczew"":[""alias:en""]},""readingNames"":[""クルィチャウ""],""primaryReadings"":[]}],""lexical"":[]}"
place	とらもあ	トラモア	1851	1851	wiki	orthographic-kana;https://www.wikidata.org/wiki/Q507924#name	https://www.wikidata.org/wiki/Q507924	assistant inspection of pair-bound reading evidence and stored semantic facts; targeted pages for identified problems	Recorded reading/surface pair and category supported by cited facts after rule corrections; not a claim of independent expert review	"{""entities"":[{""id"":""Q507924"",""names"":[""Tramore"",""トラモア""],""types"":[""Q486972""],""parents"":[],""readings"":[],""title"":""トラモア"",""nameKinds"":{""Tramore"":[""label:en""],""トラモア"":[""label:ja"",""title:jawiki""]},""readingNames"":[""トラモア""],""primaryReadings"":[]}],""lexical"":[]}"
place	ちゃいっかみ	チャイッカミ	1851	1851	common	orthographic-kana;https://www.wikidata.org/wiki/Q3200882#name	https://www.wikidata.org/wiki/Q3200882	assistant inspection of pair-bound reading evidence and stored semantic facts; targeted pages for identified problems	Recorded reading/surface pair and category supported by cited facts after rule corrections; not a claim of independent expert review	"{""entities"":[{""id"":""Q3200882"",""names"":[""Kyaikkami"",""チャイッカミ""],""types"":[""Q486972"",""Q134587884""],""parents"":[],""readings"":[],""title"":""チャイッカミ"",""nameKinds"":{""Kyaikkami"":[""label:en""],""チャイッカミ"":[""label:ja"",""title:jawiki""]},""readingNames"":[""チャイッカミ""],""primaryReadings"":[]}],""lexical"":[]}"
place	なかおめ	ナカオメ	1851	1851	common	orthographic-kana;https://www.wikidata.org/wiki/Q633929#name	https://www.wikidata.org/wiki/Q633929	assistant inspection of pair-bound reading evidence and stored semantic facts; targeted pages for identified problems	Recorded reading/surface pair and category supported by cited facts after rule corrections; not a claim of independent expert review	"{""entities"":[{""id"":""Q633929"",""names"":[""Nacaome"",""ナカオメ""],""types"":[""Q2602693""],""parents"":[],""readings"":[],""title"":""ナカオメ"",""nameKinds"":{""Nacaome"":[""label:en""],""ナカオメ"":[""label:ja"",""title:jawiki""]},""readingNames"":[""ナカオメ""],""primaryReadings"":[]}],""lexical"":[]}"
place	へるすてる	ヘルステル	1851	1851	common	orthographic-kana;https://www.wikidata.org/wiki/Q181504#name	https://www.wikidata.org/wiki/Q181504	assistant inspection of pair-bound reading evidence and stored semantic facts; targeted pages for identified problems	Recorded reading/surface pair and category supported by cited facts after rule corrections; not a claim of independent expert review	"{""entities"":[{""id"":""Q181504"",""names"":[""Hörstel"",""ヘルステル""],""types"":[""Q42744322""],""parents"":[],""readings"":[],""title"":""ヘルステル"",""nameKinds"":{""Hörstel"":[""label:en""],""ヘルステル"":[""label:ja"",""title:jawiki""]},""readingNames"":[""ヘルステル""],""primaryReadings"":[]}],""lexical"":[]}"
place	しりやん	シリヤン	1851	1851	common	orthographic-kana;https://www.wikidata.org/wiki/Q217430#name	https://www.wikidata.org/wiki/Q217430	assistant inspection of pair-bound reading evidence and stored semantic facts; targeted pages for identified problems	Recorded reading/surface pair and category supported by cited facts after rule corrections; not a claim of independent expert review	"{""entities"":[{""id"":""Q217430"",""names"":[""シリヤン"",""Siljan""],""types"":[""Q23397"",""Q3240715"",""Q30092776""],""parents"":[],""readings"":[],""title"":""シリヤン"",""nameKinds"":{""シリヤン"":[""label:ja"",""title:jawiki""],""Siljan"":[""label:en""]},""readingNames"":[""シリヤン""],""primaryReadings"":[]}],""lexical"":[]}"
place	えっちょわきーら	エッチョワキーラ	1851	1851	common	orthographic-kana;https://www.wikidata.org/wiki/Q1370973#name	https://www.wikidata.org/wiki/Q1370973	assistant inspection of pair-bound reading evidence and stored semantic facts; targeted pages for identified problems	Recorded reading/surface pair and category supported by cited facts after rule corrections; not a claim of independent expert review	"{""entities"":[{""id"":""Q1370973"",""names"":[""Etchohuaquila"",""エッチョワキーラ""],""types"":[""Q20202352""],""parents"":[],""readings"":[],""title"":""エッチョワキーラ"",""nameKinds"":{""Etchohuaquila"":[""label:en""],""エッチョワキーラ"":[""label:ja"",""title:jawiki""]},""readingNames"":[""エッチョワキーラ""],""primaryReadings"":[]}],""lexical"":[]}"
place	そはーる	ソハール	1851	1851	common	orthographic-kana;https://www.wikidata.org/wiki/Q943270#name	https://www.wikidata.org/wiki/Q943270	assistant inspection of pair-bound reading evidence and stored semantic facts; targeted pages for identified problems	Recorded reading/surface pair and category supported by cited facts after rule corrections; not a claim of independent expert review	"{""entities"":[{""id"":""Q943270"",""names"":[""Sohar"",""ソハール"",""スハール""],""types"":[""Q3250615"",""Q515""],""parents"":[],""readings"":[],""title"":""ソハール"",""nameKinds"":{""Sohar"":[""label:en""],""ソハール"":[""label:ja"",""title:jawiki""],""スハール"":[""alias:ja""]},""readingNames"":[""ソハール""],""primaryReadings"":[]}],""lexical"":[]}"
place	はーいすぃん	ハーイスィン	1851	1851	common	orthographic-kana;https://www.wikidata.org/wiki/Q574553#name	https://www.wikidata.org/wiki/Q574553	assistant inspection of pair-bound reading evidence and stored semantic facts; targeted pages for identified problems	Recorded reading/surface pair and category supported by cited facts after rule corrections; not a claim of independent expert review	"{""entities"":[{""id"":""Q574553"",""names"":[""Haisyn"",""ハーイスィン"",""Gaysin"",""Haysyn"",""Hajsyn"",""Hajssyn"",""Haïssyn"",""Haissyn"",""Haisîn"",""Haisin"",""Haysin"",""Hajsin"",""Heisen"",""Heysyn"",""Gaissin"",""Gaisin"",""Gajsin"",""Guysin""],""types"":[""Q12131624"",""Q12131640""],""parents"":[],""readings"":[],""title"":""ハーイスィン"",""nameKinds"":{""Haisyn"":[""label:en""],""ハーイスィン"":[""label:ja"",""title:jawiki""],""Gaysin"":[""alias:en""],""Haysyn"":[""alias:en""],""Hajsyn"":[""alias:en""],""Hajssyn"":[""alias:en""],""Haïssyn"":[""alias:en""],""Haissyn"":[""alias:en""],""Haisîn"":[""alias:en""],""Haisin"":[""alias:en""],""Haysin"":[""alias:en""],""Hajsin"":[""alias:en""],""Heisen"":[""alias:en""],""Heysyn"":[""alias:en""],""Gaissin"":[""alias:en""],""Gaisin"":[""alias:en""],""Gajsin"":[""alias:en""],""Guysin"":[""alias:en""]},""readingNames"":[""ハーイスィン""],""primaryReadings"":[]}],""lexical"":[]}"
place	へんごく	辺獄	1851	1851	common	https://www.edrdg.org/jmdict/edict_doc.html#entry-2830820-sense-1	https://www.wikidata.org/wiki/Q270710#P31;reading:independent-pair;categories:place;lexical-and-confirmed-referents;https://www.edrdg.org/jmdict/edict_doc.html#entry-2830820-sense-1	assistant inspection of pair-bound reading evidence and stored semantic facts; targeted pages for identified problems	Recorded reading/surface pair and category supported by cited facts after rule corrections; not a claim of independent expert review	"{""entities"":[{""id"":""Q270710"",""names"":[""辺獄"",""limbo"",""リンボ界"",""古聖所"",""リンボ"",""limbus""],""types"":[""Q3238337""],""parents"":[],""readings"":[],""title"":""辺獄"",""nameKinds"":{""辺獄"":[""label:ja"",""title:jawiki""],""limbo"":[""label:en""],""リンボ界"":[""alias:ja""],""古聖所"":[""alias:ja""],""リンボ"":[""alias:ja""],""limbus"":[""alias:en""]},""readingNames"":[""辺獄""],""primaryReadings"":[]}],""lexical"":[{""reading"":""へんごく"",""surface"":""辺獄"",""categories"":[""general""],""evidence"":""https://www.edrdg.org/jmdict/edict_doc.html#entry-2830820-sense-1"",""entryId"":""2830820"",""pos"":[""n""],""version"":""76a91691b63094bf2aedca93cb889c7396945fe961e478f13081d839c9684e0c"",""source"":""JMdict"",""glosses"":[""limbo""]}]}"
place	さるてーぬ	サルテーヌ	1851	1851	common	orthographic-kana;https://www.wikidata.org/wiki/Q217459#name	https://www.wikidata.org/wiki/Q217459	assistant inspection of pair-bound reading evidence and stored semantic facts; targeted pages for identified problems	Recorded reading/surface pair and category supported by cited facts after rule corrections; not a claim of independent expert review	"{""entities"":[{""id"":""Q217459"",""names"":[""サルテーヌ"",""Sartène"",""Sartena""],""types"":[""Q484170""],""parents"":[],""readings"":[],""title"":""サルテーヌ"",""nameKinds"":{""サルテーヌ"":[""label:ja"",""title:jawiki""],""Sartène"":[""label:en""],""Sartena"":[""alias:en""]},""readingNames"":[""サルテーヌ""],""primaryReadings"":[]}],""lexical"":[]}"
place	わいたら	ワイタラ	1851	1851	common	orthographic-kana;https://www.wikidata.org/wiki/Q727199#name	https://www.wikidata.org/wiki/Q727199	assistant inspection of pair-bound reading evidence and stored semantic facts; targeted pages for identified problems	Recorded reading/surface pair and category supported by cited facts after rule corrections; not a claim of independent expert review	"{""entities"":[{""id"":""Q727199"",""names"":[""Waitara"",""ワイタラ"",""Waitara, Taranaki"",""Waitara, New Zealand""],""types"":[""Q3957""],""parents"":[],""readings"":[],""title"":""ワイタラ"",""nameKinds"":{""Waitara"":[""label:en""],""ワイタラ"":[""label:ja"",""title:jawiki""],""Waitara, Taranaki"":[""alias:en""],""Waitara, New Zealand"":[""alias:en""]},""readingNames"":[""ワイタラ""],""primaryReadings"":[]}],""lexical"":[]}"
place	ふぃっつなう	フィッツナウ	1851	1851	common	orthographic-kana;https://www.wikidata.org/wiki/Q14578#name	https://www.wikidata.org/wiki/Q14578	assistant inspection of pair-bound reading evidence and stored semantic facts; targeted pages for identified problems	Recorded reading/surface pair and category supported by cited facts after rule corrections; not a claim of independent expert review	"{""entities"":[{""id"":""Q14578"",""names"":[""Vitznau"",""フィッツナウ"",""Vitznau LU""],""types"":[""Q70208""],""parents"":[],""readings"":[],""title"":""フィッツナウ"",""nameKinds"":{""Vitznau"":[""label:en""],""フィッツナウ"":[""label:ja"",""title:jawiki""],""Vitznau LU"":[""alias:en""]},""readingNames"":[""フィッツナウ""],""primaryReadings"":[]}],""lexical"":[]}"
place	きくうぃと	キクウィト	1851	1851	common	orthographic-kana;https://www.wikidata.org/wiki/Q261887#name	https://www.wikidata.org/wiki/Q261887	assistant inspection of pair-bound reading evidence and stored semantic facts; targeted pages for identified problems	Recorded reading/surface pair and category supported by cited facts after rule corrections; not a claim of independent expert review	"{""entities"":[{""id"":""Q261887"",""names"":[""Kikwit"",""キクウィト""],""types"":[""Q117214267""],""parents"":[],""readings"":[],""title"":""キクウィト"",""nameKinds"":{""Kikwit"":[""label:en""],""キクウィト"":[""label:ja"",""title:jawiki""]},""readingNames"":[""キクウィト""],""primaryReadings"":[]}],""lexical"":[]}"
place	はそっくす	ハソックス	1851	1851	wiki	orthographic-kana;https://www.wikidata.org/wiki/Q1869251#name	https://www.wikidata.org/wiki/Q1869251	assistant inspection of pair-bound reading evidence and stored semantic facts; targeted pages for identified problems	Recorded reading/surface pair and category supported by cited facts after rule corrections; not a claim of independent expert review	"{""entities"":[{""id"":""Q1869251"",""names"":[""Hassocks"",""ハソックス"",""Hassocks, West Sussex""],""types"":[""Q532"",""Q1115575""],""parents"":[],""readings"":[],""title"":""ハソックス"",""nameKinds"":{""Hassocks"":[""label:en""],""ハソックス"":[""label:ja"",""title:jawiki""],""Hassocks, West Sussex"":[""alias:en""]},""readingNames"":[""ハソックス""],""primaryReadings"":[]}],""lexical"":[]}"
place	おあくら	オアクラ	1851	1851	common	orthographic-kana;https://www.wikidata.org/wiki/Q2160225#name	https://www.wikidata.org/wiki/Q2160225	assistant inspection of pair-bound reading evidence and stored semantic facts; targeted pages for identified problems	Recorded reading/surface pair and category supported by cited facts after rule corrections; not a claim of independent expert review	"{""entities"":[{""id"":""Q2160225"",""names"":[""オアクラ"",""Ōakura"",""Oakura""],""types"":[""Q3957""],""parents"":[],""readings"":[],""title"":""オアクラ"",""nameKinds"":{""オアクラ"":[""label:ja"",""title:jawiki""],""Ōakura"":[""label:en""],""Oakura"":[""alias:en""]},""readingNames"":[""オアクラ""],""primaryReadings"":[]}],""lexical"":[]}"
place	きんたいあ	キンタイア	1851	1851	wiki	orthographic-kana;https://www.wikidata.org/wiki/Q242083#name	https://www.wikidata.org/wiki/Q242083	assistant inspection of pair-bound reading evidence and stored semantic facts; targeted pages for identified problems	Recorded reading/surface pair and category supported by cited facts after rule corrections; not a claim of independent expert review	"{""entities"":[{""id"":""Q242083"",""names"":[""Kintyre"",""キンタイア"",""キンタイア半島"",""南キンタイア"",""Kintyre Peninsula""],""types"":[""Q34763""],""parents"":[],""readings"":[],""title"":""キンタイア"",""nameKinds"":{""Kintyre"":[""label:en""],""キンタイア"":[""label:ja"",""title:jawiki""],""キンタイア半島"":[""alias:ja""],""南キンタイア"":[""alias:ja""],""Kintyre Peninsula"":[""alias:en""]},""readingNames"":[""キンタイア""],""primaryReadings"":[]}],""lexical"":[]}"
place	むかっらー	ムカッラー	1851	1851	common	orthographic-kana;https://www.wikidata.org/wiki/Q310772#name	https://www.wikidata.org/wiki/Q310772	assistant inspection of pair-bound reading evidence and stored semantic facts; targeted pages for identified problems	Recorded reading/surface pair and category supported by cited facts after rule corrections; not a claim of independent expert review	"{""entities"":[{""id"":""Q310772"",""names"":[""Mukalla"",""ムカッラー"",""ムカラ"",""Al-Mukalla District"",""Al Mukalla District"",""Al-Mukalla"",""Al Mukalla"",""Mukalla City District"",""Madīnat al Mukallā"",""Al-Kheesa"",""Bandar Yaqoub"",""Bandar Omar"",""Bandar Al-Naqeeb"",""Bandar Ghalib""],""types"":[""Q515"",""Q6617100""],""parents"":[],""readings"":[],""title"":""ムカッラー"",""nameKinds"":{""Mukalla"":[""label:en""],""ムカッラー"":[""label:ja"",""title:jawiki""],""ムカラ"":[""alias:ja""],""Al-Mukalla District"":[""alias:en""],""Al Mukalla District"":[""alias:en""],""Al-Mukalla"":[""alias:en""],""Al Mukalla"":[""alias:en""],""Mukalla City District"":[""alias:en""],""Madīnat al Mukallā"":[""alias:en""],""Al-Kheesa"":[""alias:en""],""Bandar Yaqoub"":[""alias:en""],""Bandar Omar"":[""alias:en""],""Bandar Al-Naqeeb"":[""alias:en""],""Bandar Ghalib"":[""alias:en""]},""readingNames"":[""ムカッラー""],""primaryReadings"":[]}],""lexical"":[]}"
place	そるねちぬい	ソルネチヌイ	1851	1851	wiki	orthographic-kana;https://www.wikidata.org/wiki/Q4427852#name	https://www.wikidata.org/wiki/Q4427852	assistant inspection of pair-bound reading evidence and stored semantic facts; targeted pages for identified problems	Recorded reading/surface pair and category supported by cited facts after rule corrections; not a claim of independent expert review	"{""entities"":[{""id"":""Q4427852"",""names"":[""Solnechny"",""ソルネチヌイ"",""Solnechny, Sakha Republic"",""Solnechnyy"",""ソルネチヌイ (サハ共和国)""],""types"":[""Q192287"",""Q15078955"",""Q211450""],""parents"":[],""readings"":[],""title"":""ソルネチヌイ (サハ共和国)"",""nameKinds"":{""Solnechny"":[""label:en""],""ソルネチヌイ"":[""label:ja""],""Solnechny, Sakha Republic"":[""alias:en""],""Solnechnyy"":[""alias:en""],""ソルネチヌイ (サハ共和国)"":[""title:jawiki""]},""readingNames"":[""ソルネチヌイ""],""primaryReadings"":[]}],""lexical"":[]}"
place	めんとーん	メントーン	1851	1851	wiki	orthographic-kana;https://www.wikidata.org/wiki/Q14935220#name	https://www.wikidata.org/wiki/Q14935220	assistant inspection of pair-bound reading evidence and stored semantic facts; targeted pages for identified problems	Recorded reading/surface pair and category supported by cited facts after rule corrections; not a claim of independent expert review	"{""entities"":[{""id"":""Q14935220"",""names"":[""Mentone"",""メントーン"",""Mentone, Victoria"",""Mentone, Victoria, Australia""],""types"":[""Q188509"",""Q45242174""],""parents"":[],""readings"":[],""nameKinds"":{""Mentone"":[""label:en""],""メントーン"":[""label:ja""],""Mentone, Victoria"":[""alias:en""],""Mentone, Victoria, Australia"":[""alias:en""]},""readingNames"":[""メントーン""],""primaryReadings"":[]}],""lexical"":[]}"
place	えりにゃ	エリニャ	1851	1851	common	orthographic-kana;https://www.wikidata.org/wiki/Q102364#name	https://www.wikidata.org/wiki/Q102364	assistant inspection of pair-bound reading evidence and stored semantic facts; targeted pages for identified problems	Recorded reading/surface pair and category supported by cited facts after rule corrections; not a claim of independent expert review	"{""entities"":[{""id"":""Q102364"",""names"":[""Yelnya"",""エリニャ""],""types"":[""Q192287"",""Q486972"",""Q7930989""],""parents"":[],""readings"":[],""title"":""エリニャ"",""nameKinds"":{""Yelnya"":[""label:en""],""エリニャ"":[""label:ja"",""title:jawiki""]},""readingNames"":[""エリニャ""],""primaryReadings"":[]}],""lexical"":[]}"
place	わっとるろー	ワットルロー	1851	1851	common	orthographic-kana;https://www.wikidata.org/wiki/Q274290#name	https://www.wikidata.org/wiki/Q274290	assistant inspection of pair-bound reading evidence and stored semantic facts; targeted pages for identified problems	Recorded reading/surface pair and category supported by cited facts after rule corrections; not a claim of independent expert review	"{""entities"":[{""id"":""Q274290"",""names"":[""ワットルロー"",""Wattrelos"",""Waterlo"",""Watterloo""],""types"":[""Q484170"",""Q902814""],""parents"":[],""readings"":[],""title"":""ワットルロー"",""nameKinds"":{""ワットルロー"":[""label:ja"",""title:jawiki""],""Wattrelos"":[""label:en""],""Waterlo"":[""alias:en""],""Watterloo"":[""alias:en""]},""readingNames"":[""ワットルロー""],""primaryReadings"":[]}],""lexical"":[]}"
place	おーむら	オームラ	1851	1851	neologd	orthographic-kana;https://www.wikidata.org/wiki/Q540729#name	https://www.wikidata.org/wiki/Q540729	assistant inspection of pair-bound reading evidence and stored semantic facts; targeted pages for identified problems	Recorded reading/surface pair and category supported by cited facts after rule corrections; not a claim of independent expert review	"{""entities"":[{""id"":""Q540729"",""names"":[""Aumelas"",""オームラ"",""オメラス""],""types"":[""Q484170""],""parents"":[],""readings"":[],""nameKinds"":{""Aumelas"":[""label:en""],""オームラ"":[""label:ja""],""オメラス"":[""alias:ja""]},""readingNames"":[""オームラ""],""primaryReadings"":[]}],""lexical"":[]}"
place	のるとはいむ	ノルトハイム	1851	1851	common	orthographic-kana;https://www.wikidata.org/wiki/Q498575#name	https://www.wikidata.org/wiki/Q498575	assistant inspection of pair-bound reading evidence and stored semantic facts; targeted pages for identified problems	Recorded reading/surface pair and category supported by cited facts after rule corrections; not a claim of independent expert review	"{""entities"":[{""id"":""Q498575"",""names"":[""Northeim"",""ノルトハイム""],""types"":[""Q2267870"",""Q707813"",""Q42744322"",""Q134626"",""Q133997300""],""parents"":[],""readings"":[],""title"":""ノルトハイム"",""nameKinds"":{""Northeim"":[""label:en""],""ノルトハイム"":[""label:ja"",""title:jawiki""]},""readingNames"":[""ノルトハイム""],""primaryReadings"":[]}],""lexical"":[]}"
place	まーわ	マーワ	1851	1851	wiki	orthographic-kana;https://www.wikidata.org/wiki/Q2234118#name	https://www.wikidata.org/wiki/Q2234118	assistant inspection of pair-bound reading evidence and stored semantic facts; targeted pages for identified problems	Recorded reading/surface pair and category supported by cited facts after rule corrections; not a claim of independent expert review	"{""entities"":[{""id"":""Q2234118"",""names"":[""Mahwa"",""マーワ""],""types"":[""Q486972""],""parents"":[],""readings"":[],""nameKinds"":{""Mahwa"":[""label:en""],""マーワ"":[""label:ja""]},""readingNames"":[""マーワ""],""primaryReadings"":[]}],""lexical"":[]}"
place	いぇふぁー	イェファー	1851	1851	common	orthographic-kana;https://www.wikidata.org/wiki/Q31084#name	https://www.wikidata.org/wiki/Q31084	assistant inspection of pair-bound reading evidence and stored semantic facts; targeted pages for identified problems	Recorded reading/surface pair and category supported by cited facts after rule corrections; not a claim of independent expert review	"{""entities"":[{""id"":""Q31084"",""names"":[""Jever"",""イェファー""],""types"":[""Q42744322"",""Q134626"",""Q133997300""],""parents"":[],""readings"":[],""title"":""イェファー"",""nameKinds"":{""Jever"":[""label:en""],""イェファー"":[""label:ja"",""title:jawiki""]},""readingNames"":[""イェファー""],""primaryReadings"":[]}],""lexical"":[]}"
place	ふぃーるんはいむ	フィールンハイム	1851	1851	common	orthographic-kana;https://www.wikidata.org/wiki/Q16055#name	https://www.wikidata.org/wiki/Q16055	assistant inspection of pair-bound reading evidence and stored semantic facts; targeted pages for identified problems	Recorded reading/surface pair and category supported by cited facts after rule corrections; not a claim of independent expert review	"{""entities"":[{""id"":""Q16055"",""names"":[""Viernheim"",""フィールンハイム""],""types"":[""Q3957"",""Q1499928"",""Q42744322""],""parents"":[],""readings"":[],""title"":""フィールンハイム"",""nameKinds"":{""Viernheim"":[""label:en""],""フィールンハイム"":[""label:ja"",""title:jawiki""]},""readingNames"":[""フィールンハイム""],""primaryReadings"":[]}],""lexical"":[]}"
place	ほおれふあ	ホオレフア	1851	1851	common	orthographic-kana;https://www.wikidata.org/wiki/Q5873810#name	https://www.wikidata.org/wiki/Q5873810	assistant inspection of pair-bound reading evidence and stored semantic facts; targeted pages for identified problems	Recorded reading/surface pair and category supported by cited facts after rule corrections; not a claim of independent expert review	"{""entities"":[{""id"":""Q5873810"",""names"":[""Ho'olehua"",""ホオレフア"",""ホオレフア (ハワイ州)"",""Ho'olehua, Hawaii"",""Ho'olehua, HI""],""types"":[""Q17343829""],""parents"":[],""readings"":[],""title"":""ホオレフア"",""nameKinds"":{""Ho'olehua"":[""label:en""],""ホオレフア"":[""label:ja"",""title:jawiki""],""ホオレフア (ハワイ州)"":[""alias:ja""],""Ho'olehua, Hawaii"":[""alias:en""],""Ho'olehua, HI"":[""alias:en""]},""readingNames"":[""ホオレフア""],""primaryReadings"":[]}],""lexical"":[]}"
place	あむらーわてぃー	アムラーワティー	1851	1851	common	orthographic-kana;https://www.wikidata.org/wiki/Q269899#name	https://www.wikidata.org/wiki/Q269899	assistant inspection of pair-bound reading evidence and stored semantic facts; targeted pages for identified problems	Recorded reading/surface pair and category supported by cited facts after rule corrections; not a claim of independent expert review	"{""entities"":[{""id"":""Q269899"",""names"":[""アムラーワティー"",""Amravati""],""types"":[""Q515""],""parents"":[],""readings"":[],""title"":""アムラーワティー"",""nameKinds"":{""アムラーワティー"":[""label:ja"",""title:jawiki""],""Amravati"":[""label:en""]},""readingNames"":[""アムラーワティー""],""primaryReadings"":[]}],""lexical"":[]}"
place	れいくはーすと	レイクハースト	1851	1851	wiki	orthographic-kana;https://www.wikidata.org/wiki/Q994376#name	https://www.wikidata.org/wiki/Q994376	assistant inspection of pair-bound reading evidence and stored semantic facts; targeted pages for identified problems	Recorded reading/surface pair and category supported by cited facts after rule corrections; not a claim of independent expert review	"{""entities"":[{""id"":""Q994376"",""names"":[""Lakehurst"",""レイクハースト"",""Lakehurst, New Jersey"",""Lakehurst, NJ"",""レイクハースト (ニュージャージー州)""],""types"":[""Q2911266""],""parents"":[],""readings"":[],""title"":""レイクハースト (ニュージャージー州)"",""nameKinds"":{""Lakehurst"":[""label:en""],""レイクハースト"":[""label:ja""],""Lakehurst, New Jersey"":[""alias:en""],""Lakehurst, NJ"":[""alias:en""],""レイクハースト (ニュージャージー州)"":[""title:jawiki""]},""readingNames"":[""レイクハースト""],""primaryReadings"":[]}],""lexical"":[]}"
place	わくさはちー	ワクサハチー	1851	1851	wiki	orthographic-kana;https://www.wikidata.org/wiki/Q645475#name	https://www.wikidata.org/wiki/Q645475	assistant inspection of pair-bound reading evidence and stored semantic facts; targeted pages for identified problems	Recorded reading/surface pair and category supported by cited facts after rule corrections; not a claim of independent expert review	"{""entities"":[{""id"":""Q645475"",""names"":[""Waxahachie"",""ワクサハチー"",""Waxahachie, Texas"",""Waxahachie, TX"",""ワクサハチー (テキサス州)""],""types"":[""Q1093829"",""Q62049""],""parents"":[],""readings"":[],""title"":""ワクサハチー (テキサス州)"",""nameKinds"":{""Waxahachie"":[""label:en""],""ワクサハチー"":[""label:ja""],""Waxahachie, Texas"":[""alias:en""],""Waxahachie, TX"":[""alias:en""],""ワクサハチー (テキサス州)"":[""title:jawiki""]},""readingNames"":[""ワクサハチー""],""primaryReadings"":[]}],""lexical"":[]}"
place	すてんせれ	ステンセレ	1851	1851	common	orthographic-kana;https://www.wikidata.org/wiki/Q1935387#name	https://www.wikidata.org/wiki/Q1935387	assistant inspection of pair-bound reading evidence and stored semantic facts; targeted pages for identified problems	Recorded reading/surface pair and category supported by cited facts after rule corrections; not a claim of independent expert review	"{""entities"":[{""id"":""Q1935387"",""names"":[""Stensele"",""ステンセレ""],""types"":[""Q12813115""],""parents"":[],""readings"":[],""title"":""ステンセレ"",""nameKinds"":{""Stensele"":[""label:en""],""ステンセレ"":[""label:ja"",""title:jawiki""]},""readingNames"":[""ステンセレ""],""primaryReadings"":[]}],""lexical"":[]}"
place	くたんす	クタンス	1851	1851	common	orthographic-kana;https://www.wikidata.org/wiki/Q202565#name	https://www.wikidata.org/wiki/Q202565	assistant inspection of pair-bound reading evidence and stored semantic facts; targeted pages for identified problems	Recorded reading/surface pair and category supported by cited facts after rule corrections; not a claim of independent expert review	"{""entities"":[{""id"":""Q202565"",""names"":[""クタンス"",""Coutances"",""クータンス"",""クータンセ""],""types"":[""Q484170"",""Q3957""],""parents"":[],""readings"":[],""title"":""クタンス"",""nameKinds"":{""クタンス"":[""label:ja"",""title:jawiki""],""Coutances"":[""label:en""],""クータンス"":[""alias:ja""],""クータンセ"":[""alias:ja""]},""readingNames"":[""クタンス""],""primaryReadings"":[]}],""lexical"":[]}"
place	らーわ	ラーワ	1851	1851	common	orthographic-kana;https://www.wikidata.org/wiki/Q2354244#name	https://www.wikidata.org/wiki/Q2354244	assistant inspection of pair-bound reading evidence and stored semantic facts; targeted pages for identified problems	Recorded reading/surface pair and category supported by cited facts after rule corrections; not a claim of independent expert review	"{""entities"":[{""id"":""Q2354244"",""names"":[""Rawa"",""ラワ"",""ラーワ""],""types"":[""Q3957""],""parents"":[],""readings"":[],""title"":""ラーワ"",""nameKinds"":{""Rawa"":[""label:en""],""ラワ"":[""label:ja""],""ラーワ"":[""alias:ja"",""title:jawiki""]},""readingNames"":[""ラワ""],""primaryReadings"":[]}],""lexical"":[]}"
place	てぃふぁりてぃ	ティファリティ	1851	1851	common	orthographic-kana;https://www.wikidata.org/wiki/Q2360337#name	https://www.wikidata.org/wiki/Q2360337	assistant inspection of pair-bound reading evidence and stored semantic facts; targeted pages for identified problems	Recorded reading/surface pair and category supported by cited facts after rule corrections; not a claim of independent expert review	"{""entities"":[{""id"":""Q2360337"",""names"":[""Tifariti"",""ティファリティ""],""types"":[""Q486972""],""parents"":[],""readings"":[],""title"":""ティファリティ"",""nameKinds"":{""Tifariti"":[""label:en""],""ティファリティ"":[""label:ja"",""title:jawiki""]},""readingNames"":[""ティファリティ""],""primaryReadings"":[]}],""lexical"":[]}"
place	とっれきあーら	トッレキアーラ	1851	1851	wiki	orthographic-kana;https://www.wikidata.org/wiki/Q2154272#name	https://www.wikidata.org/wiki/Q2154272	assistant inspection of pair-bound reading evidence and stored semantic facts; targeted pages for identified problems	Recorded reading/surface pair and category supported by cited facts after rule corrections; not a claim of independent expert review	"{""entities"":[{""id"":""Q2154272"",""names"":[""Torrechiara"",""トッレキアーラ""],""types"":[""Q1134686""],""parents"":[],""readings"":[],""nameKinds"":{""Torrechiara"":[""label:en""],""トッレキアーラ"":[""label:ja""]},""readingNames"":[""トッレキアーラ""],""primaryReadings"":[]}],""lexical"":[]}"
place	そるとらん	ソルトラン	1851	1851	common	orthographic-kana;https://www.wikidata.org/wiki/Q48844#name	https://www.wikidata.org/wiki/Q48844	assistant inspection of pair-bound reading evidence and stored semantic facts; targeted pages for identified problems	Recorded reading/surface pair and category supported by cited facts after rule corrections; not a claim of independent expert review	"{""entities"":[{""id"":""Q48844"",""names"":[""ソルトラン"",""Sortland Municipality"",""Suortá""],""types"":[""Q755707""],""parents"":[],""readings"":[],""title"":""ソルトラン"",""nameKinds"":{""ソルトラン"":[""label:ja"",""title:jawiki""],""Sortland Municipality"":[""label:en""],""Suortá"":[""alias:en""]},""readingNames"":[""ソルトラン""],""primaryReadings"":[]}],""lexical"":[]}"
place	ふぃーくる	フィークル	1851	1851	common	orthographic-kana;https://www.wikidata.org/wiki/Q967804#name	https://www.wikidata.org/wiki/Q967804	assistant inspection of pair-bound reading evidence and stored semantic facts; targeted pages for identified problems	Recorded reading/surface pair and category supported by cited facts after rule corrections; not a claim of independent expert review	"{""entities"":[{""id"":""Q967804"",""names"":[""Feakle"",""フィークル"",""Feakell"",""Fiakil"",""An Fhiacail""],""types"":[""Q532""],""parents"":[],""readings"":[],""title"":""フィークル"",""nameKinds"":{""Feakle"":[""label:en""],""フィークル"":[""label:ja"",""title:jawiki""],""Feakell"":[""alias:en""],""Fiakil"":[""alias:en""],""An Fhiacail"":[""alias:en""]},""readingNames"":[""フィークル""],""primaryReadings"":[]}],""lexical"":[]}"
place	らーちもんと	ラーチモント	1851	1851	wiki	orthographic-kana;https://www.wikidata.org/wiki/Q256477#name	https://www.wikidata.org/wiki/Q256477	assistant inspection of pair-bound reading evidence and stored semantic facts; targeted pages for identified problems	Recorded reading/surface pair and category supported by cited facts after rule corrections; not a claim of independent expert review	"{""entities"":[{""id"":""Q256477"",""names"":[""Larchmont"",""ラーチモント"",""Larchmont, New York"",""Larchmont, NY"",""ラークモント"",""ラーチモント (ニューヨーク州)""],""types"":[""Q55237813""],""parents"":[],""readings"":[],""title"":""ラーチモント (ニューヨーク州)"",""nameKinds"":{""Larchmont"":[""label:en""],""ラーチモント"":[""label:ja""],""Larchmont, New York"":[""alias:en""],""Larchmont, NY"":[""alias:en""],""ラークモント"":[""alias:ja""],""ラーチモント (ニューヨーク州)"":[""title:jawiki""]},""readingNames"":[""ラーチモント""],""primaryReadings"":[]}],""lexical"":[]}"
place	ちんとぅー	チントゥー	1851	1851	common	orthographic-kana;https://www.wikidata.org/wiki/Q113913#name	https://www.wikidata.org/wiki/Q113913	assistant inspection of pair-bound reading evidence and stored semantic facts; targeted pages for identified problems	Recorded reading/surface pair and category supported by cited facts after rule corrections; not a claim of independent expert review	"{""entities"":[{""id"":""Q113913"",""names"":[""チントゥー"",""Ching-tu""],""types"":[""Q1051581""],""parents"":[],""readings"":[],""title"":""チントゥー"",""nameKinds"":{""チントゥー"":[""label:ja"",""title:jawiki""],""Ching-tu"":[""label:en""]},""readingNames"":[""チントゥー""],""primaryReadings"":[]}],""lexical"":[]}"
place	とろめん	トロメン	1851	1851	common	orthographic-kana;https://www.wikidata.org/wiki/Q422965#name	https://www.wikidata.org/wiki/Q422965	assistant inspection of pair-bound reading evidence and stored semantic facts; targeted pages for identified problems	Recorded reading/surface pair and category supported by cited facts after rule corrections; not a claim of independent expert review	"{""entities"":[{""id"":""Q422965"",""names"":[""トロメン"",""Tromen"",""Volcan Tromen""],""types"":[""Q8502"",""Q8072""],""parents"":[],""readings"":[],""title"":""トロメン"",""nameKinds"":{""トロメン"":[""label:ja"",""title:jawiki""],""Tromen"":[""label:en""],""Volcan Tromen"":[""alias:en""]},""readingNames"":[""トロメン""],""primaryReadings"":[]}],""lexical"":[]}"
place	あやろん	アヤロン	1851	1851	common	orthographic-kana;https://www.wikidata.org/wiki/Q658898#name	https://www.wikidata.org/wiki/Q658898	assistant inspection of pair-bound reading evidence and stored semantic facts; targeted pages for identified problems	Recorded reading/surface pair and category supported by cited facts after rule corrections; not a claim of independent expert review	"{""entities"":[{""id"":""Q658898"",""names"":[""Ayalon Valley"",""アヤロン"",""Ajalon"",""‘Emeq Ayyalon"",""Valley of Ajalon""],""types"":[""Q39816"",""Q160091""],""parents"":[],""readings"":[],""title"":""アヤロン"",""nameKinds"":{""Ayalon Valley"":[""label:en""],""アヤロン"":[""label:ja"",""title:jawiki""],""Ajalon"":[""alias:en""],""‘Emeq Ayyalon"":[""alias:en""],""Valley of Ajalon"":[""alias:en""]},""readingNames"":[""アヤロン""],""primaryReadings"":[]}],""lexical"":[]}"
place	こだいろーま	古代ローマ	1851	1851	common	https://www.edrdg.org/jmdict/edict_doc.html#entry-2510470-sense-1	https://www.wikidata.org/wiki/Q1747689#P31;reading:independent-pair;categories:place;lexical-and-confirmed-referents;https://www.edrdg.org/jmdict/edict_doc.html#entry-2510470-sense-1	assistant inspection of pair-bound reading evidence and stored semantic facts; targeted pages for identified problems	Recorded reading/surface pair and category supported by cited facts after rule corrections; not a claim of independent expert review	"{""entities"":[{""id"":""Q1747689"",""names"":[""Ancient Rome"",""古代ローマ"",""Roman antiquity"",""Roman civilization"",""Roman culture"",""ancient Roman civilization"",""ancient Roman culture""],""types"":[""Q3024240"",""Q28171280"",""Q26907166""],""parents"":[""Q465299"",""Q120754777""],""readings"":[],""title"":""古代ローマ"",""nameKinds"":{""Ancient Rome"":[""label:en""],""古代ローマ"":[""label:ja"",""title:jawiki""],""Roman antiquity"":[""alias:en""],""Roman civilization"":[""alias:en""],""Roman culture"":[""alias:en""],""ancient Roman civilization"":[""alias:en""],""ancient Roman culture"":[""alias:en""]},""readingNames"":[""古代ローマ""],""primaryReadings"":[]}],""lexical"":[{""reading"":""こだいろーま"",""surface"":""古代ローマ"",""categories"":[""general""],""evidence"":""https://www.edrdg.org/jmdict/edict_doc.html#entry-2510470-sense-1"",""entryId"":""2510470"",""pos"":[""n""],""version"":""76a91691b63094bf2aedca93cb889c7396945fe961e478f13081d839c9684e0c"",""source"":""JMdict"",""misc"":[""hist""],""glosses"":[""ancient Rome""]}]}"
place	かりあしか	カリアシカ	1851	1851	wiki	orthographic-kana;https://www.wikidata.org/wiki/Q841222#name	https://www.wikidata.org/wiki/Q841222	assistant inspection of pair-bound reading evidence and stored semantic facts; targeted pages for identified problems	Recorded reading/surface pair and category supported by cited facts after rule corrections; not a claim of independent expert review	"{""entities"":[{""id"":""Q841222"",""names"":[""Cariacica"",""カリアシカ""],""types"":[""Q3184121"",""Q1549591""],""parents"":[],""readings"":[],""title"":""カリアシカ"",""nameKinds"":{""Cariacica"":[""label:en""],""カリアシカ"":[""label:ja"",""title:jawiki""]},""readingNames"":[""カリアシカ""],""primaryReadings"":[]}],""lexical"":[]}"
place	こんふぃにょん	コンフィニョン	1851	1851	common	orthographic-kana;https://www.wikidata.org/wiki/Q65277#name	https://www.wikidata.org/wiki/Q65277	assistant inspection of pair-bound reading evidence and stored semantic facts; targeted pages for identified problems	Recorded reading/surface pair and category supported by cited facts after rule corrections; not a claim of independent expert review	"{""entities"":[{""id"":""Q65277"",""names"":[""Confignon"",""コンフィニョン"",""Confignon GE""],""types"":[""Q70208""],""parents"":[],""readings"":[],""title"":""コンフィニョン"",""nameKinds"":{""Confignon"":[""label:en""],""コンフィニョン"":[""label:ja"",""title:jawiki""],""Confignon GE"":[""alias:en""]},""readingNames"":[""コンフィニョン""],""primaryReadings"":[]}],""lexical"":[]}"
place	ふぉるもんたん	フォルモンタン	1851	1851	common	orthographic-kana;https://www.wikidata.org/wiki/Q379810#name	https://www.wikidata.org/wiki/Q379810	assistant inspection of pair-bound reading evidence and stored semantic facts; targeted pages for identified problems	Recorded reading/surface pair and category supported by cited facts after rule corrections; not a claim of independent expert review	"{""entities"":[{""id"":""Q379810"",""names"":[""フォルモンタン"",""Formentin""],""types"":[""Q484170""],""parents"":[],""readings"":[],""title"":""フォルモンタン"",""nameKinds"":{""フォルモンタン"":[""label:ja"",""title:jawiki""],""Formentin"":[""label:en""]},""readingNames"":[""フォルモンタン""],""primaryReadings"":[]}],""lexical"":[]}"
place	なーちとぅん	ナーチトゥン	1851	1851	common	orthographic-kana;https://www.wikidata.org/wiki/Q1770492#name	https://www.wikidata.org/wiki/Q1770492	assistant inspection of pair-bound reading evidence and stored semantic facts; targeted pages for identified problems	Recorded reading/surface pair and category supported by cited facts after rule corrections; not a claim of independent expert review	"{""entities"":[{""id"":""Q1770492"",""names"":[""Naachtun"",""ナーチトゥン"",""Naachtún""],""types"":[""Q839954""],""parents"":[],""readings"":[],""title"":""ナーチトゥン"",""nameKinds"":{""Naachtun"":[""label:en""],""ナーチトゥン"":[""label:ja"",""title:jawiki""],""Naachtún"":[""alias:en""]},""readingNames"":[""ナーチトゥン""],""primaryReadings"":[]}],""lexical"":[]}"
place	しゃふりはん	シャフリハン	1851	1851	common	orthographic-kana;https://www.wikidata.org/wiki/Q1659154#name	https://www.wikidata.org/wiki/Q1659154	assistant inspection of pair-bound reading evidence and stored semantic facts; targeted pages for identified problems	Recorded reading/surface pair and category supported by cited facts after rule corrections; not a claim of independent expert review	"{""entities"":[{""id"":""Q1659154"",""names"":[""シャフリハン"",""Shahrixon"",""Shahrikhan""],""types"":[""Q486972""],""parents"":[],""readings"":[],""title"":""シャフリハン"",""nameKinds"":{""シャフリハン"":[""label:ja"",""title:jawiki""],""Shahrixon"":[""label:en""],""Shahrikhan"":[""alias:en""]},""readingNames"":[""シャフリハン""],""primaryReadings"":[]}],""lexical"":[]}"
place	あるきあん	アルキアン	1851	1851	common	orthographic-kana;https://www.wikidata.org/wiki/Q531343#name	https://www.wikidata.org/wiki/Q531343	assistant inspection of pair-bound reading evidence and stored semantic facts; targeted pages for identified problems	Recorded reading/surface pair and category supported by cited facts after rule corrections; not a claim of independent expert review	"{""entities"":[{""id"":""Q531343"",""names"":[""Arquian"",""アルキアン""],""types"":[""Q484170""],""parents"":[],""readings"":[],""title"":""アルキアン"",""nameKinds"":{""Arquian"":[""label:en""],""アルキアン"":[""label:ja"",""title:jawiki""]},""readingNames"":[""アルキアン""],""primaryReadings"":[]}],""lexical"":[]}"
place	さもこふ	サモコフ	1851	1851	common	orthographic-kana;https://www.wikidata.org/wiki/Q388070#name	https://www.wikidata.org/wiki/Q388070	assistant inspection of pair-bound reading evidence and stored semantic facts; targeted pages for identified problems	Recorded reading/surface pair and category supported by cited facts after rule corrections; not a claim of independent expert review	"{""entities"":[{""id"":""Q388070"",""names"":[""Samokov"",""サモコフ""],""types"":[""Q15303838"",""Q89487741""],""parents"":[],""readings"":[],""nameKinds"":{""Samokov"":[""label:en""],""サモコフ"":[""label:ja""]},""readingNames"":[""サモコフ""],""primaryReadings"":[]}],""lexical"":[]}"
place	ふるんろー	フルンロー	1851	1851	common	orthographic-kana;https://www.wikidata.org/wiki/Q72991#name	https://www.wikidata.org/wiki/Q72991	assistant inspection of pair-bound reading evidence and stored semantic facts; targeted pages for identified problems	Recorded reading/surface pair and category supported by cited facts after rule corrections; not a claim of independent expert review	"{""entities"":[{""id"":""Q72991"",""names"":[""Groenlo"",""フルンロー""],""types"":[""Q13539802"",""Q1852859"",""Q2039348""],""parents"":[],""readings"":[],""title"":""フルンロー"",""nameKinds"":{""Groenlo"":[""label:en""],""フルンロー"":[""label:ja"",""title:jawiki""]},""readingNames"":[""フルンロー""],""primaryReadings"":[]}],""lexical"":[]}"
place	ろっきーまうんてんはうす	ロッキーマウンテンハウス	1851	1851	common	orthographic-kana;https://www.wikidata.org/wiki/Q1743575#name	https://www.wikidata.org/wiki/Q1743575	assistant inspection of pair-bound reading evidence and stored semantic facts; targeted pages for identified problems	Recorded reading/surface pair and category supported by cited facts after rule corrections; not a claim of independent expert review	"{""entities"":[{""id"":""Q1743575"",""names"":[""Rocky Mountain House"",""ロッキーマウンテンハウス""],""types"":[""Q55430416"",""Q3957""],""parents"":[],""readings"":[],""title"":""ロッキーマウンテンハウス"",""nameKinds"":{""Rocky Mountain House"":[""label:en""],""ロッキーマウンテンハウス"":[""label:ja"",""title:jawiki""]},""readingNames"":[""ロッキーマウンテンハウス""],""primaryReadings"":[]}],""lexical"":[]}"
place	いすのす	イスノス	1851	1851	wiki	orthographic-kana;https://www.wikidata.org/wiki/Q953401#name	https://www.wikidata.org/wiki/Q953401	assistant inspection of pair-bound reading evidence and stored semantic facts; targeted pages for identified problems	Recorded reading/surface pair and category supported by cited facts after rule corrections; not a claim of independent expert review	"{""entities"":[{""id"":""Q953401"",""names"":[""Isnos"",""イスノス""],""types"":[""Q2555896""],""parents"":[],""readings"":[],""title"":""イスノス"",""nameKinds"":{""Isnos"":[""label:en""],""イスノス"":[""label:ja"",""title:jawiki""]},""readingNames"":[""イスノス""],""primaryReadings"":[]}],""lexical"":[]}"
place	けんつん	ケンツン	1851	1851	wiki	orthographic-kana;https://www.wikidata.org/wiki/Q15235512#name	https://www.wikidata.org/wiki/Q15235512	assistant inspection of pair-bound reading evidence and stored semantic facts; targeted pages for identified problems	Recorded reading/surface pair and category supported by cited facts after rule corrections; not a claim of independent expert review	"{""entities"":[{""id"":""Q15235512"",""names"":[""Kengtung Township"",""ケンツン"",""チャイントン"",""チャイントン郡区"",""ケントゥン郡区"",""Kengtung township""],""types"":[""Q7830262""],""parents"":[],""readings"":[],""title"":""ケントゥン郡区"",""nameKinds"":{""Kengtung Township"":[""label:en""],""ケンツン"":[""label:ja""],""チャイントン"":[""alias:ja""],""チャイントン郡区"":[""alias:ja""],""ケントゥン郡区"":[""alias:ja"",""title:jawiki""],""Kengtung township"":[""alias:en""]},""readingNames"":[""ケンツン""],""primaryReadings"":[]}],""lexical"":[]}"
place	ふれんぬ	フレンヌ	1851	1851	wiki	orthographic-kana;https://www.wikidata.org/wiki/Q270345#name	https://www.wikidata.org/wiki/Q270345	assistant inspection of pair-bound reading evidence and stored semantic facts; targeted pages for identified problems	Recorded reading/surface pair and category supported by cited facts after rule corrections; not a claim of independent expert review	"{""entities"":[{""id"":""Q270345"",""names"":[""フレンヌ"",""Fresnes"",""フレンヌ (ヴァル＝ド＝マルヌ県)""],""types"":[""Q484170""],""parents"":[],""readings"":[],""title"":""フレンヌ (ヴァル＝ド＝マルヌ県)"",""nameKinds"":{""フレンヌ"":[""label:ja""],""Fresnes"":[""label:en""],""フレンヌ (ヴァル＝ド＝マルヌ県)"":[""title:jawiki""]},""readingNames"":[""フレンヌ""],""primaryReadings"":[]}],""lexical"":[]}"
place	らめんすこえ	ラメンスコエ	1851	1851	common	orthographic-kana;https://www.wikidata.org/wiki/Q163643#name	https://www.wikidata.org/wiki/Q163643	assistant inspection of pair-bound reading evidence and stored semantic facts; targeted pages for identified problems	Recorded reading/surface pair and category supported by cited facts after rule corrections; not a claim of independent expert review	"{""entities"":[{""id"":""Q163643"",""names"":[""Ramenskoye"",""ラメンスコエ"",""Ramensky""],""types"":[""Q7930989"",""Q1549591""],""parents"":[],""readings"":[],""title"":""ラメンスコエ"",""nameKinds"":{""Ramenskoye"":[""label:en""],""ラメンスコエ"":[""label:ja"",""title:jawiki""],""Ramensky"":[""alias:en""]},""readingNames"":[""ラメンスコエ""],""primaryReadings"":[]}],""lexical"":[]}"
place	かかしゅとら	カカシュトラ	1851	1851	common	orthographic-kana;https://www.wikidata.org/wiki/Q1024995#name	https://www.wikidata.org/wiki/Q1024995	assistant inspection of pair-bound reading evidence and stored semantic facts; targeted pages for identified problems	Recorded reading/surface pair and category supported by cited facts after rule corrections; not a claim of independent expert review	"{""entities"":[{""id"":""Q1024995"",""names"":[""Cacaxtla"",""カカシュトラ""],""types"":[""Q839954""],""parents"":[],""readings"":[],""title"":""カカシュトラ"",""nameKinds"":{""Cacaxtla"":[""label:en""],""カカシュトラ"":[""label:ja"",""title:jawiki""]},""readingNames"":[""カカシュトラ""],""primaryReadings"":[]}],""lexical"":[]}"
place	おるてにあ	オルテニア	1851	1851	common	orthographic-kana;https://www.wikidata.org/wiki/Q208629#name	https://www.wikidata.org/wiki/Q208629	assistant inspection of pair-bound reading evidence and stored semantic facts; targeted pages for identified problems	Recorded reading/surface pair and category supported by cited facts after rule corrections; not a claim of independent expert review	"{""entities"":[{""id"":""Q208629"",""names"":[""オルテニア"",""Oltenia"",""小ワラキア""],""types"":[""Q1620908""],""parents"":[],""readings"":[],""title"":""オルテニア"",""nameKinds"":{""オルテニア"":[""label:ja"",""title:jawiki""],""Oltenia"":[""label:en""],""小ワラキア"":[""alias:ja""]},""readingNames"":[""オルテニア""],""primaryReadings"":[]}],""lexical"":[]}"
place	へとぅあら	ヘトゥアラ	1851	1851	common	orthographic-kana;https://www.wikidata.org/wiki/Q842950#name	https://www.wikidata.org/wiki/Q842950	assistant inspection of pair-bound reading evidence and stored semantic facts; targeted pages for identified problems	Recorded reading/surface pair and category supported by cited facts after rule corrections; not a claim of independent expert review	"{""entities"":[{""id"":""Q842950"",""names"":[""ヘトゥアラ"",""Hetu Ala City"",""赫図阿拉"",""興京"",""Xingjing"",""Xing Jing"",""Hetu Ala Ancient City""],""types"":[""Q27554677""],""parents"":[],""readings"":[],""title"":""ヘトゥアラ"",""nameKinds"":{""ヘトゥアラ"":[""label:ja"",""title:jawiki""],""Hetu Ala City"":[""label:en""],""赫図阿拉"":[""alias:ja""],""興京"":[""alias:ja""],""Xingjing"":[""alias:en""],""Xing Jing"":[""alias:en""],""Hetu Ala Ancient City"":[""alias:en""]},""readingNames"":[""ヘトゥアラ""],""primaryReadings"":[]}],""lexical"":[]}"
place	みありてきさす	ミアリテキサス	1851	1851	common	orthographic-kana;https://www.wikidata.org/wiki/Q502223#name	https://www.wikidata.org/wiki/Q502223	assistant inspection of pair-bound reading evidence and stored semantic facts; targeted pages for identified problems	Recorded reading/surface pair and category supported by cited facts after rule corrections; not a claim of independent expert review	"{""entities"":[{""id"":""Q502223"",""names"":[""ミアリテキサス"",""Miari"",""Mia-ri"",""Miari Texas"",""Mia-ri Texas""],""types"":[""Q272888""],""parents"":[],""readings"":[],""title"":""ミアリテキサス"",""nameKinds"":{""ミアリテキサス"":[""label:ja"",""title:jawiki""],""Miari"":[""label:en""],""Mia-ri"":[""alias:en""],""Miari Texas"":[""alias:en""],""Mia-ri Texas"":[""alias:en""]},""readingNames"":[""ミアリテキサス""],""primaryReadings"":[]}],""lexical"":[]}"
place	らんからん	ランカラン	1851	1851	wiki	orthographic-kana;https://www.wikidata.org/wiki/Q228811#name	https://www.wikidata.org/wiki/Q228811	assistant inspection of pair-bound reading evidence and stored semantic facts; targeted pages for identified problems	Recorded reading/surface pair and category supported by cited facts after rule corrections; not a claim of independent expert review	"{""entities"":[{""id"":""Q228811"",""names"":[""Lankaran"",""ランカラン"",""レンコラン"",""レンキャラン""],""types"":[""Q56557664""],""parents"":[],""readings"":[],""title"":""レンキャラン"",""nameKinds"":{""Lankaran"":[""label:en""],""ランカラン"":[""label:ja""],""レンコラン"":[""alias:ja""],""レンキャラン"":[""alias:ja"",""title:jawiki""]},""readingNames"":[""ランカラン""],""primaryReadings"":[]}],""lexical"":[]}"
place	もっさうたーる	モッサウタール	1851	1851	common	orthographic-kana;https://www.wikidata.org/wiki/Q622122#name	https://www.wikidata.org/wiki/Q622122	assistant inspection of pair-bound reading evidence and stored semantic facts; targeted pages for identified problems	Recorded reading/surface pair and category supported by cited facts after rule corrections; not a claim of independent expert review	"{""entities"":[{""id"":""Q622122"",""names"":[""Mossautal"",""モッサウタール""],""types"":[""Q317548"",""Q116457956""],""parents"":[],""readings"":[],""title"":""モッサウタール"",""nameKinds"":{""Mossautal"":[""label:en""],""モッサウタール"":[""label:ja"",""title:jawiki""]},""readingNames"":[""モッサウタール""],""primaryReadings"":[]}],""lexical"":[]}"
place	らきんすく	ラキンスク	1851	1851	common	orthographic-kana;https://www.wikidata.org/wiki/Q152906#name	https://www.wikidata.org/wiki/Q152906	assistant inspection of pair-bound reading evidence and stored semantic facts; targeted pages for identified problems	Recorded reading/surface pair and category supported by cited facts after rule corrections; not a claim of independent expert review	"{""entities"":[{""id"":""Q152906"",""names"":[""Lakinsk"",""ラキンスク""],""types"":[""Q7930989""],""parents"":[],""readings"":[],""title"":""ラキンスク"",""nameKinds"":{""Lakinsk"":[""label:en""],""ラキンスク"":[""label:ja"",""title:jawiki""]},""readingNames"":[""ラキンスク""],""primaryReadings"":[]}],""lexical"":[]}"
place	こもてぃに	コモティニ	1851	1851	common	orthographic-kana;https://www.wikidata.org/wiki/Q208403#name	https://www.wikidata.org/wiki/Q208403	assistant inspection of pair-bound reading evidence and stored semantic facts; targeted pages for identified problems	Recorded reading/surface pair and category supported by cited facts after rule corrections; not a claim of independent expert review	"{""entities"":[{""id"":""Q208403"",""names"":[""コモティニ"",""Komotini"",""Giumurdzina"",""Gümülcine""],""types"":[""Q515""],""parents"":[],""readings"":[],""title"":""コモティニ"",""nameKinds"":{""コモティニ"":[""label:ja"",""title:jawiki""],""Komotini"":[""label:en""],""Giumurdzina"":[""alias:en""],""Gümülcine"":[""alias:en""]},""readingNames"":[""コモティニ""],""primaryReadings"":[]}],""lexical"":[]}"
place	あいあも	アイアモ	1851	1851	wiki	orthographic-kana;https://www.wikidata.org/wiki/Q304451#name	https://www.wikidata.org/wiki/Q304451	assistant inspection of pair-bound reading evidence and stored semantic facts; targeted pages for identified problems	Recorded reading/surface pair and category supported by cited facts after rule corrections; not a claim of independent expert review	"{""entities"":[{""id"":""Q304451"",""names"":[""Irmo"",""アイアモ"",""Irmo, South Carolina"",""Irmo, SC"",""アイアモ (サウスカロライナ州)""],""types"":[""Q15127012""],""parents"":[],""readings"":[],""title"":""アイアモ (サウスカロライナ州)"",""nameKinds"":{""Irmo"":[""label:en""],""アイアモ"":[""label:ja""],""Irmo, South Carolina"":[""alias:en""],""Irmo, SC"":[""alias:en""],""アイアモ (サウスカロライナ州)"":[""title:jawiki""]},""readingNames"":[""アイアモ""],""primaryReadings"":[]}],""lexical"":[]}"
place	ねいけるく	ネイケルク	1851	1851	common	orthographic-kana;https://www.wikidata.org/wiki/Q73226#name	https://www.wikidata.org/wiki/Q73226	assistant inspection of pair-bound reading evidence and stored semantic facts; targeted pages for identified problems	Recorded reading/surface pair and category supported by cited facts after rule corrections; not a claim of independent expert review	"{""entities"":[{""id"":""Q73226"",""names"":[""ネイケルク"",""Nijkerk""],""types"":[""Q2039348""],""parents"":[],""readings"":[],""title"":""ネイケルク"",""nameKinds"":{""ネイケルク"":[""label:ja"",""title:jawiki""],""Nijkerk"":[""label:en""]},""readingNames"":[""ネイケルク""],""primaryReadings"":[]}],""lexical"":[]}"
place	にゅーかいろ	ニューカイロ	1851	1851	wiki	orthographic-kana;https://www.wikidata.org/wiki/Q12191144#name	https://www.wikidata.org/wiki/Q12191144	assistant inspection of pair-bound reading evidence and stored semantic facts; targeted pages for identified problems	Recorded reading/surface pair and category supported by cited facts after rule corrections; not a claim of independent expert review	"{""entities"":[{""id"":""Q12191144"",""names"":[""New Cairo"",""ニューカイロ""],""types"":[""Q515"",""Q1549591"",""Q110256333""],""parents"":[],""readings"":[],""title"":""ニューカイロ"",""nameKinds"":{""New Cairo"":[""label:en""],""ニューカイロ"":[""label:ja"",""title:jawiki""]},""readingNames"":[""ニューカイロ""],""primaryReadings"":[]}],""lexical"":[]}"
place	とぅいし	トゥイシ	1851	1851	common	orthographic-kana;https://www.wikidata.org/wiki/Q64589704#name	https://www.wikidata.org/wiki/Q64589704	assistant inspection of pair-bound reading evidence and stored semantic facts; targeted pages for identified problems	Recorded reading/surface pair and category supported by cited facts after rule corrections; not a claim of independent expert review	"{""entities"":[{""id"":""Q64589704"",""names"":[""トゥイシ"",""Tuishi""],""types"":[""Q1404150"",""Q216851""],""parents"":[],""readings"":[],""title"":""トゥイシ"",""nameKinds"":{""トゥイシ"":[""label:ja"",""title:jawiki""],""Tuishi"":[""label:en""]},""readingNames"":[""トゥイシ""],""primaryReadings"":[]}],""lexical"":[]}"
place	もんそろー	モンソロー	1851	1851	common	orthographic-kana;https://www.wikidata.org/wiki/Q656699#name	https://www.wikidata.org/wiki/Q656699	assistant inspection of pair-bound reading evidence and stored semantic facts; targeted pages for identified problems	Recorded reading/surface pair and category supported by cited facts after rule corrections; not a claim of independent expert review	"{""entities"":[{""id"":""Q656699"",""names"":[""Montsoreau"",""モンソロー"",""monsoreau"",""monsoro""],""types"":[""Q484170""],""parents"":[],""readings"":[],""title"":""モンソロー"",""nameKinds"":{""Montsoreau"":[""label:en""],""モンソロー"":[""label:ja"",""title:jawiki""],""monsoreau"":[""alias:ja""],""monsoro"":[""alias:ja""]},""readingNames"":[""モンソロー""],""primaryReadings"":[]}],""lexical"":[]}"
place	やいつぇ	ヤイツェ	1851	1851	common	orthographic-kana;https://www.wikidata.org/wiki/Q258429#name	https://www.wikidata.org/wiki/Q258429	assistant inspection of pair-bound reading evidence and stored semantic facts; targeted pages for identified problems	Recorded reading/surface pair and category supported by cited facts after rule corrections; not a claim of independent expert review	"{""entities"":[{""id"":""Q258429"",""names"":[""Jajce"",""ヤイツェ""],""types"":[""Q3257686"",""Q16085106""],""parents"":[],""readings"":[],""title"":""ヤイツェ"",""nameKinds"":{""Jajce"":[""label:en""],""ヤイツェ"":[""label:ja"",""title:jawiki""]},""readingNames"":[""ヤイツェ""],""primaryReadings"":[]}],""lexical"":[]}"
place	しょやは	ショヤハ	1851	1851	common	orthographic-kana;https://www.wikidata.org/wiki/Q4448766#name	https://www.wikidata.org/wiki/Q4448766	assistant inspection of pair-bound reading evidence and stored semantic facts; targeted pages for identified problems	Recorded reading/surface pair and category supported by cited facts after rule corrections; not a claim of independent expert review	"{""entities"":[{""id"":""Q4448766"",""names"":[""Seyakha"",""ショヤハ"",""Syoyakha"",""ショヤハ農村居住区域""],""types"":[""Q532"",""Q192287""],""parents"":[],""readings"":[],""title"":""ショヤハ"",""nameKinds"":{""Seyakha"":[""label:en""],""ショヤハ"":[""label:ja"",""title:jawiki""],""Syoyakha"":[""alias:en""],""ショヤハ農村居住区域"":[""alias:ja""]},""readingNames"":[""ショヤハ""],""primaryReadings"":[]}],""lexical"":[]}"
place	かにう	カニウ	1851	1851	common	orthographic-kana;https://www.wikidata.org/wiki/Q925340#name	https://www.wikidata.org/wiki/Q925340	assistant inspection of pair-bound reading evidence and stored semantic facts; targeted pages for identified problems	Recorded reading/surface pair and category supported by cited facts after rule corrections; not a claim of independent expert review	"{""entities"":[{""id"":""Q925340"",""names"":[""Kaniv"",""カニウ"",""Kánev"",""Kaniów""],""types"":[""Q5123999"",""Q2989457""],""parents"":[],""readings"":[],""title"":""カニウ"",""nameKinds"":{""Kaniv"":[""label:en""],""カニウ"":[""label:ja"",""title:jawiki""],""Kánev"":[""alias:en""],""Kaniów"":[""alias:en""]},""readingNames"":[""カニウ""],""primaryReadings"":[]}],""lexical"":[]}"
place	あはさー	アハサー	1851	1851	wiki	orthographic-kana;https://www.wikidata.org/wiki/Q311341#name	https://www.wikidata.org/wiki/Q311341	assistant inspection of pair-bound reading evidence and stored semantic facts; targeted pages for identified problems	Recorded reading/surface pair and category supported by cited facts after rule corrections; not a claim of independent expert review	"{""entities"":[{""id"":""Q311341"",""names"":[""Al-Ahsa Oasis"",""アハサー"",""アルハーサ"",""アル・ハサー"",""アルハサ""],""types"":[""Q1129474"",""Q1549591""],""parents"":[],""readings"":[],""title"":""アハサー"",""nameKinds"":{""Al-Ahsa Oasis"":[""label:en""],""アハサー"":[""label:ja"",""title:jawiki""],""アルハーサ"":[""alias:ja""],""アル・ハサー"":[""alias:ja""],""アルハサ"":[""alias:ja""]},""readingNames"":[""アハサー""],""primaryReadings"":[]}],""lexical"":[]}"
place	おってんしゅたいん	オッテンシュタイン	1851	1851	common	orthographic-kana;https://www.wikidata.org/wiki/Q549898#name	https://www.wikidata.org/wiki/Q549898	assistant inspection of pair-bound reading evidence and stored semantic facts; targeted pages for identified problems	Recorded reading/surface pair and category supported by cited facts after rule corrections; not a claim of independent expert review	"{""entities"":[{""id"":""Q549898"",""names"":[""Ottenstein"",""オッテンシュタイン""],""types"":[""Q11732217"",""Q116457956"",""Q133997481""],""parents"":[],""readings"":[],""title"":""オッテンシュタイン"",""nameKinds"":{""Ottenstein"":[""label:en""],""オッテンシュタイン"":[""label:ja"",""title:jawiki""]},""readingNames"":[""オッテンシュタイン""],""primaryReadings"":[]}],""lexical"":[]}"
place	すかぅらねーす	スカゥラネース	1851	1851	wiki	orthographic-kana;https://www.wikidata.org/wiki/Q7538169#name	https://www.wikidata.org/wiki/Q7538169	assistant inspection of pair-bound reading evidence and stored semantic facts; targeted pages for identified problems	Recorded reading/surface pair and category supported by cited facts after rule corrections; not a claim of independent expert review	"{""entities"":[{""id"":""Q7538169"",""names"":[""Skálanes"",""スカゥラネース"",""Skalanes""],""types"":[""Q473972""],""parents"":[],""readings"":[],""title"":""スカゥラネース"",""nameKinds"":{""Skálanes"":[""label:en""],""スカゥラネース"":[""label:ja"",""title:jawiki""],""Skalanes"":[""alias:en""]},""readingNames"":[""スカゥラネース""],""primaryReadings"":[]}],""lexical"":[]}"
place	なむり	ナムリ	1851	1851	wiki	orthographic-kana;https://www.wikidata.org/wiki/Q246690#name	https://www.wikidata.org/wiki/Q246690	assistant inspection of pair-bound reading evidence and stored semantic facts; targeted pages for identified problems	Recorded reading/surface pair and category supported by cited facts after rule corrections; not a claim of independent expert review	"{""entities"":[{""id"":""Q246690"",""names"":[""Namri"",""ナムリ"",""ナムル""],""types"":[""Q3024240""],""parents"":[],""readings"":[],""title"":""ナムリ"",""nameKinds"":{""Namri"":[""label:en""],""ナムリ"":[""label:ja"",""title:jawiki""],""ナムル"":[""alias:ja""]},""readingNames"":[""ナムリ""],""primaryReadings"":[]}],""lexical"":[]}"
place	てるねい	テルネイ	1851	1851	common	orthographic-kana;https://www.wikidata.org/wiki/Q1968169#name	https://www.wikidata.org/wiki/Q1968169	assistant inspection of pair-bound reading evidence and stored semantic facts; targeted pages for identified problems	Recorded reading/surface pair and category supported by cited facts after rule corrections; not a claim of independent expert review	"{""entities"":[{""id"":""Q1968169"",""names"":[""Terney"",""テルネイ""],""types"":[""Q15078955""],""parents"":[],""readings"":[],""title"":""テルネイ"",""nameKinds"":{""Terney"":[""label:en""],""テルネイ"":[""label:ja"",""title:jawiki""]},""readingNames"":[""テルネイ""],""primaryReadings"":[]}],""lexical"":[]}"
place	くぃくぃるこ	クィクィルコ	1851	1851	wiki	orthographic-kana;https://www.wikidata.org/wiki/Q1143307#name	https://www.wikidata.org/wiki/Q1143307	assistant inspection of pair-bound reading evidence and stored semantic facts; targeted pages for identified problems	Recorded reading/surface pair and category supported by cited facts after rule corrections; not a claim of independent expert review	"{""entities"":[{""id"":""Q1143307"",""names"":[""Cuicuilco"",""クィクィルコ"",""クイクイルコ"",""jsheunda""],""types"":[""Q839954""],""parents"":[],""readings"":[],""title"":""クィクィルコ"",""nameKinds"":{""Cuicuilco"":[""label:en""],""クィクィルコ"":[""label:ja"",""title:jawiki""],""クイクイルコ"":[""alias:ja""],""jsheunda"":[""alias:en""]},""readingNames"":[""クィクィルコ""],""primaryReadings"":[]}],""lexical"":[]}"
place	おっとろっと	オットロット	1851	1851	common	orthographic-kana;https://www.wikidata.org/wiki/Q22434#name	https://www.wikidata.org/wiki/Q22434	assistant inspection of pair-bound reading evidence and stored semantic facts; targeted pages for identified problems	Recorded reading/surface pair and category supported by cited facts after rule corrections; not a claim of independent expert review	"{""entities"":[{""id"":""Q22434"",""names"":[""オットロット"",""Ottrott""],""types"":[""Q484170""],""parents"":[],""readings"":[],""title"":""オットロット"",""nameKinds"":{""オットロット"":[""label:ja"",""title:jawiki""],""Ottrott"":[""label:en""]},""readingNames"":[""オットロット""],""primaryReadings"":[]}],""lexical"":[]}"
place	ほーねる	ホーネル	1851	1851	neologd	orthographic-kana;https://www.wikidata.org/wiki/Q1378011#name	https://www.wikidata.org/wiki/Q1378011	assistant inspection of pair-bound reading evidence and stored semantic facts; targeted pages for identified problems	Recorded reading/surface pair and category supported by cited facts after rule corrections; not a claim of independent expert review	"{""entities"":[{""id"":""Q1378011"",""names"":[""Hornell"",""ホーネル"",""Hornell, New York"",""Hornell, NY""],""types"":[""Q1093829"",""Q15063611""],""parents"":[],""readings"":[],""nameKinds"":{""Hornell"":[""label:en""],""ホーネル"":[""label:ja""],""Hornell, New York"":[""alias:en""],""Hornell, NY"":[""alias:en""]},""readingNames"":[""ホーネル""],""primaryReadings"":[]}],""lexical"":[]}"
place	のーすこる	ノースコル	1851	1851	common	orthographic-kana;https://www.wikidata.org/wiki/Q2611798#name	https://www.wikidata.org/wiki/Q2611798	assistant inspection of pair-bound reading evidence and stored semantic facts; targeted pages for identified problems	Recorded reading/surface pair and category supported by cited facts after rule corrections; not a claim of independent expert review	"{""entities"":[{""id"":""Q2611798"",""names"":[""North Col"",""ノースコル"",""Everest North Col"",""Chang La""],""types"":[""Q8502"",""Q133056""],""parents"":[],""readings"":[],""title"":""ノースコル"",""nameKinds"":{""North Col"":[""label:en""],""ノースコル"":[""label:ja"",""title:jawiki""],""Everest North Col"":[""alias:en""],""Chang La"":[""alias:en""]},""readingNames"":[""ノースコル""],""primaryReadings"":[]}],""lexical"":[]}"
place	もるなす	モルナス	1851	1851	common	orthographic-kana;https://www.wikidata.org/wiki/Q470952#name	https://www.wikidata.org/wiki/Q470952	assistant inspection of pair-bound reading evidence and stored semantic facts; targeted pages for identified problems	Recorded reading/surface pair and category supported by cited facts after rule corrections; not a claim of independent expert review	"{""entities"":[{""id"":""Q470952"",""names"":[""Mornas"",""モルナス"",""Mornats""],""types"":[""Q484170""],""parents"":[],""readings"":[],""title"":""モルナス"",""nameKinds"":{""Mornas"":[""label:en""],""モルナス"":[""label:ja"",""title:jawiki""],""Mornats"":[""alias:en""]},""readingNames"":[""モルナス""],""primaryReadings"":[]}],""lexical"":[]}"
place	みーはお	ミーハオ	1851	1851	common	orthographic-kana;https://www.wikidata.org/wiki/Q6945614#name	https://www.wikidata.org/wiki/Q6945614	assistant inspection of pair-bound reading evidence and stored semantic facts; targeted pages for identified problems	Recorded reading/surface pair and category supported by cited facts after rule corrections; not a claim of independent expert review	"{""entities"":[{""id"":""Q6945614"",""names"":[""Mỹ Hào"",""ミーハオ"",""Thị xã Mỹ Hào"",""美豪市社""],""types"":[""Q2582669"",""Q2112349""],""parents"":[],""readings"":[],""title"":""ミーハオ"",""nameKinds"":{""Mỹ Hào"":[""label:en""],""ミーハオ"":[""label:ja"",""title:jawiki""],""Thị xã Mỹ Hào"":[""alias:en""],""美豪市社"":[""alias:ja""]},""readingNames"":[""ミーハオ""],""primaryReadings"":[]}],""lexical"":[]}"
place	はりやーなー	ハリヤーナー	1851	1851	wiki	orthographic-kana;https://www.wikidata.org/wiki/Q57156453#name	https://www.wikidata.org/wiki/Q57156453	assistant inspection of pair-bound reading evidence and stored semantic facts; targeted pages for identified problems	Recorded reading/surface pair and category supported by cited facts after rule corrections; not a claim of independent expert review	"{""entities"":[{""id"":""Q57156453"",""names"":[""Haryana"",""ハリヤーナー""],""types"":[""Q57156205""],""parents"":[],""readings"":[],""nameKinds"":{""Haryana"":[""label:en""],""ハリヤーナー"":[""label:ja""]},""readingNames"":[""ハリヤーナー""],""primaryReadings"":[]}],""lexical"":[]}"
place	ぬらた	ヌラタ	1851	1851	common	orthographic-kana;https://www.wikidata.org/wiki/Q609414#name	https://www.wikidata.org/wiki/Q609414	assistant inspection of pair-bound reading evidence and stored semantic facts; targeted pages for identified problems	Recorded reading/surface pair and category supported by cited facts after rule corrections; not a claim of independent expert review	"{""entities"":[{""id"":""Q609414"",""names"":[""ヌラタ"",""Nurata"",""ヌロタ""],""types"":[""Q3957""],""parents"":[],""readings"":[],""title"":""ヌラタ"",""nameKinds"":{""ヌラタ"":[""label:ja"",""title:jawiki""],""Nurata"":[""label:en""],""ヌロタ"":[""alias:ja""]},""readingNames"":[""ヌラタ""],""primaryReadings"":[]}],""lexical"":[]}"
place	ちぇるぃかう	チェルィカウ	1851	1851	common	orthographic-kana;https://www.wikidata.org/wiki/Q955126#name	https://www.wikidata.org/wiki/Q955126	assistant inspection of pair-bound reading evidence and stored semantic facts; targeted pages for identified problems	Recorded reading/surface pair and category supported by cited facts after rule corrections; not a claim of independent expert review	"{""entities"":[{""id"":""Q955126"",""names"":[""Cherykaw"",""チェルィカウ"",""Čerykaŭ"",""Cherykov"",""Cherikov""],""types"":[""Q79324274""],""parents"":[],""readings"":[],""title"":""チェルィカウ"",""nameKinds"":{""Cherykaw"":[""label:en""],""チェルィカウ"":[""label:ja"",""title:jawiki""],""Čerykaŭ"":[""alias:en""],""Cherykov"":[""alias:en""],""Cherikov"":[""alias:en""]},""readingNames"":[""チェルィカウ""],""primaryReadings"":[]}],""lexical"":[]}"
place	えるつぇん	エルツェン	1851	1851	wiki	orthographic-kana;https://www.wikidata.org/wiki/Q381811#name	https://www.wikidata.org/wiki/Q381811	assistant inspection of pair-bound reading evidence and stored semantic facts; targeted pages for identified problems	Recorded reading/surface pair and category supported by cited facts after rule corrections; not a claim of independent expert review	"{""entities"":[{""id"":""Q381811"",""names"":[""Aerzen"",""アエルツェン"",""アエルゼン"",""エルツェン""],""types"":[""Q11732217"",""Q116457956"",""Q133997300""],""parents"":[],""readings"":[],""title"":""エルツェン"",""nameKinds"":{""Aerzen"":[""label:en""],""アエルツェン"":[""label:ja""],""アエルゼン"":[""alias:ja""],""エルツェン"":[""alias:ja"",""title:jawiki""]},""readingNames"":[""アエルツェン""],""primaryReadings"":[]}],""lexical"":[]}"
place	とりっしぇん	トリッシェン	1851	1851	wiki	orthographic-kana;https://www.wikidata.org/wiki/Q20666#name	https://www.wikidata.org/wiki/Q20666	assistant inspection of pair-bound reading evidence and stored semantic facts; targeted pages for identified problems	Recorded reading/surface pair and category supported by cited facts after rule corrections; not a claim of independent expert review	"{""entities"":[{""id"":""Q20666"",""names"":[""Trischen"",""トリッシェン""],""types"":[""Q23442""],""parents"":[],""readings"":[],""title"":""トリッシェン"",""nameKinds"":{""Trischen"":[""label:en""],""トリッシェン"":[""label:ja"",""title:jawiki""]},""readingNames"":[""トリッシェン""],""primaryReadings"":[]}],""lexical"":[]}"
place	はわっりー	ハワッリー	1851	1851	common	orthographic-kana;https://www.wikidata.org/wiki/Q3235220#name	https://www.wikidata.org/wiki/Q3235220	assistant inspection of pair-bound reading evidence and stored semantic facts; targeted pages for identified problems	Recorded reading/surface pair and category supported by cited facts after rule corrections; not a claim of independent expert review	"{""entities"":[{""id"":""Q3235220"",""names"":[""Hawally"",""ハワッリー""],""types"":[""Q188509""],""parents"":[],""readings"":[],""title"":""ハワッリー"",""nameKinds"":{""Hawally"":[""label:en""],""ハワッリー"":[""label:ja"",""title:jawiki""]},""readingNames"":[""ハワッリー""],""primaryReadings"":[]}],""lexical"":[]}"
place	もんてせれの	モンテセレノ	1851	1851	wiki	orthographic-kana;https://www.wikidata.org/wiki/Q985343#name	https://www.wikidata.org/wiki/Q985343	assistant inspection of pair-bound reading evidence and stored semantic facts; targeted pages for identified problems	Recorded reading/surface pair and category supported by cited facts after rule corrections; not a claim of independent expert review	"{""entities"":[{""id"":""Q985343"",""names"":[""Monte Sereno"",""モンテセレノ"",""Monte Sereno, California"",""Monte Sereno, CA"",""モンテ・セレノ"",""モンテセレノ (カリフォルニア州)""],""types"":[""Q13218357""],""parents"":[],""readings"":[],""title"":""モンテセレノ (カリフォルニア州)"",""nameKinds"":{""Monte Sereno"":[""label:en""],""モンテセレノ"":[""label:ja""],""Monte Sereno, California"":[""alias:en""],""Monte Sereno, CA"":[""alias:en""],""モンテ・セレノ"":[""alias:ja""],""モンテセレノ (カリフォルニア州)"":[""title:jawiki""]},""readingNames"":[""モンテセレノ""],""primaryReadings"":[]}],""lexical"":[]}"
place	やんたるぬい	ヤンタルヌイ	1851	1851	common	orthographic-kana;https://www.wikidata.org/wiki/Q76785#name	https://www.wikidata.org/wiki/Q76785	assistant inspection of pair-bound reading evidence and stored semantic facts; targeted pages for identified problems	Recorded reading/surface pair and category supported by cited facts after rule corrections; not a claim of independent expert review	"{""entities"":[{""id"":""Q76785"",""names"":[""ヤンタルヌイ"",""Yantarny""],""types"":[""Q15078955""],""parents"":[],""readings"":[],""title"":""ヤンタルヌイ"",""nameKinds"":{""ヤンタルヌイ"":[""label:ja"",""title:jawiki""],""Yantarny"":[""label:en""]},""readingNames"":[""ヤンタルヌイ""],""primaryReadings"":[]}],""lexical"":[]}"
place	かすとりくむ	カストリクム	1851	1851	common	orthographic-kana;https://www.wikidata.org/wiki/Q9910#name	https://www.wikidata.org/wiki/Q9910	assistant inspection of pair-bound reading evidence and stored semantic facts; targeted pages for identified problems	Recorded reading/surface pair and category supported by cited facts after rule corrections; not a claim of independent expert review	"{""entities"":[{""id"":""Q9910"",""names"":[""Castricum"",""カストリクム""],""types"":[""Q2039348""],""parents"":[],""readings"":[],""title"":""カストリクム"",""nameKinds"":{""Castricum"":[""label:en""],""カストリクム"":[""label:ja"",""title:jawiki""]},""readingNames"":[""カストリクム""],""primaryReadings"":[]}],""lexical"":[]}"
place	こすたない	コスタナイ	1851	1851	common	orthographic-kana;https://www.wikidata.org/wiki/Q488990#name	https://www.wikidata.org/wiki/Q488990	assistant inspection of pair-bound reading evidence and stored semantic facts; targeted pages for identified problems	Recorded reading/surface pair and category supported by cited facts after rule corrections; not a claim of independent expert review	"{""entities"":[{""id"":""Q488990"",""names"":[""Kostanay"",""コスタナイ"",""Qostanai"",""Kоstanay""],""types"":[""Q1549591"",""Q129725870""],""parents"":[],""readings"":[],""title"":""コスタナイ"",""nameKinds"":{""Kostanay"":[""label:en""],""コスタナイ"":[""label:ja"",""title:jawiki""],""Qostanai"":[""alias:en""],""Kоstanay"":[""alias:en""]},""readingNames"":[""コスタナイ""],""primaryReadings"":[]}],""lexical"":[]}"
place	ちゅなーる	チュナール	1851	1851	common	orthographic-kana;https://www.wikidata.org/wiki/Q1192683#name	https://www.wikidata.org/wiki/Q1192683	assistant inspection of pair-bound reading evidence and stored semantic facts; targeted pages for identified problems	Recorded reading/surface pair and category supported by cited facts after rule corrections; not a claim of independent expert review	"{""entities"":[{""id"":""Q1192683"",""names"":[""Chunar"",""チュナール""],""types"":[""Q515""],""parents"":[],""readings"":[],""title"":""チュナール"",""nameKinds"":{""Chunar"":[""label:en""],""チュナール"":[""label:ja"",""title:jawiki""]},""readingNames"":[""チュナール""],""primaryReadings"":[]}],""lexical"":[]}"
place	あはるからき	アハルカラキ	1851	1851	common	orthographic-kana;https://www.wikidata.org/wiki/Q500888#name	https://www.wikidata.org/wiki/Q500888	assistant inspection of pair-bound reading evidence and stored semantic facts; targeted pages for identified problems	Recorded reading/surface pair and category supported by cited facts after rule corrections; not a claim of independent expert review	"{""entities"":[{""id"":""Q500888"",""names"":[""Akhalkalaki"",""アハルカラキ""],""types"":[""Q515"",""Q4313794""],""parents"":[],""readings"":[],""title"":""アハルカラキ"",""nameKinds"":{""Akhalkalaki"":[""label:en""],""アハルカラキ"":[""label:ja"",""title:jawiki""]},""readingNames"":[""アハルカラキ""],""primaryReadings"":[]}],""lexical"":[]}"
product	しんくくえすと	シンククエスト	1851	1851	common	orthographic-kana;https://www.wikidata.org/wiki/Q634384#name	https://www.wikidata.org/wiki/Q634384	assistant inspection of pair-bound reading evidence and stored semantic facts; targeted pages for identified problems	Recorded reading/surface pair and category supported by cited facts after rule corrections; not a claim of independent expert review	"{""entities"":[{""id"":""Q634384"",""names"":[""Oracle Thinkquest"",""シンククエスト"",""ThinkQuest"",""thinkquest.org""],""types"":[""Q35127""],""parents"":[],""readings"":[],""title"":""シンククエスト"",""nameKinds"":{""Oracle Thinkquest"":[""label:en""],""シンククエスト"":[""label:ja"",""title:jawiki""],""ThinkQuest"":[""alias:ja"",""alias:en""],""thinkquest.org"":[""alias:en""]},""readingNames"":[""シンククエスト""],""primaryReadings"":[]}],""lexical"":[]}"
product	えれくとろーら	エレクトローラ	1851	1851	common	orthographic-kana;https://www.wikidata.org/wiki/Q323151#name	https://www.wikidata.org/wiki/Q323151	assistant inspection of pair-bound reading evidence and stored semantic facts; targeted pages for identified problems	Recorded reading/surface pair and category supported by cited facts after rule corrections; not a claim of independent expert review	"{""entities"":[{""id"":""Q323151"",""names"":[""エレクトローラ"",""Electrola"",""LC 00193"",""LC 0193""],""types"":[""Q18127""],""parents"":[],""readings"":[],""title"":""エレクトローラ"",""nameKinds"":{""エレクトローラ"":[""label:ja"",""title:jawiki""],""Electrola"":[""label:en""],""LC 00193"":[""alias:en""],""LC 0193"":[""alias:en""]},""readingNames"":[""エレクトローラ""],""primaryReadings"":[]}],""lexical"":[]}"
product	つぁいにゃお	ツァイニャオ	1851	1851	common	orthographic-kana;https://www.wikidata.org/wiki/Q16947973#name	https://www.wikidata.org/wiki/Q16947973	assistant inspection of pair-bound reading evidence and stored semantic facts; targeted pages for identified problems	Recorded reading/surface pair and category supported by cited facts after rule corrections; not a claim of independent expert review	"{""entities"":[{""id"":""Q16947973"",""names"":[""Cainiao"",""ツァイニャオ"",""China Smart Logistic Network"",""CAINIAO"",""Cainiao Smart Logistics Holding Limited"",""菜鳥""],""types"":[""Q4830453"",""Q7397""],""parents"":[],""readings"":[],""title"":""ツァイニャオ"",""nameKinds"":{""Cainiao"":[""label:en""],""ツァイニャオ"":[""label:ja"",""title:jawiki""],""China Smart Logistic Network"":[""alias:en""],""CAINIAO"":[""alias:en""],""Cainiao Smart Logistics Holding Limited"":[""alias:en""],""菜鳥"":[""alias:ja""]},""readingNames"":[""ツァイニャオ""],""primaryReadings"":[]}],""lexical"":[]}"
product	ぽりったー	ぽりったー	1851	1851	common	orthographic-kana;https://www.wikidata.org/wiki/Q11278096#name	https://www.wikidata.org/wiki/Q11278096	assistant inspection of pair-bound reading evidence and stored semantic facts; targeted pages for identified problems	Recorded reading/surface pair and category supported by cited facts after rule corrections; not a claim of independent expert review	"{""entities"":[{""id"":""Q11278096"",""names"":[""ぽりったー"",""ポリッター"",""politter.com""],""types"":[""Q35127""],""parents"":[],""readings"":[],""title"":""ぽりったー"",""nameKinds"":{""ぽりったー"":[""label:ja"",""title:jawiki""],""ポリッター"":[""alias:ja""],""politter.com"":[""alias:en""]},""readingNames"":[""ぽりったー""],""primaryReadings"":[]}],""lexical"":[]}"
product	くろすもーる	クロスモール	1851	1851	wiki	orthographic-kana;https://www.wikidata.org/wiki/Q130741573#name	https://www.wikidata.org/wiki/Q130741573	assistant inspection of pair-bound reading evidence and stored semantic facts; targeted pages for identified problems	Recorded reading/surface pair and category supported by cited facts after rule corrections; not a claim of independent expert review	"{""entities"":[{""id"":""Q130741573"",""names"":[""クロスモール"",""CROSS MALL""],""types"":[""Q431289""],""parents"":[""Q31374404""],""readings"":[],""title"":""クロスモール"",""nameKinds"":{""クロスモール"":[""label:ja"",""title:jawiki""],""CROSS MALL"":[""label:en""]},""readingNames"":[""クロスモール""],""primaryReadings"":[]}],""lexical"":[]}"
product	かんじとーく	漢字Talk	1851	1851	common	https://www.edrdg.org/jmdict/edict_doc.html#entry-5744396-sense-1	lexical-and-confirmed-referents;https://www.edrdg.org/jmdict/edict_doc.html#entry-5744396-sense-1	assistant inspection of pair-bound reading evidence and stored semantic facts; targeted pages for identified problems	Recorded reading/surface pair and category supported by cited facts after rule corrections; not a claim of independent expert review	"{""entities"":[],""lexical"":[{""reading"":""かんじとーく"",""surface"":""漢字Talk"",""categories"":[""product""],""evidence"":""https://www.edrdg.org/jmdict/edict_doc.html#entry-5744396-sense-1"",""entryId"":""5744396"",""pos"":[""n""],""version"":""76a91691b63094bf2aedca93cb889c7396945fe961e478f13081d839c9684e0c"",""source"":""JMdict"",""misc"":[""product""],""glosses"":[""KanjiTalk""]}]}"
product	はむはむそふと	はむはむソフト	1851	1851	common	orthographic-kana;https://www.wikidata.org/wiki/Q11275792#name	https://www.wikidata.org/wiki/Q11275792	assistant inspection of pair-bound reading evidence and stored semantic facts; targeted pages for identified problems	Recorded reading/surface pair and category supported by cited facts after rule corrections; not a claim of independent expert review	"{""entities"":[{""id"":""Q11275792"",""names"":[""はむはむソフト"",""Hamham-soft"",""ハムハムソフト"",""Hamham Soft"",""Hamhamsoft""],""types"":[""Q431289"",""Q210167""],""parents"":[],""readings"":[],""title"":""はむはむソフト"",""nameKinds"":{""はむはむソフト"":[""label:ja"",""title:jawiki""],""Hamham-soft"":[""label:en""],""ハムハムソフト"":[""alias:ja""],""Hamham Soft"":[""alias:en""],""Hamhamsoft"":[""alias:en""]},""readingNames"":[""はむはむソフト""],""primaryReadings"":[]}],""lexical"":[]}"
product	してぃすたー	シティスター	1851	1851	wiki	orthographic-kana;https://www.wikidata.org/wiki/Q18398517#name	https://www.wikidata.org/wiki/Q18398517	assistant inspection of pair-bound reading evidence and stored semantic facts; targeted pages for identified problems	Recorded reading/surface pair and category supported by cited facts after rule corrections; not a claim of independent expert review	"{""entities"":[{""id"":""Q18398517"",""names"":[""71-911"",""シティスター"",""シティスター (路面電車車両)""],""types"":[""Q76154857""],""parents"":[""Q3407658""],""readings"":[],""title"":""シティスター (路面電車車両)"",""nameKinds"":{""71-911"":[""label:en""],""シティスター"":[""label:ja""],""シティスター (路面電車車両)"":[""title:jawiki""]},""readingNames"":[""シティスター""],""primaryReadings"":[]}],""lexical"":[]}"
product	びーえすでぃー	BSD	1851	1851	neologd	https://www.edrdg.org/jmdict/edict_doc.html#entry-2321020-sense-1	https://www.wikidata.org/wiki/Q34264#P31;reading:independent-pair;categories:product;lexical-and-confirmed-referents;https://www.edrdg.org/jmdict/edict_doc.html#entry-2321020-sense-1	assistant inspection of pair-bound reading evidence and stored semantic facts; targeted pages for identified problems	Recorded reading/surface pair and category supported by cited facts after rule corrections; not a claim of independent expert review	"{""entities"":[{""id"":""Q34264"",""names"":[""Berkeley Software Distribution"",""BSD"",""Berkeley Unix"",""BSD UNIX"",""4.4BSD"",""Berkeley System Distribution""],""types"":[""Q11368"",""Q58636917""],""parents"":[],""readings"":[],""title"":""Berkeley Software Distribution"",""nameKinds"":{""Berkeley Software Distribution"":[""label:en"",""title:jawiki""],""BSD"":[""label:ja"",""alias:en""],""Berkeley Unix"":[""alias:en""],""BSD UNIX"":[""alias:en""],""4.4BSD"":[""alias:en""],""Berkeley System Distribution"":[""alias:en""]},""readingNames"":[""BSD""],""primaryReadings"":[]}],""lexical"":[{""reading"":""びーえすでぃー"",""surface"":""BSD"",""categories"":[""technical""],""evidence"":""https://www.edrdg.org/jmdict/edict_doc.html#entry-2321020-sense-1"",""entryId"":""2321020"",""fields"":[""comp""],""pos"":[""n""],""version"":""76a91691b63094bf2aedca93cb889c7396945fe961e478f13081d839c9684e0c"",""source"":""JMdict"",""glosses"":[""BSD (Unix operating system)"",""Berkeley Software Distribution""]}]}"
product	とらんくるーむちゃんねる	トランクルームチャンネル	1851	1851	common	orthographic-kana;https://www.wikidata.org/wiki/Q17233057#name	https://www.wikidata.org/wiki/Q17233057	assistant inspection of pair-bound reading evidence and stored semantic facts; targeted pages for identified problems	Recorded reading/surface pair and category supported by cited facts after rule corrections; not a claim of independent expert review	"{""entities"":[{""id"":""Q17233057"",""names"":[""トランクルームチャンネル"",""Trunkroom Channell""],""types"":[""Q35127""],""parents"":[],""readings"":[],""title"":""トランクルームチャンネル"",""nameKinds"":{""トランクルームチャンネル"":[""label:ja"",""title:jawiki""],""Trunkroom Channell"":[""label:en""]},""readingNames"":[""トランクルームチャンネル""],""primaryReadings"":[]}],""lexical"":[]}"
product	うぇぶりお	Weblio	1851	1851	neologd	https://www.edrdg.org/jmdict/edict_doc.html#entry-5015047-sense-1	https://www.wikidata.org/wiki/Q11254147#P31;reading:independent-pair;categories:product;lexical-and-confirmed-referents;https://www.edrdg.org/jmdict/edict_doc.html#entry-5015047-sense-1	assistant inspection of pair-bound reading evidence and stored semantic facts; targeted pages for identified problems	Recorded reading/surface pair and category supported by cited facts after rule corrections; not a claim of independent expert review	"{""entities"":[{""id"":""Q11254147"",""names"":[""Weblio"",""ウェブリオ"",""weblio.jp""],""types"":[""Q3327521""],""parents"":[],""readings"":[],""title"":""Weblio"",""nameKinds"":{""Weblio"":[""label:ja"",""label:en"",""title:jawiki""],""ウェブリオ"":[""alias:ja""],""weblio.jp"":[""alias:en""]},""readingNames"":[""Weblio""],""primaryReadings"":[]}],""lexical"":[{""reading"":""うぇぶりお"",""surface"":""Weblio"",""categories"":[""general""],""evidence"":""https://www.edrdg.org/jmdict/edict_doc.html#entry-5015047-sense-1"",""entryId"":""5015047"",""pos"":[""n""],""version"":""76a91691b63094bf2aedca93cb889c7396945fe961e478f13081d839c9684e0c"",""source"":""JMdict"",""misc"":[""serv""],""glosses"":[""Weblio (online dictionary)""]}]}"
product	おれすとら	オレストラ	1851	1851	common	https://www.edrdg.org/jmdict/edict_doc.html#entry-5020621-sense-1	lexical-and-confirmed-referents;https://www.edrdg.org/jmdict/edict_doc.html#entry-5020621-sense-1	assistant inspection of pair-bound reading evidence and stored semantic facts; targeted pages for identified problems	Recorded reading/surface pair and category supported by cited facts after rule corrections; not a claim of independent expert review	"{""entities"":[],""lexical"":[{""reading"":""おれすとら"",""surface"":""オレストラ"",""categories"":[""product""],""evidence"":""https://www.edrdg.org/jmdict/edict_doc.html#entry-5020621-sense-1"",""entryId"":""5020621"",""pos"":[""n""],""version"":""76a91691b63094bf2aedca93cb889c7396945fe961e478f13081d839c9684e0c"",""source"":""JMdict"",""misc"":[""product""],""glosses"":[""Olestra (brand-name synthetic cooking oil)""]}]}"
product	せこちん	セコチン	1851	1851	wiki	orthographic-kana;https://www.wikidata.org/wiki/Q7442879#name	https://www.wikidata.org/wiki/Q7442879	assistant inspection of pair-bound reading evidence and stored semantic facts; targeted pages for identified problems	Recorded reading/surface pair and category supported by cited facts after rule corrections; not a claim of independent expert review	"{""entities"":[{""id"":""Q7442879"",""names"":[""Seccotine"",""セコチン""],""types"":[""Q431289""],""parents"":[],""readings"":[],""title"":""セコチン"",""nameKinds"":{""Seccotine"":[""label:en""],""セコチン"":[""label:ja"",""title:jawiki""]},""readingNames"":[""セコチン""],""primaryReadings"":[]}],""lexical"":[]}"
product	おーとさん	オートサン	1851	1851	wiki	orthographic-kana;https://www.wikidata.org/wiki/Q48593#name	https://www.wikidata.org/wiki/Q48593	assistant inspection of pair-bound reading evidence and stored semantic facts; targeted pages for identified problems	Recorded reading/surface pair and category supported by cited facts after rule corrections; not a claim of independent expert review	"{""entities"":[{""id"":""Q48593"",""names"":[""Autosan"",""オートサン"",""Autosan S.A.""],""types"":[""Q10429667"",""Q786820""],""parents"":[],""readings"":[],""title"":""オートサン"",""nameKinds"":{""Autosan"":[""label:en""],""オートサン"":[""label:ja"",""title:jawiki""],""Autosan S.A."":[""alias:en""]},""readingNames"":[""オートサン""],""primaryReadings"":[]}],""lexical"":[]}"
product	してぃうぇい	シティウェイ	1851	1851	wiki	orthographic-kana;https://www.wikidata.org/wiki/Q1110028#name	https://www.wikidata.org/wiki/Q1110028	assistant inspection of pair-bound reading evidence and stored semantic facts; targeted pages for identified problems	Recorded reading/surface pair and category supported by cited facts after rule corrections; not a claim of independent expert review	"{""entities"":[{""id"":""Q1110028"",""names"":[""シティウェイ"",""Cityway"",""シティウェイ (路面電車車両)""],""types"":[""Q76154857""],""parents"":[""Q2371310""],""readings"":[],""title"":""シティウェイ (路面電車車両)"",""nameKinds"":{""シティウェイ"":[""label:ja""],""Cityway"":[""label:en""],""シティウェイ (路面電車車両)"":[""title:jawiki""]},""readingNames"":[""シティウェイ""],""primaryReadings"":[]}],""lexical"":[]}"
product	めろーいえろー	メローイエロー	1851	1851	common	orthographic-kana;https://www.wikidata.org/wiki/Q6813153#name	https://www.wikidata.org/wiki/Q6813153	assistant inspection of pair-bound reading evidence and stored semantic facts; targeted pages for identified problems	Recorded reading/surface pair and category supported by cited facts after rule corrections; not a claim of independent expert review	"{""entities"":[{""id"":""Q6813153"",""names"":[""Mello Yello"",""メローイエロー"",""メロー・イエロー""],""types"":[""Q16323605""],""parents"":[""Q147538"",""Q116869244""],""readings"":[],""title"":""メローイエロー"",""nameKinds"":{""Mello Yello"":[""label:en""],""メローイエロー"":[""label:ja"",""title:jawiki""],""メロー・イエロー"":[""alias:ja""]},""readingNames"":[""メローイエロー""],""primaryReadings"":[]}],""lexical"":[]}"
product	ばいお	VAIO	1851	1851	neologd	https://www.edrdg.org/jmdict/edict_doc.html#entry-5746690-sense-1	https://www.wikidata.org/wiki/Q849488#P31;reading:independent-pair;categories:organization;lexical-and-confirmed-referents;https://www.edrdg.org/jmdict/edict_doc.html#entry-5746690-sense-1	assistant inspection of pair-bound reading evidence and stored semantic facts; targeted pages for identified problems	Recorded reading/surface pair and category supported by cited facts after rule corrections; not a claim of independent expert review	"{""entities"":[{""id"":""Q849488"",""names"":[""VAIO"",""Sony VAIO""],""types"":[""Q4830453"",""Q6881511"",""Q1055701""],""parents"":[],""readings"":[],""title"":""VAIO"",""nameKinds"":{""VAIO"":[""label:en"",""label:ja"",""title:jawiki""],""Sony VAIO"":[""alias:ja"",""alias:en""]},""readingNames"":[""VAIO""],""primaryReadings"":[]}],""lexical"":[{""reading"":""ばいお"",""surface"":""VAIO"",""categories"":[""product""],""evidence"":""https://www.edrdg.org/jmdict/edict_doc.html#entry-5746690-sense-1"",""entryId"":""5746690"",""pos"":[""n""],""version"":""76a91691b63094bf2aedca93cb889c7396945fe961e478f13081d839c9684e0c"",""source"":""JMdict"",""misc"":[""product""],""glosses"":[""Vaio (brand of personal computers)""]}]}"
product	じゅうろくちゃ	十六茶	1851	1851	common	https://www.edrdg.org/jmdict/edict_doc.html#entry-5743763-sense-1	lexical-and-confirmed-referents;https://www.edrdg.org/jmdict/edict_doc.html#entry-5743763-sense-1	assistant inspection of pair-bound reading evidence and stored semantic facts; targeted pages for identified problems	Recorded reading/surface pair and category supported by cited facts after rule corrections; not a claim of independent expert review	"{""entities"":[],""lexical"":[{""reading"":""じゅうろくちゃ"",""surface"":""十六茶"",""categories"":[""product""],""evidence"":""https://www.edrdg.org/jmdict/edict_doc.html#entry-5743763-sense-1"",""entryId"":""5743763"",""pos"":[""n""],""version"":""76a91691b63094bf2aedca93cb889c7396945fe961e478f13081d839c9684e0c"",""source"":""JMdict"",""misc"":[""product""],""glosses"":[""Jūrokucha (blended tea drink)""]}]}"
product	つがりあんめろん	つがりあんメロン	1851	1851	common	orthographic-kana;https://www.wikidata.org/wiki/Q11272140#name	https://www.wikidata.org/wiki/Q11272140	assistant inspection of pair-bound reading evidence and stored semantic facts; targeted pages for identified problems	Recorded reading/surface pair and category supported by cited facts after rule corrections; not a claim of independent expert review	"{""entities"":[{""id"":""Q11272140"",""names"":[""つがりあんメロン""],""types"":[""Q11424201""],""parents"":[""Q81602""],""readings"":[],""title"":""つがりあんメロン"",""nameKinds"":{""つがりあんメロン"":[""label:ja"",""title:jawiki""]},""readingNames"":[""つがりあんメロン""],""primaryReadings"":[]}],""lexical"":[]}"
product	たおばおわん	淘宝網	1851	1851	neologd	https://www.edrdg.org/jmdict/edict_doc.html#entry-5742392-sense-1	https://www.wikidata.org/wiki/Q2117484#P31;reading:independent-pair;categories:product;lexical-and-confirmed-referents;https://www.edrdg.org/jmdict/edict_doc.html#entry-5742392-sense-1	assistant inspection of pair-bound reading evidence and stored semantic facts; targeted pages for identified problems	Recorded reading/surface pair and category supported by cited facts after rule corrections; not a claim of independent expert review	"{""entities"":[{""id"":""Q2117484"",""names"":[""淘宝網"",""Taobao"",""タオバオ"",""Taobao Marketplace"",""taobao"",""moubao"",""taobao.com""],""types"":[""Q35127"",""Q620615"",""Q3390477""],""parents"":[],""readings"":[],""title"":""淘宝網"",""nameKinds"":{""淘宝網"":[""label:ja"",""title:jawiki""],""Taobao"":[""label:en""],""タオバオ"":[""alias:ja""],""Taobao Marketplace"":[""alias:en""],""taobao"":[""alias:en""],""moubao"":[""alias:en""],""taobao.com"":[""alias:en""]},""readingNames"":[""淘宝網""],""primaryReadings"":[]}],""lexical"":[{""reading"":""たおばおわん"",""surface"":""淘宝網"",""categories"":[""general""],""evidence"":""https://www.edrdg.org/jmdict/edict_doc.html#entry-5742392-sense-1"",""entryId"":""5742392"",""pos"":[""n""],""version"":""76a91691b63094bf2aedca93cb889c7396945fe961e478f13081d839c9684e0c"",""source"":""JMdict"",""misc"":[""serv""],""glosses"":[""Taobao (Chinese online shopping platform)""]}]}"
product	らいおんそふたー	ライオンソフター	1851	1851	common	orthographic-kana;https://www.wikidata.org/wiki/Q11346308#name	https://www.wikidata.org/wiki/Q11346308	assistant inspection of pair-bound reading evidence and stored semantic facts; targeted pages for identified problems	Recorded reading/surface pair and category supported by cited facts after rule corrections; not a claim of independent expert review	"{""entities"":[{""id"":""Q11346308"",""names"":[""ライオンソフター""],""types"":[""Q431289""],""parents"":[""Q901832""],""readings"":[],""title"":""ライオンソフター"",""nameKinds"":{""ライオンソフター"":[""label:ja"",""title:jawiki""]},""readingNames"":[""ライオンソフター""],""primaryReadings"":[]}],""lexical"":[]}"
product	こあふぉんと	コアフォント	1851	1851	common	orthographic-kana;https://www.wikidata.org/wiki/Q1132493#name	https://www.wikidata.org/wiki/Q1132493	assistant inspection of pair-bound reading evidence and stored semantic facts; targeted pages for identified problems	Recorded reading/surface pair and category supported by cited facts after rule corrections; not a claim of independent expert review	"{""entities"":[{""id"":""Q1132493"",""names"":[""Core fonts for the Web"",""コアフォント"",""Web core fonts"",""msttcore"",""mscorefonts""],""types"":[""Q170584"",""Q7397"",""Q119071104""],""parents"":[""Q17451""],""readings"":[],""title"":""コアフォント"",""nameKinds"":{""Core fonts for the Web"":[""label:en""],""コアフォント"":[""label:ja"",""title:jawiki""],""Web core fonts"":[""alias:en""],""msttcore"":[""alias:en""],""mscorefonts"":[""alias:en""]},""readingNames"":[""コアフォント""],""primaryReadings"":[]}],""lexical"":[]}"
product	ぶいえむえす	VMS	1851	1851	neologd	https://www.edrdg.org/jmdict/edict_doc.html#entry-5746803-sense-1	lexical-and-confirmed-referents;https://www.edrdg.org/jmdict/edict_doc.html#entry-5746803-sense-1	assistant inspection of pair-bound reading evidence and stored semantic facts; targeted pages for identified problems	Recorded reading/surface pair and category supported by cited facts after rule corrections; not a claim of independent expert review	"{""entities"":[],""lexical"":[{""reading"":""ぶいえむえす"",""surface"":""VMS"",""categories"":[""product""],""evidence"":""https://www.edrdg.org/jmdict/edict_doc.html#entry-5746803-sense-1"",""entryId"":""5746803"",""pos"":[""n""],""version"":""76a91691b63094bf2aedca93cb889c7396945fe961e478f13081d839c9684e0c"",""source"":""JMdict"",""misc"":[""product""],""glosses"":[""VMS (DEC operating system)""]}]}"
product	ふるなび	ふるなび	1851	1851	wiki	orthographic-kana;https://www.wikidata.org/wiki/Q109357616#name	https://www.wikidata.org/wiki/Q109357616	assistant inspection of pair-bound reading evidence and stored semantic facts; targeted pages for identified problems	Recorded reading/surface pair and category supported by cited facts after rule corrections; not a claim of independent expert review	"{""entities"":[{""id"":""Q109357616"",""names"":[""ふるなび""],""types"":[""Q35127""],""parents"":[],""readings"":[],""title"":""ふるなび"",""nameKinds"":{""ふるなび"":[""label:ja"",""title:jawiki""]},""readingNames"":[""ふるなび""],""primaryReadings"":[]}],""lexical"":[]}"
product	かにぱん	かにぱん	1851	1851	person,common	orthographic-kana;https://www.wikidata.org/wiki/Q118612720#name	https://www.wikidata.org/wiki/Q118612720	assistant inspection of pair-bound reading evidence and stored semantic facts; targeted pages for identified problems	Recorded reading/surface pair and category supported by cited facts after rule corrections; not a claim of independent expert review	"{""entities"":[{""id"":""Q118612720"",""names"":[""かにぱん""],""types"":[""Q16323605""],""parents"":[""Q7802""],""readings"":[],""title"":""かにぱん"",""nameKinds"":{""かにぱん"":[""label:ja"",""title:jawiki""]},""readingNames"":[""かにぱん""],""primaryReadings"":[]}],""lexical"":[]}"
product	えーあいえっくす	AIX	1851	1851	neologd	https://www.edrdg.org/jmdict/edict_doc.html#entry-2285120-sense-1	https://www.wikidata.org/wiki/Q269856	assistant inspection of pair-bound reading evidence and stored semantic facts; targeted pages for identified problems	Recorded reading/surface pair and category supported by cited facts after rule corrections; not a claim of independent expert review	"{""entities"":[{""id"":""Q269856"",""names"":[""AIX"",""IBM AIX"",""Advanced Interactive Executive""],""types"":[""Q14656"",""Q137396449""],""parents"":[""Q14656""],""readings"":[],""title"":""AIX"",""nameKinds"":{""AIX"":[""label:ja"",""alias:en"",""title:jawiki""],""IBM AIX"":[""label:en"",""alias:ja""],""Advanced Interactive Executive"":[""alias:ja""]},""readingNames"":[""AIX""],""primaryReadings"":[]}],""lexical"":[{""reading"":""えーあいえっくす"",""surface"":""AIX"",""categories"":[],""evidence"":""https://www.edrdg.org/jmdict/edict_doc.html#entry-2285120-sense-1"",""entryId"":""2285120"",""fields"":[""tradem""],""pos"":[""n""],""version"":""76a91691b63094bf2aedca93cb889c7396945fe961e478f13081d839c9684e0c"",""source"":""JMdict"",""glosses"":[""AIX (IBM's Unix operating system)"",""Advanced Interactive Executive""]}]}"
product	さーくるちゃーと	サークルチャート	1851	1851	wiki	orthographic-kana;https://www.wikidata.org/wiki/Q482527#name	https://www.wikidata.org/wiki/Q482527	assistant inspection of pair-bound reading evidence and stored semantic facts; targeted pages for identified problems	Recorded reading/surface pair and category supported by cited facts after rule corrections; not a claim of independent expert review	"{""entities"":[{""id"":""Q482527"",""names"":[""Circle Chart"",""サークルチャート"",""Gaon Music Chart""],""types"":[""Q373899"",""Q35127""],""parents"":[],""readings"":[],""title"":""サークルチャート"",""nameKinds"":{""Circle Chart"":[""label:en""],""サークルチャート"":[""label:ja"",""title:jawiki""],""Gaon Music Chart"":[""alias:en""]},""readingNames"":[""サークルチャート""],""primaryReadings"":[]}],""lexical"":[]}"
product	かぶらせんべい	かぶらせんべい	1851	1851	common	orthographic-kana;https://www.wikidata.org/wiki/Q11264119#name	https://www.wikidata.org/wiki/Q11264119	assistant inspection of pair-bound reading evidence and stored semantic facts; targeted pages for identified problems	Recorded reading/surface pair and category supported by cited facts after rule corrections; not a claim of independent expert review	"{""entities"":[{""id"":""Q11264119"",""names"":[""かぶらせんべい"",""Kabura Senbei"",""かぶら煎餅""],""types"":[""Q16323605""],""parents"":[""Q198788""],""readings"":[],""title"":""かぶらせんべい"",""nameKinds"":{""かぶらせんべい"":[""label:ja"",""title:jawiki""],""Kabura Senbei"":[""label:en""],""かぶら煎餅"":[""alias:ja""]},""readingNames"":[""かぶらせんべい""],""primaryReadings"":[]}],""lexical"":[]}"
product	こうさる	コウサル	1851	1851	wiki	orthographic-kana;https://www.wikidata.org/wiki/Q56221952#name	https://www.wikidata.org/wiki/Q56221952	assistant inspection of pair-bound reading evidence and stored semantic facts; targeted pages for identified problems	Recorded reading/surface pair and category supported by cited facts after rule corrections; not a claim of independent expert review	"{""entities"":[{""id"":""Q56221952"",""names"":[""HESA Kowsar"",""コウサル"",""HESA Kosar"",""Kosar"",""Kowsar"",""Kowsar fighter""],""types"":[""Q15056995""],""parents"":[""Q6546174"",""Q308940"",""Q127771""],""readings"":[],""title"":""コウサル"",""nameKinds"":{""HESA Kowsar"":[""label:en""],""コウサル"":[""label:ja"",""title:jawiki""],""HESA Kosar"":[""alias:en""],""Kosar"":[""alias:en""],""Kowsar"":[""alias:en""],""Kowsar fighter"":[""alias:en""]},""readingNames"":[""コウサル""],""primaryReadings"":[]}],""lexical"":[]}"
product	えらぶゆり	えらぶゆり	1851	1851	wiki	orthographic-kana;https://www.wikidata.org/wiki/Q132391985#name	https://www.wikidata.org/wiki/Q132391985	assistant inspection of pair-bound reading evidence and stored semantic facts; targeted pages for identified problems	Recorded reading/surface pair and category supported by cited facts after rule corrections; not a claim of independent expert review	"{""entities"":[{""id"":""Q132391985"",""names"":[""えらぶゆり""],""types"":[""Q11424201""],""parents"":[""Q311206""],""readings"":[],""title"":""えらぶゆり"",""nameKinds"":{""えらぶゆり"":[""label:ja"",""title:jawiki""]},""readingNames"":[""えらぶゆり""],""primaryReadings"":[]}],""lexical"":[]}"
product	らーすたちか	ラースタチカ	1851	1851	common	orthographic-kana;https://www.wikidata.org/wiki/Q1128196#name	https://www.wikidata.org/wiki/Q1128196	assistant inspection of pair-bound reading evidence and stored semantic facts; targeted pages for identified problems	Recorded reading/surface pair and category supported by cited facts after rule corrections; not a claim of independent expert review	"{""entities"":[{""id"":""Q1128196"",""names"":[""Siemens Desiro ML RUS train"",""ラースタチカ"",""Lastochka""],""types"":[""Q63040754""],""parents"":[""Q483373"",""Q443874""],""readings"":[],""title"":""ラースタチカ"",""nameKinds"":{""Siemens Desiro ML RUS train"":[""label:en""],""ラースタチカ"":[""label:ja"",""title:jawiki""],""Lastochka"":[""alias:en""]},""readingNames"":[""ラースタチカ""],""primaryReadings"":[]}],""lexical"":[]}"
product	ふぇいすぶっく	Facebook	1851	1851	neologd	https://www.edrdg.org/jmdict/edict_doc.html#entry-2554800-sense-1	https://www.wikidata.org/wiki/Q355	assistant inspection of pair-bound reading evidence and stored semantic facts; targeted pages for identified problems	Recorded reading/surface pair and category supported by cited facts after rule corrections; not a claim of independent expert review	"{""entities"":[{""id"":""Q355"",""names"":[""Facebook"",""フェイスブック"",""公式フェイスブック"",""ja-jp.facebook.com"",""ja-ks.facebook.com"",""m.facebook.com"",""web.facebook.com"",""www.facebook.com""],""types"":[""Q3220391"",""Q35127"",""Q202833"",""Q122759350"",""Q6576792"",""Q118140435"",""Q5466628""],""parents"":[],""readings"":[],""title"":""Facebook"",""nameKinds"":{""Facebook"":[""label:en"",""alias:ja"",""title:jawiki""],""フェイスブック"":[""alias:ja""],""公式フェイスブック"":[""alias:ja""],""ja-jp.facebook.com"":[""alias:ja""],""ja-ks.facebook.com"":[""alias:ja""],""m.facebook.com"":[""alias:en""],""web.facebook.com"":[""alias:en""],""www.facebook.com"":[""alias:en""]},""primaryReadings"":[]}],""lexical"":[{""reading"":""ふぇいすぶっく"",""surface"":""Facebook"",""categories"":[],""evidence"":""https://www.edrdg.org/jmdict/edict_doc.html#entry-2554800-sense-1"",""entryId"":""2554800"",""fields"":[""tradem""],""pos"":[""n""],""version"":""76a91691b63094bf2aedca93cb889c7396945fe961e478f13081d839c9684e0c"",""source"":""JMdict"",""glosses"":[""Facebook""]}]}"
product	ゆーちゅら	ユーチュラ	1851	1851	wiki	orthographic-kana;https://www.wikidata.org/wiki/Q131275076#name	https://www.wikidata.org/wiki/Q131275076	assistant inspection of pair-bound reading evidence and stored semantic facts; targeted pages for identified problems	Recorded reading/surface pair and category supported by cited facts after rule corrections; not a claim of independent expert review	"{""entities"":[{""id"":""Q131275076"",""names"":[""ユーチュラ""],""types"":[""Q35127""],""parents"":[],""readings"":[],""title"":""ユーチュラ"",""nameKinds"":{""ユーチュラ"":[""label:ja"",""title:jawiki""]},""readingNames"":[""ユーチュラ""],""primaryReadings"":[]}],""lexical"":[]}"
product	あいまっくす	IMAX	1851	1851	neologd	https://www.edrdg.org/jmdict/edict_doc.html#entry-2278490-sense-1	https://www.wikidata.org/wiki/Q188575	assistant inspection of pair-bound reading evidence and stored semantic facts; targeted pages for identified problems	Recorded reading/surface pair and category supported by cited facts after rule corrections; not a claim of independent expert review	"{""entities"":[{""id"":""Q188575"",""names"":[""IMAX"",""IMAXシアター""],""types"":[""Q1414729"",""Q2424752""],""parents"":[],""readings"":[],""title"":""IMAX"",""nameKinds"":{""IMAX"":[""label:en"",""alias:ja"",""title:jawiki""],""IMAXシアター"":[""alias:ja""]},""primaryReadings"":[]}],""lexical"":[{""reading"":""あいまっくす"",""surface"":""IMAX"",""categories"":[],""evidence"":""https://www.edrdg.org/jmdict/edict_doc.html#entry-2278490-sense-1"",""entryId"":""2278490"",""fields"":[""tradem""],""pos"":[""n""],""version"":""76a91691b63094bf2aedca93cb889c7396945fe961e478f13081d839c9684e0c"",""source"":""JMdict"",""glosses"":[""IMAX (film format)""]}]}"
product	りすーまー	リスーマー	1851	1851	wiki	orthographic-kana;https://www.wikidata.org/wiki/Q123679338#name	https://www.wikidata.org/wiki/Q123679338	assistant inspection of pair-bound reading evidence and stored semantic facts; targeted pages for identified problems	Recorded reading/surface pair and category supported by cited facts after rule corrections; not a claim of independent expert review	"{""entities"":[{""id"":""Q123679338"",""names"":[""Resoomer"",""リスーマー""],""types"":[""Q35127""],""parents"":[],""readings"":[],""title"":""リスーマー"",""nameKinds"":{""Resoomer"":[""label:en""],""リスーマー"":[""label:ja"",""title:jawiki""]},""readingNames"":[""リスーマー""],""primaryReadings"":[]}],""lexical"":[]}"
product	こみっくすあらいあんす	コミックスアライアンス	1851	1851	wiki	orthographic-kana;https://www.wikidata.org/wiki/Q28228108#name	https://www.wikidata.org/wiki/Q28228108	assistant inspection of pair-bound reading evidence and stored semantic facts; targeted pages for identified problems	Recorded reading/surface pair and category supported by cited facts after rule corrections; not a claim of independent expert review	"{""entities"":[{""id"":""Q28228108"",""names"":[""ComicsAlliance"",""コミックスアライアンス""],""types"":[""Q35127""],""parents"":[],""readings"":[],""title"":""コミックスアライアンス"",""nameKinds"":{""ComicsAlliance"":[""label:en""],""コミックスアライアンス"":[""label:ja"",""title:jawiki""]},""readingNames"":[""コミックスアライアンス""],""primaryReadings"":[]}],""lexical"":[]}"
product	ますたーこいん	マスターコイン	1851	1851	neologd	orthographic-kana;https://www.wikidata.org/wiki/Q15494057#name	https://www.wikidata.org/wiki/Q15494057	assistant inspection of pair-bound reading evidence and stored semantic facts; targeted pages for identified problems	Recorded reading/surface pair and category supported by cited facts after rule corrections; not a claim of independent expert review	"{""entities"":[{""id"":""Q15494057"",""names"":[""Mastercoin"",""マスターコイン"",""Omni""],""types"":[""Q7397"",""Q13479982""],""parents"":[],""readings"":[],""nameKinds"":{""Mastercoin"":[""label:en""],""マスターコイン"":[""label:ja""],""Omni"":[""alias:en""]},""readingNames"":[""マスターコイン""],""primaryReadings"":[]}],""lexical"":[]}"
product	あんちこん	アンチコン	1851	1851	common	orthographic-kana;https://www.wikidata.org/wiki/Q575017#name	https://www.wikidata.org/wiki/Q575017	assistant inspection of pair-bound reading evidence and stored semantic facts; targeted pages for identified problems	Recorded reading/surface pair and category supported by cited facts after rule corrections; not a claim of independent expert review	"{""entities"":[{""id"":""Q575017"",""names"":[""anticon."",""アンチコン""],""types"":[""Q18127""],""parents"":[],""readings"":[],""title"":""アンチコン"",""nameKinds"":{""anticon."":[""label:en"",""alias:ja""],""アンチコン"":[""label:ja"",""title:jawiki""]},""readingNames"":[""アンチコン""],""primaryReadings"":[]}],""lexical"":[]}"
product	くあっち	クアッチ	1851	1851	common	orthographic-kana;https://www.wikidata.org/wiki/Q41444126#name	https://www.wikidata.org/wiki/Q41444126	assistant inspection of pair-bound reading evidence and stored semantic facts; targeted pages for identified problems	Recorded reading/surface pair and category supported by cited facts after rule corrections; not a claim of independent expert review	"{""entities"":[{""id"":""Q41444126"",""names"":[""Kuat"",""クアッチ""],""types"":[""Q431289""],""parents"":[""Q147538""],""readings"":[],""title"":""クアッチ"",""nameKinds"":{""Kuat"":[""label:en""],""クアッチ"":[""label:ja"",""title:jawiki""]},""readingNames"":[""クアッチ""],""primaryReadings"":[]}],""lexical"":[]}"
product	かんてんぱぱ	かんてんぱぱ	1851	1851	common	orthographic-kana;https://www.wikidata.org/wiki/Q11264553#name	https://www.wikidata.org/wiki/Q11264553	assistant inspection of pair-bound reading evidence and stored semantic facts; targeted pages for identified problems	Recorded reading/surface pair and category supported by cited facts after rule corrections; not a claim of independent expert review	"{""entities"":[{""id"":""Q11264553"",""names"":[""かんてんぱぱ"",""Kantenpapa"",""かんてんパパ"",""寒天パパ""],""types"":[""Q431289""],""parents"":[],""readings"":[],""title"":""かんてんぱぱ"",""nameKinds"":{""かんてんぱぱ"":[""label:ja"",""title:jawiki""],""Kantenpapa"":[""label:en""],""かんてんパパ"":[""alias:ja""],""寒天パパ"":[""alias:ja""]},""readingNames"":[""かんてんぱぱ""],""primaryReadings"":[]}],""lexical"":[]}"
product	ねーむこいん	ネームコイン	1851	1851	neologd	orthographic-kana;https://www.wikidata.org/wiki/Q2577141#name	https://www.wikidata.org/wiki/Q2577141	assistant inspection of pair-bound reading evidence and stored semantic facts; targeted pages for identified problems	Recorded reading/surface pair and category supported by cited facts after rule corrections; not a claim of independent expert review	"{""entities"":[{""id"":""Q2577141"",""names"":[""Namecoin"",""ネームコイン"",""NMC""],""types"":[""Q13479982"",""Q341""],""parents"":[],""readings"":[],""nameKinds"":{""Namecoin"":[""label:en""],""ネームコイン"":[""label:ja""],""NMC"":[""alias:en""]},""readingNames"":[""ネームコイン""],""primaryReadings"":[]}],""lexical"":[]}"
product	あくあめろん	アクアメロン	1851	1851	common	orthographic-kana;https://www.wikidata.org/wiki/Q11282854#name	https://www.wikidata.org/wiki/Q11282854	assistant inspection of pair-bound reading evidence and stored semantic facts; targeted pages for identified problems	Recorded reading/surface pair and category supported by cited facts after rule corrections; not a claim of independent expert review	"{""entities"":[{""id"":""Q11282854"",""names"":[""アクアメロン"",""千葉アクアメロン""],""types"":[""Q11424201""],""parents"":[],""readings"":[],""title"":""アクアメロン"",""nameKinds"":{""アクアメロン"":[""label:ja"",""title:jawiki""],""千葉アクアメロン"":[""alias:ja""]},""readingNames"":[""アクアメロン""],""primaryReadings"":[]}],""lexical"":[]}"
product	ぶんしゅんぶんこ	文春文庫	1851	1851	common	https://www.edrdg.org/jmdict/edict_doc.html#entry-5743064-sense-1	lexical-and-confirmed-referents;https://www.edrdg.org/jmdict/edict_doc.html#entry-5743064-sense-1	assistant inspection of pair-bound reading evidence and stored semantic facts; targeted pages for identified problems	Recorded reading/surface pair and category supported by cited facts after rule corrections; not a claim of independent expert review	"{""entities"":[],""lexical"":[{""reading"":""ぶんしゅんぶんこ"",""surface"":""文春文庫"",""categories"":[""product""],""evidence"":""https://www.edrdg.org/jmdict/edict_doc.html#entry-5743064-sense-1"",""entryId"":""5743064"",""pos"":[""n""],""version"":""76a91691b63094bf2aedca93cb889c7396945fe961e478f13081d839c9684e0c"",""source"":""JMdict"",""misc"":[""product""],""glosses"":[""Bunshun Bunko (paperback label)""]}]}"
product	いんすたまちっくかめら	インスタマチックカメラ	1851	1851	wiki	https://www.edrdg.org/jmdict/edict_doc.html#entry-5740986-sense-1	lexical-and-confirmed-referents;https://www.edrdg.org/jmdict/edict_doc.html#entry-5740986-sense-1	assistant inspection of pair-bound reading evidence and stored semantic facts; targeted pages for identified problems	Recorded reading/surface pair and category supported by cited facts after rule corrections; not a claim of independent expert review	"{""entities"":[],""lexical"":[{""reading"":""いんすたまちっくかめら"",""surface"":""インスタマチックカメラ"",""categories"":[""product""],""evidence"":""https://www.edrdg.org/jmdict/edict_doc.html#entry-5740986-sense-1"",""entryId"":""5740986"",""pos"":[""n""],""version"":""76a91691b63094bf2aedca93cb889c7396945fe961e478f13081d839c9684e0c"",""source"":""JMdict"",""misc"":[""product""],""glosses"":[""Instamatic camera""]}]}"
product	すてらわーくす	ステラワークス	1851	1851	wiki	orthographic-kana;https://www.wikidata.org/wiki/Q109448254#name	https://www.wikidata.org/wiki/Q109448254	assistant inspection of pair-bound reading evidence and stored semantic facts; targeted pages for identified problems	Recorded reading/surface pair and category supported by cited facts after rule corrections; not a claim of independent expert review	"{""entities"":[{""id"":""Q109448254"",""names"":[""Stellar Works"",""ステラワークス""],""types"":[""Q431289""],""parents"":[],""readings"":[],""title"":""ステラワークス"",""nameKinds"":{""Stellar Works"":[""label:en""],""ステラワークス"":[""label:ja"",""title:jawiki""]},""readingNames"":[""ステラワークス""],""primaryReadings"":[]}],""lexical"":[]}"
product	ばんりがに	萬里蟹	1851	1851	neologd	https://www.edrdg.org/jmdict/edict_doc.html#entry-5746610-sense-1	lexical-and-confirmed-referents;https://www.edrdg.org/jmdict/edict_doc.html#entry-5746610-sense-1	assistant inspection of pair-bound reading evidence and stored semantic facts; targeted pages for identified problems	Recorded reading/surface pair and category supported by cited facts after rule corrections; not a claim of independent expert review	"{""entities"":[],""lexical"":[{""reading"":""ばんりがに"",""surface"":""萬里蟹"",""categories"":[""product""],""evidence"":""https://www.edrdg.org/jmdict/edict_doc.html#entry-5746610-sense-1"",""entryId"":""5746610"",""pos"":[""n""],""version"":""76a91691b63094bf2aedca93cb889c7396945fe961e478f13081d839c9684e0c"",""source"":""JMdict"",""misc"":[""product""],""glosses"":[""Wanli Crab (brand name for crab caught in the Wanli district of Taiwan)""]}]}"
product	こくさいうんずちょう	国際雲図帳	1851	1851	common	https://www.edrdg.org/jmdict/edict_doc.html#entry-5742089-sense-1	lexical-and-confirmed-referents;https://www.edrdg.org/jmdict/edict_doc.html#entry-5742089-sense-1	assistant inspection of pair-bound reading evidence and stored semantic facts; targeted pages for identified problems	Recorded reading/surface pair and category supported by cited facts after rule corrections; not a claim of independent expert review	"{""entities"":[],""lexical"":[{""reading"":""こくさいうんずちょう"",""surface"":""国際雲図帳"",""categories"":[""product""],""evidence"":""https://www.edrdg.org/jmdict/edict_doc.html#entry-5742089-sense-1"",""entryId"":""5742089"",""pos"":[""n""],""version"":""76a91691b63094bf2aedca93cb889c7396945fe961e478f13081d839c9684e0c"",""source"":""JMdict"",""misc"":[""product""],""glosses"":[""International Cloud Atlas""]}]}"
product	あむふりーと	アムフリート	1851	1851	common	orthographic-kana;https://www.wikidata.org/wiki/Q2843168#name	https://www.wikidata.org/wiki/Q2843168	assistant inspection of pair-bound reading evidence and stored semantic facts; targeted pages for identified problems	Recorded reading/surface pair and category supported by cited facts after rule corrections; not a claim of independent expert review	"{""entities"":[{""id"":""Q2843168"",""names"":[""Amfleet"",""アムフリート""],""types"":[""Q811704""],""parents"":[""Q753779""],""readings"":[],""title"":""アムフリート"",""nameKinds"":{""Amfleet"":[""label:en""],""アムフリート"":[""label:ja"",""title:jawiki""]},""readingNames"":[""アムフリート""],""primaryReadings"":[]}],""lexical"":[]}"
product	あすけん	あすけん	1851	1851	wiki	orthographic-kana;https://www.wikidata.org/wiki/Q109595791#name	https://www.wikidata.org/wiki/Q109595791	assistant inspection of pair-bound reading evidence and stored semantic facts; targeted pages for identified problems	Recorded reading/surface pair and category supported by cited facts after rule corrections; not a claim of independent expert review	"{""entities"":[{""id"":""Q109595791"",""names"":[""あすけん""],""types"":[""Q620615""],""parents"":[],""readings"":[],""title"":""あすけん"",""nameKinds"":{""あすけん"":[""label:ja"",""title:jawiki""]},""readingNames"":[""あすけん""],""primaryReadings"":[]}],""lexical"":[]}"
product	ぐぬー	GNU	1851	1851	neologd	https://www.edrdg.org/jmdict/edict_doc.html#entry-2294510-sense-1	https://www.wikidata.org/wiki/Q44571#P31;reading:independent-pair;categories:product;lexical-and-confirmed-referents;https://www.edrdg.org/jmdict/edict_doc.html#entry-2294510-sense-1	assistant inspection of pair-bound reading evidence and stored semantic facts; targeted pages for identified problems	Recorded reading/surface pair and category supported by cited facts after rule corrections; not a claim of independent expert review	"{""entities"":[{""id"":""Q44571"",""names"":[""GNU"",""GNUプロジェクト"",""グニュ"",""グニュー"",""GNU's Not Unix""],""types"":[""Q9135""],""parents"":[""Q14656""],""readings"":[],""title"":""GNU"",""nameKinds"":{""GNU"":[""label:ja"",""label:en"",""title:jawiki""],""GNUプロジェクト"":[""alias:ja""],""グニュ"":[""alias:ja""],""グニュー"":[""alias:ja""],""GNU's Not Unix"":[""alias:en""]},""readingNames"":[""GNU""],""primaryReadings"":[]}],""lexical"":[{""reading"":""ぐぬー"",""surface"":""GNU"",""categories"":[""technical""],""evidence"":""https://www.edrdg.org/jmdict/edict_doc.html#entry-2294510-sense-1"",""entryId"":""2294510"",""fields"":[""comp""],""pos"":[""n""],""version"":""76a91691b63094bf2aedca93cb889c7396945fe961e478f13081d839c9684e0c"",""source"":""JMdict"",""glosses"":[""GNU (project, operating system, etc.)""]}]}"
product	にっけいしんぶん	ニッケイ新聞	1851	1851	common	https://www.edrdg.org/jmdict/edict_doc.html#entry-5742204-sense-1	https://www.wikidata.org/wiki/Q11324439#P31;reading:independent-pair;categories:work;lexical-and-confirmed-referents;https://www.edrdg.org/jmdict/edict_doc.html#entry-5742204-sense-1	assistant inspection of pair-bound reading evidence and stored semantic facts; targeted pages for identified problems	Recorded reading/surface pair and category supported by cited facts after rule corrections; not a claim of independent expert review	"{""entities"":[{""id"":""Q11324439"",""names"":[""ニッケイ新聞"",""Nikkey Shimbun"",""Jornal do Nikkey""],""types"":[""Q11032""],""parents"":[],""readings"":[],""title"":""ニッケイ新聞"",""nameKinds"":{""ニッケイ新聞"":[""label:ja"",""title:jawiki""],""Nikkey Shimbun"":[""label:en""],""Jornal do Nikkey"":[""alias:en""]},""readingNames"":[""ニッケイ新聞""],""primaryReadings"":[]}],""lexical"":[{""reading"":""にっけいしんぶん"",""surface"":""ニッケイ新聞"",""categories"":[""product""],""evidence"":""https://www.edrdg.org/jmdict/edict_doc.html#entry-5742204-sense-1"",""entryId"":""5742204"",""pos"":[""n""],""version"":""76a91691b63094bf2aedca93cb889c7396945fe961e478f13081d839c9684e0c"",""source"":""JMdict"",""misc"":[""product""],""glosses"":[""Nikkey Shimbun (Japanese-Brazilian newspaper)""]}]}"
product	みなくるほーむ	みなくるホーム	1851	1851	common	orthographic-kana;https://www.wikidata.org/wiki/Q11279119#name	https://www.wikidata.org/wiki/Q11279119	assistant inspection of pair-bound reading evidence and stored semantic facts; targeted pages for identified problems	Recorded reading/surface pair and category supported by cited facts after rule corrections; not a claim of independent expert review	"{""entities"":[{""id"":""Q11279119"",""names"":[""みなくるホーム""],""types"":[""Q35127""],""parents"":[],""readings"":[],""title"":""みなくるホーム"",""nameKinds"":{""みなくるホーム"":[""label:ja"",""title:jawiki""]},""readingNames"":[""みなくるホーム""],""primaryReadings"":[]}],""lexical"":[]}"
product	せいしる	セイシル	1851	1851	wiki	orthographic-kana;https://www.wikidata.org/wiki/Q120336203#name	https://www.wikidata.org/wiki/Q120336203	assistant inspection of pair-bound reading evidence and stored semantic facts; targeted pages for identified problems	Recorded reading/surface pair and category supported by cited facts after rule corrections; not a claim of independent expert review	"{""entities"":[{""id"":""Q120336203"",""names"":[""セイシル"",""seicil""],""types"":[""Q35127""],""parents"":[],""readings"":[],""title"":""セイシル"",""nameKinds"":{""セイシル"":[""label:ja"",""title:jawiki""],""seicil"":[""label:en""]},""readingNames"":[""セイシル""],""primaryReadings"":[]}],""lexical"":[]}"
product	ついっぷる	ついっぷる	1851	1851	neologd	https://www.edrdg.org/jmdict/edict_doc.html#entry-5741477-sense-1	lexical-and-confirmed-referents;https://www.edrdg.org/jmdict/edict_doc.html#entry-5741477-sense-1	assistant inspection of pair-bound reading evidence and stored semantic facts; targeted pages for identified problems	Recorded reading/surface pair and category supported by cited facts after rule corrections; not a claim of independent expert review	"{""entities"":[],""lexical"":[{""reading"":""ついっぷる"",""surface"":""ついっぷる"",""categories"":[""product""],""evidence"":""https://www.edrdg.org/jmdict/edict_doc.html#entry-5741477-sense-1"",""entryId"":""5741477"",""pos"":[""n""],""version"":""76a91691b63094bf2aedca93cb889c7396945fe961e478f13081d839c9684e0c"",""source"":""JMdict"",""misc"":[""product""],""glosses"":[""twipple (Twitter client)""]}]}"
product	ほわいとないとつー	ホワイトナイトツー	1851	1851	common	orthographic-kana;https://www.wikidata.org/wiki/Q610835#name	https://www.wikidata.org/wiki/Q610835	assistant inspection of pair-bound reading evidence and stored semantic facts; targeted pages for identified problems	Recorded reading/surface pair and category supported by cited facts after rule corrections; not a claim of independent expert review	"{""entities"":[{""id"":""Q610835"",""names"":[""White Knight Two"",""ホワイトナイトツー"",""Scaled Composites Model 348 White Knight Two""],""types"":[""Q15056995""],""parents"":[""Q538685"",""Q17115837"",""Q2523684""],""readings"":[],""title"":""ホワイトナイトツー"",""nameKinds"":{""White Knight Two"":[""label:en""],""ホワイトナイトツー"":[""label:ja"",""title:jawiki""],""Scaled Composites Model 348 White Knight Two"":[""alias:en""]},""readingNames"":[""ホワイトナイトツー""],""primaryReadings"":[]}],""lexical"":[]}"
product	ぐるっときらら	ぐるっときらら	1851	1851	wiki	orthographic-kana;https://www.wikidata.org/wiki/Q109594972#name	https://www.wikidata.org/wiki/Q109594972	assistant inspection of pair-bound reading evidence and stored semantic facts; targeted pages for identified problems	Recorded reading/surface pair and category supported by cited facts after rule corrections; not a claim of independent expert review	"{""entities"":[{""id"":""Q109594972"",""names"":[""ぐるっときらら""],""types"":[""Q35127""],""parents"":[],""readings"":[],""title"":""ぐるっときらら"",""nameKinds"":{""ぐるっときらら"":[""label:ja"",""title:jawiki""]},""readingNames"":[""ぐるっときらら""],""primaryReadings"":[]}],""lexical"":[]}"
product	ぽすとぺっと	PostPet	1851	1851	neologd	https://www.edrdg.org/jmdict/edict_doc.html#entry-5743894-sense-1	https://www.wikidata.org/wiki/Q11239812#P31;reading:independent-pair;categories:product;lexical-and-confirmed-referents;https://www.edrdg.org/jmdict/edict_doc.html#entry-5743894-sense-1	assistant inspection of pair-bound reading evidence and stored semantic facts; targeted pages for identified problems	Recorded reading/surface pair and category supported by cited facts after rule corrections; not a claim of independent expert review	"{""entities"":[{""id"":""Q11239812"",""names"":[""PostPet"",""ポストペット"",""ポスペ""],""types"":[""Q7397""],""parents"":[],""readings"":[],""title"":""PostPet"",""nameKinds"":{""PostPet"":[""label:ja"",""label:en"",""title:jawiki""],""ポストペット"":[""alias:ja""],""ポスペ"":[""alias:ja""]},""readingNames"":[""PostPet""],""primaryReadings"":[]}],""lexical"":[{""reading"":""ぽすとぺっと"",""surface"":""PostPet"",""categories"":[""product""],""evidence"":""https://www.edrdg.org/jmdict/edict_doc.html#entry-5743894-sense-1"",""entryId"":""5743894"",""pos"":[""n""],""version"":""76a91691b63094bf2aedca93cb889c7396945fe961e478f13081d839c9684e0c"",""source"":""JMdict"",""misc"":[""product""],""glosses"":[""PostPet (email client)""]}]}"
product	ずーむ	Zoom	1851	1851	neologd	https://www.edrdg.org/jmdict/edict_doc.html#entry-5743119-sense-1	lexical-and-confirmed-referents;https://www.edrdg.org/jmdict/edict_doc.html#entry-5743119-sense-1	assistant inspection of pair-bound reading evidence and stored semantic facts; targeted pages for identified problems	Recorded reading/surface pair and category supported by cited facts after rule corrections; not a claim of independent expert review	"{""entities"":[],""lexical"":[{""reading"":""ずーむ"",""surface"":""Zoom"",""categories"":[""product""],""evidence"":""https://www.edrdg.org/jmdict/edict_doc.html#entry-5743119-sense-1"",""entryId"":""5743119"",""pos"":[""n""],""version"":""76a91691b63094bf2aedca93cb889c7396945fe961e478f13081d839c9684e0c"",""source"":""JMdict"",""misc"":[""product""],""glosses"":[""Zoom (videotelephony software)""]}]}"
product	ろじっくぱらだいす	ろじっくぱらだいす	1851	1851	common	orthographic-kana;https://www.wikidata.org/wiki/Q11281601#name	https://www.wikidata.org/wiki/Q11281601	assistant inspection of pair-bound reading evidence and stored semantic facts; targeted pages for identified problems	Recorded reading/surface pair and category supported by cited facts after rule corrections; not a claim of independent expert review	"{""entities"":[{""id"":""Q11281601"",""names"":[""ろじっくぱらだいす"",""ろじぱら""],""types"":[""Q35127""],""parents"":[],""readings"":[],""title"":""ろじっくぱらだいす"",""nameKinds"":{""ろじっくぱらだいす"":[""label:ja"",""title:jawiki""],""ろじぱら"":[""alias:ja""]},""readingNames"":[""ろじっくぱらだいす""],""primaryReadings"":[]}],""lexical"":[]}"
product	りなっくす	Linux	1851	1851	neologd	https://www.edrdg.org/jmdict/edict_doc.html#entry-2337270-sense-1	https://www.wikidata.org/wiki/Q388	assistant inspection of pair-bound reading evidence and stored semantic facts; targeted pages for identified problems	Recorded reading/surface pair and category supported by cited facts after rule corrections; not a claim of independent expert review	"{""entities"":[{""id"":""Q388"",""names"":[""Linux"",""リナックス"",""ライナックス""],""types"":[""Q7397""],""parents"":[""Q14656"",""Q341"",""Q241317"",""Q170584"",""Q15545584""],""readings"":[],""title"":""Linux"",""nameKinds"":{""Linux"":[""label:en"",""alias:ja"",""title:jawiki""],""リナックス"":[""alias:ja""],""ライナックス"":[""alias:ja""]},""primaryReadings"":[]}],""lexical"":[{""reading"":""りなっくす"",""surface"":""Linux"",""categories"":[],""evidence"":""https://www.edrdg.org/jmdict/edict_doc.html#entry-2337270-sense-1"",""entryId"":""2337270"",""fields"":[""tradem""],""pos"":[""n""],""version"":""76a91691b63094bf2aedca93cb889c7396945fe961e478f13081d839c9684e0c"",""source"":""JMdict"",""glosses"":[""Linux (operating system)""]}]}"
product	ぼかりす	ぼかりす	1851	1851	neologd	orthographic-kana;https://www.wikidata.org/wiki/Q10853226#name	https://www.wikidata.org/wiki/Q10853226	assistant inspection of pair-bound reading evidence and stored semantic facts; targeted pages for identified problems	Recorded reading/surface pair and category supported by cited facts after rule corrections; not a claim of independent expert review	"{""entities"":[{""id"":""Q10853226"",""names"":[""ぼかりす""],""types"":[""Q7397""],""parents"":[],""readings"":[],""nameKinds"":{""ぼかりす"":[""label:ja""]},""readingNames"":[""ぼかりす""],""primaryReadings"":[]}],""lexical"":[]}"
product	おまかせちゃんねる	おまかせチャンネル	1851	1851	common	orthographic-kana;https://www.wikidata.org/wiki/Q4049291#name	https://www.wikidata.org/wiki/Q4049291	assistant inspection of pair-bound reading evidence and stored semantic facts; targeted pages for identified problems	Recorded reading/surface pair and category supported by cited facts after rule corrections; not a claim of independent expert review	"{""entities"":[{""id"":""Q4049291"",""names"":[""SensMe"",""おまかせチャンネル""],""types"":[""Q7397""],""parents"":[],""readings"":[],""title"":""おまかせチャンネル"",""nameKinds"":{""SensMe"":[""label:en""],""おまかせチャンネル"":[""label:ja"",""title:jawiki""]},""readingNames"":[""おまかせチャンネル""],""primaryReadings"":[]}],""lexical"":[]}"
product	どうぶつしょうぎ	どうぶつしょうぎ	1851	1851	common	https://www.edrdg.org/jmdict/edict_doc.html#entry-5745260-sense-1	lexical-and-confirmed-referents;https://www.edrdg.org/jmdict/edict_doc.html#entry-5745260-sense-1	assistant inspection of pair-bound reading evidence and stored semantic facts; targeted pages for identified problems	Recorded reading/surface pair and category supported by cited facts after rule corrections; not a claim of independent expert review	"{""entities"":[],""lexical"":[{""reading"":""どうぶつしょうぎ"",""surface"":""どうぶつしょうぎ"",""categories"":[""product""],""evidence"":""https://www.edrdg.org/jmdict/edict_doc.html#entry-5745260-sense-1"",""entryId"":""5745260"",""pos"":[""n""],""version"":""76a91691b63094bf2aedca93cb889c7396945fe961e478f13081d839c9684e0c"",""source"":""JMdict"",""misc"":[""product""],""glosses"":[""Dōbutsu shōgi (animal-themed shogi variant for young children)""]}]}"
product	めんとす	メントス	1851	1851	common	orthographic-kana;https://www.wikidata.org/wiki/Q1046535#name	https://www.wikidata.org/wiki/Q1046535	assistant inspection of pair-bound reading evidence and stored semantic facts; targeted pages for identified problems	Recorded reading/surface pair and category supported by cited facts after rule corrections; not a claim of independent expert review	"{""entities"":[{""id"":""Q1046535"",""names"":[""Mentos"",""メントス""],""types"":[""Q16323605""],""parents"":[],""readings"":[],""title"":""メントス"",""nameKinds"":{""Mentos"":[""label:en"",""alias:ja""],""メントス"":[""label:ja"",""title:jawiki""]},""readingNames"":[""メントス""],""primaryReadings"":[]}],""lexical"":[]}"
product	あにめーしょんますたー	アニメーションマスター	1851	1851	common	orthographic-kana;https://www.wikidata.org/wiki/Q2653036#name	https://www.wikidata.org/wiki/Q2653036	assistant inspection of pair-bound reading evidence and stored semantic facts; targeted pages for identified problems	Recorded reading/surface pair and category supported by cited facts after rule corrections; not a claim of independent expert review	"{""entities"":[{""id"":""Q2653036"",""names"":[""Animation:Master"",""アニメーションマスター"",""Animation Master"",""アニメーション:マスター""],""types"":[""Q7397""],""parents"":[],""readings"":[],""title"":""アニメーションマスター"",""nameKinds"":{""Animation:Master"":[""label:en"",""alias:ja""],""アニメーションマスター"":[""label:ja"",""title:jawiki""],""Animation Master"":[""alias:ja""],""アニメーション:マスター"":[""alias:ja""]},""readingNames"":[""アニメーションマスター""],""primaryReadings"":[]}],""lexical"":[]}"
product	うぃきつりー	ウィキツリー	1851	1851	common	orthographic-kana;https://www.wikidata.org/wiki/Q1074931#name	https://www.wikidata.org/wiki/Q1074931	assistant inspection of pair-bound reading evidence and stored semantic facts; targeted pages for identified problems	Recorded reading/surface pair and category supported by cited facts after rule corrections; not a claim of independent expert review	"{""entities"":[{""id"":""Q1074931"",""names"":[""ウィキツリー"",""WikiTree"",""wikitree.com""],""types"":[""Q7094076"",""Q33270056"",""Q35127""],""parents"":[],""readings"":[],""title"":""ウィキツリー"",""nameKinds"":{""ウィキツリー"":[""label:ja"",""title:jawiki""],""WikiTree"":[""label:en""],""wikitree.com"":[""alias:en""]},""readingNames"":[""ウィキツリー""],""primaryReadings"":[]}],""lexical"":[]}"
product	まいじつ	まいじつ	1851	1851	common	orthographic-kana;https://www.wikidata.org/wiki/Q53308981#name	https://www.wikidata.org/wiki/Q53308981	assistant inspection of pair-bound reading evidence and stored semantic facts; targeted pages for identified problems	Recorded reading/surface pair and category supported by cited facts after rule corrections; not a claim of independent expert review	"{""entities"":[{""id"":""Q53308981"",""names"":[""まいじつ""],""types"":[""Q35127""],""parents"":[],""readings"":[],""title"":""まいじつ"",""nameKinds"":{""まいじつ"":[""label:ja"",""title:jawiki""]},""readingNames"":[""まいじつ""],""primaryReadings"":[]}],""lexical"":[]}"
product	えいとっく	ATOK	1851	1851	neologd	https://www.edrdg.org/jmdict/edict_doc.html#entry-2285600-sense-1	https://www.wikidata.org/wiki/Q986486#P31;reading:independent-pair;categories:product;lexical-and-confirmed-referents;https://www.edrdg.org/jmdict/edict_doc.html#entry-2285600-sense-1	assistant inspection of pair-bound reading evidence and stored semantic facts; targeted pages for identified problems	Recorded reading/surface pair and category supported by cited facts after rule corrections; not a claim of independent expert review	"{""entities"":[{""id"":""Q986486"",""names"":[""ATOK"",""APOT"",""エイトック""],""types"":[""Q1046926""],""parents"":[],""readings"":[],""title"":""ATOK"",""nameKinds"":{""ATOK"":[""label:ja"",""label:en"",""title:jawiki""],""APOT"":[""alias:ja""],""エイトック"":[""alias:ja""]},""readingNames"":[""ATOK""],""primaryReadings"":[]}],""lexical"":[{""reading"":""えいとっく"",""surface"":""ATOK"",""categories"":[""technical""],""evidence"":""https://www.edrdg.org/jmdict/edict_doc.html#entry-2285600-sense-1"",""entryId"":""2285600"",""fields"":[""comp""],""pos"":[""n""],""version"":""76a91691b63094bf2aedca93cb889c7396945fe961e478f13081d839c9684e0c"",""source"":""JMdict"",""glosses"":[""ATOK (Advanced Technology Of Kana-kanji transfer)"",""early Japanese IME""]}]}"
product	とにーろーま	トニーローマ	1851	1851	common	orthographic-kana;https://www.wikidata.org/wiki/Q2213883#name	https://www.wikidata.org/wiki/Q2213883	assistant inspection of pair-bound reading evidence and stored semantic facts; targeted pages for identified problems	Recorded reading/surface pair and category supported by cited facts after rule corrections; not a claim of independent expert review	"{""entities"":[{""id"":""Q2213883"",""names"":[""Tony Roma’s"",""トニーローマ""],""types"":[""Q18534542""],""parents"":[],""readings"":[],""nameKinds"":{""Tony Roma’s"":[""label:en""],""トニーローマ"":[""label:ja""]},""readingNames"":[""トニーローマ""],""primaryReadings"":[]}],""lexical"":[]}"
product	れきしん	レキシン	1851	1851	common	https://www.edrdg.org/jmdict/edict_doc.html#entry-5740946-sense-1	https://www.wikidata.org/wiki/Q3780800#P31;reading:independent-pair;categories:product;lexical-and-confirmed-referents;https://www.edrdg.org/jmdict/edict_doc.html#entry-5740946-sense-1	assistant inspection of pair-bound reading evidence and stored semantic facts; targeted pages for identified problems	Recorded reading/surface pair and category supported by cited facts after rule corrections; not a claim of independent expert review	"{""entities"":[{""id"":""Q3780800"",""names"":[""レキシン"",""Lexin""],""types"":[""Q35127"",""Q3327521"",""Q55713039""],""parents"":[],""readings"":[],""title"":""レキシン"",""nameKinds"":{""レキシン"":[""label:ja"",""title:jawiki""],""Lexin"":[""label:en""]},""readingNames"":[""レキシン""],""primaryReadings"":[]}],""lexical"":[{""reading"":""れきしん"",""surface"":""レキシン"",""categories"":[""product""],""evidence"":""https://www.edrdg.org/jmdict/edict_doc.html#entry-5740946-sense-1"",""entryId"":""5740946"",""pos"":[""n""],""version"":""76a91691b63094bf2aedca93cb889c7396945fe961e478f13081d839c9684e0c"",""source"":""JMdict"",""misc"":[""product""],""glosses"":[""Lexin (Japanese brand of carbamazepine)""]}]}"
product	あしやんいか	あしやんいか	1851	1851	common	orthographic-kana;https://www.wikidata.org/wiki/Q11257398#name	https://www.wikidata.org/wiki/Q11257398	assistant inspection of pair-bound reading evidence and stored semantic facts; targeted pages for identified problems	Recorded reading/surface pair and category supported by cited facts after rule corrections; not a claim of independent expert review	"{""entities"":[{""id"":""Q11257398"",""names"":[""あしやんいか""],""types"":[""Q11424201""],""parents"":[""Q2202434""],""readings"":[],""title"":""あしやんいか"",""nameKinds"":{""あしやんいか"":[""label:ja"",""title:jawiki""]},""readingNames"":[""あしやんいか""],""primaryReadings"":[]}],""lexical"":[]}"
product	ふぁみりーさーち	ファミリーサーチ	1851	1851	common	orthographic-kana;https://www.wikidata.org/wiki/Q3066228#name	https://www.wikidata.org/wiki/Q3066228	assistant inspection of pair-bound reading evidence and stored semantic facts; targeted pages for identified problems	Recorded reading/surface pair and category supported by cited facts after rule corrections; not a claim of independent expert review	"{""entities"":[{""id"":""Q3066228"",""names"":[""FamilySearch"",""ファミリーサーチ"",""FamilySearch International"",""Family Search"",""ユタ系譜協会"",""ユタ系図協会""],""types"":[""Q163740"",""Q35127"",""Q33270056""],""parents"":[],""readings"":[],""title"":""ファミリーサーチ"",""nameKinds"":{""FamilySearch"":[""label:en""],""ファミリーサーチ"":[""label:ja"",""title:jawiki""],""FamilySearch International"":[""alias:en""],""Family Search"":[""alias:en""],""ユタ系譜協会"":[""alias:ja""],""ユタ系図協会"":[""alias:ja""]},""readingNames"":[""ファミリーサーチ""],""primaryReadings"":[]}],""lexical"":[]}"
product	わっつあっぷ	WhatsApp	1851	1851	neologd	https://www.edrdg.org/jmdict/edict_doc.html#entry-5743118-sense-1	https://www.wikidata.org/wiki/Q1049511#P31;reading:independent-pair;categories:product;lexical-and-confirmed-referents;https://www.edrdg.org/jmdict/edict_doc.html#entry-5743118-sense-1	assistant inspection of pair-bound reading evidence and stored semantic facts; targeted pages for identified problems	Recorded reading/surface pair and category supported by cited facts after rule corrections; not a claim of independent expert review	"{""entities"":[{""id"":""Q1049511"",""names"":[""ワッツアップ"",""ワッツアップメッセンジャー"",""ワッツアップ・メッセンジャー"",""WhatsApp""],""types"":[""Q19967801"",""Q2462003"",""Q620615"",""Q170584""],""parents"":[],""readings"":[],""title"":""WhatsApp"",""nameKinds"":{""ワッツアップ"":[""alias:ja""],""ワッツアップメッセンジャー"":[""alias:ja""],""ワッツアップ・メッセンジャー"":[""alias:ja""],""WhatsApp"":[""alias:ja"",""title:jawiki""]},""primaryReadings"":[]}],""lexical"":[{""reading"":""わっつあっぷ"",""surface"":""WhatsApp"",""categories"":[""product""],""evidence"":""https://www.edrdg.org/jmdict/edict_doc.html#entry-5743118-sense-1"",""entryId"":""5743118"",""pos"":[""n""],""version"":""76a91691b63094bf2aedca93cb889c7396945fe961e478f13081d839c9684e0c"",""source"":""JMdict"",""misc"":[""product""],""glosses"":[""WhatsApp (messaging application)""]}]}"
product	たじまうし	但馬牛	1851	1851	common	https://www.edrdg.org/jmdict/edict_doc.html#entry-2619050-sense-1;https://www.edrdg.org/jmdict/edict_doc.html#entry-2619050-sense-2	https://www.wikidata.org/wiki/Q13417172#P31;reading:independent-pair;categories:product;lexical-and-confirmed-referents;https://www.edrdg.org/jmdict/edict_doc.html#entry-2619050-sense-1;https://www.edrdg.org/jmdict/edict_doc.html#entry-2619050-sense-2	assistant inspection of pair-bound reading evidence and stored semantic facts; targeted pages for identified problems	Recorded reading/surface pair and category supported by cited facts after rule corrections; not a claim of independent expert review	"{""entities"":[{""id"":""Q13417172"",""names"":[""但馬牛"",""Tajima cattle"",""Tajima beef"",""Tajima"",""Tajima Ushi"",""Tajima Gyu""],""types"":[""Q12045585"",""Q11424232""],""parents"":[""Q11678387"",""Q192628""],""readings"":[],""title"":""但馬牛"",""nameKinds"":{""但馬牛"":[""label:ja"",""title:jawiki""],""Tajima cattle"":[""label:en""],""Tajima beef"":[""alias:en""],""Tajima"":[""alias:en""],""Tajima Ushi"":[""alias:en""],""Tajima Gyu"":[""alias:en""]},""readingNames"":[""但馬牛""],""primaryReadings"":[]}],""lexical"":[{""reading"":""たじまうし"",""surface"":""但馬牛"",""categories"":[""general""],""evidence"":""https://www.edrdg.org/jmdict/edict_doc.html#entry-2619050-sense-1"",""entryId"":""2619050"",""pos"":[""n""],""version"":""76a91691b63094bf2aedca93cb889c7396945fe961e478f13081d839c9684e0c"",""source"":""JMdict"",""glosses"":[""Tajima cattle (breed of black Wagyu cattle)""]},{""reading"":""たじまうし"",""surface"":""但馬牛"",""categories"":[""general""],""evidence"":""https://www.edrdg.org/jmdict/edict_doc.html#entry-2619050-sense-2"",""entryId"":""2619050"",""pos"":[""n""],""version"":""76a91691b63094bf2aedca93cb889c7396945fe961e478f13081d839c9684e0c"",""source"":""JMdict"",""glosses"":[""Tajima beef""]}]}"
product	まらふぉん	マラフォン	1851	1851	common	orthographic-kana;https://www.wikidata.org/wiki/Q2255254#name	https://www.wikidata.org/wiki/Q2255254	assistant inspection of pair-bound reading evidence and stored semantic facts; targeted pages for identified problems	Recorded reading/surface pair and category supported by cited facts after rule corrections; not a claim of independent expert review	"{""entities"":[{""id"":""Q2255254"",""names"":[""Malafon"",""マラフォン"",""マラフォン (ミサイル)""],""types"":[""Q18487055""],""parents"":[""Q2995808""],""readings"":[],""title"":""マラフォン (ミサイル)"",""nameKinds"":{""Malafon"":[""label:en""],""マラフォン"":[""label:ja""],""マラフォン (ミサイル)"":[""title:jawiki""]},""readingNames"":[""マラフォン""],""primaryReadings"":[]}],""lexical"":[]}"
product	はろすてん	ハロステン	1851	1851	neologd	https://www.edrdg.org/jmdict/edict_doc.html#entry-5741121-sense-1	lexical-and-confirmed-referents;https://www.edrdg.org/jmdict/edict_doc.html#entry-5741121-sense-1	assistant inspection of pair-bound reading evidence and stored semantic facts; targeted pages for identified problems	Recorded reading/surface pair and category supported by cited facts after rule corrections; not a claim of independent expert review	"{""entities"":[],""lexical"":[{""reading"":""はろすてん"",""surface"":""ハロステン"",""categories"":[""product""],""evidence"":""https://www.edrdg.org/jmdict/edict_doc.html#entry-5741121-sense-1"",""entryId"":""5741121"",""pos"":[""n""],""version"":""76a91691b63094bf2aedca93cb889c7396945fe961e478f13081d839c9684e0c"",""source"":""JMdict"",""misc"":[""product""],""glosses"":[""Halosten (Japanese brand of haloperidol)""]}]}"
product	でぃーぷえるほんやく	DeepL翻訳	1851	1851	common	https://www.edrdg.org/jmdict/edict_doc.html#entry-5747425-sense-1	https://www.wikidata.org/wiki/Q43968444#P31;reading:independent-pair;categories:product;lexical-and-confirmed-referents;https://www.edrdg.org/jmdict/edict_doc.html#entry-5747425-sense-1	assistant inspection of pair-bound reading evidence and stored semantic facts; targeted pages for identified problems	Recorded reading/surface pair and category supported by cited facts after rule corrections; not a claim of independent expert review	"{""entities"":[{""id"":""Q43968444"",""names"":[""DeepL翻訳"",""DeepL""],""types"":[""Q35127"",""Q28031555""],""parents"":[],""readings"":[],""title"":""DeepL翻訳"",""nameKinds"":{""DeepL翻訳"":[""label:ja"",""title:jawiki""],""DeepL"":[""label:en"",""alias:ja""]},""readingNames"":[""DeepL翻訳""],""primaryReadings"":[]}],""lexical"":[{""reading"":""でぃーぷえるほんやく"",""surface"":""DeepL翻訳"",""categories"":[""general""],""evidence"":""https://www.edrdg.org/jmdict/edict_doc.html#entry-5747425-sense-1"",""entryId"":""5747425"",""pos"":[""n""],""version"":""76a91691b63094bf2aedca93cb889c7396945fe961e478f13081d839c9684e0c"",""source"":""JMdict"",""misc"":[""serv""],""glosses"":[""DeepL Translator""]}]}"
product	たべっこどうぶつ	たべっ子どうぶつ	1851	1851	common	https://www.edrdg.org/jmdict/edict_doc.html#entry-5743346-sense-1	lexical-and-confirmed-referents;https://www.edrdg.org/jmdict/edict_doc.html#entry-5743346-sense-1	assistant inspection of pair-bound reading evidence and stored semantic facts; targeted pages for identified problems	Recorded reading/surface pair and category supported by cited facts after rule corrections; not a claim of independent expert review	"{""entities"":[],""lexical"":[{""reading"":""たべっこどうぶつ"",""surface"":""たべっ子どうぶつ"",""categories"":[""product""],""evidence"":""https://www.edrdg.org/jmdict/edict_doc.html#entry-5743346-sense-1"",""entryId"":""5743346"",""pos"":[""n""],""version"":""76a91691b63094bf2aedca93cb889c7396945fe961e478f13081d839c9684e0c"",""source"":""JMdict"",""misc"":[""product""],""glosses"":[""Tabekko Dōbutsu (brand of animal cracker)""]}]}"
product	とっきょでんしとしょかん	特許電子図書館	1851	1851	common	https://www.edrdg.org/jmdict/edict_doc.html#entry-5567074-sense-1	https://www.wikidata.org/wiki/Q6027700#P31;reading:independent-pair;categories:product;lexical-and-confirmed-referents;https://www.edrdg.org/jmdict/edict_doc.html#entry-5567074-sense-1	assistant inspection of pair-bound reading evidence and stored semantic facts; targeted pages for identified problems	Recorded reading/surface pair and category supported by cited facts after rule corrections; not a claim of independent expert review	"{""entities"":[{""id"":""Q6027700"",""names"":[""Industrial Property Digital Library"",""特許電子図書館"",""IPDL""],""types"":[""Q212805""],""parents"":[],""readings"":[],""title"":""特許電子図書館"",""nameKinds"":{""Industrial Property Digital Library"":[""label:en""],""特許電子図書館"":[""label:ja"",""title:jawiki""],""IPDL"":[""alias:ja""]},""readingNames"":[""特許電子図書館""],""primaryReadings"":[]}],""lexical"":[{""reading"":""とっきょでんしとしょかん"",""surface"":""特許電子図書館"",""categories"":[""organization""],""evidence"":""https://www.edrdg.org/jmdict/edict_doc.html#entry-5567074-sense-1"",""entryId"":""5567074"",""pos"":[""n""],""version"":""76a91691b63094bf2aedca93cb889c7396945fe961e478f13081d839c9684e0c"",""source"":""JMdict"",""misc"":[""organization""],""glosses"":[""IPDL, Industrial Property Digital Library""]}]}"
product	うぶんとぅ	Ubuntu	1851	1851	neologd	https://www.edrdg.org/jmdict/edict_doc.html#entry-5742393-sense-1	https://www.wikidata.org/wiki/Q381#P31;reading:independent-pair;categories:product;lexical-and-confirmed-referents;https://www.edrdg.org/jmdict/edict_doc.html#entry-5742393-sense-1	assistant inspection of pair-bound reading evidence and stored semantic facts; targeted pages for identified problems	Recorded reading/surface pair and category supported by cited facts after rule corrections; not a claim of independent expert review	"{""entities"":[{""id"":""Q381"",""names"":[""Ubuntu"",""うぶんつ"",""ウブントゥ"",""ウブンツ"",""Canonical Ubuntu"",""Ubuntu OS"",""Ubuntu Project"",""Ubuntu Linux operating system"",""Ubuntu GNU/linux""],""types"":[""Q131669"",""Q20983788"",""Q5276054"",""Q4162386"",""Q14656"",""Q167270""],""parents"":[""Q388"",""Q166142""],""readings"":[],""title"":""Ubuntu"",""nameKinds"":{""Ubuntu"":[""label:en"",""alias:ja"",""title:jawiki""],""うぶんつ"":[""alias:ja""],""ウブントゥ"":[""alias:ja""],""ウブンツ"":[""alias:ja""],""Canonical Ubuntu"":[""alias:en""],""Ubuntu OS"":[""alias:en""],""Ubuntu Project"":[""alias:en""],""Ubuntu Linux operating system"":[""alias:en""],""Ubuntu GNU/linux"":[""alias:en""]},""primaryReadings"":[]}],""lexical"":[{""reading"":""うぶんとぅ"",""surface"":""Ubuntu"",""categories"":[""product""],""evidence"":""https://www.edrdg.org/jmdict/edict_doc.html#entry-5742393-sense-1"",""entryId"":""5742393"",""pos"":[""n""],""version"":""76a91691b63094bf2aedca93cb889c7396945fe961e478f13081d839c9684e0c"",""source"":""JMdict"",""misc"":[""product""],""glosses"":[""Ubuntu (operating system)""]}]}"
product	うーばー	Uber	1851	1851	neologd	https://www.edrdg.org/jmdict/edict_doc.html#entry-5741978-sense-1	https://www.wikidata.org/wiki/Q780442#P31;reading:independent-pair;categories:organization,product;lexical-and-confirmed-referents;https://www.edrdg.org/jmdict/edict_doc.html#entry-5741978-sense-1	assistant inspection of pair-bound reading evidence and stored semantic facts; targeted pages for identified problems	Recorded reading/surface pair and category supported by cited facts after rule corrections; not a claim of independent expert review	"{""entities"":[{""id"":""Q780442"",""names"":[""Uber"",""UberCab"",""Uber Technologies, Inc. (San Francisco, CA)"",""Uber Technology"",""ウーバー"",""ウーバー・テクノロジーズ""],""types"":[""Q4830453"",""Q6881511"",""Q59859818"",""Q7397"",""Q891723"",""Q110029326"",""Q1668023"",""Q10932402"",""Q65295049"",""Q27973"",""Q43229""],""parents"":[],""readings"":[],""title"":""Uber"",""nameKinds"":{""Uber"":[""label:en"",""alias:ja"",""title:jawiki""],""UberCab"":[""alias:en""],""Uber Technologies, Inc. (San Francisco, CA)"":[""alias:en""],""Uber Technology"":[""alias:en""],""ウーバー"":[""alias:ja""],""ウーバー・テクノロジーズ"":[""alias:ja""]},""primaryReadings"":[]}],""lexical"":[{""reading"":""うーばー"",""surface"":""Uber"",""categories"":[""organization""],""evidence"":""https://www.edrdg.org/jmdict/edict_doc.html#entry-5741978-sense-1"",""entryId"":""5741978"",""pos"":[""n""],""version"":""76a91691b63094bf2aedca93cb889c7396945fe961e478f13081d839c9684e0c"",""source"":""JMdict"",""misc"":[""company""],""glosses"":[""Uber""]}]}"
product	いろめろみっくす	いろメロミックス	1851	1851	common	orthographic-kana;https://www.wikidata.org/wiki/Q17193655#name	https://www.wikidata.org/wiki/Q17193655	assistant inspection of pair-bound reading evidence and stored semantic facts; targeted pages for identified problems	Recorded reading/surface pair and category supported by cited facts after rule corrections; not a claim of independent expert review	"{""entities"":[{""id"":""Q17193655"",""names"":[""いろメロミックス"",""dwango.jp"",""Iro Melomix"",""ドワンゴジェイピー""],""types"":[""Q35127""],""parents"":[],""readings"":[],""title"":""ドワンゴジェイピー"",""nameKinds"":{""いろメロミックス"":[""label:ja""],""dwango.jp"":[""label:en""],""Iro Melomix"":[""alias:en""],""ドワンゴジェイピー"":[""alias:ja"",""title:jawiki""]},""readingNames"":[""いろメロミックス""],""primaryReadings"":[]}],""lexical"":[]}"
product	りそーすめーたー	リソースメーター	1851	1851	common	orthographic-kana;https://www.wikidata.org/wiki/Q11348050#name	https://www.wikidata.org/wiki/Q11348050	assistant inspection of pair-bound reading evidence and stored semantic facts; targeted pages for identified problems	Recorded reading/surface pair and category supported by cited facts after rule corrections; not a claim of independent expert review	"{""entities"":[{""id"":""Q11348050"",""names"":[""リソースメーター"",""Resource Meter"",""Resource Meter (Windows)"",""RSRCMTR"",""RSRCMTR.EXE""],""types"":[""Q312466"",""Q26430975""],""parents"":[],""readings"":[],""title"":""リソースメーター"",""nameKinds"":{""リソースメーター"":[""label:ja"",""title:jawiki""],""Resource Meter"":[""label:en""],""Resource Meter (Windows)"":[""alias:en""],""RSRCMTR"":[""alias:en""],""RSRCMTR.EXE"":[""alias:en""]},""readingNames"":[""リソースメーター""],""primaryReadings"":[]}],""lexical"":[]}"
product	せんなり	千なり	1851	1851	common	https://www.edrdg.org/jmdict/edict_doc.html#entry-1812980-sense-1;https://www.edrdg.org/jmdict/edict_doc.html#entry-1812980-sense-2	https://www.wikidata.org/wiki/Q11405208#P31;reading:independent-pair;categories:product;lexical-and-confirmed-referents;https://www.edrdg.org/jmdict/edict_doc.html#entry-1812980-sense-1;https://www.edrdg.org/jmdict/edict_doc.html#entry-1812980-sense-2	assistant inspection of pair-bound reading evidence and stored semantic facts; targeted pages for identified problems	Recorded reading/surface pair and category supported by cited facts after rule corrections; not a claim of independent expert review	"{""entities"":[{""id"":""Q11405208"",""names"":[""千なり"",""Sennari""],""types"":[""Q16323605""],""parents"":[""Q1051482""],""readings"":[],""title"":""千なり"",""nameKinds"":{""千なり"":[""label:ja"",""title:jawiki""],""Sennari"":[""label:en""]},""readingNames"":[""千なり""],""primaryReadings"":[]}],""lexical"":[{""reading"":""せんなり"",""surface"":""千なり"",""categories"":[""general""],""evidence"":""https://www.edrdg.org/jmdict/edict_doc.html#entry-1812980-sense-1"",""entryId"":""1812980"",""pos"":[""n""],""version"":""76a91691b63094bf2aedca93cb889c7396945fe961e478f13081d839c9684e0c"",""source"":""JMdict"",""glosses"":[""great collection (of things)"",""cluster"",""bunch""]},{""reading"":""せんなり"",""surface"":""千なり"",""categories"":[""general""],""evidence"":""https://www.edrdg.org/jmdict/edict_doc.html#entry-1812980-sense-2"",""entryId"":""1812980"",""pos"":[""n""],""version"":""76a91691b63094bf2aedca93cb889c7396945fe961e478f13081d839c9684e0c"",""source"":""JMdict"",""misc"":[""abbr""],""glosses"":[""bottle gourd""]}]}"
product	うそこめーかー	うそこメーカー	1851	1851	common	orthographic-kana;https://www.wikidata.org/wiki/Q10853164#name	https://www.wikidata.org/wiki/Q10853164	assistant inspection of pair-bound reading evidence and stored semantic facts; targeted pages for identified problems	Recorded reading/surface pair and category supported by cited facts after rule corrections; not a claim of independent expert review	"{""entities"":[{""id"":""Q10853164"",""names"":[""うそこメーカー""],""types"":[""Q35127""],""parents"":[],""readings"":[],""title"":""うそこメーカー"",""nameKinds"":{""うそこメーカー"":[""label:ja"",""title:jawiki""]},""readingNames"":[""うそこメーカー""],""primaryReadings"":[]}],""lexical"":[]}"
product	てりあみさいる	テリアミサイル	1851	1851	common	orthographic-kana;https://www.wikidata.org/wiki/Q1190906#name	https://www.wikidata.org/wiki/Q1190906	assistant inspection of pair-bound reading evidence and stored semantic facts; targeted pages for identified problems	Recorded reading/surface pair and category supported by cited facts after rule corrections; not a claim of independent expert review	"{""entities"":[{""id"":""Q1190906"",""names"":[""テリアミサイル"",""RIM-2 Terrier"",""RIM-2"",""テリア"",""Convair RIM-2 Terrier"",""Terrier (rocket)"",""テリア (ミサイル)""],""types"":[""Q18487055""],""parents"":[""Q466704"",""Q4191404""],""readings"":[],""title"":""テリア (ミサイル)"",""nameKinds"":{""テリアミサイル"":[""label:ja""],""RIM-2 Terrier"":[""label:en""],""RIM-2"":[""alias:ja""],""テリア"":[""alias:ja""],""Convair RIM-2 Terrier"":[""alias:en""],""Terrier (rocket)"":[""alias:en""],""テリア (ミサイル)"":[""title:jawiki""]},""readingNames"":[""テリアミサイル""],""primaryReadings"":[]}],""lexical"":[]}"
product	なーすほるん	ナースホルン	1851	1851	common	orthographic-kana;https://www.wikidata.org/wiki/Q156929#name	https://www.wikidata.org/wiki/Q156929	assistant inspection of pair-bound reading evidence and stored semantic facts; targeted pages for identified problems	Recorded reading/surface pair and category supported by cited facts after rule corrections; not a claim of independent expert review	"{""entities"":[{""id"":""Q156929"",""names"":[""Nashorn"",""ナースホルン"",""ホルニッセ"",""ナスホルン"",""Hornisse"",""SdKfz 164"",""88L71 on Gun Carrier III/IV"",""PaK 43/1 L/71 on Gun Carrier III/IV""],""types"":[""Q100710213""],""parents"":[""Q63228352"",""Q161161""],""readings"":[],""title"":""ナースホルン"",""nameKinds"":{""Nashorn"":[""label:en""],""ナースホルン"":[""label:ja"",""title:jawiki""],""ホルニッセ"":[""alias:ja""],""ナスホルン"":[""alias:ja""],""Hornisse"":[""alias:en""],""SdKfz 164"":[""alias:en""],""88L71 on Gun Carrier III/IV"":[""alias:en""],""PaK 43/1 L/71 on Gun Carrier III/IV"":[""alias:en""]},""readingNames"":[""ナースホルン""],""primaryReadings"":[]}],""lexical"":[]}"
product	えれんこ	エレンコ	1851	1851	common	orthographic-kana;https://www.wikidata.org/wiki/Q1327940#name	https://www.wikidata.org/wiki/Q1327940	assistant inspection of pair-bound reading evidence and stored semantic facts; targeted pages for identified problems	Recorded reading/surface pair and category supported by cited facts after rule corrections; not a claim of independent expert review	"{""entities"":[{""id"":""Q1327940"",""names"":[""Elenco"",""エレンコ""],""types"":[""Q18127""],""parents"":[],""readings"":[],""title"":""エレンコ"",""nameKinds"":{""Elenco"":[""label:en""],""エレンコ"":[""label:ja"",""title:jawiki""]},""readingNames"":[""エレンコ""],""primaryReadings"":[]}],""lexical"":[]}"
product	あれって	アレッテ	1851	1851	wiki	orthographic-kana;https://www.wikidata.org/wiki/Q16833607#name	https://www.wikidata.org/wiki/Q16833607	assistant inspection of pair-bound reading evidence and stored semantic facts; targeted pages for identified problems	Recorded reading/surface pair and category supported by cited facts after rule corrections; not a claim of independent expert review	"{""entities"":[{""id"":""Q16833607"",""names"":[""Arette"",""アレッテ""],""types"":[""Q431289""],""parents"":[""Q122195""],""readings"":[],""title"":""アレッテ"",""nameKinds"":{""Arette"":[""label:en""],""アレッテ"":[""label:ja"",""title:jawiki""]},""readingNames"":[""アレッテ""],""primaryReadings"":[]}],""lexical"":[]}"
product	かたんのかいたくしゃたち	カタンの開拓者たち	1851	1851	common	https://www.edrdg.org/jmdict/edict_doc.html#entry-5746720-sense-1	lexical-and-confirmed-referents;https://www.edrdg.org/jmdict/edict_doc.html#entry-5746720-sense-1	assistant inspection of pair-bound reading evidence and stored semantic facts; targeted pages for identified problems	Recorded reading/surface pair and category supported by cited facts after rule corrections; not a claim of independent expert review	"{""entities"":[],""lexical"":[{""reading"":""かたんのかいたくしゃたち"",""surface"":""カタンの開拓者たち"",""categories"":[""product""],""evidence"":""https://www.edrdg.org/jmdict/edict_doc.html#entry-5746720-sense-1"",""entryId"":""5746720"",""pos"":[""n""],""version"":""76a91691b63094bf2aedca93cb889c7396945fe961e478f13081d839c9684e0c"",""source"":""JMdict"",""misc"":[""product""],""glosses"":[""Catan (board game)"",""The Settlers of Catan"",""Settlers""]}]}"
product	おーかっと	オーカット	1851	1851	wiki	https://www.edrdg.org/jmdict/edict_doc.html#entry-5747140-sense-1	lexical-and-confirmed-referents;https://www.edrdg.org/jmdict/edict_doc.html#entry-5747140-sense-1	assistant inspection of pair-bound reading evidence and stored semantic facts; targeted pages for identified problems	Recorded reading/surface pair and category supported by cited facts after rule corrections; not a claim of independent expert review	"{""entities"":[],""lexical"":[{""reading"":""おーかっと"",""surface"":""オーカット"",""categories"":[""product""],""evidence"":""https://www.edrdg.org/jmdict/edict_doc.html#entry-5747140-sense-1"",""entryId"":""5747140"",""pos"":[""n""],""version"":""76a91691b63094bf2aedca93cb889c7396945fe961e478f13081d839c9684e0c"",""source"":""JMdict"",""misc"":[""product""],""glosses"":[""Orkut (former Google social networking site)""]}]}"
product	にゅーすちゃんねる	ニュースチャンネル	1851	1851	common	https://www.edrdg.org/jmdict/edict_doc.html#entry-1987530-sense-1	https://www.wikidata.org/wiki/Q11324792#P31;reading:independent-pair;categories:product;lexical-and-confirmed-referents;https://www.edrdg.org/jmdict/edict_doc.html#entry-1987530-sense-1	assistant inspection of pair-bound reading evidence and stored semantic facts; targeted pages for identified problems	Recorded reading/surface pair and category supported by cited facts after rule corrections; not a claim of independent expert review	"{""entities"":[{""id"":""Q11324792"",""names"":[""ニュースチャンネル"",""News Channel"",""Wii News Channel"",""Nachrichtenkanal"",""Canal Noticias"",""Chaîne infos"",""Canale Notizie"",""Nieuwskanaal"",""Canal de Notícias""],""types"":[""Q141175266"",""Q2259352"",""Q18456364""],""parents"":[],""readings"":[],""title"":""ニュースチャンネル"",""nameKinds"":{""ニュースチャンネル"":[""label:ja"",""title:jawiki""],""News Channel"":[""label:en""],""Wii News Channel"":[""alias:en""]},""readingNames"":[""ニュースチャンネル""],""primaryReadings"":[]}],""lexical"":[{""reading"":""にゅーすちゃんねる"",""surface"":""ニュースチャンネル"",""categories"":[""general""],""evidence"":""https://www.edrdg.org/jmdict/edict_doc.html#entry-1987530-sense-1"",""entryId"":""1987530"",""pos"":[""n""],""version"":""76a91691b63094bf2aedca93cb889c7396945fe961e478f13081d839c9684e0c"",""source"":""JMdict"",""glosses"":[""news channel""]}]}"
product	よねざわぎゅう	米沢牛	1851	1851	common	https://www.edrdg.org/jmdict/edict_doc.html#entry-2619070-sense-1	https://www.wikidata.org/wiki/Q8054945#P31;reading:independent-pair;categories:product;lexical-and-confirmed-referents;https://www.edrdg.org/jmdict/edict_doc.html#entry-2619070-sense-1	assistant inspection of pair-bound reading evidence and stored semantic facts; targeted pages for identified problems	Recorded reading/surface pair and category supported by cited facts after rule corrections; not a claim of independent expert review	"{""entities"":[{""id"":""Q8054945"",""names"":[""Yonezawa beef"",""米沢牛""],""types"":[""Q431289"",""Q11424232""],""parents"":[""Q192628""],""readings"":[],""title"":""米沢牛"",""nameKinds"":{""Yonezawa beef"":[""label:en""],""米沢牛"":[""label:ja"",""title:jawiki""]},""readingNames"":[""米沢牛""],""primaryReadings"":[]}],""lexical"":[{""reading"":""よねざわぎゅう"",""surface"":""米沢牛"",""categories"":[""food""],""evidence"":""https://www.edrdg.org/jmdict/edict_doc.html#entry-2619070-sense-1"",""entryId"":""2619070"",""fields"":[""food""],""pos"":[""n""],""version"":""76a91691b63094bf2aedca93cb889c7396945fe961e478f13081d839c9684e0c"",""source"":""JMdict"",""glosses"":[""Yonezawa beef""]}]}"
product	でんすけすいか	でんすけすいか	1851	1851	common	https://www.edrdg.org/jmdict/edict_doc.html#entry-2394930-sense-1	https://www.wikidata.org/wiki/Q11272866#P31;reading:independent-pair;categories:product;lexical-and-confirmed-referents;https://www.edrdg.org/jmdict/edict_doc.html#entry-2394930-sense-1	assistant inspection of pair-bound reading evidence and stored semantic facts; targeted pages for identified problems	Recorded reading/surface pair and category supported by cited facts after rule corrections; not a claim of independent expert review	"{""entities"":[{""id"":""Q11272866"",""names"":[""でんすけすいか"",""でんすけ西瓜""],""types"":[""Q11424201""],""parents"":[""Q38645""],""readings"":[],""title"":""でんすけすいか"",""nameKinds"":{""でんすけすいか"":[""label:ja"",""title:jawiki""],""でんすけ西瓜"":[""alias:ja""]},""readingNames"":[""でんすけすいか""],""primaryReadings"":[]}],""lexical"":[{""reading"":""でんすけすいか"",""surface"":""でんすけすいか"",""categories"":[""general""],""evidence"":""https://www.edrdg.org/jmdict/edict_doc.html#entry-2394930-sense-1"",""entryId"":""2394930"",""pos"":[""n""],""version"":""76a91691b63094bf2aedca93cb889c7396945fe961e478f13081d839c9684e0c"",""source"":""JMdict"",""misc"":[""uk""],""glosses"":[""black-skinned variety of watermelon""]}]}"
product	つるとんたん	つるとんたん	1851	1851	common	orthographic-kana;https://www.wikidata.org/wiki/Q17216525#name	https://www.wikidata.org/wiki/Q17216525	assistant inspection of pair-bound reading evidence and stored semantic facts; targeted pages for identified problems	Recorded reading/surface pair and category supported by cited facts after rule corrections; not a claim of independent expert review	"{""entities"":[{""id"":""Q17216525"",""names"":[""つるとんたん""],""types"":[""Q18534542""],""parents"":[],""readings"":[],""title"":""つるとんたん"",""nameKinds"":{""つるとんたん"":[""label:ja"",""title:jawiki""]},""readingNames"":[""つるとんたん""],""primaryReadings"":[]}],""lexical"":[]}"
product	みやここんぶ	都こんぶ	1851	1851	common	https://www.edrdg.org/jmdict/edict_doc.html#entry-5741503-sense-1	lexical-and-confirmed-referents;https://www.edrdg.org/jmdict/edict_doc.html#entry-5741503-sense-1	assistant inspection of pair-bound reading evidence and stored semantic facts; targeted pages for identified problems	Recorded reading/surface pair and category supported by cited facts after rule corrections; not a claim of independent expert review	"{""entities"":[],""lexical"":[{""reading"":""みやここんぶ"",""surface"":""都こんぶ"",""categories"":[""product""],""evidence"":""https://www.edrdg.org/jmdict/edict_doc.html#entry-5741503-sense-1"",""entryId"":""5741503"",""pos"":[""n""],""version"":""76a91691b63094bf2aedca93cb889c7396945fe961e478f13081d839c9684e0c"",""source"":""JMdict"",""misc"":[""product""],""glosses"":[""Miyako Konbu (sweet and sour snack made from dried kelp)"",""Nakano no Miyako Konbu""]}]}"
product	さーちくろす	サーチクロス	1851	1851	common	orthographic-kana;https://www.wikidata.org/wiki/Q11306192#name	https://www.wikidata.org/wiki/Q11306192	assistant inspection of pair-bound reading evidence and stored semantic facts; targeted pages for identified problems	Recorded reading/surface pair and category supported by cited facts after rule corrections; not a claim of independent expert review	"{""entities"":[{""id"":""Q11306192"",""names"":[""サーチクロス"",""SEARCH X""],""types"":[""Q7397""],""parents"":[],""readings"":[],""title"":""サーチクロス"",""nameKinds"":{""サーチクロス"":[""label:ja"",""title:jawiki""],""SEARCH X"":[""label:en""]},""readingNames"":[""サーチクロス""],""primaryReadings"":[]}],""lexical"":[]}"
product	ゆーろとらむ	ユーロトラム	1851	1851	common	orthographic-kana;https://www.wikidata.org/wiki/Q490139#name	https://www.wikidata.org/wiki/Q490139	assistant inspection of pair-bound reading evidence and stored semantic facts; targeted pages for identified problems	Recorded reading/surface pair and category supported by cited facts after rule corrections; not a claim of independent expert review	"{""entities"":[{""id"":""Q490139"",""names"":[""ユーロトラム"",""Eurotram"",""Bombardier Flexity Outlook (E)"",""Socimi Eurotram""],""types"":[""Q76154857""],""parents"":[""Q260254""],""readings"":[],""title"":""ユーロトラム"",""nameKinds"":{""ユーロトラム"":[""label:ja"",""title:jawiki""],""Eurotram"":[""label:en""],""Bombardier Flexity Outlook (E)"":[""alias:en""],""Socimi Eurotram"":[""alias:en""]},""readingNames"":[""ユーロトラム""],""primaryReadings"":[]}],""lexical"":[]}"
product	いこーよ	いこーよ	1851	1851	common	orthographic-kana;https://www.wikidata.org/wiki/Q11259177#name	https://www.wikidata.org/wiki/Q11259177	assistant inspection of pair-bound reading evidence and stored semantic facts; targeted pages for identified problems	Recorded reading/surface pair and category supported by cited facts after rule corrections; not a claim of independent expert review	"{""entities"":[{""id"":""Q11259177"",""names"":[""いこーよ""],""types"":[""Q35127""],""parents"":[],""readings"":[],""title"":""いこーよ"",""nameKinds"":{""いこーよ"":[""label:ja"",""title:jawiki""]},""readingNames"":[""いこーよ""],""primaryReadings"":[]}],""lexical"":[]}"
product	いんせる	インセル	1851	1851	common	https://www.edrdg.org/jmdict/edict_doc.html#entry-2842369-sense-1	https://www.wikidata.org/wiki/Q332395#P31;reading:independent-pair;categories:product;lexical-and-confirmed-referents;https://www.edrdg.org/jmdict/edict_doc.html#entry-2842369-sense-1	assistant inspection of pair-bound reading evidence and stored semantic facts; targeted pages for identified problems	Recorded reading/surface pair and category supported by cited facts after rule corrections; not a claim of independent expert review	"{""entities"":[{""id"":""Q332395"",""names"":[""インセル"",""incel"",""非自発的独身者"",""involuntary celibate"",""不本意の禁欲主義者"",""不本意な独身者"",""不本意独身者"",""incels"",""involuntarily celibate"",""AFC"",""blue-baller"",""incelibate"",""love-shy"",""permavirgin""],""types"":[""Q6576792"",""Q844569"",""Q191778""],""parents"":[""Q908826""],""readings"":[],""title"":""インセル"",""nameKinds"":{""インセル"":[""label:ja"",""title:jawiki""],""incel"":[""label:en"",""alias:en""],""非自発的独身者"":[""alias:ja""],""involuntary celibate"":[""alias:ja"",""alias:en""],""不本意の禁欲主義者"":[""alias:ja""],""不本意な独身者"":[""alias:ja""],""不本意独身者"":[""alias:ja""],""incels"":[""alias:en""],""involuntarily celibate"":[""alias:en""],""AFC"":[""alias:en""],""blue-baller"":[""alias:en""],""incelibate"":[""alias:en""],""love-shy"":[""alias:en""],""permavirgin"":[""alias:en""]},""readingNames"":[""インセル""],""primaryReadings"":[]}],""lexical"":[{""reading"":""いんせる"",""surface"":""インセル"",""categories"":[""general""],""evidence"":""https://www.edrdg.org/jmdict/edict_doc.html#entry-2842369-sense-1"",""entryId"":""2842369"",""pos"":[""n""],""version"":""76a91691b63094bf2aedca93cb889c7396945fe961e478f13081d839c9684e0c"",""source"":""JMdict"",""glosses"":[""incel"",""involuntary celibate""]}]}"
station	つくばせんたー	つくばセンター	1851	1851	common	orthographic-kana;https://www.wikidata.org/wiki/Q11272231#name	https://www.wikidata.org/wiki/Q11272231	assistant inspection of pair-bound reading evidence and stored semantic facts; targeted pages for identified problems	Recorded reading/surface pair and category supported by cited facts after rule corrections; not a claim of independent expert review	"{""entities"":[{""id"":""Q11272231"",""names"":[""つくばセンター"",""Tsukuba Center""],""types"":[""Q2920759""],""parents"":[],""readings"":[],""title"":""つくばセンター"",""nameKinds"":{""つくばセンター"":[""label:ja"",""title:jawiki""],""Tsukuba Center"":[""label:en""]},""readingNames"":[""つくばセンター""],""primaryReadings"":[]}],""lexical"":[]}"
station	けいはんぜぜえき	京阪膳所駅	1851	1851	neologd	mozc-exact-reading-surface	https://www.wikidata.org/wiki/Q11375864	assistant inspection of pair-bound reading evidence and stored semantic facts; targeted pages for identified problems	Recorded reading/surface pair and category supported by cited facts after rule corrections; not a claim of independent expert review	"{""entities"":[{""id"":""Q11375864"",""names"":[""京阪膳所駅"",""Keihan-Zeze Station"",""膳所駅前駅"",""馬場駅""],""types"":[""Q55488""],""parents"":[],""readings"":[],""title"":""京阪膳所駅"",""nameKinds"":{""京阪膳所駅"":[""label:ja"",""title:jawiki""],""Keihan-Zeze Station"":[""label:en""],""膳所駅前駅"":[""alias:ja""],""馬場駅"":[""alias:ja""]},""readingNames"":[""京阪膳所駅""],""primaryReadings"":[]}],""lexical"":[]}"
station	まーすふらくて	マースフラクテ	1851	1851	wiki	orthographic-kana;https://www.wikidata.org/wiki/Q238672#name	https://www.wikidata.org/wiki/Q238672	assistant inspection of pair-bound reading evidence and stored semantic facts; targeted pages for identified problems	Recorded reading/surface pair and category supported by cited facts after rule corrections; not a claim of independent expert review	"{""entities"":[{""id"":""Q238672"",""names"":[""Maasvlakte"",""マースフラクテ""],""types"":[""Q1852859"",""Q44782""],""parents"":[],""readings"":[],""nameKinds"":{""Maasvlakte"":[""label:en""],""マースフラクテ"":[""label:ja""]},""readingNames"":[""マースフラクテ""],""primaryReadings"":[]}],""lexical"":[]}"
station	みずほたーみなる	みずほターミナル	1851	1851	common	orthographic-kana;https://www.wikidata.org/wiki/Q11278911#name	https://www.wikidata.org/wiki/Q11278911	assistant inspection of pair-bound reading evidence and stored semantic facts; targeted pages for identified problems	Recorded reading/surface pair and category supported by cited facts after rule corrections; not a claim of independent expert review	"{""entities"":[{""id"":""Q11278911"",""names"":[""みずほターミナル""],""types"":[""Q2920759""],""parents"":[],""readings"":[],""title"":""みずほターミナル"",""nameKinds"":{""みずほターミナル"":[""label:ja"",""title:jawiki""]},""readingNames"":[""みずほターミナル""],""primaryReadings"":[]}],""lexical"":[]}"
station	しんくろべえき	新黒部駅	1851	1851	neologd	mozc-exact-reading-surface	https://www.wikidata.org/wiki/Q19582038	assistant inspection of pair-bound reading evidence and stored semantic facts; targeted pages for identified problems	Recorded reading/surface pair and category supported by cited facts after rule corrections; not a claim of independent expert review	"{""entities"":[{""id"":""Q19582038"",""names"":[""Shin-Kurobe Station"",""新黒部駅""],""types"":[""Q55488"",""Q4312270""],""parents"":[],""readings"":[],""title"":""新黒部駅"",""nameKinds"":{""Shin-Kurobe Station"":[""label:en""],""新黒部駅"":[""label:ja"",""title:jawiki""]},""readingNames"":[""新黒部駅""],""primaryReadings"":[]}],""lexical"":[]}"
station	でんてついずもしえき	電鉄出雲市駅	1851	1851	neologd	mozc-exact-reading-surface	https://www.wikidata.org/wiki/Q62147703	assistant inspection of pair-bound reading evidence and stored semantic facts; targeted pages for identified problems	Recorded reading/surface pair and category supported by cited facts after rule corrections; not a claim of independent expert review	"{""entities"":[{""id"":""Q62147703"",""names"":[""電鉄出雲市駅"",""Dentetsu-Izumoshi Station""],""types"":[""Q55488"",""Q55485""],""parents"":[],""readings"":[],""title"":""電鉄出雲市駅"",""nameKinds"":{""電鉄出雲市駅"":[""label:ja"",""title:jawiki""],""Dentetsu-Izumoshi Station"":[""label:en""]},""readingNames"":[""電鉄出雲市駅""],""primaryReadings"":[]}],""lexical"":[]}"
station	けいはんいしやまえき	京阪石山駅	1851	1851	neologd	mozc-exact-reading-surface	https://www.wikidata.org/wiki/Q11375858	assistant inspection of pair-bound reading evidence and stored semantic facts; targeted pages for identified problems	Recorded reading/surface pair and category supported by cited facts after rule corrections; not a claim of independent expert review	"{""entities"":[{""id"":""Q11375858"",""names"":[""京阪石山駅"",""Keihan-Ishiyama Station"",""石山駅前駅"",""Keihan-ishiyama Station""],""types"":[""Q55488""],""parents"":[],""readings"":[],""title"":""京阪石山駅"",""nameKinds"":{""京阪石山駅"":[""label:ja"",""title:jawiki""],""Keihan-Ishiyama Station"":[""label:en""],""石山駅前駅"":[""alias:ja""],""Keihan-ishiyama Station"":[""alias:en""]},""readingNames"":[""京阪石山駅""],""primaryReadings"":[]}],""lexical"":[]}"
station	しんうおづえき	新魚津駅	1851	1851	neologd	mozc-exact-reading-surface	https://www.wikidata.org/wiki/Q7497139	assistant inspection of pair-bound reading evidence and stored semantic facts; targeted pages for identified problems	Recorded reading/surface pair and category supported by cited facts after rule corrections; not a claim of independent expert review	"{""entities"":[{""id"":""Q7497139"",""names"":[""Shin-Uozu Station"",""新魚津駅"",""T24""],""types"":[""Q55488""],""parents"":[],""readings"":[],""title"":""新魚津駅"",""nameKinds"":{""Shin-Uozu Station"":[""label:en""],""新魚津駅"":[""label:ja"",""title:jawiki""],""T24"":[""alias:ja""]},""readingNames"":[""新魚津駅""],""primaryReadings"":[]}],""lexical"":[]}"
station	ものれーるはままつちょうえき	モノレール浜松町駅	1851	1851	neologd	mozc-exact-reading-surface	https://www.wikidata.org/wiki/Q124863397	assistant inspection of pair-bound reading evidence and stored semantic facts; targeted pages for identified problems	Recorded reading/surface pair and category supported by cited facts after rule corrections; not a claim of independent expert review	"{""entities"":[{""id"":""Q124863397"",""names"":[""モノレール浜松町駅"",""Monorail Hamamatsuchō Station"",""浜松町駅"",""モノレールはままつちょうえき"",""はままつちょうえき"",""Hamamatsuchō Station""],""types"":[""Q63125083"",""Q11670533"",""Q20202072"",""Q1342434"",""Q55485""],""parents"":[],""readings"":[],""title"":""モノレール浜松町駅"",""nameKinds"":{""モノレール浜松町駅"":[""label:ja"",""title:jawiki""],""Monorail Hamamatsuchō Station"":[""label:en""],""浜松町駅"":[""alias:ja""],""モノレールはままつちょうえき"":[""alias:ja""],""はままつちょうえき"":[""alias:ja""],""Hamamatsuchō Station"":[""alias:en""]},""readingNames"":[""モノレール浜松町駅""],""primaryReadings"":[]}],""lexical"":[]}"
station	てゅねる	テュネル	1851	1851	common	orthographic-kana;https://www.wikidata.org/wiki/Q387264#name	https://www.wikidata.org/wiki/Q387264	assistant inspection of pair-bound reading evidence and stored semantic facts; targeted pages for identified problems	Recorded reading/surface pair and category supported by cited facts after rule corrections; not a claim of independent expert review	"{""entities"":[{""id"":""Q387264"",""names"":[""Tünel"",""テュネル"",""イスタンブル・トンネル"",""F2 (Istanbul Funicular)"",""F2 (Karaköy – Beyoğlu) Historical Tunnel Funicular Line"",""Karaköy – Beyoğlu Historical Tunnel Funicular Line""],""types"":[""Q106542031"",""Q55488"",""Q35112127""],""parents"":[],""readings"":[],""title"":""テュネル"",""nameKinds"":{""Tünel"":[""label:en""],""テュネル"":[""label:ja"",""title:jawiki""],""イスタンブル・トンネル"":[""alias:ja""],""F2 (Istanbul Funicular)"":[""alias:en""],""F2 (Karaköy – Beyoğlu) Historical Tunnel Funicular Line"":[""alias:en""],""Karaköy – Beyoğlu Historical Tunnel Funicular Line"":[""alias:en""]},""readingNames"":[""テュネル""],""primaryReadings"":[]}],""lexical"":[]}"
technical	しょうねんいんほう	少年院法	1851	1851	common	https://www.edrdg.org/jmdict/edict_doc.html#entry-2869984-sense-1	lexical-and-confirmed-referents;https://www.edrdg.org/jmdict/edict_doc.html#entry-2869984-sense-1	assistant inspection of pair-bound reading evidence and stored semantic facts; targeted pages for identified problems	Recorded reading/surface pair and category supported by cited facts after rule corrections; not a claim of independent expert review	"{""entities"":[],""lexical"":[{""reading"":""しょうねんいんほう"",""surface"":""少年院法"",""categories"":[""technical""],""evidence"":""https://www.edrdg.org/jmdict/edict_doc.html#entry-2869984-sense-1"",""entryId"":""2869984"",""fields"":[""law""],""pos"":[""n""],""version"":""76a91691b63094bf2aedca93cb889c7396945fe961e478f13081d839c9684e0c"",""source"":""JMdict"",""glosses"":[""Juvenile Training School Act"",""Reformatory Law""]}]}"
technical	めちろん	メチロン	1851	1851	wiki	orthographic-kana;https://www.wikidata.org/wiki/Q4046265#name	https://www.wikidata.org/wiki/Q4046265	assistant inspection of pair-bound reading evidence and stored semantic facts; targeted pages for identified problems	Recorded reading/surface pair and category supported by cited facts after rule corrections; not a claim of independent expert review	"{""entities"":[{""id"":""Q4046265"",""names"":[""(RS)-methylone"",""メチロン"",""MDMC"",""βk-MDMA"",""3,4-methylenedioxy-N-methylcathinone""],""types"":[""Q59199015""],""parents"":[""Q11173""],""readings"":[],""nameKinds"":{""(RS)-methylone"":[""label:en""],""メチロン"":[""label:ja""],""MDMC"":[""alias:en""],""βk-MDMA"":[""alias:en""],""3,4-methylenedioxy-N-methylcathinone"":[""alias:en""]},""readingNames"":[""メチロン""],""primaryReadings"":[]}],""lexical"":[]}"
technical	たんかかるしうむ	炭化カルシウム	1851	1851	common	https://www.edrdg.org/jmdict/edict_doc.html#entry-2171470-sense-1	lexical-and-confirmed-referents;https://www.edrdg.org/jmdict/edict_doc.html#entry-2171470-sense-1	assistant inspection of pair-bound reading evidence and stored semantic facts; targeted pages for identified problems	Recorded reading/surface pair and category supported by cited facts after rule corrections; not a claim of independent expert review	"{""entities"":[],""lexical"":[{""reading"":""たんかかるしうむ"",""surface"":""炭化カルシウム"",""categories"":[""technical""],""evidence"":""https://www.edrdg.org/jmdict/edict_doc.html#entry-2171470-sense-1"",""entryId"":""2171470"",""fields"":[""chem""],""pos"":[""n""],""version"":""76a91691b63094bf2aedca93cb889c7396945fe961e478f13081d839c9684e0c"",""source"":""JMdict"",""glosses"":[""calcium carbide""]}]}"
technical	ねっとわーくきき	ネットワーク機器	1851	1851	neologd	https://www.edrdg.org/jmdict/edict_doc.html#entry-2316510-sense-1	lexical-and-confirmed-referents;https://www.edrdg.org/jmdict/edict_doc.html#entry-2316510-sense-1	assistant inspection of pair-bound reading evidence and stored semantic facts; targeted pages for identified problems	Recorded reading/surface pair and category supported by cited facts after rule corrections; not a claim of independent expert review	"{""entities"":[],""lexical"":[{""reading"":""ねっとわーくきき"",""surface"":""ネットワーク機器"",""categories"":[""technical""],""evidence"":""https://www.edrdg.org/jmdict/edict_doc.html#entry-2316510-sense-1"",""entryId"":""2316510"",""fields"":[""comp""],""pos"":[""n""],""version"":""76a91691b63094bf2aedca93cb889c7396945fe961e478f13081d839c9684e0c"",""source"":""JMdict"",""glosses"":[""network device""]}]}"
technical	ねっとわーくふぁいるしすてむ	ネットワークファイルシステム	1851	1851	common	https://www.edrdg.org/jmdict/edict_doc.html#entry-2316390-sense-1	lexical-and-confirmed-referents;https://www.edrdg.org/jmdict/edict_doc.html#entry-2316390-sense-1	assistant inspection of pair-bound reading evidence and stored semantic facts; targeted pages for identified problems	Recorded reading/surface pair and category supported by cited facts after rule corrections; not a claim of independent expert review	"{""entities"":[],""lexical"":[{""reading"":""ねっとわーくふぁいるしすてむ"",""surface"":""ネットワークファイルシステム"",""categories"":[""technical""],""evidence"":""https://www.edrdg.org/jmdict/edict_doc.html#entry-2316390-sense-1"",""entryId"":""2316390"",""fields"":[""comp""],""pos"":[""n""],""version"":""76a91691b63094bf2aedca93cb889c7396945fe961e478f13081d839c9684e0c"",""source"":""JMdict"",""glosses"":[""Network File System"",""NFS""]}]}"
technical	かんぜんびぶん	完全微分	1851	1851	common	https://www.edrdg.org/jmdict/edict_doc.html#entry-2844055-sense-1	lexical-and-confirmed-referents;https://www.edrdg.org/jmdict/edict_doc.html#entry-2844055-sense-1	assistant inspection of pair-bound reading evidence and stored semantic facts; targeted pages for identified problems	Recorded reading/surface pair and category supported by cited facts after rule corrections; not a claim of independent expert review	"{""entities"":[],""lexical"":[{""reading"":""かんぜんびぶん"",""surface"":""完全微分"",""categories"":[""technical""],""evidence"":""https://www.edrdg.org/jmdict/edict_doc.html#entry-2844055-sense-1"",""entryId"":""2844055"",""fields"":[""math""],""pos"":[""n""],""version"":""76a91691b63094bf2aedca93cb889c7396945fe961e478f13081d839c9684e0c"",""source"":""JMdict"",""glosses"":[""exact differential""]}]}"
technical	きほんさいせいさんすう	基本再生産数	1851	1851	wiki	https://www.edrdg.org/jmdict/edict_doc.html#entry-2843457-sense-1	lexical-and-confirmed-referents;https://www.edrdg.org/jmdict/edict_doc.html#entry-2843457-sense-1	assistant inspection of pair-bound reading evidence and stored semantic facts; targeted pages for identified problems	Recorded reading/surface pair and category supported by cited facts after rule corrections; not a claim of independent expert review	"{""entities"":[],""lexical"":[{""reading"":""きほんさいせいさんすう"",""surface"":""基本再生産数"",""categories"":[""technical""],""evidence"":""https://www.edrdg.org/jmdict/edict_doc.html#entry-2843457-sense-1"",""entryId"":""2843457"",""fields"":[""med""],""pos"":[""n""],""version"":""76a91691b63094bf2aedca93cb889c7396945fe961e478f13081d839c9684e0c"",""source"":""JMdict"",""glosses"":[""basic reproduction number"",""R0""]}]}"
technical	しょうめいせきにん	証明責任	1851	1851	common	https://www.edrdg.org/jmdict/edict_doc.html#entry-2809420-sense-1	lexical-and-confirmed-referents;https://www.edrdg.org/jmdict/edict_doc.html#entry-2809420-sense-1	assistant inspection of pair-bound reading evidence and stored semantic facts; targeted pages for identified problems	Recorded reading/surface pair and category supported by cited facts after rule corrections; not a claim of independent expert review	"{""entities"":[],""lexical"":[{""reading"":""しょうめいせきにん"",""surface"":""証明責任"",""categories"":[""technical""],""evidence"":""https://www.edrdg.org/jmdict/edict_doc.html#entry-2809420-sense-1"",""entryId"":""2809420"",""fields"":[""law""],""pos"":[""n""],""version"":""76a91691b63094bf2aedca93cb889c7396945fe961e478f13081d839c9684e0c"",""source"":""JMdict"",""glosses"":[""burden of proof""]}]}"
technical	てんてきじょうみゃくちゅうしゃ	点滴静脈注射	1851	1851	neologd	https://www.edrdg.org/jmdict/edict_doc.html#entry-2831121-sense-1	lexical-and-confirmed-referents;https://www.edrdg.org/jmdict/edict_doc.html#entry-2831121-sense-1	assistant inspection of pair-bound reading evidence and stored semantic facts; targeted pages for identified problems	Recorded reading/surface pair and category supported by cited facts after rule corrections; not a claim of independent expert review	"{""entities"":[],""lexical"":[{""reading"":""てんてきじょうみゃくちゅうしゃ"",""surface"":""点滴静脈注射"",""categories"":[""technical""],""evidence"":""https://www.edrdg.org/jmdict/edict_doc.html#entry-2831121-sense-1"",""entryId"":""2831121"",""fields"":[""med""],""pos"":[""n""],""version"":""76a91691b63094bf2aedca93cb889c7396945fe961e478f13081d839c9684e0c"",""source"":""JMdict"",""glosses"":[""intravenous drip infusion"",""intravenous drip"",""drip infusion""]}]}"
technical	だつりき	脱離基	1851	1851	common	https://www.edrdg.org/jmdict/edict_doc.html#entry-2865971-sense-1	lexical-and-confirmed-referents;https://www.edrdg.org/jmdict/edict_doc.html#entry-2865971-sense-1	assistant inspection of pair-bound reading evidence and stored semantic facts; targeted pages for identified problems	Recorded reading/surface pair and category supported by cited facts after rule corrections; not a claim of independent expert review	"{""entities"":[],""lexical"":[{""reading"":""だつりき"",""surface"":""脱離基"",""categories"":[""technical""],""evidence"":""https://www.edrdg.org/jmdict/edict_doc.html#entry-2865971-sense-1"",""entryId"":""2865971"",""fields"":[""chem""],""pos"":[""n""],""version"":""76a91691b63094bf2aedca93cb889c7396945fe961e478f13081d839c9684e0c"",""source"":""JMdict"",""glosses"":[""leaving group"",""nucleofuge""]}]}"
technical	きょうかいがたとうにょうびょう	境界型糖尿病	1851	1851	common	https://www.edrdg.org/jmdict/edict_doc.html#entry-2868337-sense-1	lexical-and-confirmed-referents;https://www.edrdg.org/jmdict/edict_doc.html#entry-2868337-sense-1	assistant inspection of pair-bound reading evidence and stored semantic facts; targeted pages for identified problems	Recorded reading/surface pair and category supported by cited facts after rule corrections; not a claim of independent expert review	"{""entities"":[],""lexical"":[{""reading"":""きょうかいがたとうにょうびょう"",""surface"":""境界型糖尿病"",""categories"":[""technical""],""evidence"":""https://www.edrdg.org/jmdict/edict_doc.html#entry-2868337-sense-1"",""entryId"":""2868337"",""fields"":[""med""],""pos"":[""n""],""version"":""76a91691b63094bf2aedca93cb889c7396945fe961e478f13081d839c9684e0c"",""source"":""JMdict"",""glosses"":[""borderline diabetes"",""prediabetes""]}]}"
technical	ひょうちょう	標徴	1851	1851	neologd	https://www.edrdg.org/jmdict/edict_doc.html#entry-1489790-sense-1;https://www.edrdg.org/jmdict/edict_doc.html#entry-1489790-sense-2;https://www.edrdg.org/jmdict/edict_doc.html#entry-1489790-sense-3	lexical-and-confirmed-referents;https://www.edrdg.org/jmdict/edict_doc.html#entry-1489790-sense-1;https://www.edrdg.org/jmdict/edict_doc.html#entry-1489790-sense-2;https://www.edrdg.org/jmdict/edict_doc.html#entry-1489790-sense-3	assistant inspection of pair-bound reading evidence and stored semantic facts; targeted pages for identified problems	Recorded reading/surface pair and category supported by cited facts after rule corrections; not a claim of independent expert review	"{""entities"":[],""lexical"":[{""reading"":""ひょうちょう"",""surface"":""標徴"",""categories"":[""general""],""evidence"":""https://www.edrdg.org/jmdict/edict_doc.html#entry-1489790-sense-1"",""entryId"":""1489790"",""pos"":[""n"",""vs"",""vi""],""version"":""76a91691b63094bf2aedca93cb889c7396945fe961e478f13081d839c9684e0c"",""source"":""JMdict"",""glosses"":[""outward sign""]},{""reading"":""ひょうちょう"",""surface"":""標徴"",""categories"":[""general""],""evidence"":""https://www.edrdg.org/jmdict/edict_doc.html#entry-1489790-sense-2"",""entryId"":""1489790"",""pos"":[""n"",""vs"",""vt""],""version"":""76a91691b63094bf2aedca93cb889c7396945fe961e478f13081d839c9684e0c"",""source"":""JMdict"",""glosses"":[""symbol (of something abstract)"",""emblem""]},{""reading"":""ひょうちょう"",""surface"":""標徴"",""categories"":[""technical""],""evidence"":""https://www.edrdg.org/jmdict/edict_doc.html#entry-1489790-sense-3"",""entryId"":""1489790"",""fields"":[""biol""],""pos"":[""n""],""version"":""76a91691b63094bf2aedca93cb889c7396945fe961e478f13081d839c9684e0c"",""source"":""JMdict"",""glosses"":[""distinguishing mark"",""diagnostic character""]}]}"
technical	えりとらん	エリトラン	1851	1851	common	orthographic-kana;https://www.wikidata.org/wiki/Q5389586#name	https://www.wikidata.org/wiki/Q5389586	assistant inspection of pair-bound reading evidence and stored semantic facts; targeted pages for identified problems	Recorded reading/surface pair and category supported by cited facts after rule corrections; not a claim of independent expert review	"{""entities"":[{""id"":""Q5389586"",""names"":[""eritoran"",""エリトラン"",""B1287"",""E5564""],""types"":[""Q113145171""],""parents"":[""Q11173""],""readings"":[],""title"":""エリトラン"",""nameKinds"":{""eritoran"":[""label:en""],""エリトラン"":[""label:ja"",""title:jawiki""],""B1287"":[""alias:en""],""E5564"":[""alias:en""]},""readingNames"":[""エリトラン""],""primaryReadings"":[]}],""lexical"":[]}"
technical	ひふしんきんしょう	皮膚真菌症	1851	1851	neologd	https://www.edrdg.org/jmdict/edict_doc.html#entry-2862363-sense-1	lexical-and-confirmed-referents;https://www.edrdg.org/jmdict/edict_doc.html#entry-2862363-sense-1	assistant inspection of pair-bound reading evidence and stored semantic facts; targeted pages for identified problems	Recorded reading/surface pair and category supported by cited facts after rule corrections; not a claim of independent expert review	"{""entities"":[],""lexical"":[{""reading"":""ひふしんきんしょう"",""surface"":""皮膚真菌症"",""categories"":[""technical""],""evidence"":""https://www.edrdg.org/jmdict/edict_doc.html#entry-2862363-sense-1"",""entryId"":""2862363"",""fields"":[""med""],""pos"":[""n""],""version"":""76a91691b63094bf2aedca93cb889c7396945fe961e478f13081d839c9684e0c"",""source"":""JMdict"",""glosses"":[""dermatomycosis""]}]}"
technical	あくせすしゅうちゅう	アクセス集中	1851	1851	neologd	https://www.edrdg.org/jmdict/edict_doc.html#entry-2810130-sense-1	lexical-and-confirmed-referents;https://www.edrdg.org/jmdict/edict_doc.html#entry-2810130-sense-1	assistant inspection of pair-bound reading evidence and stored semantic facts; targeted pages for identified problems	Recorded reading/surface pair and category supported by cited facts after rule corrections; not a claim of independent expert review	"{""entities"":[],""lexical"":[{""reading"":""あくせすしゅうちゅう"",""surface"":""アクセス集中"",""categories"":[""technical""],""evidence"":""https://www.edrdg.org/jmdict/edict_doc.html#entry-2810130-sense-1"",""entryId"":""2810130"",""fields"":[""comp""],""pos"":[""exp"",""n""],""version"":""76a91691b63094bf2aedca93cb889c7396945fe961e478f13081d839c9684e0c"",""source"":""JMdict"",""glosses"":[""heavy traffic (e.g. to an online server)"",""traffic spike""]}]}"
technical	しゃこうぐん	斜交群	1851	1851	common	https://www.edrdg.org/jmdict/edict_doc.html#entry-2723580-sense-1	lexical-and-confirmed-referents;https://www.edrdg.org/jmdict/edict_doc.html#entry-2723580-sense-1	assistant inspection of pair-bound reading evidence and stored semantic facts; targeted pages for identified problems	Recorded reading/surface pair and category supported by cited facts after rule corrections; not a claim of independent expert review	"{""entities"":[],""lexical"":[{""reading"":""しゃこうぐん"",""surface"":""斜交群"",""categories"":[""technical""],""evidence"":""https://www.edrdg.org/jmdict/edict_doc.html#entry-2723580-sense-1"",""entryId"":""2723580"",""fields"":[""math""],""pos"":[""n""],""version"":""76a91691b63094bf2aedca93cb889c7396945fe961e478f13081d839c9684e0c"",""source"":""JMdict"",""glosses"":[""symplectic group""]}]}"
technical	えふぶんぷ	F分布	1851	1851	wiki	https://www.edrdg.org/jmdict/edict_doc.html#entry-2827544-sense-1	https://www.wikidata.org/wiki/Q177144#P31;reading:independent-pair;categories:technical;lexical-and-confirmed-referents;https://www.edrdg.org/jmdict/edict_doc.html#entry-2827544-sense-1	assistant inspection of pair-bound reading evidence and stored semantic facts; targeted pages for identified problems	Recorded reading/surface pair and category supported by cited facts after rule corrections; not a claim of independent expert review	"{""entities"":[{""id"":""Q177144"",""names"":[""F-distribution"",""F分布"",""Snedecor's F distribution"",""Fisher-Snedecor distribution"",""F-ratio"",""F ratio"",""F statistic"",""F value""],""types"":[""Q1949963"",""Q24034552""],""parents"":[""Q7049201""],""readings"":[],""title"":""F分布"",""nameKinds"":{""F-distribution"":[""label:en""],""F分布"":[""label:ja"",""title:jawiki""],""Snedecor's F distribution"":[""alias:en""],""Fisher-Snedecor distribution"":[""alias:en""],""F-ratio"":[""alias:en""],""F ratio"":[""alias:en""],""F statistic"":[""alias:en""],""F value"":[""alias:en""]},""readingNames"":[""F分布""],""primaryReadings"":[]}],""lexical"":[{""reading"":""えふぶんぷ"",""surface"":""F分布"",""categories"":[""technical""],""evidence"":""https://www.edrdg.org/jmdict/edict_doc.html#entry-2827544-sense-1"",""entryId"":""2827544"",""fields"":[""math""],""pos"":[""n""],""version"":""76a91691b63094bf2aedca93cb889c7396945fe961e478f13081d839c9684e0c"",""source"":""JMdict"",""glosses"":[""F-distribution""]}]}"
technical	ろーれんつあとらくたー	ローレンツアトラクター	1851	1851	wiki	https://www.edrdg.org/jmdict/edict_doc.html#entry-2462840-sense-1	lexical-and-confirmed-referents;https://www.edrdg.org/jmdict/edict_doc.html#entry-2462840-sense-1	assistant inspection of pair-bound reading evidence and stored semantic facts; targeted pages for identified problems	Recorded reading/surface pair and category supported by cited facts after rule corrections; not a claim of independent expert review	"{""entities"":[],""lexical"":[{""reading"":""ろーれんつあとらくたー"",""surface"":""ローレンツアトラクター"",""categories"":[""technical""],""evidence"":""https://www.edrdg.org/jmdict/edict_doc.html#entry-2462840-sense-1"",""entryId"":""2462840"",""fields"":[""math"",""physics""],""pos"":[""n""],""version"":""76a91691b63094bf2aedca93cb889c7396945fe961e478f13081d839c9684e0c"",""source"":""JMdict"",""glosses"":[""Lorenz attractor""]}]}"
technical	ぎゃくしんとうまく	逆浸透膜	1851	1851	common	https://www.edrdg.org/jmdict/edict_doc.html#entry-2643590-sense-1	lexical-and-confirmed-referents;https://www.edrdg.org/jmdict/edict_doc.html#entry-2643590-sense-1	assistant inspection of pair-bound reading evidence and stored semantic facts; targeted pages for identified problems	Recorded reading/surface pair and category supported by cited facts after rule corrections; not a claim of independent expert review	"{""entities"":[],""lexical"":[{""reading"":""ぎゃくしんとうまく"",""surface"":""逆浸透膜"",""categories"":[""technical""],""evidence"":""https://www.edrdg.org/jmdict/edict_doc.html#entry-2643590-sense-1"",""entryId"":""2643590"",""fields"":[""biol""],""pos"":[""n""],""version"":""76a91691b63094bf2aedca93cb889c7396945fe961e478f13081d839c9684e0c"",""source"":""JMdict"",""glosses"":[""reverse osmosis membrane"",""reverse osmotic membrane""]}]}"
technical	うんとりおくちうむ	ウントリオクチウム	1851	1851	wiki	orthographic-kana;https://www.wikidata.org/wiki/Q869681#name	https://www.wikidata.org/wiki/Q869681	assistant inspection of pair-bound reading evidence and stored semantic facts; targeted pages for identified problems	Recorded reading/surface pair and category supported by cited facts after rule corrections; not a claim of independent expert review	"{""entities"":[{""id"":""Q869681"",""names"":[""ウントリオクチウム"",""untrioctium"",""Uto"",""Element 138"",""element 138""],""types"":[""Q11344"",""Q1299291""],""parents"":[""Q428874""],""readings"":[],""nameKinds"":{""ウントリオクチウム"":[""label:ja""],""untrioctium"":[""label:en""],""Uto"":[""alias:en"",""alias:ja""],""Element 138"":[""alias:en""],""element 138"":[""alias:en""]},""readingNames"":[""ウントリオクチウム""],""primaryReadings"":[]}],""lexical"":[]}"
technical	とうさすうれつ	等差数列	1851	1851	neologd	https://www.edrdg.org/jmdict/edict_doc.html#entry-1449470-sense-1	lexical-and-confirmed-referents;https://www.edrdg.org/jmdict/edict_doc.html#entry-1449470-sense-1	assistant inspection of pair-bound reading evidence and stored semantic facts; targeted pages for identified problems	Recorded reading/surface pair and category supported by cited facts after rule corrections; not a claim of independent expert review	"{""entities"":[],""lexical"":[{""reading"":""とうさすうれつ"",""surface"":""等差数列"",""categories"":[""technical""],""evidence"":""https://www.edrdg.org/jmdict/edict_doc.html#entry-1449470-sense-1"",""entryId"":""1449470"",""fields"":[""math""],""pos"":[""n""],""version"":""76a91691b63094bf2aedca93cb889c7396945fe961e478f13081d839c9684e0c"",""source"":""JMdict"",""glosses"":[""arithmetic progression"",""arithmetic sequence""]}]}"
technical	たたみこみきゅうすう	畳み込み級数	1851	1851	common	https://www.edrdg.org/jmdict/edict_doc.html#entry-2829987-sense-1	lexical-and-confirmed-referents;https://www.edrdg.org/jmdict/edict_doc.html#entry-2829987-sense-1	assistant inspection of pair-bound reading evidence and stored semantic facts; targeted pages for identified problems	Recorded reading/surface pair and category supported by cited facts after rule corrections; not a claim of independent expert review	"{""entities"":[],""lexical"":[{""reading"":""たたみこみきゅうすう"",""surface"":""畳み込み級数"",""categories"":[""technical""],""evidence"":""https://www.edrdg.org/jmdict/edict_doc.html#entry-2829987-sense-1"",""entryId"":""2829987"",""fields"":[""math""],""pos"":[""n""],""version"":""76a91691b63094bf2aedca93cb889c7396945fe961e478f13081d839c9684e0c"",""source"":""JMdict"",""misc"":[""rare""],""glosses"":[""telescoping series""]}]}"
technical	むせいししょう	無精子症	1851	1851	common	https://www.edrdg.org/jmdict/edict_doc.html#entry-2763880-sense-1	lexical-and-confirmed-referents;https://www.edrdg.org/jmdict/edict_doc.html#entry-2763880-sense-1	assistant inspection of pair-bound reading evidence and stored semantic facts; targeted pages for identified problems	Recorded reading/surface pair and category supported by cited facts after rule corrections; not a claim of independent expert review	"{""entities"":[],""lexical"":[{""reading"":""むせいししょう"",""surface"":""無精子症"",""categories"":[""technical""],""evidence"":""https://www.edrdg.org/jmdict/edict_doc.html#entry-2763880-sense-1"",""entryId"":""2763880"",""fields"":[""med""],""pos"":[""n""],""version"":""76a91691b63094bf2aedca93cb889c7396945fe961e478f13081d839c9684e0c"",""source"":""JMdict"",""glosses"":[""azoospermia""]}]}"
technical	らまんこうか	ラマン効果	1851	1851	common	https://www.edrdg.org/jmdict/edict_doc.html#entry-2561650-sense-1	lexical-and-confirmed-referents;https://www.edrdg.org/jmdict/edict_doc.html#entry-2561650-sense-1	assistant inspection of pair-bound reading evidence and stored semantic facts; targeted pages for identified problems	Recorded reading/surface pair and category supported by cited facts after rule corrections; not a claim of independent expert review	"{""entities"":[],""lexical"":[{""reading"":""らまんこうか"",""surface"":""ラマン効果"",""categories"":[""technical""],""evidence"":""https://www.edrdg.org/jmdict/edict_doc.html#entry-2561650-sense-1"",""entryId"":""2561650"",""fields"":[""physics""],""pos"":[""n""],""version"":""76a91691b63094bf2aedca93cb889c7396945fe961e478f13081d839c9684e0c"",""source"":""JMdict"",""glosses"":[""Raman effect (of inelastic photon scattering)""]}]}"
technical	わいど	歪度	1851	1851	common	https://www.edrdg.org/jmdict/edict_doc.html#entry-1562470-sense-1	lexical-and-confirmed-referents;https://www.edrdg.org/jmdict/edict_doc.html#entry-1562470-sense-1	assistant inspection of pair-bound reading evidence and stored semantic facts; targeted pages for identified problems	Recorded reading/surface pair and category supported by cited facts after rule corrections; not a claim of independent expert review	"{""entities"":[],""lexical"":[{""reading"":""わいど"",""surface"":""歪度"",""categories"":[""technical""],""evidence"":""https://www.edrdg.org/jmdict/edict_doc.html#entry-1562470-sense-1"",""entryId"":""1562470"",""fields"":[""math""],""pos"":[""n""],""version"":""76a91691b63094bf2aedca93cb889c7396945fe961e478f13081d839c9684e0c"",""source"":""JMdict"",""glosses"":[""skewness""]}]}"
technical	ななつぼし	七つ星	1851	1851	common	https://www.edrdg.org/jmdict/edict_doc.html#entry-2196050-sense-1;https://www.edrdg.org/jmdict/edict_doc.html#entry-2196050-sense-2;https://www.edrdg.org/jmdict/edict_doc.html#entry-2196050-sense-3	lexical-and-confirmed-referents;https://www.edrdg.org/jmdict/edict_doc.html#entry-2196050-sense-1;https://www.edrdg.org/jmdict/edict_doc.html#entry-2196050-sense-2;https://www.edrdg.org/jmdict/edict_doc.html#entry-2196050-sense-3	assistant inspection of pair-bound reading evidence and stored semantic facts; targeted pages for identified problems	Recorded reading/surface pair and category supported by cited facts after rule corrections; not a claim of independent expert review	"{""entities"":[],""lexical"":[{""reading"":""ななつぼし"",""surface"":""七つ星"",""categories"":[""technical""],""evidence"":""https://www.edrdg.org/jmdict/edict_doc.html#entry-2196050-sense-1"",""entryId"":""2196050"",""fields"":[""astron""],""pos"":[""n""],""version"":""76a91691b63094bf2aedca93cb889c7396945fe961e478f13081d839c9684e0c"",""source"":""JMdict"",""glosses"":[""the Big Dipper (asterism)"",""the Plough"",""the Plow""]},{""reading"":""ななつぼし"",""surface"":""七つ星"",""categories"":[""general""],""evidence"":""https://www.edrdg.org/jmdict/edict_doc.html#entry-2196050-sense-2"",""entryId"":""2196050"",""pos"":[""n""],""version"":""76a91691b63094bf2aedca93cb889c7396945fe961e478f13081d839c9684e0c"",""source"":""JMdict"",""glosses"":[""family crest representing the seven luminaries (with one central circle surrounded by six other circles)""]},{""reading"":""ななつぼし"",""surface"":""七つ星"",""categories"":[""general""],""evidence"":""https://www.edrdg.org/jmdict/edict_doc.html#entry-2196050-sense-3"",""entryId"":""2196050"",""pos"":[""n""],""version"":""76a91691b63094bf2aedca93cb889c7396945fe961e478f13081d839c9684e0c"",""source"":""JMdict"",""glosses"":[""Japanese pilchard (Sardinops melanostictus)"",""Japanese sardine""]}]}"
technical	せきぶんていすう	積分定数	1851	1851	neologd	https://www.edrdg.org/jmdict/edict_doc.html#entry-2829981-sense-1	lexical-and-confirmed-referents;https://www.edrdg.org/jmdict/edict_doc.html#entry-2829981-sense-1	assistant inspection of pair-bound reading evidence and stored semantic facts; targeted pages for identified problems	Recorded reading/surface pair and category supported by cited facts after rule corrections; not a claim of independent expert review	"{""entities"":[],""lexical"":[{""reading"":""せきぶんていすう"",""surface"":""積分定数"",""categories"":[""technical""],""evidence"":""https://www.edrdg.org/jmdict/edict_doc.html#entry-2829981-sense-1"",""entryId"":""2829981"",""fields"":[""math""],""pos"":[""n""],""version"":""76a91691b63094bf2aedca93cb889c7396945fe961e478f13081d839c9684e0c"",""source"":""JMdict"",""glosses"":[""constant of integration""]}]}"
technical	こーひーふらのん	コーヒーフラノン	1851	1851	wiki	orthographic-kana;https://www.wikidata.org/wiki/Q3885889#name	https://www.wikidata.org/wiki/Q3885889	assistant inspection of pair-bound reading evidence and stored semantic facts; targeted pages for identified problems	Recorded reading/surface pair and category supported by cited facts after rule corrections; not a claim of independent expert review	"{""entities"":[{""id"":""Q3885889"",""names"":[""2-methyltetrahydrofuran-3-one"",""コーヒーフラノン"",""coffee furanone""],""types"":[""Q113145171""],""parents"":[""Q11173""],""readings"":[],""title"":""コーヒーフラノン"",""nameKinds"":{""2-methyltetrahydrofuran-3-one"":[""label:en""],""コーヒーフラノン"":[""label:ja"",""title:jawiki""],""coffee furanone"":[""alias:en""]},""readingNames"":[""コーヒーフラノン""],""primaryReadings"":[]}],""lexical"":[]}"
technical	りゅうさんあるみにうむ	硫酸アルミニウム	1851	1851	common	https://www.edrdg.org/jmdict/edict_doc.html#entry-2171700-sense-1	https://www.wikidata.org/wiki/Q421857#P31;reading:independent-pair;categories:technical;lexical-and-confirmed-referents;https://www.edrdg.org/jmdict/edict_doc.html#entry-2171700-sense-1	assistant inspection of pair-bound reading evidence and stored semantic facts; targeted pages for identified problems	Recorded reading/surface pair and category supported by cited facts after rule corrections; not a claim of independent expert review	"{""entities"":[{""id"":""Q421857"",""names"":[""硫酸アルミニウム"",""aluminium sulfate"",""硫酸バンド"",""バン土"",""硫酸バン土"",""硫酸ばんど"",""Al2(SO4)3"",""aluminium sulfate (2:3)"",""dialuminium trisulfate"",""aluminium sesquisulfate"",""papermaker's alum"",""aluminium sulphate"",""aluminium sulfate (anh.)"",""aluminum sulfate"",""aluminum sulphate anhydrous"",""sulfatodialuminium disulfate"",""aluminium(III) sulfate"",""alum"",""aluminum sulfate anhydrous"",""sulfuric acid, aluminium salt (3:2)"",""sulfuric acid, aluminum salt (3:2)"",""sulfatodialuminum disulfate"",""aluminium sulfate anhydrous"",""aluminum sulfate (2:3)"",""dialuminum sulfate"",""aluminum(III) sulfate"",""aluminium sulfate (anhydrous)"",""dialuminum trisulfate""],""types"":[""Q113145171""],""parents"":[""Q11173""],""readings"":[],""title"":""硫酸アルミニウム"",""nameKinds"":{""硫酸アルミニウム"":[""label:ja"",""title:jawiki""],""aluminium sulfate"":[""label:en""],""硫酸バンド"":[""alias:ja""],""バン土"":[""alias:ja""],""硫酸バン土"":[""alias:ja""],""硫酸ばんど"":[""alias:ja""],""Al2(SO4)3"":[""alias:ja"",""alias:en""],""aluminium sulfate (2:3)"":[""alias:en""],""dialuminium trisulfate"":[""alias:en""],""aluminium sesquisulfate"":[""alias:en""],""papermaker's alum"":[""alias:en""],""aluminium sulphate"":[""alias:en""],""aluminium sulfate (anh.)"":[""alias:en""],""aluminum sulfate"":[""alias:en""],""aluminum sulphate anhydrous"":[""alias:en""],""sulfatodialuminium disulfate"":[""alias:en""],""aluminium(III) sulfate"":[""alias:en""],""alum"":[""alias:en""],""aluminum sulfate anhydrous"":[""alias:en""],""sulfuric acid, aluminium salt (3:2)"":[""alias:en""],""sulfuric acid, aluminum salt (3:2)"":[""alias:en""],""sulfatodialuminum disulfate"":[""alias:en""],""aluminium sulfate anhydrous"":[""alias:en""],""aluminum sulfate (2:3)"":[""alias:en""],""dialuminum sulfate"":[""alias:en""],""aluminum(III) sulfate"":[""alias:en""],""aluminium sulfate (anhydrous)"":[""alias:en""],""dialuminum trisulfate"":[""alias:en""]},""readingNames"":[""硫酸アルミニウム""],""primaryReadings"":[]}],""lexical"":[{""reading"":""りゅうさんあるみにうむ"",""surface"":""硫酸アルミニウム"",""categories"":[""general""],""evidence"":""https://www.edrdg.org/jmdict/edict_doc.html#entry-2171700-sense-1"",""entryId"":""2171700"",""pos"":[""n""],""version"":""76a91691b63094bf2aedca93cb889c7396945fe961e478f13081d839c9684e0c"",""source"":""JMdict"",""glosses"":[""aluminum sulfate (Al2(SO4)3)"",""aluminium sulphate""]}]}"
technical	えしせいきんまくえん	壊死性筋膜炎	1851	1851	common	https://www.edrdg.org/jmdict/edict_doc.html#entry-2828222-sense-1	lexical-and-confirmed-referents;https://www.edrdg.org/jmdict/edict_doc.html#entry-2828222-sense-1	assistant inspection of pair-bound reading evidence and stored semantic facts; targeted pages for identified problems	Recorded reading/surface pair and category supported by cited facts after rule corrections; not a claim of independent expert review	"{""entities"":[],""lexical"":[{""reading"":""えしせいきんまくえん"",""surface"":""壊死性筋膜炎"",""categories"":[""technical""],""evidence"":""https://www.edrdg.org/jmdict/edict_doc.html#entry-2828222-sense-1"",""entryId"":""2828222"",""fields"":[""med""],""pos"":[""n""],""version"":""76a91691b63094bf2aedca93cb889c7396945fe961e478f13081d839c9684e0c"",""source"":""JMdict"",""glosses"":[""necrotizing fasciitis"",""necrotising fasciitis"",""flesh-eating bacteria syndrome""]}]}"
technical	しんりりゅうほ	心裡留保	1851	1851	common	https://www.edrdg.org/jmdict/edict_doc.html#entry-2832713-sense-1	lexical-and-confirmed-referents;https://www.edrdg.org/jmdict/edict_doc.html#entry-2832713-sense-1	assistant inspection of pair-bound reading evidence and stored semantic facts; targeted pages for identified problems	Recorded reading/surface pair and category supported by cited facts after rule corrections; not a claim of independent expert review	"{""entities"":[],""lexical"":[{""reading"":""しんりりゅうほ"",""surface"":""心裡留保"",""categories"":[""technical""],""evidence"":""https://www.edrdg.org/jmdict/edict_doc.html#entry-2832713-sense-1"",""entryId"":""2832713"",""fields"":[""law""],""pos"":[""n""],""version"":""76a91691b63094bf2aedca93cb889c7396945fe961e478f13081d839c9684e0c"",""source"":""JMdict"",""glosses"":[""mental reservation"",""making a false declaration of intent""]}]}"
technical	せるとりさいぼう	セルトリ細胞	1851	1851	common	https://www.edrdg.org/jmdict/edict_doc.html#entry-2807700-sense-1	lexical-and-confirmed-referents;https://www.edrdg.org/jmdict/edict_doc.html#entry-2807700-sense-1	assistant inspection of pair-bound reading evidence and stored semantic facts; targeted pages for identified problems	Recorded reading/surface pair and category supported by cited facts after rule corrections; not a claim of independent expert review	"{""entities"":[],""lexical"":[{""reading"":""せるとりさいぼう"",""surface"":""セルトリ細胞"",""categories"":[""technical""],""evidence"":""https://www.edrdg.org/jmdict/edict_doc.html#entry-2807700-sense-1"",""entryId"":""2807700"",""fields"":[""anat""],""pos"":[""n""],""version"":""76a91691b63094bf2aedca93cb889c7396945fe961e478f13081d839c9684e0c"",""source"":""JMdict"",""glosses"":[""Sertoli cell""]}]}"
technical	かそうましん	仮想マシン	1851	1851	common	https://www.edrdg.org/jmdict/edict_doc.html#entry-2343870-sense-1	https://www.wikidata.org/wiki/Q192726#P31;reading:independent-pair;categories:technical;lexical-and-confirmed-referents;https://www.edrdg.org/jmdict/edict_doc.html#entry-2343870-sense-1	assistant inspection of pair-bound reading evidence and stored semantic facts; targeted pages for identified problems	Recorded reading/surface pair and category supported by cited facts after rule corrections; not a claim of independent expert review	"{""entities"":[{""id"":""Q192726"",""names"":[""仮想マシン"",""virtual machine"",""バーチャルマシン"",""Virtual Machine"",""仮想計算機"",""Vm"",""仮想機械"",""वीएम""],""types"":[],""parents"":[""Q166142"",""Q676202"",""Q241317""],""readings"":[],""title"":""仮想マシン"",""nameKinds"":{""仮想マシン"":[""label:ja"",""title:jawiki""],""virtual machine"":[""label:en""],""バーチャルマシン"":[""alias:ja""],""Virtual Machine"":[""alias:ja""],""仮想計算機"":[""alias:ja""],""Vm"":[""alias:ja""],""仮想機械"":[""alias:ja""],""वीएम"":[""alias:en""]},""readingNames"":[""仮想マシン""],""primaryReadings"":[]}],""lexical"":[{""reading"":""かそうましん"",""surface"":""仮想マシン"",""categories"":[""technical""],""evidence"":""https://www.edrdg.org/jmdict/edict_doc.html#entry-2343870-sense-1"",""entryId"":""2343870"",""fields"":[""comp""],""pos"":[""n""],""version"":""76a91691b63094bf2aedca93cb889c7396945fe961e478f13081d839c9684e0c"",""source"":""JMdict"",""glosses"":[""virtual machine""]}]}"
technical	せきずいしょうのうへんせいしょう	脊髄小脳変性症	1851	1851	common	https://www.edrdg.org/jmdict/edict_doc.html#entry-2530680-sense-1	lexical-and-confirmed-referents;https://www.edrdg.org/jmdict/edict_doc.html#entry-2530680-sense-1	assistant inspection of pair-bound reading evidence and stored semantic facts; targeted pages for identified problems	Recorded reading/surface pair and category supported by cited facts after rule corrections; not a claim of independent expert review	"{""entities"":[],""lexical"":[{""reading"":""せきずいしょうのうへんせいしょう"",""surface"":""脊髄小脳変性症"",""categories"":[""technical""],""evidence"":""https://www.edrdg.org/jmdict/edict_doc.html#entry-2530680-sense-1"",""entryId"":""2530680"",""fields"":[""med""],""pos"":[""n""],""version"":""76a91691b63094bf2aedca93cb889c7396945fe961e478f13081d839c9684e0c"",""source"":""JMdict"",""glosses"":[""spinocerebellar degeneration"",""SCD""]}]}"
technical	えだがわり	枝変わり	1851	1851	common	https://www.edrdg.org/jmdict/edict_doc.html#entry-2833828-sense-1	lexical-and-confirmed-referents;https://www.edrdg.org/jmdict/edict_doc.html#entry-2833828-sense-1	assistant inspection of pair-bound reading evidence and stored semantic facts; targeted pages for identified problems	Recorded reading/surface pair and category supported by cited facts after rule corrections; not a claim of independent expert review	"{""entities"":[],""lexical"":[{""reading"":""えだがわり"",""surface"":""枝変わり"",""categories"":[""technical""],""evidence"":""https://www.edrdg.org/jmdict/edict_doc.html#entry-2833828-sense-1"",""entryId"":""2833828"",""fields"":[""bot""],""pos"":[""n""],""version"":""76a91691b63094bf2aedca93cb889c7396945fe961e478f13081d839c9684e0c"",""source"":""JMdict"",""glosses"":[""bud sport"",""bud mutation"",""bud variation""]}]}"
technical	あいすくりーむずつう	アイスクリーム頭痛	1851	1851	common	https://www.edrdg.org/jmdict/edict_doc.html#entry-2829694-sense-1	lexical-and-confirmed-referents;https://www.edrdg.org/jmdict/edict_doc.html#entry-2829694-sense-1	assistant inspection of pair-bound reading evidence and stored semantic facts; targeted pages for identified problems	Recorded reading/surface pair and category supported by cited facts after rule corrections; not a claim of independent expert review	"{""entities"":[],""lexical"":[{""reading"":""あいすくりーむずつう"",""surface"":""アイスクリーム頭痛"",""categories"":[""technical""],""evidence"":""https://www.edrdg.org/jmdict/edict_doc.html#entry-2829694-sense-1"",""entryId"":""2829694"",""fields"":[""med""],""pos"":[""n""],""version"":""76a91691b63094bf2aedca93cb889c7396945fe961e478f13081d839c9684e0c"",""source"":""JMdict"",""glosses"":[""ice-cream headache"",""brain freeze"",""cold-stimulus headache""]}]}"
technical	すきまとろん	スキマトロン	1851	1851	common	orthographic-kana;https://www.wikidata.org/wiki/Q1780096#name	https://www.wikidata.org/wiki/Q1780096	assistant inspection of pair-bound reading evidence and stored semantic facts; targeted pages for identified problems	Recorded reading/surface pair and category supported by cited facts after rule corrections; not a claim of independent expert review	"{""entities"":[{""id"":""Q1780096"",""names"":[""スキマトロン"",""Schematron"",""JIS X 4177-3"",""ISO Schematron"",""ISO 19757-3""],""types"":[""Q317623"",""Q1043076""],""parents"":[],""readings"":[],""title"":""スキマトロン"",""nameKinds"":{""スキマトロン"":[""label:ja"",""title:jawiki""],""Schematron"":[""label:en"",""alias:ja""],""JIS X 4177-3"":[""alias:ja""],""ISO Schematron"":[""alias:en""],""ISO 19757-3"":[""alias:en""]},""readingNames"":[""スキマトロン""],""primaryReadings"":[]}],""lexical"":[]}"
technical	にしんすう	2進数	1851	1851	neologd	https://www.edrdg.org/jmdict/edict_doc.html#entry-2536600-sense-1	lexical-and-confirmed-referents;https://www.edrdg.org/jmdict/edict_doc.html#entry-2536600-sense-1	assistant inspection of pair-bound reading evidence and stored semantic facts; targeted pages for identified problems	Recorded reading/surface pair and category supported by cited facts after rule corrections; not a claim of independent expert review	"{""entities"":[],""lexical"":[{""reading"":""にしんすう"",""surface"":""2進数"",""categories"":[""technical""],""evidence"":""https://www.edrdg.org/jmdict/edict_doc.html#entry-2536600-sense-1"",""entryId"":""2536600"",""fields"":[""comp""],""pos"":[""n""],""version"":""76a91691b63094bf2aedca93cb889c7396945fe961e478f13081d839c9684e0c"",""source"":""JMdict"",""glosses"":[""binary digits""]}]}"
technical	あるてすなーと	アルテスナート	1851	1851	wiki	orthographic-kana;https://www.wikidata.org/wiki/Q707939#name	https://www.wikidata.org/wiki/Q707939	assistant inspection of pair-bound reading evidence and stored semantic facts; targeted pages for identified problems	Recorded reading/surface pair and category supported by cited facts after rule corrections; not a claim of independent expert review	"{""entities"":[{""id"":""Q707939"",""names"":[""artesunate"",""アルテスネイト"",""Arsumax"",""artesunato"",""artesunatum"",""artesunic acid"",""AS"",""butanedioic acid, 1-[(3R,5aS,6R,8aS,9R,10S,12R,12aR)-decahydro-3,6,9-trimethyl-3,12-epoxy-12H-pyrano[4,3-j]-1,2-benzodioxepin-10-yl] ester"",""dihydroqinghasu hemsuccinate"",""Artesunate"",""(3R,5aS,6R,8aS,9R,10S,12R,12aR)-Decahydro-3,6,9-trimethyl-3,12-epoxy-12H-pyrano(4,3-j)-1,2-benzodioxepin-10-ol hydrogen succinate"",""アルテスナート""],""types"":[""Q113145171""],""parents"":[""Q11173""],""readings"":[],""title"":""アルテスナート"",""nameKinds"":{""artesunate"":[""label:en""],""アルテスネイト"":[""label:ja""],""Arsumax"":[""alias:en""],""artesunato"":[""alias:en""],""artesunatum"":[""alias:en""],""artesunic acid"":[""alias:en""],""AS"":[""alias:en""],""butanedioic acid, 1-[(3R,5aS,6R,8aS,9R,10S,12R,12aR)-decahydro-3,6,9-trimethyl-3,12-epoxy-12H-pyrano[4,3-j]-1,2-benzodioxepin-10-yl] ester"":[""alias:en""],""dihydroqinghasu hemsuccinate"":[""alias:en""],""Artesunate"":[""alias:en""],""(3R,5aS,6R,8aS,9R,10S,12R,12aR)-Decahydro-3,6,9-trimethyl-3,12-epoxy-12H-pyrano(4,3-j)-1,2-benzodioxepin-10-ol hydrogen succinate"":[""alias:en""],""アルテスナート"":[""alias:ja"",""title:jawiki""]},""readingNames"":[""アルテスネイト""],""primaryReadings"":[]}],""lexical"":[]}"
technical	けいかくぎょうれつ	計画行列	1851	1851	common	https://www.edrdg.org/jmdict/edict_doc.html#entry-2677930-sense-1	lexical-and-confirmed-referents;https://www.edrdg.org/jmdict/edict_doc.html#entry-2677930-sense-1	assistant inspection of pair-bound reading evidence and stored semantic facts; targeted pages for identified problems	Recorded reading/surface pair and category supported by cited facts after rule corrections; not a claim of independent expert review	"{""entities"":[],""lexical"":[{""reading"":""けいかくぎょうれつ"",""surface"":""計画行列"",""categories"":[""technical""],""evidence"":""https://www.edrdg.org/jmdict/edict_doc.html#entry-2677930-sense-1"",""entryId"":""2677930"",""fields"":[""math""],""pos"":[""n""],""version"":""76a91691b63094bf2aedca93cb889c7396945fe961e478f13081d839c9684e0c"",""source"":""JMdict"",""glosses"":[""design matrix""]}]}"
technical	わんとうどうみゃく	腕頭動脈	1851	1851	common	https://www.edrdg.org/jmdict/edict_doc.html#entry-2867507-sense-1	lexical-and-confirmed-referents;https://www.edrdg.org/jmdict/edict_doc.html#entry-2867507-sense-1	assistant inspection of pair-bound reading evidence and stored semantic facts; targeted pages for identified problems	Recorded reading/surface pair and category supported by cited facts after rule corrections; not a claim of independent expert review	"{""entities"":[],""lexical"":[{""reading"":""わんとうどうみゃく"",""surface"":""腕頭動脈"",""categories"":[""technical""],""evidence"":""https://www.edrdg.org/jmdict/edict_doc.html#entry-2867507-sense-1"",""entryId"":""2867507"",""fields"":[""anat""],""pos"":[""n""],""version"":""76a91691b63094bf2aedca93cb889c7396945fe961e478f13081d839c9684e0c"",""source"":""JMdict"",""glosses"":[""brachiocephalic trunk""]}]}"
technical	しぜんたいすう	自然対数	1851	1851	common	https://www.edrdg.org/jmdict/edict_doc.html#entry-1318160-sense-1	https://www.wikidata.org/wiki/Q204037#P31;reading:independent-pair;categories:technical;lexical-and-confirmed-referents;https://www.edrdg.org/jmdict/edict_doc.html#entry-1318160-sense-1	assistant inspection of pair-bound reading evidence and stored semantic facts; targeted pages for identified problems	Recorded reading/surface pair and category supported by cited facts after rule corrections; not a claim of independent expert review	"{""entities"":[{""id"":""Q204037"",""names"":[""自然対数"",""natural logarithm"",""ln x"",""natural logarithm function"",""natural logarithmic function"",""natural log"",""natural lg"",""ln(x)"",""Napierian logarithm"",""Naperian logarithm"",""logarithmus naturalis"",""hyperbolic logarithm"",""base-e logarithm"",""logarithm base e"",""log base e"",""自然対数関数"",""自然対数函数""],""types"":[""Q47279819"",""Q824282"",""Q11197""],""parents"":[""Q1238449"",""Q11197""],""readings"":[],""title"":""自然対数"",""nameKinds"":{""自然対数"":[""label:ja"",""title:jawiki""],""natural logarithm"":[""label:en""],""ln x"":[""alias:en""],""natural logarithm function"":[""alias:en""],""natural logarithmic function"":[""alias:en""],""natural log"":[""alias:en""],""natural lg"":[""alias:en""],""ln(x)"":[""alias:en""],""Napierian logarithm"":[""alias:en""],""Naperian logarithm"":[""alias:en""],""logarithmus naturalis"":[""alias:en""],""hyperbolic logarithm"":[""alias:en""],""base-e logarithm"":[""alias:en""],""logarithm base e"":[""alias:en""],""log base e"":[""alias:en""],""自然対数関数"":[""alias:ja""],""自然対数函数"":[""alias:ja""]},""readingNames"":[""自然対数""],""primaryReadings"":[]}],""lexical"":[{""reading"":""しぜんたいすう"",""surface"":""自然対数"",""categories"":[""technical""],""evidence"":""https://www.edrdg.org/jmdict/edict_doc.html#entry-1318160-sense-1"",""entryId"":""1318160"",""fields"":[""math""],""pos"":[""n""],""version"":""76a91691b63094bf2aedca93cb889c7396945fe961e478f13081d839c9684e0c"",""source"":""JMdict"",""glosses"":[""natural logarithm""]}]}"
technical	きょくけいしき	極形式	1851	1851	neologd	https://www.edrdg.org/jmdict/edict_doc.html#entry-2847794-sense-1	lexical-and-confirmed-referents;https://www.edrdg.org/jmdict/edict_doc.html#entry-2847794-sense-1	assistant inspection of pair-bound reading evidence and stored semantic facts; targeted pages for identified problems	Recorded reading/surface pair and category supported by cited facts after rule corrections; not a claim of independent expert review	"{""entities"":[],""lexical"":[{""reading"":""きょくけいしき"",""surface"":""極形式"",""categories"":[""technical""],""evidence"":""https://www.edrdg.org/jmdict/edict_doc.html#entry-2847794-sense-1"",""entryId"":""2847794"",""fields"":[""math""],""pos"":[""n""],""version"":""76a91691b63094bf2aedca93cb889c7396945fe961e478f13081d839c9684e0c"",""source"":""JMdict"",""glosses"":[""polar form""]}]}"
technical	いあーす	イアース	1851	1851	wiki	https://www.edrdg.org/jmdict/edict_doc.html#entry-2864877-sense-1	lexical-and-confirmed-referents;https://www.edrdg.org/jmdict/edict_doc.html#entry-2864877-sense-1	assistant inspection of pair-bound reading evidence and stored semantic facts; targeted pages for identified problems	Recorded reading/surface pair and category supported by cited facts after rule corrections; not a claim of independent expert review	"{""entities"":[],""lexical"":[{""reading"":""いあーす"",""surface"":""イアース"",""categories"":[""technical""],""evidence"":""https://www.edrdg.org/jmdict/edict_doc.html#entry-2864877-sense-1"",""entryId"":""2864877"",""fields"":[""comp""],""pos"":[""n""],""version"":""76a91691b63094bf2aedca93cb889c7396945fe961e478f13081d839c9684e0c"",""source"":""JMdict"",""glosses"":[""infrastructure as a service"",""IaaS""]}]}"
technical	しーえーぶい	CAV	1851	1851	neologd	https://www.edrdg.org/jmdict/edict_doc.html#entry-2299720-sense-1	lexical-and-confirmed-referents;https://www.edrdg.org/jmdict/edict_doc.html#entry-2299720-sense-1	assistant inspection of pair-bound reading evidence and stored semantic facts; targeted pages for identified problems	Recorded reading/surface pair and category supported by cited facts after rule corrections; not a claim of independent expert review	"{""entities"":[],""lexical"":[{""reading"":""しーえーぶい"",""surface"":""CAV"",""categories"":[""technical""],""evidence"":""https://www.edrdg.org/jmdict/edict_doc.html#entry-2299720-sense-1"",""entryId"":""2299720"",""fields"":[""comp""],""pos"":[""n""],""version"":""76a91691b63094bf2aedca93cb889c7396945fe961e478f13081d839c9684e0c"",""source"":""JMdict"",""glosses"":[""constant angular velocity"",""CAV""]}]}"
technical	ちつきょう	膣鏡	1851	1851	neologd	https://www.edrdg.org/jmdict/edict_doc.html#entry-2827329-sense-1	lexical-and-confirmed-referents;https://www.edrdg.org/jmdict/edict_doc.html#entry-2827329-sense-1	assistant inspection of pair-bound reading evidence and stored semantic facts; targeted pages for identified problems	Recorded reading/surface pair and category supported by cited facts after rule corrections; not a claim of independent expert review	"{""entities"":[],""lexical"":[{""reading"":""ちつきょう"",""surface"":""膣鏡"",""categories"":[""technical""],""evidence"":""https://www.edrdg.org/jmdict/edict_doc.html#entry-2827329-sense-1"",""entryId"":""2827329"",""fields"":[""med""],""pos"":[""n""],""version"":""76a91691b63094bf2aedca93cb889c7396945fe961e478f13081d839c9684e0c"",""source"":""JMdict"",""glosses"":[""vaginal speculum"",""colposcope""]}]}"
technical	ろーかるえりあねっとわーく	ローカルエリアネットワーク	1851	1851	common	https://www.edrdg.org/jmdict/edict_doc.html#entry-1146310-sense-1	lexical-and-confirmed-referents;https://www.edrdg.org/jmdict/edict_doc.html#entry-1146310-sense-1	assistant inspection of pair-bound reading evidence and stored semantic facts; targeted pages for identified problems	Recorded reading/surface pair and category supported by cited facts after rule corrections; not a claim of independent expert review	"{""entities"":[],""lexical"":[{""reading"":""ろーかるえりあねっとわーく"",""surface"":""ローカルエリアネットワーク"",""categories"":[""technical""],""evidence"":""https://www.edrdg.org/jmdict/edict_doc.html#entry-1146310-sense-1"",""entryId"":""1146310"",""fields"":[""comp""],""pos"":[""n""],""version"":""76a91691b63094bf2aedca93cb889c7396945fe961e478f13081d839c9684e0c"",""source"":""JMdict"",""glosses"":[""local area network"",""LAN""]}]}"
technical	さんたいもんだい	三体問題	1851	1851	common	https://www.edrdg.org/jmdict/edict_doc.html#entry-2803880-sense-1	lexical-and-confirmed-referents;https://www.edrdg.org/jmdict/edict_doc.html#entry-2803880-sense-1	assistant inspection of pair-bound reading evidence and stored semantic facts; targeted pages for identified problems	Recorded reading/surface pair and category supported by cited facts after rule corrections; not a claim of independent expert review	"{""entities"":[],""lexical"":[{""reading"":""さんたいもんだい"",""surface"":""三体問題"",""categories"":[""technical""],""evidence"":""https://www.edrdg.org/jmdict/edict_doc.html#entry-2803880-sense-1"",""entryId"":""2803880"",""fields"":[""physics""],""pos"":[""n""],""version"":""76a91691b63094bf2aedca93cb889c7396945fe961e478f13081d839c9684e0c"",""source"":""JMdict"",""glosses"":[""three-body problem""]}]}"
technical	じんこうげんそ	人工元素	1851	1851	common	https://www.edrdg.org/jmdict/edict_doc.html#entry-2170060-sense-1	https://www.wikidata.org/wiki/Q755992#P31;reading:independent-pair;categories:technical;lexical-and-confirmed-referents;https://www.edrdg.org/jmdict/edict_doc.html#entry-2170060-sense-1	assistant inspection of pair-bound reading evidence and stored semantic facts; targeted pages for identified problems	Recorded reading/surface pair and category supported by cited facts after rule corrections; not a claim of independent expert review	"{""entities"":[{""id"":""Q755992"",""names"":[""synthetic element"",""人工元素"",""人工放射性元素""],""types"":[],""parents"":[""Q11344"",""Q8205328""],""readings"":[],""title"":""人工元素"",""nameKinds"":{""synthetic element"":[""label:en""],""人工元素"":[""label:ja"",""title:jawiki""],""人工放射性元素"":[""alias:ja""]},""readingNames"":[""人工元素""],""primaryReadings"":[]}],""lexical"":[{""reading"":""じんこうげんそ"",""surface"":""人工元素"",""categories"":[""technical""],""evidence"":""https://www.edrdg.org/jmdict/edict_doc.html#entry-2170060-sense-1"",""entryId"":""2170060"",""fields"":[""physics"",""chem""],""pos"":[""n""],""version"":""76a91691b63094bf2aedca93cb889c7396945fe961e478f13081d839c9684e0c"",""source"":""JMdict"",""glosses"":[""synthetic element""]}]}"
technical	うんへきすうにうむ	ウンヘキスウニウム	1851	1851	wiki	orthographic-kana;https://www.wikidata.org/wiki/Q113084035#name	https://www.wikidata.org/wiki/Q113084035	assistant inspection of pair-bound reading evidence and stored semantic facts; targeted pages for identified problems	Recorded reading/surface pair and category supported by cited facts after rule corrections; not a claim of independent expert review	"{""entities"":[{""id"":""Q113084035"",""names"":[""unhexunium"",""ウンヘキスウニウム"",""Uhu"",""element 161""],""types"":[""Q11344"",""Q1299291""],""parents"":[],""readings"":[],""nameKinds"":{""unhexunium"":[""label:en""],""ウンヘキスウニウム"":[""label:ja""],""Uhu"":[""alias:en""],""element 161"":[""alias:en""]},""readingNames"":[""ウンヘキスウニウム""],""primaryReadings"":[]}],""lexical"":[]}"
technical	かかんかん	可換環	1851	1851	common	https://www.edrdg.org/jmdict/edict_doc.html#entry-2555450-sense-1	lexical-and-confirmed-referents;https://www.edrdg.org/jmdict/edict_doc.html#entry-2555450-sense-1	assistant inspection of pair-bound reading evidence and stored semantic facts; targeted pages for identified problems	Recorded reading/surface pair and category supported by cited facts after rule corrections; not a claim of independent expert review	"{""entities"":[],""lexical"":[{""reading"":""かかんかん"",""surface"":""可換環"",""categories"":[""technical""],""evidence"":""https://www.edrdg.org/jmdict/edict_doc.html#entry-2555450-sense-1"",""entryId"":""2555450"",""fields"":[""math""],""pos"":[""n""],""version"":""76a91691b63094bf2aedca93cb889c7396945fe961e478f13081d839c9684e0c"",""source"":""JMdict"",""glosses"":[""commutative ring""]}]}"
technical	きしつせいせいしんしょうがい	器質性精神障害	1851	1851	neologd	https://www.edrdg.org/jmdict/edict_doc.html#entry-2859731-sense-1	https://www.wikidata.org/wiki/Q360341#P31;reading:independent-pair;categories:technical;lexical-and-confirmed-referents;https://www.edrdg.org/jmdict/edict_doc.html#entry-2859731-sense-1	assistant inspection of pair-bound reading evidence and stored semantic facts; targeted pages for identified problems	Recorded reading/surface pair and category supported by cited facts after rule corrections; not a claim of independent expert review	"{""entities"":[{""id"":""Q360341"",""names"":[""organic brain syndrome"",""器質性脳症候群"",""organic brain disease"",""organic brain disorder"",""organic mental syndrome"",""brain syndrome NOS"",""chronic organic brain syndrome"",""organic mental disorder"",""neurocognitive disorder"",""脳症候群"",""身体疾患による精神障害"",""器質性精神障害""],""types"":[""Q112193867""],""parents"":[""Q7101840"",""Q10687207"",""Q30314000""],""readings"":[],""title"":""器質性精神障害"",""nameKinds"":{""organic brain syndrome"":[""label:en""],""器質性脳症候群"":[""label:ja""],""organic brain disease"":[""alias:en""],""organic brain disorder"":[""alias:en""],""organic mental syndrome"":[""alias:en""],""brain syndrome NOS"":[""alias:en""],""chronic organic brain syndrome"":[""alias:en""],""organic mental disorder"":[""alias:en""],""neurocognitive disorder"":[""alias:en""],""脳症候群"":[""alias:ja""],""身体疾患による精神障害"":[""alias:ja""],""器質性精神障害"":[""alias:ja"",""title:jawiki""]},""readingNames"":[""器質性脳症候群""],""primaryReadings"":[]}],""lexical"":[{""reading"":""きしつせいせいしんしょうがい"",""surface"":""器質性精神障害"",""categories"":[""technical""],""evidence"":""https://www.edrdg.org/jmdict/edict_doc.html#entry-2859731-sense-1"",""entryId"":""2859731"",""fields"":[""med""],""pos"":[""n""],""version"":""76a91691b63094bf2aedca93cb889c7396945fe961e478f13081d839c9684e0c"",""source"":""JMdict"",""glosses"":[""organic mental disorder"",""organic psychosis""]}]}"
technical	てつそん	鉄損	1851	1851	common	https://www.edrdg.org/jmdict/edict_doc.html#entry-2866477-sense-1	lexical-and-confirmed-referents;https://www.edrdg.org/jmdict/edict_doc.html#entry-2866477-sense-1	assistant inspection of pair-bound reading evidence and stored semantic facts; targeted pages for identified problems	Recorded reading/surface pair and category supported by cited facts after rule corrections; not a claim of independent expert review	"{""entities"":[],""lexical"":[{""reading"":""てつそん"",""surface"":""鉄損"",""categories"":[""technical""],""evidence"":""https://www.edrdg.org/jmdict/edict_doc.html#entry-2866477-sense-1"",""entryId"":""2866477"",""fields"":[""elec""],""pos"":[""n""],""version"":""76a91691b63094bf2aedca93cb889c7396945fe961e478f13081d839c9684e0c"",""source"":""JMdict"",""glosses"":[""iron loss"",""core loss""]}]}"
technical	はんじせい	反磁性	1851	1851	common	https://www.edrdg.org/jmdict/edict_doc.html#entry-2864672-sense-1	lexical-and-confirmed-referents;https://www.edrdg.org/jmdict/edict_doc.html#entry-2864672-sense-1	assistant inspection of pair-bound reading evidence and stored semantic facts; targeted pages for identified problems	Recorded reading/surface pair and category supported by cited facts after rule corrections; not a claim of independent expert review	"{""entities"":[],""lexical"":[{""reading"":""はんじせい"",""surface"":""反磁性"",""categories"":[""technical""],""evidence"":""https://www.edrdg.org/jmdict/edict_doc.html#entry-2864672-sense-1"",""entryId"":""2864672"",""fields"":[""physics""],""pos"":[""n""],""version"":""76a91691b63094bf2aedca93cb889c7396945fe961e478f13081d839c9684e0c"",""source"":""JMdict"",""glosses"":[""diamagnetism""]}]}"
technical	ちょうこたい	超固体	1851	1851	common	https://www.edrdg.org/jmdict/edict_doc.html#entry-2708910-sense-1	lexical-and-confirmed-referents;https://www.edrdg.org/jmdict/edict_doc.html#entry-2708910-sense-1	assistant inspection of pair-bound reading evidence and stored semantic facts; targeted pages for identified problems	Recorded reading/surface pair and category supported by cited facts after rule corrections; not a claim of independent expert review	"{""entities"":[],""lexical"":[{""reading"":""ちょうこたい"",""surface"":""超固体"",""categories"":[""technical""],""evidence"":""https://www.edrdg.org/jmdict/edict_doc.html#entry-2708910-sense-1"",""entryId"":""2708910"",""fields"":[""physics""],""pos"":[""n""],""version"":""76a91691b63094bf2aedca93cb889c7396945fe961e478f13081d839c9684e0c"",""source"":""JMdict"",""glosses"":[""supersolid""]}]}"
technical	しせんよびおよびいんぼうざい	私戦予備及び陰謀罪	1851	1851	neologd	https://www.edrdg.org/jmdict/edict_doc.html#entry-2825888-sense-1	lexical-and-confirmed-referents;https://www.edrdg.org/jmdict/edict_doc.html#entry-2825888-sense-1	assistant inspection of pair-bound reading evidence and stored semantic facts; targeted pages for identified problems	Recorded reading/surface pair and category supported by cited facts after rule corrections; not a claim of independent expert review	"{""entities"":[],""lexical"":[{""reading"":""しせんよびおよびいんぼうざい"",""surface"":""私戦予備及び陰謀罪"",""categories"":[""technical""],""evidence"":""https://www.edrdg.org/jmdict/edict_doc.html#entry-2825888-sense-1"",""entryId"":""2825888"",""fields"":[""law""],""pos"":[""n""],""version"":""76a91691b63094bf2aedca93cb889c7396945fe961e478f13081d839c9684e0c"",""source"":""JMdict"",""glosses"":[""(crime of) preparations or plots for private war""]}]}"
technical	てんぞう	転造	1851	1851	common	https://www.edrdg.org/jmdict/edict_doc.html#entry-2850406-sense-1	lexical-and-confirmed-referents;https://www.edrdg.org/jmdict/edict_doc.html#entry-2850406-sense-1	assistant inspection of pair-bound reading evidence and stored semantic facts; targeted pages for identified problems	Recorded reading/surface pair and category supported by cited facts after rule corrections; not a claim of independent expert review	"{""entities"":[],""lexical"":[{""reading"":""てんぞう"",""surface"":""転造"",""categories"":[""technical""],""evidence"":""https://www.edrdg.org/jmdict/edict_doc.html#entry-2850406-sense-1"",""entryId"":""2850406"",""fields"":[""engr""],""pos"":[""n""],""version"":""76a91691b63094bf2aedca93cb889c7396945fe961e478f13081d839c9684e0c"",""source"":""JMdict"",""glosses"":[""thread rolling""]}]}"
technical	くろもせん	クロモセン	1851	1851	common	orthographic-kana;https://www.wikidata.org/wiki/Q418966#name	https://www.wikidata.org/wiki/Q418966	assistant inspection of pair-bound reading evidence and stored semantic facts; targeted pages for identified problems	Recorded reading/surface pair and category supported by cited facts after rule corrections; not a claim of independent expert review	"{""entities"":[{""id"":""Q418966"",""names"":[""クロモセン"",""chromocene""],""types"":[""Q113145171""],""parents"":[""Q11173""],""readings"":[],""title"":""クロモセン"",""nameKinds"":{""クロモセン"":[""label:ja"",""title:jawiki""],""chromocene"":[""label:en""]},""readingNames"":[""クロモセン""],""primaryReadings"":[]}],""lexical"":[]}"
technical	かせつけんてい	仮説検定	1851	1851	common	https://www.edrdg.org/jmdict/edict_doc.html#entry-2238520-sense-1	https://www.wikidata.org/wiki/Q210832#P31;reading:independent-pair;categories:technical;lexical-and-confirmed-referents;https://www.edrdg.org/jmdict/edict_doc.html#entry-2238520-sense-1	assistant inspection of pair-bound reading evidence and stored semantic facts; targeted pages for identified problems	Recorded reading/surface pair and category supported by cited facts after rule corrections; not a claim of independent expert review	"{""entities"":[{""id"":""Q210832"",""names"":[""仮説検定"",""statistical test"",""統計学的仮説検定"",""統計的仮説検定"",""hypothesis test"",""statistical hypothesis test"",""significance test""],""types"":[""Q96273743""],""parents"":[""Q2695280"",""Q1003030"",""Q24034552"",""Q110783625""],""readings"":[],""title"":""仮説検定"",""nameKinds"":{""仮説検定"":[""label:ja"",""title:jawiki""],""statistical test"":[""label:en""],""統計学的仮説検定"":[""alias:ja""],""統計的仮説検定"":[""alias:ja""],""hypothesis test"":[""alias:en""],""statistical hypothesis test"":[""alias:en""],""significance test"":[""alias:en""]},""readingNames"":[""仮説検定""],""primaryReadings"":[]}],""lexical"":[{""reading"":""かせつけんてい"",""surface"":""仮説検定"",""categories"":[""technical""],""evidence"":""https://www.edrdg.org/jmdict/edict_doc.html#entry-2238520-sense-1"",""entryId"":""2238520"",""fields"":[""math""],""pos"":[""n"",""vs""],""version"":""76a91691b63094bf2aedca93cb889c7396945fe961e478f13081d839c9684e0c"",""source"":""JMdict"",""glosses"":[""hypothesis testing"",""hypothesis test""]}]}"
technical	みぎくりっくめにゅー	右クリックメニュー	1851	1851	neologd	https://www.edrdg.org/jmdict/edict_doc.html#entry-2864632-sense-1	lexical-and-confirmed-referents;https://www.edrdg.org/jmdict/edict_doc.html#entry-2864632-sense-1	assistant inspection of pair-bound reading evidence and stored semantic facts; targeted pages for identified problems	Recorded reading/surface pair and category supported by cited facts after rule corrections; not a claim of independent expert review	"{""entities"":[],""lexical"":[{""reading"":""みぎくりっくめにゅー"",""surface"":""右クリックメニュー"",""categories"":[""technical""],""evidence"":""https://www.edrdg.org/jmdict/edict_doc.html#entry-2864632-sense-1"",""entryId"":""2864632"",""fields"":[""comp""],""pos"":[""n""],""version"":""76a91691b63094bf2aedca93cb889c7396945fe961e478f13081d839c9684e0c"",""source"":""JMdict"",""glosses"":[""context menu"",""right-click menu""]}]}"
technical	きんせつ	筋節	1851	1851	neologd	https://www.edrdg.org/jmdict/edict_doc.html#entry-2808820-sense-1;https://www.edrdg.org/jmdict/edict_doc.html#entry-2808820-sense-2	lexical-and-confirmed-referents;https://www.edrdg.org/jmdict/edict_doc.html#entry-2808820-sense-1;https://www.edrdg.org/jmdict/edict_doc.html#entry-2808820-sense-2	assistant inspection of pair-bound reading evidence and stored semantic facts; targeted pages for identified problems	Recorded reading/surface pair and category supported by cited facts after rule corrections; not a claim of independent expert review	"{""entities"":[],""lexical"":[{""reading"":""きんせつ"",""surface"":""筋節"",""categories"":[""technical""],""evidence"":""https://www.edrdg.org/jmdict/edict_doc.html#entry-2808820-sense-1"",""entryId"":""2808820"",""fields"":[""anat""],""pos"":[""n""],""version"":""76a91691b63094bf2aedca93cb889c7396945fe961e478f13081d839c9684e0c"",""source"":""JMdict"",""glosses"":[""sarcomere""]},{""reading"":""きんせつ"",""surface"":""筋節"",""categories"":[""technical""],""evidence"":""https://www.edrdg.org/jmdict/edict_doc.html#entry-2808820-sense-2"",""entryId"":""2808820"",""fields"":[""biol""],""pos"":[""n""],""version"":""76a91691b63094bf2aedca93cb889c7396945fe961e478f13081d839c9684e0c"",""source"":""JMdict"",""glosses"":[""myotome""]}]}"
technical	しがしゅ	歯牙腫	1851	1851	common	https://www.edrdg.org/jmdict/edict_doc.html#entry-2857682-sense-1	lexical-and-confirmed-referents;https://www.edrdg.org/jmdict/edict_doc.html#entry-2857682-sense-1	assistant inspection of pair-bound reading evidence and stored semantic facts; targeted pages for identified problems	Recorded reading/surface pair and category supported by cited facts after rule corrections; not a claim of independent expert review	"{""entities"":[],""lexical"":[{""reading"":""しがしゅ"",""surface"":""歯牙腫"",""categories"":[""technical""],""evidence"":""https://www.edrdg.org/jmdict/edict_doc.html#entry-2857682-sense-1"",""entryId"":""2857682"",""fields"":[""med""],""pos"":[""n""],""version"":""76a91691b63094bf2aedca93cb889c7396945fe961e478f13081d839c9684e0c"",""source"":""JMdict"",""glosses"":[""odontoma""]}]}"
technical	こうきのうじへいしょう	高機能自閉症	1851	1851	neologd	https://www.edrdg.org/jmdict/edict_doc.html#entry-2845895-sense-1	lexical-and-confirmed-referents;https://www.edrdg.org/jmdict/edict_doc.html#entry-2845895-sense-1	assistant inspection of pair-bound reading evidence and stored semantic facts; targeted pages for identified problems	Recorded reading/surface pair and category supported by cited facts after rule corrections; not a claim of independent expert review	"{""entities"":[],""lexical"":[{""reading"":""こうきのうじへいしょう"",""surface"":""高機能自閉症"",""categories"":[""technical""],""evidence"":""https://www.edrdg.org/jmdict/edict_doc.html#entry-2845895-sense-1"",""entryId"":""2845895"",""fields"":[""med""],""pos"":[""n""],""version"":""76a91691b63094bf2aedca93cb889c7396945fe961e478f13081d839c9684e0c"",""source"":""JMdict"",""glosses"":[""high-functioning autism""]}]}"
technical	おるとれきしあ	オルトレキシア	1851	1851	common	https://www.edrdg.org/jmdict/edict_doc.html#entry-2833148-sense-1	https://www.wikidata.org/wiki/Q1334368#P31;reading:independent-pair;categories:technical;lexical-and-confirmed-referents;https://www.edrdg.org/jmdict/edict_doc.html#entry-2833148-sense-1	assistant inspection of pair-bound reading evidence and stored semantic facts; targeted pages for identified problems	Recorded reading/surface pair and category supported by cited facts after rule corrections; not a claim of independent expert review	"{""entities"":[{""id"":""Q1334368"",""names"":[""orthorexia nervosa"",""オルトレキシア"",""orthorexia""],""types"":[""Q12135""],""parents"":[""Q373822""],""readings"":[],""title"":""オルトレキシア"",""nameKinds"":{""orthorexia nervosa"":[""label:en""],""オルトレキシア"":[""label:ja"",""title:jawiki""],""orthorexia"":[""alias:en""]},""readingNames"":[""オルトレキシア""],""primaryReadings"":[]}],""lexical"":[{""reading"":""おるとれきしあ"",""surface"":""オルトレキシア"",""categories"":[""technical""],""evidence"":""https://www.edrdg.org/jmdict/edict_doc.html#entry-2833148-sense-1"",""entryId"":""2833148"",""fields"":[""med""],""pos"":[""n""],""version"":""76a91691b63094bf2aedca93cb889c7396945fe961e478f13081d839c9684e0c"",""source"":""JMdict"",""glosses"":[""orthorexia"",""orthorexia nervosa""]}]}"
technical	しんぞうべんまくしょう	心臓弁膜症	1851	1851	common	https://www.edrdg.org/jmdict/edict_doc.html#entry-1793860-sense-1	lexical-and-confirmed-referents;https://www.edrdg.org/jmdict/edict_doc.html#entry-1793860-sense-1	assistant inspection of pair-bound reading evidence and stored semantic facts; targeted pages for identified problems	Recorded reading/surface pair and category supported by cited facts after rule corrections; not a claim of independent expert review	"{""entities"":[],""lexical"":[{""reading"":""しんぞうべんまくしょう"",""surface"":""心臓弁膜症"",""categories"":[""technical""],""evidence"":""https://www.edrdg.org/jmdict/edict_doc.html#entry-1793860-sense-1"",""entryId"":""1793860"",""fields"":[""med""],""pos"":[""n""],""version"":""76a91691b63094bf2aedca93cb889c7396945fe961e478f13081d839c9684e0c"",""source"":""JMdict"",""glosses"":[""valvular heart disease"",""heart valve disease""]}]}"
technical	つうしんひんいほう	通信品位法	1851	1851	wiki	https://www.edrdg.org/jmdict/edict_doc.html#entry-2376190-sense-1	lexical-and-confirmed-referents;https://www.edrdg.org/jmdict/edict_doc.html#entry-2376190-sense-1	assistant inspection of pair-bound reading evidence and stored semantic facts; targeted pages for identified problems	Recorded reading/surface pair and category supported by cited facts after rule corrections; not a claim of independent expert review	"{""entities"":[],""lexical"":[{""reading"":""つうしんひんいほう"",""surface"":""通信品位法"",""categories"":[""technical""],""evidence"":""https://www.edrdg.org/jmdict/edict_doc.html#entry-2376190-sense-1"",""entryId"":""2376190"",""fields"":[""comp""],""pos"":[""n""],""version"":""76a91691b63094bf2aedca93cb889c7396945fe961e478f13081d839c9684e0c"",""source"":""JMdict"",""glosses"":[""Communications Decency Act"",""CDA""]}]}"
technical	ていしんしゅうしゅじゅつ	低侵襲手術	1851	1851	wiki	https://www.edrdg.org/jmdict/edict_doc.html#entry-2868058-sense-1	lexical-and-confirmed-referents;https://www.edrdg.org/jmdict/edict_doc.html#entry-2868058-sense-1	assistant inspection of pair-bound reading evidence and stored semantic facts; targeted pages for identified problems	Recorded reading/surface pair and category supported by cited facts after rule corrections; not a claim of independent expert review	"{""entities"":[],""lexical"":[{""reading"":""ていしんしゅうしゅじゅつ"",""surface"":""低侵襲手術"",""categories"":[""technical""],""evidence"":""https://www.edrdg.org/jmdict/edict_doc.html#entry-2868058-sense-1"",""entryId"":""2868058"",""fields"":[""med""],""pos"":[""n""],""version"":""76a91691b63094bf2aedca93cb889c7396945fe961e478f13081d839c9684e0c"",""source"":""JMdict"",""glosses"":[""minimally invasive surgery""]}]}"
technical	ちょううらんげんそ	超ウラン元素	1851	1851	common	https://www.edrdg.org/jmdict/edict_doc.html#entry-2073380-sense-1	https://www.wikidata.org/wiki/Q106844#P31;reading:independent-pair;categories:technical;lexical-and-confirmed-referents;https://www.edrdg.org/jmdict/edict_doc.html#entry-2073380-sense-1	assistant inspection of pair-bound reading evidence and stored semantic facts; targeted pages for identified problems	Recorded reading/surface pair and category supported by cited facts after rule corrections; not a claim of independent expert review	"{""entities"":[{""id"":""Q106844"",""names"":[""超ウラン元素"",""transuranium element"",""超重元素"",""Transuranic element""],""types"":[],""parents"":[""Q11344""],""readings"":[],""title"":""超ウラン元素"",""nameKinds"":{""超ウラン元素"":[""label:ja"",""title:jawiki""],""transuranium element"":[""label:en""],""超重元素"":[""alias:ja""],""Transuranic element"":[""alias:en""]},""readingNames"":[""超ウラン元素""],""primaryReadings"":[]}],""lexical"":[{""reading"":""ちょううらんげんそ"",""surface"":""超ウラン元素"",""categories"":[""general""],""evidence"":""https://www.edrdg.org/jmdict/edict_doc.html#entry-2073380-sense-1"",""entryId"":""2073380"",""pos"":[""n""],""version"":""76a91691b63094bf2aedca93cb889c7396945fe961e478f13081d839c9684e0c"",""source"":""JMdict"",""glosses"":[""transuranium element"",""transuranic element"",""super heavy element""]}]}"
technical	くれますちん	クレマスチン	1851	1851	common	https://www.edrdg.org/jmdict/edict_doc.html#entry-2810990-sense-1	lexical-and-confirmed-referents;https://www.edrdg.org/jmdict/edict_doc.html#entry-2810990-sense-1	assistant inspection of pair-bound reading evidence and stored semantic facts; targeted pages for identified problems	Recorded reading/surface pair and category supported by cited facts after rule corrections; not a claim of independent expert review	"{""entities"":[],""lexical"":[{""reading"":""くれますちん"",""surface"":""クレマスチン"",""categories"":[""technical""],""evidence"":""https://www.edrdg.org/jmdict/edict_doc.html#entry-2810990-sense-1"",""entryId"":""2810990"",""fields"":[""med""],""pos"":[""n""],""version"":""76a91691b63094bf2aedca93cb889c7396945fe961e478f13081d839c9684e0c"",""source"":""JMdict"",""glosses"":[""clemastine""]}]}"
technical	ひんてい	浜堤	1851	1851	common	https://www.edrdg.org/jmdict/edict_doc.html#entry-2827816-sense-1	lexical-and-confirmed-referents;https://www.edrdg.org/jmdict/edict_doc.html#entry-2827816-sense-1	assistant inspection of pair-bound reading evidence and stored semantic facts; targeted pages for identified problems	Recorded reading/surface pair and category supported by cited facts after rule corrections; not a claim of independent expert review	"{""entities"":[],""lexical"":[{""reading"":""ひんてい"",""surface"":""浜堤"",""categories"":[""technical""],""evidence"":""https://www.edrdg.org/jmdict/edict_doc.html#entry-2827816-sense-1"",""entryId"":""2827816"",""fields"":[""geol""],""pos"":[""n""],""version"":""76a91691b63094bf2aedca93cb889c7396945fe961e478f13081d839c9684e0c"",""source"":""JMdict"",""glosses"":[""beach ridge""]}]}"
technical	れいがいじょうたい	例外状態	1851	1851	common	https://www.edrdg.org/jmdict/edict_doc.html#entry-2392480-sense-1	lexical-and-confirmed-referents;https://www.edrdg.org/jmdict/edict_doc.html#entry-2392480-sense-1	assistant inspection of pair-bound reading evidence and stored semantic facts; targeted pages for identified problems	Recorded reading/surface pair and category supported by cited facts after rule corrections; not a claim of independent expert review	"{""entities"":[],""lexical"":[{""reading"":""れいがいじょうたい"",""surface"":""例外状態"",""categories"":[""technical""],""evidence"":""https://www.edrdg.org/jmdict/edict_doc.html#entry-2392480-sense-1"",""entryId"":""2392480"",""fields"":[""comp""],""pos"":[""n""],""version"":""76a91691b63094bf2aedca93cb889c7396945fe961e478f13081d839c9684e0c"",""source"":""JMdict"",""glosses"":[""exception condition""]}]}"
technical	ていりゅうせいそう	停留精巣	1851	1851	neologd	https://www.edrdg.org/jmdict/edict_doc.html#entry-2743770-sense-1	lexical-and-confirmed-referents;https://www.edrdg.org/jmdict/edict_doc.html#entry-2743770-sense-1	assistant inspection of pair-bound reading evidence and stored semantic facts; targeted pages for identified problems	Recorded reading/surface pair and category supported by cited facts after rule corrections; not a claim of independent expert review	"{""entities"":[],""lexical"":[{""reading"":""ていりゅうせいそう"",""surface"":""停留精巣"",""categories"":[""technical""],""evidence"":""https://www.edrdg.org/jmdict/edict_doc.html#entry-2743770-sense-1"",""entryId"":""2743770"",""fields"":[""med""],""pos"":[""n""],""version"":""76a91691b63094bf2aedca93cb889c7396945fe961e478f13081d839c9684e0c"",""source"":""JMdict"",""glosses"":[""cryptorchidism"",""undescended testicle""]}]}"
technical	しおふきあな	潮吹き穴	1851	1851	common	https://www.edrdg.org/jmdict/edict_doc.html#entry-2832322-sense-1	lexical-and-confirmed-referents;https://www.edrdg.org/jmdict/edict_doc.html#entry-2832322-sense-1	assistant inspection of pair-bound reading evidence and stored semantic facts; targeted pages for identified problems	Recorded reading/surface pair and category supported by cited facts after rule corrections; not a claim of independent expert review	"{""entities"":[],""lexical"":[{""reading"":""しおふきあな"",""surface"":""潮吹き穴"",""categories"":[""technical""],""evidence"":""https://www.edrdg.org/jmdict/edict_doc.html#entry-2832322-sense-1"",""entryId"":""2832322"",""fields"":[""geol""],""pos"":[""n""],""version"":""76a91691b63094bf2aedca93cb889c7396945fe961e478f13081d839c9684e0c"",""source"":""JMdict"",""glosses"":[""blowhole""]}]}"
technical	いんたーねっとせつぞく	インターネット接続	1851	1851	neologd	https://www.edrdg.org/jmdict/edict_doc.html#entry-1986050-sense-1	lexical-and-confirmed-referents;https://www.edrdg.org/jmdict/edict_doc.html#entry-1986050-sense-1	assistant inspection of pair-bound reading evidence and stored semantic facts; targeted pages for identified problems	Recorded reading/surface pair and category supported by cited facts after rule corrections; not a claim of independent expert review	"{""entities"":[],""lexical"":[{""reading"":""いんたーねっとせつぞく"",""surface"":""インターネット接続"",""categories"":[""technical""],""evidence"":""https://www.edrdg.org/jmdict/edict_doc.html#entry-1986050-sense-1"",""entryId"":""1986050"",""fields"":[""comp""],""pos"":[""n""],""version"":""76a91691b63094bf2aedca93cb889c7396945fe961e478f13081d839c9684e0c"",""source"":""JMdict"",""glosses"":[""Internet connection""]}]}"
technical	あせめたしん	アセメタシン	1851	1851	wiki	orthographic-kana;https://www.wikidata.org/wiki/Q2723146#name	https://www.wikidata.org/wiki/Q2723146	assistant inspection of pair-bound reading evidence and stored semantic facts; targeted pages for identified problems	Recorded reading/surface pair and category supported by cited facts after rule corrections; not a claim of independent expert review	"{""entities"":[{""id"":""Q2723146"",""names"":[""acemetacin"",""アセメタシン"",""TV-1322"",""TVX 3322"",""K-708"",""K 708"",""indometacin carboxymethyl ester"",""indomethacin carboxymethyl ester"",""indometacin glycolic ester"",""indomethacin glycolic ester"",""acemetacine"",""Acemetacin"",""acemetacina"",""acemetacinum""],""types"":[""Q113145171""],""parents"":[""Q11173""],""readings"":[],""title"":""アセメタシン"",""nameKinds"":{""acemetacin"":[""label:en""],""アセメタシン"":[""label:ja"",""title:jawiki""],""TV-1322"":[""alias:en""],""TVX 3322"":[""alias:en""],""K-708"":[""alias:en""],""K 708"":[""alias:en""],""indometacin carboxymethyl ester"":[""alias:en""],""indomethacin carboxymethyl ester"":[""alias:en""],""indometacin glycolic ester"":[""alias:en""],""indomethacin glycolic ester"":[""alias:en""],""acemetacine"":[""alias:en""],""Acemetacin"":[""alias:en""],""acemetacina"":[""alias:en""],""acemetacinum"":[""alias:en""]},""readingNames"":[""アセメタシン""],""primaryReadings"":[]}],""lexical"":[]}"
technical	ねつさんか	熱酸化	1851	1851	wiki	https://www.edrdg.org/jmdict/edict_doc.html#entry-2866034-sense-1	lexical-and-confirmed-referents;https://www.edrdg.org/jmdict/edict_doc.html#entry-2866034-sense-1	assistant inspection of pair-bound reading evidence and stored semantic facts; targeted pages for identified problems	Recorded reading/surface pair and category supported by cited facts after rule corrections; not a claim of independent expert review	"{""entities"":[],""lexical"":[{""reading"":""ねつさんか"",""surface"":""熱酸化"",""categories"":[""technical""],""evidence"":""https://www.edrdg.org/jmdict/edict_doc.html#entry-2866034-sense-1"",""entryId"":""2866034"",""fields"":[""chem""],""pos"":[""n""],""version"":""76a91691b63094bf2aedca93cb889c7396945fe961e478f13081d839c9684e0c"",""source"":""JMdict"",""glosses"":[""thermal oxidation""]}]}"
technical	りちうむえん	リチウム塩	1851	1851	common	https://www.edrdg.org/jmdict/edict_doc.html#entry-2835036-sense-1	https://www.wikidata.org/wiki/Q152763#P31;reading:independent-pair;categories:technical;lexical-and-confirmed-referents;https://www.edrdg.org/jmdict/edict_doc.html#entry-2835036-sense-1	assistant inspection of pair-bound reading evidence and stored semantic facts; targeted pages for identified problems	Recorded reading/surface pair and category supported by cited facts after rule corrections; not a claim of independent expert review	"{""entities"":[{""id"":""Q152763"",""names"":[""lithium"",""リチウム塩"",""リーマス"",""lithium salts"",""lithium drugs"",""Lithium (medical use)"",""lithium compound"",""lithium compounds"",""Lithium (medication)""],""types"":[""Q56256173""],""parents"":[""Q12140"",""Q35456"",""Q11497468"",""Q2622367"",""Q568""],""readings"":[],""title"":""リチウム塩"",""nameKinds"":{""lithium"":[""label:en"",""alias:en""],""リチウム塩"":[""label:ja"",""title:jawiki""],""リーマス"":[""alias:ja""],""lithium salts"":[""alias:en""],""lithium drugs"":[""alias:en""],""Lithium (medical use)"":[""alias:en""],""lithium compound"":[""alias:en""],""lithium compounds"":[""alias:en""],""Lithium (medication)"":[""alias:en""]},""readingNames"":[""リチウム塩""],""primaryReadings"":[]}],""lexical"":[{""reading"":""りちうむえん"",""surface"":""リチウム塩"",""categories"":[""general""],""evidence"":""https://www.edrdg.org/jmdict/edict_doc.html#entry-2835036-sense-1"",""entryId"":""2835036"",""pos"":[""n""],""version"":""76a91691b63094bf2aedca93cb889c7396945fe961e478f13081d839c9684e0c"",""source"":""JMdict"",""glosses"":[""lithium salt""]}]}"
technical	にゅーとりのしんどう	ニュートリノ振動	1851	1851	common	https://www.edrdg.org/jmdict/edict_doc.html#entry-2081730-sense-1	lexical-and-confirmed-referents;https://www.edrdg.org/jmdict/edict_doc.html#entry-2081730-sense-1	assistant inspection of pair-bound reading evidence and stored semantic facts; targeted pages for identified problems	Recorded reading/surface pair and category supported by cited facts after rule corrections; not a claim of independent expert review	"{""entities"":[],""lexical"":[{""reading"":""にゅーとりのしんどう"",""surface"":""ニュートリノ振動"",""categories"":[""technical""],""evidence"":""https://www.edrdg.org/jmdict/edict_doc.html#entry-2081730-sense-1"",""entryId"":""2081730"",""fields"":[""physics""],""pos"":[""n""],""version"":""76a91691b63094bf2aedca93cb889c7396945fe961e478f13081d839c9684e0c"",""source"":""JMdict"",""glosses"":[""neutrino oscillation""]}]}"
technical	めらみんしあぬれーと	メラミンシアヌレート	1851	1851	common	orthographic-kana;https://www.wikidata.org/wiki/Q3267336#name	https://www.wikidata.org/wiki/Q3267336	assistant inspection of pair-bound reading evidence and stored semantic facts; targeted pages for identified problems	Recorded reading/surface pair and category supported by cited facts after rule corrections; not a claim of independent expert review	"{""entities"":[{""id"":""Q3267336"",""names"":[""メラミンシアヌレート"",""melamine cyanurate"",""シアヌル酸メラミン"",""melamine–cyanuric acid adduct"",""melamine–isocyanuric acid adduct"",""melamine isocyanurate""],""types"":[""Q113145171""],""parents"":[""Q72155051"",""Q107434516""],""readings"":[],""title"":""メラミンシアヌレート"",""nameKinds"":{""メラミンシアヌレート"":[""label:ja"",""title:jawiki""],""melamine cyanurate"":[""label:en""],""シアヌル酸メラミン"":[""alias:ja""],""melamine–cyanuric acid adduct"":[""alias:en""],""melamine–isocyanuric acid adduct"":[""alias:en""],""melamine isocyanurate"":[""alias:en""]},""readingNames"":[""メラミンシアヌレート""],""primaryReadings"":[]}],""lexical"":[]}"
technical	びーえすでぃー	BSD	1851	1851	neologd	https://www.edrdg.org/jmdict/edict_doc.html#entry-2321020-sense-1	https://www.wikidata.org/wiki/Q34264#P31;reading:independent-pair;categories:product;lexical-and-confirmed-referents;https://www.edrdg.org/jmdict/edict_doc.html#entry-2321020-sense-1	assistant inspection of pair-bound reading evidence and stored semantic facts; targeted pages for identified problems	Recorded reading/surface pair and category supported by cited facts after rule corrections; not a claim of independent expert review	"{""entities"":[{""id"":""Q34264"",""names"":[""Berkeley Software Distribution"",""BSD"",""Berkeley Unix"",""BSD UNIX"",""4.4BSD"",""Berkeley System Distribution""],""types"":[""Q11368"",""Q58636917""],""parents"":[],""readings"":[],""title"":""Berkeley Software Distribution"",""nameKinds"":{""Berkeley Software Distribution"":[""label:en"",""title:jawiki""],""BSD"":[""label:ja"",""alias:en""],""Berkeley Unix"":[""alias:en""],""BSD UNIX"":[""alias:en""],""4.4BSD"":[""alias:en""],""Berkeley System Distribution"":[""alias:en""]},""readingNames"":[""BSD""],""primaryReadings"":[]}],""lexical"":[{""reading"":""びーえすでぃー"",""surface"":""BSD"",""categories"":[""technical""],""evidence"":""https://www.edrdg.org/jmdict/edict_doc.html#entry-2321020-sense-1"",""entryId"":""2321020"",""fields"":[""comp""],""pos"":[""n""],""version"":""76a91691b63094bf2aedca93cb889c7396945fe961e478f13081d839c9684e0c"",""source"":""JMdict"",""glosses"":[""BSD (Unix operating system)"",""Berkeley Software Distribution""]}]}"
technical	きゃっしゅめもりー	キャッシュメモリー	1851	1851	wiki	https://www.edrdg.org/jmdict/edict_doc.html#entry-2292450-sense-1	lexical-and-confirmed-referents;https://www.edrdg.org/jmdict/edict_doc.html#entry-2292450-sense-1	assistant inspection of pair-bound reading evidence and stored semantic facts; targeted pages for identified problems	Recorded reading/surface pair and category supported by cited facts after rule corrections; not a claim of independent expert review	"{""entities"":[],""lexical"":[{""reading"":""きゃっしゅめもりー"",""surface"":""キャッシュメモリー"",""categories"":[""technical""],""evidence"":""https://www.edrdg.org/jmdict/edict_doc.html#entry-2292450-sense-1"",""entryId"":""2292450"",""fields"":[""comp""],""pos"":[""n""],""version"":""76a91691b63094bf2aedca93cb889c7396945fe961e478f13081d839c9684e0c"",""source"":""JMdict"",""glosses"":[""cache memory""]}]}"
technical	ひふくしんけい	腓腹神経	1851	1851	common	https://www.edrdg.org/jmdict/edict_doc.html#entry-2743710-sense-1	lexical-and-confirmed-referents;https://www.edrdg.org/jmdict/edict_doc.html#entry-2743710-sense-1	assistant inspection of pair-bound reading evidence and stored semantic facts; targeted pages for identified problems	Recorded reading/surface pair and category supported by cited facts after rule corrections; not a claim of independent expert review	"{""entities"":[],""lexical"":[{""reading"":""ひふくしんけい"",""surface"":""腓腹神経"",""categories"":[""technical""],""evidence"":""https://www.edrdg.org/jmdict/edict_doc.html#entry-2743710-sense-1"",""entryId"":""2743710"",""fields"":[""anat""],""pos"":[""n""],""version"":""76a91691b63094bf2aedca93cb889c7396945fe961e478f13081d839c9684e0c"",""source"":""JMdict"",""glosses"":[""sural nerve"",""short saphenous nerve"",""nervus suralis""]}]}"
technical	じーけんてい	G検定	1851	1851	wiki	https://www.edrdg.org/jmdict/edict_doc.html#entry-2716300-sense-1	lexical-and-confirmed-referents;https://www.edrdg.org/jmdict/edict_doc.html#entry-2716300-sense-1	assistant inspection of pair-bound reading evidence and stored semantic facts; targeted pages for identified problems	Recorded reading/surface pair and category supported by cited facts after rule corrections; not a claim of independent expert review	"{""entities"":[],""lexical"":[{""reading"":""じーけんてい"",""surface"":""G検定"",""categories"":[""technical""],""evidence"":""https://www.edrdg.org/jmdict/edict_doc.html#entry-2716300-sense-1"",""entryId"":""2716300"",""fields"":[""math""],""pos"":[""n""],""version"":""76a91691b63094bf2aedca93cb889c7396945fe961e478f13081d839c9684e0c"",""source"":""JMdict"",""glosses"":[""G-test""]}]}"
technical	いちげんはいちぶんさんぶんせき	一元配置分散分析	1851	1851	neologd	https://www.edrdg.org/jmdict/edict_doc.html#entry-2827578-sense-1	lexical-and-confirmed-referents;https://www.edrdg.org/jmdict/edict_doc.html#entry-2827578-sense-1	assistant inspection of pair-bound reading evidence and stored semantic facts; targeted pages for identified problems	Recorded reading/surface pair and category supported by cited facts after rule corrections; not a claim of independent expert review	"{""entities"":[],""lexical"":[{""reading"":""いちげんはいちぶんさんぶんせき"",""surface"":""一元配置分散分析"",""categories"":[""technical""],""evidence"":""https://www.edrdg.org/jmdict/edict_doc.html#entry-2827578-sense-1"",""entryId"":""2827578"",""fields"":[""math""],""pos"":[""n""],""version"":""76a91691b63094bf2aedca93cb889c7396945fe961e478f13081d839c9684e0c"",""source"":""JMdict"",""glosses"":[""one-way analysis of variance"",""one-way ANOVA""]}]}"
technical	いんかくきとう	陰核亀頭	1851	1851	common	https://www.edrdg.org/jmdict/edict_doc.html#entry-2161670-sense-1	lexical-and-confirmed-referents;https://www.edrdg.org/jmdict/edict_doc.html#entry-2161670-sense-1	assistant inspection of pair-bound reading evidence and stored semantic facts; targeted pages for identified problems	Recorded reading/surface pair and category supported by cited facts after rule corrections; not a claim of independent expert review	"{""entities"":[],""lexical"":[{""reading"":""いんかくきとう"",""surface"":""陰核亀頭"",""categories"":[""technical""],""evidence"":""https://www.edrdg.org/jmdict/edict_doc.html#entry-2161670-sense-1"",""entryId"":""2161670"",""fields"":[""anat""],""pos"":[""n""],""version"":""76a91691b63094bf2aedca93cb889c7396945fe961e478f13081d839c9684e0c"",""source"":""JMdict"",""glosses"":[""clitoral glans"",""glans clitoridis""]}]}"
technical	ざいじょうにんぴ	罪状認否	1851	1851	common	https://www.edrdg.org/jmdict/edict_doc.html#entry-2826901-sense-1	https://www.wikidata.org/wiki/Q15916459#P31;reading:independent-pair;categories:technical;lexical-and-confirmed-referents;https://www.edrdg.org/jmdict/edict_doc.html#entry-2826901-sense-1	assistant inspection of pair-bound reading evidence and stored semantic facts; targeted pages for identified problems	Recorded reading/surface pair and category supported by cited facts after rule corrections; not a claim of independent expert review	"{""entities"":[{""id"":""Q15916459"",""names"":[""plea"",""罪状認否"",""pleading""],""types"":[],""parents"":[""Q108163"",""Q8018506"",""Q1190554""],""readings"":[],""title"":""罪状認否"",""nameKinds"":{""plea"":[""label:en""],""罪状認否"":[""label:ja"",""title:jawiki""],""pleading"":[""alias:en""]},""readingNames"":[""罪状認否""],""primaryReadings"":[]}],""lexical"":[{""reading"":""ざいじょうにんぴ"",""surface"":""罪状認否"",""categories"":[""general""],""evidence"":""https://www.edrdg.org/jmdict/edict_doc.html#entry-2826901-sense-1"",""entryId"":""2826901"",""pos"":[""n""],""version"":""76a91691b63094bf2aedca93cb889c7396945fe961e478f13081d839c9684e0c"",""source"":""JMdict"",""glosses"":[""arraignment"",""plea (of guilty or not guilty)""]}]}"
technical	いんらいんてんかい	インライン展開	1851	1851	common	https://www.edrdg.org/jmdict/edict_doc.html#entry-2284200-sense-1	lexical-and-confirmed-referents;https://www.edrdg.org/jmdict/edict_doc.html#entry-2284200-sense-1	assistant inspection of pair-bound reading evidence and stored semantic facts; targeted pages for identified problems	Recorded reading/surface pair and category supported by cited facts after rule corrections; not a claim of independent expert review	"{""entities"":[],""lexical"":[{""reading"":""いんらいんてんかい"",""surface"":""インライン展開"",""categories"":[""technical""],""evidence"":""https://www.edrdg.org/jmdict/edict_doc.html#entry-2284200-sense-1"",""entryId"":""2284200"",""fields"":[""comp""],""pos"":[""n""],""version"":""76a91691b63094bf2aedca93cb889c7396945fe961e478f13081d839c9684e0c"",""source"":""JMdict"",""glosses"":[""inline expansion""]}]}"
technical	ふいくしょう	不育症	1851	1851	common	https://www.edrdg.org/jmdict/edict_doc.html#entry-2765430-sense-1	lexical-and-confirmed-referents;https://www.edrdg.org/jmdict/edict_doc.html#entry-2765430-sense-1	assistant inspection of pair-bound reading evidence and stored semantic facts; targeted pages for identified problems	Recorded reading/surface pair and category supported by cited facts after rule corrections; not a claim of independent expert review	"{""entities"":[],""lexical"":[{""reading"":""ふいくしょう"",""surface"":""不育症"",""categories"":[""technical""],""evidence"":""https://www.edrdg.org/jmdict/edict_doc.html#entry-2765430-sense-1"",""entryId"":""2765430"",""fields"":[""med""],""pos"":[""n""],""version"":""76a91691b63094bf2aedca93cb889c7396945fe961e478f13081d839c9684e0c"",""source"":""JMdict"",""glosses"":[""female infertility"",""inability to carry a pregnancy to full term""]}]}"
technical	ぎゃくげん	逆元	1851	1851	common	https://www.edrdg.org/jmdict/edict_doc.html#entry-2718460-sense-1	lexical-and-confirmed-referents;https://www.edrdg.org/jmdict/edict_doc.html#entry-2718460-sense-1	assistant inspection of pair-bound reading evidence and stored semantic facts; targeted pages for identified problems	Recorded reading/surface pair and category supported by cited facts after rule corrections; not a claim of independent expert review	"{""entities"":[],""lexical"":[{""reading"":""ぎゃくげん"",""surface"":""逆元"",""categories"":[""technical""],""evidence"":""https://www.edrdg.org/jmdict/edict_doc.html#entry-2718460-sense-1"",""entryId"":""2718460"",""fields"":[""math""],""pos"":[""n""],""version"":""76a91691b63094bf2aedca93cb889c7396945fe961e478f13081d839c9684e0c"",""source"":""JMdict"",""glosses"":[""inverse element""]}]}"
technical	きゅむらんと	キュムラント	1851	1851	common	orthographic-kana;https://www.wikidata.org/wiki/Q746007#name	https://www.wikidata.org/wiki/Q746007	assistant inspection of pair-bound reading evidence and stored semantic facts; targeted pages for identified problems	Recorded reading/surface pair and category supported by cited facts after rule corrections; not a claim of independent expert review	"{""entities"":[{""id"":""Q746007"",""names"":[""cumulant"",""キュムラント母関数"",""Cumulant"",""キュムラント""],""types"":[""Q24034552""],""parents"":[""Q36161""],""readings"":[],""title"":""キュムラント"",""nameKinds"":{""cumulant"":[""label:en""],""キュムラント母関数"":[""label:ja""],""Cumulant"":[""alias:en""],""キュムラント"":[""alias:ja"",""title:jawiki""]},""readingNames"":[""キュムラント母関数""],""primaryReadings"":[]}],""lexical"":[]}"
technical	めたろーる	メタロール	1851	1851	common	orthographic-kana;https://www.wikidata.org/wiki/Q2646510#name	https://www.wikidata.org/wiki/Q2646510	assistant inspection of pair-bound reading evidence and stored semantic facts; targeted pages for identified problems	Recorded reading/surface pair and category supported by cited facts after rule corrections; not a claim of independent expert review	"{""entities"":[{""id"":""Q2646510"",""names"":[""metallole"",""メタロール""],""types"":[""Q47154513""],""parents"":[""Q193430"",""Q55692896"",""Q899851"",""Q7702932""],""readings"":[],""title"":""メタロール"",""nameKinds"":{""metallole"":[""label:en""],""メタロール"":[""label:ja"",""title:jawiki""]},""readingNames"":[""メタロール""],""primaryReadings"":[]}],""lexical"":[]}"
technical	いんけいせっしょう	陰茎折症	1851	1851	common	https://www.edrdg.org/jmdict/edict_doc.html#entry-2435350-sense-1	lexical-and-confirmed-referents;https://www.edrdg.org/jmdict/edict_doc.html#entry-2435350-sense-1	assistant inspection of pair-bound reading evidence and stored semantic facts; targeted pages for identified problems	Recorded reading/surface pair and category supported by cited facts after rule corrections; not a claim of independent expert review	"{""entities"":[],""lexical"":[{""reading"":""いんけいせっしょう"",""surface"":""陰茎折症"",""categories"":[""technical""],""evidence"":""https://www.edrdg.org/jmdict/edict_doc.html#entry-2435350-sense-1"",""entryId"":""2435350"",""fields"":[""med""],""pos"":[""n""],""version"":""76a91691b63094bf2aedca93cb889c7396945fe961e478f13081d839c9684e0c"",""source"":""JMdict"",""glosses"":[""penile fracture""]}]}"
technical	あいえむいー	IME	1851	1851	neologd	https://www.edrdg.org/jmdict/edict_doc.html#entry-2278050-sense-1	lexical-and-confirmed-referents;https://www.edrdg.org/jmdict/edict_doc.html#entry-2278050-sense-1	assistant inspection of pair-bound reading evidence and stored semantic facts; targeted pages for identified problems	Recorded reading/surface pair and category supported by cited facts after rule corrections; not a claim of independent expert review	"{""entities"":[],""lexical"":[{""reading"":""あいえむいー"",""surface"":""IME"",""categories"":[""technical""],""evidence"":""https://www.edrdg.org/jmdict/edict_doc.html#entry-2278050-sense-1"",""entryId"":""2278050"",""fields"":[""comp""],""pos"":[""n""],""version"":""76a91691b63094bf2aedca93cb889c7396945fe961e478f13081d839c9684e0c"",""source"":""JMdict"",""glosses"":[""input method editor"",""IME""]}]}"
technical	にんしんちゅうぜつ	妊娠中絶	1851	1851	common	https://www.edrdg.org/jmdict/edict_doc.html#entry-1467360-sense-1	lexical-and-confirmed-referents;https://www.edrdg.org/jmdict/edict_doc.html#entry-1467360-sense-1	assistant inspection of pair-bound reading evidence and stored semantic facts; targeted pages for identified problems	Recorded reading/surface pair and category supported by cited facts after rule corrections; not a claim of independent expert review	"{""entities"":[],""lexical"":[{""reading"":""にんしんちゅうぜつ"",""surface"":""妊娠中絶"",""categories"":[""technical""],""evidence"":""https://www.edrdg.org/jmdict/edict_doc.html#entry-1467360-sense-1"",""entryId"":""1467360"",""fields"":[""med""],""pos"":[""n""],""version"":""76a91691b63094bf2aedca93cb889c7396945fe961e478f13081d839c9684e0c"",""source"":""JMdict"",""glosses"":[""abortion"",""pregnancy termination""]}]}"
technical	じゅうかいきぶんせき	重回帰分析	1851	1851	common	https://www.edrdg.org/jmdict/edict_doc.html#entry-2814250-sense-1	lexical-and-confirmed-referents;https://www.edrdg.org/jmdict/edict_doc.html#entry-2814250-sense-1	assistant inspection of pair-bound reading evidence and stored semantic facts; targeted pages for identified problems	Recorded reading/surface pair and category supported by cited facts after rule corrections; not a claim of independent expert review	"{""entities"":[],""lexical"":[{""reading"":""じゅうかいきぶんせき"",""surface"":""重回帰分析"",""categories"":[""technical""],""evidence"":""https://www.edrdg.org/jmdict/edict_doc.html#entry-2814250-sense-1"",""entryId"":""2814250"",""fields"":[""math""],""pos"":[""n""],""version"":""76a91691b63094bf2aedca93cb889c7396945fe961e478f13081d839c9684e0c"",""source"":""JMdict"",""glosses"":[""multiple regression analysis""]}]}"
technical	しきゅうないまくがん	子宮内膜癌	1851	1851	neologd	https://www.edrdg.org/jmdict/edict_doc.html#entry-2602380-sense-1	lexical-and-confirmed-referents;https://www.edrdg.org/jmdict/edict_doc.html#entry-2602380-sense-1	assistant inspection of pair-bound reading evidence and stored semantic facts; targeted pages for identified problems	Recorded reading/surface pair and category supported by cited facts after rule corrections; not a claim of independent expert review	"{""entities"":[],""lexical"":[{""reading"":""しきゅうないまくがん"",""surface"":""子宮内膜癌"",""categories"":[""technical""],""evidence"":""https://www.edrdg.org/jmdict/edict_doc.html#entry-2602380-sense-1"",""entryId"":""2602380"",""fields"":[""med""],""pos"":[""n""],""version"":""76a91691b63094bf2aedca93cb889c7396945fe961e478f13081d839c9684e0c"",""source"":""JMdict"",""glosses"":[""endometrial cancer""]}]}"
technical	ふろっぷす	FLOPS	1851	1851	neologd	https://www.edrdg.org/jmdict/edict_doc.html#entry-2325550-sense-1	lexical-and-confirmed-referents;https://www.edrdg.org/jmdict/edict_doc.html#entry-2325550-sense-1	assistant inspection of pair-bound reading evidence and stored semantic facts; targeted pages for identified problems	Recorded reading/surface pair and category supported by cited facts after rule corrections; not a claim of independent expert review	"{""entities"":[],""lexical"":[{""reading"":""ふろっぷす"",""surface"":""FLOPS"",""categories"":[""technical""],""evidence"":""https://www.edrdg.org/jmdict/edict_doc.html#entry-2325550-sense-1"",""entryId"":""2325550"",""fields"":[""comp""],""pos"":[""n""],""version"":""76a91691b63094bf2aedca93cb889c7396945fe961e478f13081d839c9684e0c"",""source"":""JMdict"",""glosses"":[""FLOPS"",""floating point operations per second""]}]}"
technical	おすとみー	オストミー	1851	1851	wiki	https://www.edrdg.org/jmdict/edict_doc.html#entry-2843748-sense-1	lexical-and-confirmed-referents;https://www.edrdg.org/jmdict/edict_doc.html#entry-2843748-sense-1	assistant inspection of pair-bound reading evidence and stored semantic facts; targeted pages for identified problems	Recorded reading/surface pair and category supported by cited facts after rule corrections; not a claim of independent expert review	"{""entities"":[],""lexical"":[{""reading"":""おすとみー"",""surface"":""オストミー"",""categories"":[""technical""],""evidence"":""https://www.edrdg.org/jmdict/edict_doc.html#entry-2843748-sense-1"",""entryId"":""2843748"",""fields"":[""med""],""pos"":[""n""],""version"":""76a91691b63094bf2aedca93cb889c7396945fe961e478f13081d839c9684e0c"",""source"":""JMdict"",""glosses"":[""ostomy""]}]}"
technical	たいすうせいきぶんぷ	対数正規分布	1851	1851	common	https://www.edrdg.org/jmdict/edict_doc.html#entry-2827527-sense-1	lexical-and-confirmed-referents;https://www.edrdg.org/jmdict/edict_doc.html#entry-2827527-sense-1	assistant inspection of pair-bound reading evidence and stored semantic facts; targeted pages for identified problems	Recorded reading/surface pair and category supported by cited facts after rule corrections; not a claim of independent expert review	"{""entities"":[],""lexical"":[{""reading"":""たいすうせいきぶんぷ"",""surface"":""対数正規分布"",""categories"":[""technical""],""evidence"":""https://www.edrdg.org/jmdict/edict_doc.html#entry-2827527-sense-1"",""entryId"":""2827527"",""fields"":[""math""],""pos"":[""n""],""version"":""76a91691b63094bf2aedca93cb889c7396945fe961e478f13081d839c9684e0c"",""source"":""JMdict"",""glosses"":[""log-normal distribution"",""lognormal distribution""]}]}"
technical	へんどうけいすう	変動係数	1851	1851	common	https://www.edrdg.org/jmdict/edict_doc.html#entry-2814650-sense-1	lexical-and-confirmed-referents;https://www.edrdg.org/jmdict/edict_doc.html#entry-2814650-sense-1	assistant inspection of pair-bound reading evidence and stored semantic facts; targeted pages for identified problems	Recorded reading/surface pair and category supported by cited facts after rule corrections; not a claim of independent expert review	"{""entities"":[],""lexical"":[{""reading"":""へんどうけいすう"",""surface"":""変動係数"",""categories"":[""technical""],""evidence"":""https://www.edrdg.org/jmdict/edict_doc.html#entry-2814650-sense-1"",""entryId"":""2814650"",""fields"":[""math""],""pos"":[""n""],""version"":""76a91691b63094bf2aedca93cb889c7396945fe961e478f13081d839c9684e0c"",""source"":""JMdict"",""glosses"":[""coefficient of variation"",""variation coefficient""]}]}"
work	とらすといかねぇ	トラストいかねぇ	1851	1851	wiki	orthographic-kana;https://www.wikidata.org/wiki/Q109363374#name	https://www.wikidata.org/wiki/Q109363374	assistant inspection of pair-bound reading evidence and stored semantic facts; targeted pages for identified problems	Recorded reading/surface pair and category supported by cited facts after rule corrections; not a claim of independent expert review	"{""entities"":[{""id"":""Q109363374"",""names"":[""トラストいかねぇ""],""types"":[""Q7725634""],""parents"":[],""readings"":[],""title"":""トラストいかねぇ"",""nameKinds"":{""トラストいかねぇ"":[""label:ja"",""title:jawiki""]},""readingNames"":[""トラストいかねぇ""],""primaryReadings"":[]}],""lexical"":[]}"
work	またいじゅなんきょく	マタイ受難曲	1851	1851	neologd	https://www.edrdg.org/jmdict/edict_doc.html#entry-5742549-sense-1	lexical-and-confirmed-referents;https://www.edrdg.org/jmdict/edict_doc.html#entry-5742549-sense-1	assistant inspection of pair-bound reading evidence and stored semantic facts; targeted pages for identified problems	Recorded reading/surface pair and category supported by cited facts after rule corrections; not a claim of independent expert review	"{""entities"":[],""lexical"":[{""reading"":""またいじゅなんきょく"",""surface"":""マタイ受難曲"",""categories"":[""work""],""evidence"":""https://www.edrdg.org/jmdict/edict_doc.html#entry-5742549-sense-1"",""entryId"":""5742549"",""pos"":[""n""],""version"":""76a91691b63094bf2aedca93cb889c7396945fe961e478f13081d839c9684e0c"",""source"":""JMdict"",""misc"":[""work""],""glosses"":[""St. Matthew Passion (Bach)"",""Matthäuspassion""]}]}"
work	せんちめんたるとれいん	センチメンタルトレイン	1851	1851	common	orthographic-kana;https://www.wikidata.org/wiki/Q55540793#name	https://www.wikidata.org/wiki/Q55540793	assistant inspection of pair-bound reading evidence and stored semantic facts; targeted pages for identified problems	Recorded reading/surface pair and category supported by cited facts after rule corrections; not a claim of independent expert review	"{""entities"":[{""id"":""Q55540793"",""names"":[""センチメンタルトレイン"",""Sentimental Train""],""types"":[""Q134556""],""parents"":[],""readings"":[],""title"":""センチメンタルトレイン"",""nameKinds"":{""センチメンタルトレイン"":[""label:ja"",""title:jawiki""],""Sentimental Train"":[""label:en""]},""readingNames"":[""センチメンタルトレイン""],""primaryReadings"":[]}],""lexical"":[]}"
work	とんちんこぼうず	とんちんこぼうず	1851	1851	common	orthographic-kana;https://www.wikidata.org/wiki/Q11273575#name	https://www.wikidata.org/wiki/Q11273575	assistant inspection of pair-bound reading evidence and stored semantic facts; targeted pages for identified problems	Recorded reading/surface pair and category supported by cited facts after rule corrections; not a claim of independent expert review	"{""entities"":[{""id"":""Q11273575"",""names"":[""とんちんこぼうず""],""types"":[""Q41298""],""parents"":[],""readings"":[],""title"":""とんちんこぼうず"",""nameKinds"":{""とんちんこぼうず"":[""label:ja"",""title:jawiki""]},""readingNames"":[""とんちんこぼうず""],""primaryReadings"":[]}],""lexical"":[]}"
work	ぱわまゆ	ぱわまゆ	1851	1851	common	orthographic-kana;https://www.wikidata.org/wiki/Q11276075#name	https://www.wikidata.org/wiki/Q11276075	assistant inspection of pair-bound reading evidence and stored semantic facts; targeted pages for identified problems	Recorded reading/surface pair and category supported by cited facts after rule corrections; not a claim of independent expert review	"{""entities"":[{""id"":""Q11276075"",""names"":[""ぱわまゆ""],""types"":[""Q21198342""],""parents"":[],""readings"":[],""title"":""ぱわまゆ"",""nameKinds"":{""ぱわまゆ"":[""label:ja"",""title:jawiki""]},""readingNames"":[""ぱわまゆ""],""primaryReadings"":[]}],""lexical"":[]}"
work	おおかみによろしく	オオカミによろしく	1851	1851	common	orthographic-kana;https://www.wikidata.org/wiki/Q18700815#name	https://www.wikidata.org/wiki/Q18700815	assistant inspection of pair-bound reading evidence and stored semantic facts; targeted pages for identified problems	Recorded reading/surface pair and category supported by cited facts after rule corrections; not a claim of independent expert review	"{""entities"":[{""id"":""Q18700815"",""names"":[""オオカミによろしく"",""Thank you to a wolf""],""types"":[""Q11424""],""parents"":[],""readings"":[],""title"":""オオカミによろしく"",""nameKinds"":{""オオカミによろしく"":[""label:ja"",""title:jawiki""],""Thank you to a wolf"":[""label:en""]},""readingNames"":[""オオカミによろしく""],""primaryReadings"":[]}],""lexical"":[]}"
work	かわうそふぁみりー	かわうそファミリー	1851	1851	common	orthographic-kana;https://www.wikidata.org/wiki/Q689897#name	https://www.wikidata.org/wiki/Q689897	assistant inspection of pair-bound reading evidence and stored semantic facts; targeted pages for identified problems	Recorded reading/surface pair and category supported by cited facts after rule corrections; not a claim of independent expert review	"{""entities"":[{""id"":""Q689897"",""names"":[""PB&J Otter"",""かわうそファミリー""],""types"":[""Q117467246""],""parents"":[],""readings"":[],""title"":""かわうそファミリー"",""nameKinds"":{""PB&J Otter"":[""label:en""],""かわうそファミリー"":[""label:ja"",""title:jawiki""]},""readingNames"":[""かわうそファミリー""],""primaryReadings"":[]}],""lexical"":[]}"
work	くぉーす	クォース	1851	1851	common	orthographic-kana;https://www.wikidata.org/wiki/Q1098202#name	https://www.wikidata.org/wiki/Q1098202	assistant inspection of pair-bound reading evidence and stored semantic facts; targeted pages for identified problems	Recorded reading/surface pair and category supported by cited facts after rule corrections; not a claim of independent expert review	"{""entities"":[{""id"":""Q1098202"",""names"":[""クォース"",""Block Hole"",""Quarth"",""Arcade Archives: Quarth""],""types"":[""Q7889""],""parents"":[],""readings"":[],""title"":""クォース"",""nameKinds"":{""クォース"":[""label:ja"",""title:jawiki""],""Block Hole"":[""label:en""],""Quarth"":[""alias:en""],""Arcade Archives: Quarth"":[""alias:en""]},""readingNames"":[""クォース""],""primaryReadings"":[]}],""lexical"":[]}"
work	らいふすこーる	ライフスコール	1851	1851	wiki	orthographic-kana;https://www.wikidata.org/wiki/Q109603997#name	https://www.wikidata.org/wiki/Q109603997	assistant inspection of pair-bound reading evidence and stored semantic facts; targeted pages for identified problems	Recorded reading/surface pair and category supported by cited facts after rule corrections; not a claim of independent expert review	"{""entities"":[{""id"":""Q109603997"",""names"":[""ライフスコール""],""types"":[""Q134556""],""parents"":[],""readings"":[],""title"":""ライフスコール"",""nameKinds"":{""ライフスコール"":[""label:ja"",""title:jawiki""]},""readingNames"":[""ライフスコール""],""primaryReadings"":[]}],""lexical"":[]}"
work	うらももーい	ウラモモーイ	1851	1851	common	orthographic-kana;https://www.wikidata.org/wiki/Q11289137#name	https://www.wikidata.org/wiki/Q11289137	assistant inspection of pair-bound reading evidence and stored semantic facts; targeted pages for identified problems	Recorded reading/surface pair and category supported by cited facts after rule corrections; not a claim of independent expert review	"{""entities"":[{""id"":""Q11289137"",""names"":[""ウラモモーイ""],""types"":[""Q1555508""],""parents"":[],""readings"":[],""title"":""ウラモモーイ"",""nameKinds"":{""ウラモモーイ"":[""label:ja"",""title:jawiki""]},""readingNames"":[""ウラモモーイ""],""primaryReadings"":[]}],""lexical"":[]}"
work	さむらいふらめんこ	サムライフラメンコ	1851	1851	common	orthographic-kana;https://www.wikidata.org/wiki/Q15058056#name	https://www.wikidata.org/wiki/Q15058056	assistant inspection of pair-bound reading evidence and stored semantic facts; targeted pages for identified problems	Recorded reading/surface pair and category supported by cited facts after rule corrections; not a claim of independent expert review	"{""entities"":[{""id"":""Q15058056"",""names"":[""Samurai Flamenco"",""サムライフラメンコ""],""types"":[""Q63952888""],""parents"":[],""readings"":[],""title"":""サムライフラメンコ"",""nameKinds"":{""Samurai Flamenco"":[""label:en""],""サムライフラメンコ"":[""label:ja"",""title:jawiki""]},""readingNames"":[""サムライフラメンコ""],""primaryReadings"":[]}],""lexical"":[]}"
work	すりぬけあなとうす	すりぬけアナトウス	1851	1851	common	orthographic-kana;https://www.wikidata.org/wiki/Q6395598#name	https://www.wikidata.org/wiki/Q6395598	assistant inspection of pair-bound reading evidence and stored semantic facts; targeted pages for identified problems	Recorded reading/surface pair and category supported by cited facts after rule corrections; not a claim of independent expert review	"{""entities"":[{""id"":""Q6395598"",""names"":[""Ketzal's Corridors"",""すりぬけアナトウス"",""疾走すりぬけ アナトウス""],""types"":[""Q7889""],""parents"":[],""readings"":[],""title"":""すりぬけアナトウス"",""nameKinds"":{""Ketzal's Corridors"":[""label:en""],""すりぬけアナトウス"":[""label:ja"",""title:jawiki""],""疾走すりぬけ アナトウス"":[""alias:ja""]},""readingNames"":[""すりぬけアナトウス""],""primaryReadings"":[]}],""lexical"":[]}"
work	あらさーちゃん	アラサーちゃん	1851	1851	common	orthographic-kana;https://www.wikidata.org/wiki/Q17191915#name	https://www.wikidata.org/wiki/Q17191915	assistant inspection of pair-bound reading evidence and stored semantic facts; targeted pages for identified problems	Recorded reading/surface pair and category supported by cited facts after rule corrections; not a claim of independent expert review	"{""entities"":[{""id"":""Q17191915"",""names"":[""アラサーちゃん"",""Arasā-chan"",""Around 30 Chan""],""types"":[""Q21198342""],""parents"":[],""readings"":[],""title"":""アラサーちゃん"",""nameKinds"":{""アラサーちゃん"":[""label:ja"",""title:jawiki""],""Arasā-chan"":[""label:en""],""Around 30 Chan"":[""alias:en"",""alias:ja""]},""readingNames"":[""アラサーちゃん""],""primaryReadings"":[]}],""lexical"":[]}"
work	せっちゃん	セッちゃん	1851	1851	common	orthographic-kana;https://www.wikidata.org/wiki/Q60997454#name	https://www.wikidata.org/wiki/Q60997454	assistant inspection of pair-bound reading evidence and stored semantic facts; targeted pages for identified problems	Recorded reading/surface pair and category supported by cited facts after rule corrections; not a claim of independent expert review	"{""entities"":[{""id"":""Q60997454"",""names"":[""セッちゃん""],""types"":[""Q21198342""],""parents"":[],""readings"":[],""title"":""セッちゃん"",""nameKinds"":{""セッちゃん"":[""label:ja"",""title:jawiki""]},""readingNames"":[""セッちゃん""],""primaryReadings"":[]}],""lexical"":[]}"
work	ままはにゅーはーふ	ママはニューハーフ	1851	1851	common	orthographic-kana;https://www.wikidata.org/wiki/Q11340854#name	https://www.wikidata.org/wiki/Q11340854	assistant inspection of pair-bound reading evidence and stored semantic facts; targeted pages for identified problems	Recorded reading/surface pair and category supported by cited facts after rule corrections; not a claim of independent expert review	"{""entities"":[{""id"":""Q11340854"",""names"":[""ママはニューハーフ""],""types"":[""Q5398426""],""parents"":[],""readings"":[],""title"":""ママはニューハーフ"",""nameKinds"":{""ママはニューハーフ"":[""label:ja"",""title:jawiki""]},""readingNames"":[""ママはニューハーフ""],""primaryReadings"":[]}],""lexical"":[]}"
work	いんふぇすていしょん	インフェステイション	1851	1851	common	orthographic-kana;https://www.wikidata.org/wiki/Q3798552#name	https://www.wikidata.org/wiki/Q3798552	assistant inspection of pair-bound reading evidence and stored semantic facts; targeted pages for identified problems	Recorded reading/surface pair and category supported by cited facts after rule corrections; not a claim of independent expert review	"{""entities"":[{""id"":""Q3798552"",""names"":[""Infestation"",""インフェステイション""],""types"":[""Q482994""],""parents"":[],""readings"":[],""title"":""インフェステイション"",""nameKinds"":{""Infestation"":[""label:en""],""インフェステイション"":[""label:ja"",""title:jawiki""]},""readingNames"":[""インフェステイション""],""primaryReadings"":[]}],""lexical"":[]}"
work	かぐやのまにまに	かぐやのまにまに	1851	1851	common	orthographic-kana;https://www.wikidata.org/wiki/Q11263615#name	https://www.wikidata.org/wiki/Q11263615	assistant inspection of pair-bound reading evidence and stored semantic facts; targeted pages for identified problems	Recorded reading/surface pair and category supported by cited facts after rule corrections; not a claim of independent expert review	"{""entities"":[{""id"":""Q11263615"",""names"":[""かぐやのまにまに""],""types"":[""Q21198342""],""parents"":[],""readings"":[],""title"":""かぐやのまにまに"",""nameKinds"":{""かぐやのまにまに"":[""label:ja"",""title:jawiki""]},""readingNames"":[""かぐやのまにまに""],""primaryReadings"":[]}],""lexical"":[]}"
work	ぼくらなら	ぼくらなら	1851	1851	common	orthographic-kana;https://www.wikidata.org/wiki/Q11277992#name	https://www.wikidata.org/wiki/Q11277992	assistant inspection of pair-bound reading evidence and stored semantic facts; targeted pages for identified problems	Recorded reading/surface pair and category supported by cited facts after rule corrections; not a claim of independent expert review	"{""entities"":[{""id"":""Q11277992"",""names"":[""ぼくらなら""],""types"":[""Q134556""],""parents"":[],""readings"":[],""title"":""ぼくらなら"",""nameKinds"":{""ぼくらなら"":[""label:ja"",""title:jawiki""]},""readingNames"":[""ぼくらなら""],""primaryReadings"":[]}],""lexical"":[]}"
work	おてんばるる	おてんばルル	1851	1851	common	orthographic-kana;https://www.wikidata.org/wiki/Q3213803#name	https://www.wikidata.org/wiki/Q3213803	assistant inspection of pair-bound reading evidence and stored semantic facts; targeted pages for identified problems	Recorded reading/surface pair and category supported by cited facts after rule corrections; not a claim of independent expert review	"{""entities"":[{""id"":""Q3213803"",""names"":[""おてんばルル""],""types"":[""Q14406742""],""parents"":[],""readings"":[],""title"":""おてんばルル"",""nameKinds"":{""おてんばルル"":[""label:ja"",""title:jawiki""]},""readingNames"":[""おてんばルル""],""primaryReadings"":[]}],""lexical"":[]}"
work	つらつらわらじ	つらつらわらじ	1851	1851	common	orthographic-kana;https://www.wikidata.org/wiki/Q11272525#name	https://www.wikidata.org/wiki/Q11272525	assistant inspection of pair-bound reading evidence and stored semantic facts; targeted pages for identified problems	Recorded reading/surface pair and category supported by cited facts after rule corrections; not a claim of independent expert review	"{""entities"":[{""id"":""Q11272525"",""names"":[""つらつらわらじ""],""types"":[""Q21198342""],""parents"":[],""readings"":[],""title"":""つらつらわらじ"",""nameKinds"":{""つらつらわらじ"":[""label:ja"",""title:jawiki""]},""readingNames"":[""つらつらわらじ""],""primaryReadings"":[]}],""lexical"":[]}"
work	にほんさんだいじつろく	日本三代実録	1851	1851	common	https://www.edrdg.org/jmdict/edict_doc.html#entry-2248830-sense-1	https://www.wikidata.org/wiki/Q1052981#P31;reading:independent-pair;categories:work;lexical-and-confirmed-referents;https://www.edrdg.org/jmdict/edict_doc.html#entry-2248830-sense-1	assistant inspection of pair-bound reading evidence and stored semantic facts; targeted pages for identified problems	Recorded reading/surface pair and category supported by cited facts after rule corrections; not a claim of independent expert review	"{""entities"":[{""id"":""Q1052981"",""names"":[""日本三代実録"",""Nihon Sandai Jitsuroku"",""三代実録"",""Nihon sandai jitsuroku"",""にほんさんだいじつろく"",""三代實錄"",""The True History of Three Reigns of Japan"",""True History of Three Reigns of Japan"",""The Veritable Record of Three Generations of Emperors of Japan True History of Three Reigns of Japan"",""Veritable Record of Three Generations of Emperors of Japan True History of Three Reigns of Japan"",""日本三代實錄""],""types"":[""Q7725634"",""Q1517777"",""Q47461344""],""parents"":[],""readings"":[],""title"":""日本三代実録"",""nameKinds"":{""日本三代実録"":[""label:ja"",""title:jawiki""],""Nihon Sandai Jitsuroku"":[""label:en""],""三代実録"":[""alias:ja""],""Nihon sandai jitsuroku"":[""alias:ja""],""にほんさんだいじつろく"":[""alias:ja""],""三代實錄"":[""alias:ja""],""The True History of Three Reigns of Japan"":[""alias:en""],""True History of Three Reigns of Japan"":[""alias:en""],""The Veritable Record of Three Generations of Emperors of Japan True History of Three Reigns of Japan"":[""alias:en""],""Veritable Record of Three Generations of Emperors of Japan True History of Three Reigns of Japan"":[""alias:en""]},""readingNames"":[""日本三代実録""],""primaryReadings"":[]}],""lexical"":[{""reading"":""にほんさんだいじつろく"",""surface"":""日本三代実録"",""categories"":[""work""],""evidence"":""https://www.edrdg.org/jmdict/edict_doc.html#entry-2248830-sense-1"",""entryId"":""2248830"",""pos"":[""n""],""version"":""76a91691b63094bf2aedca93cb889c7396945fe961e478f13081d839c9684e0c"",""source"":""JMdict"",""glosses"":[""Nihon Sandai Jitsuroku (sixth of the six classical Japanese history texts)""]}]}"
work	しこうはげんじつかする	思考は現実化する	1851	1851	wiki	https://www.edrdg.org/jmdict/edict_doc.html#entry-5741582-sense-1	https://www.wikidata.org/wiki/Q1187907#P31;reading:independent-pair;categories:work;lexical-and-confirmed-referents;https://www.edrdg.org/jmdict/edict_doc.html#entry-5741582-sense-1	assistant inspection of pair-bound reading evidence and stored semantic facts; targeted pages for identified problems	Recorded reading/surface pair and category supported by cited facts after rule corrections; not a claim of independent expert review	"{""entities"":[{""id"":""Q1187907"",""names"":[""Think and Grow Rich"",""思考は現実化する"",""頭を使って豊かになれ""],""types"":[""Q7725634""],""parents"":[],""readings"":[],""title"":""思考は現実化する"",""nameKinds"":{""Think and Grow Rich"":[""label:en""],""思考は現実化する"":[""label:ja"",""title:jawiki""],""頭を使って豊かになれ"":[""alias:ja""]},""readingNames"":[""思考は現実化する""],""primaryReadings"":[]}],""lexical"":[{""reading"":""しこうはげんじつかする"",""surface"":""思考は現実化する"",""categories"":[""work""],""evidence"":""https://www.edrdg.org/jmdict/edict_doc.html#entry-5741582-sense-1"",""entryId"":""5741582"",""pos"":[""n""],""version"":""76a91691b63094bf2aedca93cb889c7396945fe961e478f13081d839c9684e0c"",""source"":""JMdict"",""misc"":[""work""],""glosses"":[""Think and Grow Rich (1937 book by Napoleon Hill)""]}]}"
work	てけてけまいはーと	てけてけマイハート	1851	1851	common	orthographic-kana;https://www.wikidata.org/wiki/Q22125782#name	https://www.wikidata.org/wiki/Q22125782	assistant inspection of pair-bound reading evidence and stored semantic facts; targeted pages for identified problems	Recorded reading/surface pair and category supported by cited facts after rule corrections; not a claim of independent expert review	"{""entities"":[{""id"":""Q22125782"",""names"":[""てけてけマイハート""],""types"":[""Q21198342""],""parents"":[],""readings"":[],""title"":""てけてけマイハート"",""nameKinds"":{""てけてけマイハート"":[""label:ja"",""title:jawiki""]},""readingNames"":[""てけてけマイハート""],""primaryReadings"":[]}],""lexical"":[]}"
work	えがおのおくりもの	えがおのおくりもの	1851	1851	wiki	orthographic-kana;https://www.wikidata.org/wiki/Q136246084#name	https://www.wikidata.org/wiki/Q136246084	assistant inspection of pair-bound reading evidence and stored semantic facts; targeted pages for identified problems	Recorded reading/surface pair and category supported by cited facts after rule corrections; not a claim of independent expert review	"{""entities"":[{""id"":""Q136246084"",""names"":[""えがおのおくりもの""],""types"":[""Q482994""],""parents"":[],""readings"":[],""title"":""えがおのおくりもの"",""nameKinds"":{""えがおのおくりもの"":[""label:ja"",""title:jawiki""]},""readingNames"":[""えがおのおくりもの""],""primaryReadings"":[]}],""lexical"":[]}"
work	きつねのはなし	きつねのはなし	1851	1851	common	orthographic-kana;https://www.wikidata.org/wiki/Q11264871#name	https://www.wikidata.org/wiki/Q11264871	assistant inspection of pair-bound reading evidence and stored semantic facts; targeted pages for identified problems	Recorded reading/surface pair and category supported by cited facts after rule corrections; not a claim of independent expert review	"{""entities"":[{""id"":""Q11264871"",""names"":[""きつねのはなし""],""types"":[""Q7725634""],""parents"":[],""readings"":[],""title"":""きつねのはなし"",""nameKinds"":{""きつねのはなし"":[""label:ja"",""title:jawiki""]},""readingNames"":[""きつねのはなし""],""primaryReadings"":[]}],""lexical"":[]}"
work	すろぉもぉしょん	すろぉもぉしょん	1851	1851	wiki	orthographic-kana;https://www.wikidata.org/wiki/Q131274040#name	https://www.wikidata.org/wiki/Q131274040	assistant inspection of pair-bound reading evidence and stored semantic facts; targeted pages for identified problems	Recorded reading/surface pair and category supported by cited facts after rule corrections; not a claim of independent expert review	"{""entities"":[{""id"":""Q131274040"",""names"":[""すろぉもぉしょん"",""SLoWMoTIoN""],""types"":[""Q134556""],""parents"":[],""readings"":[],""title"":""すろぉもぉしょん"",""nameKinds"":{""すろぉもぉしょん"":[""label:ja"",""title:jawiki""],""SLoWMoTIoN"":[""label:en""]},""readingNames"":[""すろぉもぉしょん""],""primaryReadings"":[]}],""lexical"":[]}"
work	にゅーよえこ	ニューヨエコ	1851	1851	wiki	orthographic-kana;https://www.wikidata.org/wiki/Q122790467#name	https://www.wikidata.org/wiki/Q122790467	assistant inspection of pair-bound reading evidence and stored semantic facts; targeted pages for identified problems	Recorded reading/surface pair and category supported by cited facts after rule corrections; not a claim of independent expert review	"{""entities"":[{""id"":""Q122790467"",""names"":[""ニューヨエコ"",""New Yoeko""],""types"":[""Q482994""],""parents"":[],""readings"":[],""title"":""ニューヨエコ"",""nameKinds"":{""ニューヨエコ"":[""label:ja"",""title:jawiki""],""New Yoeko"":[""label:en""]},""readingNames"":[""ニューヨエコ""],""primaryReadings"":[]}],""lexical"":[]}"
work	おうちがいちばん	おうちがいちばん	1851	1851	common	orthographic-kana;https://www.wikidata.org/wiki/Q11261199#name	https://www.wikidata.org/wiki/Q11261199	assistant inspection of pair-bound reading evidence and stored semantic facts; targeted pages for identified problems	Recorded reading/surface pair and category supported by cited facts after rule corrections; not a claim of independent expert review	"{""entities"":[{""id"":""Q11261199"",""names"":[""おうちがいちばん""],""types"":[""Q21198342""],""parents"":[],""readings"":[],""title"":""おうちがいちばん"",""nameKinds"":{""おうちがいちばん"":[""label:ja"",""title:jawiki""]},""readingNames"":[""おうちがいちばん""],""primaryReadings"":[]}],""lexical"":[]}"
work	ふしぎなくすり	ふしぎなくすり	1851	1851	neologd	orthographic-kana;https://www.wikidata.org/wiki/Q4449763#name	https://www.wikidata.org/wiki/Q4449763	assistant inspection of pair-bound reading evidence and stored semantic facts; targeted pages for identified problems	Recorded reading/surface pair and category supported by cited facts after rule corrections; not a claim of independent expert review	"{""entities"":[{""id"":""Q4449763"",""names"":[""Fushigina Kusuri"",""ふしぎなくすり"",""The Mysterious Medicine""],""types"":[""Q202866"",""Q11424""],""parents"":[],""readings"":[],""nameKinds"":{""Fushigina Kusuri"":[""label:en""],""ふしぎなくすり"":[""label:ja""],""The Mysterious Medicine"":[""alias:en""]},""readingNames"":[""ふしぎなくすり""],""primaryReadings"":[]}],""lexical"":[]}"
work	ひとつになりたい	ヒトツニナリタイ	1851	1851	common	orthographic-kana;https://www.wikidata.org/wiki/Q22125666#name	https://www.wikidata.org/wiki/Q22125666	assistant inspection of pair-bound reading evidence and stored semantic facts; targeted pages for identified problems	Recorded reading/surface pair and category supported by cited facts after rule corrections; not a claim of independent expert review	"{""entities"":[{""id"":""Q22125666"",""names"":[""ヒトツニナリタイ""],""types"":[""Q134556""],""parents"":[],""readings"":[],""title"":""ヒトツニナリタイ"",""nameKinds"":{""ヒトツニナリタイ"":[""label:ja"",""title:jawiki""]},""readingNames"":[""ヒトツニナリタイ""],""primaryReadings"":[]}],""lexical"":[]}"
work	まじかるめでぃかる	まじかるめでぃかる	1851	1851	common	orthographic-kana;https://www.wikidata.org/wiki/Q11278251#name	https://www.wikidata.org/wiki/Q11278251	assistant inspection of pair-bound reading evidence and stored semantic facts; targeted pages for identified problems	Recorded reading/surface pair and category supported by cited facts after rule corrections; not a claim of independent expert review	"{""entities"":[{""id"":""Q11278251"",""names"":[""まじかるめでぃかる""],""types"":[""Q7889""],""parents"":[],""readings"":[],""title"":""まじかるめでぃかる"",""nameKinds"":{""まじかるめでぃかる"":[""label:ja"",""title:jawiki""]},""readingNames"":[""まじかるめでぃかる""],""primaryReadings"":[]}],""lexical"":[]}"
work	あきはぎじょう	秋萩帖	1851	1851	common	https://www.edrdg.org/jmdict/edict_doc.html#entry-5741213-sense-1	https://www.wikidata.org/wiki/Q11595807#P31;reading:independent-pair;categories:work;lexical-and-confirmed-referents;https://www.edrdg.org/jmdict/edict_doc.html#entry-5741213-sense-1	assistant inspection of pair-bound reading evidence and stored semantic facts; targeted pages for identified problems	Recorded reading/surface pair and category supported by cited facts after rule corrections; not a claim of independent expert review	"{""entities"":[{""id"":""Q11595807"",""names"":[""秋萩帖"",""Akihagi-jō"",""Autumn Bush Clover Scroll""],""types"":[""Q107026784"",""Q22669850""],""parents"":[],""readings"":[],""title"":""秋萩帖"",""nameKinds"":{""秋萩帖"":[""label:ja"",""title:jawiki""],""Akihagi-jō"":[""label:en""],""Autumn Bush Clover Scroll"":[""alias:en""]},""readingNames"":[""秋萩帖""],""primaryReadings"":[]}],""lexical"":[{""reading"":""あきはぎじょう"",""surface"":""秋萩帖"",""categories"":[""work""],""evidence"":""https://www.edrdg.org/jmdict/edict_doc.html#entry-5741213-sense-1"",""entryId"":""5741213"",""pos"":[""n""],""version"":""76a91691b63094bf2aedca93cb889c7396945fe961e478f13081d839c9684e0c"",""source"":""JMdict"",""misc"":[""work""],""glosses"":[""Akihagijō (10C poem by Ono Michikaze, regarded as the first hiragana text)""]}]}"
work	はなしかわって	はなしかわって	1851	1851	common	https://www.edrdg.org/jmdict/edict_doc.html#entry-2609360-sense-1	https://www.wikidata.org/wiki/Q6804107	assistant inspection of pair-bound reading evidence and stored semantic facts; targeted pages for identified problems	Recorded reading/surface pair and category supported by cited facts after rule corrections; not a claim of independent expert review	"{""entities"":[{""id"":""Q6804107"",""names"":[""Meanwhile"",""はなしかわって""],""types"":[""Q11424""],""parents"":[],""readings"":[],""title"":""はなしかわって"",""nameKinds"":{""Meanwhile"":[""label:en""],""はなしかわって"":[""label:ja"",""title:jawiki""]},""readingNames"":[""はなしかわって""],""primaryReadings"":[]}],""lexical"":[{""reading"":""はなしかわって"",""surface"":""はなしかわって"",""categories"":[],""evidence"":""https://www.edrdg.org/jmdict/edict_doc.html#entry-2609360-sense-1"",""entryId"":""2609360"",""pos"":[""exp""],""version"":""76a91691b63094bf2aedca93cb889c7396945fe961e478f13081d839c9684e0c"",""source"":""JMdict"",""glosses"":[""meanwhile"",""in the meantime"",""on the other hand""]}]}"
work	ひとすじになれない	ひとすじになれない	1851	1851	common	orthographic-kana;https://www.wikidata.org/wiki/Q11276287#name	https://www.wikidata.org/wiki/Q11276287	assistant inspection of pair-bound reading evidence and stored semantic facts; targeted pages for identified problems	Recorded reading/surface pair and category supported by cited facts after rule corrections; not a claim of independent expert review	"{""entities"":[{""id"":""Q11276287"",""names"":[""ひとすじになれない""],""types"":[""Q134556""],""parents"":[],""readings"":[],""title"":""ひとすじになれない"",""nameKinds"":{""ひとすじになれない"":[""label:ja"",""title:jawiki""]},""readingNames"":[""ひとすじになれない""],""primaryReadings"":[]}],""lexical"":[]}"
work	いじめてくん	いじめてくん	1851	1851	common	orthographic-kana;https://www.wikidata.org/wiki/Q11259235#name	https://www.wikidata.org/wiki/Q11259235	assistant inspection of pair-bound reading evidence and stored semantic facts; targeted pages for identified problems	Recorded reading/surface pair and category supported by cited facts after rule corrections; not a claim of independent expert review	"{""entities"":[{""id"":""Q11259235"",""names"":[""いじめてくん""],""types"":[""Q21198342""],""parents"":[],""readings"":[],""title"":""いじめてくん"",""nameKinds"":{""いじめてくん"":[""label:ja"",""title:jawiki""]},""readingNames"":[""いじめてくん""],""primaryReadings"":[]}],""lexical"":[]}"
work	しんろん	新論	1851	1851	common	https://www.edrdg.org/jmdict/edict_doc.html#entry-2058050-sense-1	https://www.wikidata.org/wiki/Q24887502#P31;reading:independent-pair;categories:work;lexical-and-confirmed-referents;https://www.edrdg.org/jmdict/edict_doc.html#entry-2058050-sense-1	assistant inspection of pair-bound reading evidence and stored semantic facts; targeted pages for identified problems	Recorded reading/surface pair and category supported by cited facts after rule corrections; not a claim of independent expert review	"{""entities"":[{""id"":""Q24887502"",""names"":[""新論"",""Shinron""],""types"":[""Q7725634""],""parents"":[],""readings"":[],""title"":""新論"",""nameKinds"":{""新論"":[""label:ja"",""title:jawiki""],""Shinron"":[""label:en""]},""readingNames"":[""新論""],""primaryReadings"":[]}],""lexical"":[{""reading"":""しんろん"",""surface"":""新論"",""categories"":[""general""],""evidence"":""https://www.edrdg.org/jmdict/edict_doc.html#entry-2058050-sense-1"",""entryId"":""2058050"",""pos"":[""n""],""version"":""76a91691b63094bf2aedca93cb889c7396945fe961e478f13081d839c9684e0c"",""source"":""JMdict"",""glosses"":[""new argument"",""new theory"",""new thesis"",""new debate""]}]}"
work	のーきーとおともだち	ノーキーとおともだち	1851	1851	common	orthographic-kana;https://www.wikidata.org/wiki/Q3360242#name	https://www.wikidata.org/wiki/Q3360242	assistant inspection of pair-bound reading evidence and stored semantic facts; targeted pages for identified problems	Recorded reading/surface pair and category supported by cited facts after rule corrections; not a claim of independent expert review	"{""entities"":[{""id"":""Q3360242"",""names"":[""ノーキーとおともだち"",""Paco, Nouky et Lola""],""types"":[""Q117467246""],""parents"":[],""readings"":[],""title"":""ノーキーとおともだち"",""nameKinds"":{""ノーキーとおともだち"":[""label:ja"",""title:jawiki""],""Paco, Nouky et Lola"":[""label:en""]},""readingNames"":[""ノーキーとおともだち""],""primaryReadings"":[]}],""lexical"":[]}"
work	ぴあの	ぴあの	1851	1851	person	orthographic-kana;https://www.wikidata.org/wiki/Q11276882#name	https://www.wikidata.org/wiki/Q11276882	assistant inspection of pair-bound reading evidence and stored semantic facts; targeted pages for identified problems	Recorded reading/surface pair and category supported by cited facts after rule corrections; not a claim of independent expert review	"{""entities"":[{""id"":""Q11276882"",""names"":[""ぴあの""],""types"":[""Q5398426""],""parents"":[],""readings"":[],""title"":""ぴあの"",""nameKinds"":{""ぴあの"":[""label:ja"",""title:jawiki""]},""readingNames"":[""ぴあの""],""primaryReadings"":[]}],""lexical"":[]}"
work	くらいむふぁみりー	クライムファミリー	1851	1851	wiki	orthographic-kana;https://www.wikidata.org/wiki/Q118143735#name	https://www.wikidata.org/wiki/Q118143735	assistant inspection of pair-bound reading evidence and stored semantic facts; targeted pages for identified problems	Recorded reading/surface pair and category supported by cited facts after rule corrections; not a claim of independent expert review	"{""entities"":[{""id"":""Q118143735"",""names"":[""クライムファミリー""],""types"":[""Q5398426""],""parents"":[],""readings"":[],""title"":""クライムファミリー"",""nameKinds"":{""クライムファミリー"":[""label:ja"",""title:jawiki""]},""readingNames"":[""クライムファミリー""],""primaryReadings"":[]}],""lexical"":[]}"
work	あるちぇすて	アルチェステ	1851	1851	common	orthographic-kana;https://www.wikidata.org/wiki/Q1046495#name	https://www.wikidata.org/wiki/Q1046495	assistant inspection of pair-bound reading evidence and stored semantic facts; targeted pages for identified problems	Recorded reading/surface pair and category supported by cited facts after rule corrections; not a claim of independent expert review	"{""entities"":[{""id"":""Q1046495"",""names"":[""Alceste"",""アルチェステ"",""アルチェステ (グルック)"",""グルック：アルチェステ""],""types"":[""Q58483083""],""parents"":[],""readings"":[],""title"":""アルチェステ"",""nameKinds"":{""Alceste"":[""label:en""],""アルチェステ"":[""label:ja"",""title:jawiki""],""アルチェステ (グルック)"":[""alias:ja""],""グルック：アルチェステ"":[""alias:ja""]},""readingNames"":[""アルチェステ""],""primaryReadings"":[]}],""lexical"":[]}"
work	てんぐだおし	天狗倒し	1851	1851	wiki	https://www.edrdg.org/jmdict/edict_doc.html#entry-2835805-sense-1	https://www.wikidata.org/wiki/Q120335264#P31;reading:independent-pair;categories:work;lexical-and-confirmed-referents;https://www.edrdg.org/jmdict/edict_doc.html#entry-2835805-sense-1	assistant inspection of pair-bound reading evidence and stored semantic facts; targeted pages for identified problems	Recorded reading/surface pair and category supported by cited facts after rule corrections; not a claim of independent expert review	"{""entities"":[{""id"":""Q120335264"",""names"":[""天狗倒し"",""Tengudaoshi"",""天狗倒し (映画)""],""types"":[""Q11424""],""parents"":[],""readings"":[],""title"":""天狗倒し (映画)"",""nameKinds"":{""天狗倒し"":[""label:ja""],""Tengudaoshi"":[""alias:en""],""天狗倒し (映画)"":[""title:jawiki""]},""readingNames"":[""天狗倒し""],""primaryReadings"":[]}],""lexical"":[{""reading"":""てんぐだおし"",""surface"":""天狗倒し"",""categories"":[""general""],""evidence"":""https://www.edrdg.org/jmdict/edict_doc.html#entry-2835805-sense-1"",""entryId"":""2835805"",""pos"":[""n""],""version"":""76a91691b63094bf2aedca93cb889c7396945fe961e478f13081d839c9684e0c"",""source"":""JMdict"",""glosses"":[""large sound of unknown source heard on a forested mountain""]}]}"
work	こいじばし	こいじばし	1851	1851	common	orthographic-kana;https://www.wikidata.org/wiki/Q17990906#name	https://www.wikidata.org/wiki/Q17990906	assistant inspection of pair-bound reading evidence and stored semantic facts; targeted pages for identified problems	Recorded reading/surface pair and category supported by cited facts after rule corrections; not a claim of independent expert review	"{""entities"":[{""id"":""Q17990906"",""names"":[""こいじばし""],""types"":[""Q7889""],""parents"":[],""readings"":[],""title"":""こいじばし"",""nameKinds"":{""こいじばし"":[""label:ja"",""title:jawiki""]},""readingNames"":[""こいじばし""],""primaryReadings"":[]}],""lexical"":[]}"
work	うるとらわんちゃん	ウルトラわんちゃん	1851	1851	common	orthographic-kana;https://www.wikidata.org/wiki/Q1031065#name	https://www.wikidata.org/wiki/Q1031065	assistant inspection of pair-bound reading evidence and stored semantic facts; targeted pages for identified problems	Recorded reading/surface pair and category supported by cited facts after rule corrections; not a claim of independent expert review	"{""entities"":[{""id"":""Q1031065"",""names"":[""ウルトラわんちゃん"",""Underdog"",""アンダードッグ ショー""],""types"":[""Q117467246""],""parents"":[],""readings"":[],""title"":""ウルトラわんちゃん"",""nameKinds"":{""ウルトラわんちゃん"":[""label:ja"",""title:jawiki""],""Underdog"":[""label:en""],""アンダードッグ ショー"":[""alias:ja""]},""readingNames"":[""ウルトラわんちゃん""],""primaryReadings"":[]}],""lexical"":[]}"
work	みわさんなりすます	ミワさんなりすます	1851	1851	wiki	orthographic-kana;https://www.wikidata.org/wiki/Q118150957#name	https://www.wikidata.org/wiki/Q118150957	assistant inspection of pair-bound reading evidence and stored semantic facts; targeted pages for identified problems	Recorded reading/surface pair and category supported by cited facts after rule corrections; not a claim of independent expert review	"{""entities"":[{""id"":""Q118150957"",""names"":[""ミワさんなりすます"",""Miwa-san Narisumasu"",""The Great Pretender""],""types"":[""Q21198342""],""parents"":[],""readings"":[],""title"":""ミワさんなりすます"",""nameKinds"":{""ミワさんなりすます"":[""label:ja"",""title:jawiki""],""Miwa-san Narisumasu"":[""label:en""],""The Great Pretender"":[""alias:en""]},""readingNames"":[""ミワさんなりすます""],""primaryReadings"":[]}],""lexical"":[]}"
work	あるひはれのひ	アルヒハレノヒ	1851	1851	common	orthographic-kana;https://www.wikidata.org/wiki/Q17192246#name	https://www.wikidata.org/wiki/Q17192246	assistant inspection of pair-bound reading evidence and stored semantic facts; targeted pages for identified problems	Recorded reading/surface pair and category supported by cited facts after rule corrections; not a claim of independent expert review	"{""entities"":[{""id"":""Q17192246"",""names"":[""アルヒハレノヒ""],""types"":[""Q482994""],""parents"":[],""readings"":[],""title"":""アルヒハレノヒ"",""nameKinds"":{""アルヒハレノヒ"":[""label:ja"",""title:jawiki""]},""readingNames"":[""アルヒハレノヒ""],""primaryReadings"":[]}],""lexical"":[]}"
work	よめはいむ	よめはいむ	1851	1851	common	orthographic-kana;https://www.wikidata.org/wiki/Q11281219#name	https://www.wikidata.org/wiki/Q11281219	assistant inspection of pair-bound reading evidence and stored semantic facts; targeted pages for identified problems	Recorded reading/surface pair and category supported by cited facts after rule corrections; not a claim of independent expert review	"{""entities"":[{""id"":""Q11281219"",""names"":[""よめはいむ""],""types"":[""Q21198342""],""parents"":[],""readings"":[],""title"":""よめはいむ"",""nameKinds"":{""よめはいむ"":[""label:ja"",""title:jawiki""]},""readingNames"":[""よめはいむ""],""primaryReadings"":[]}],""lexical"":[]}"
work	ひーりおせんとりっく	ヒーリオセントリック	1851	1851	common	orthographic-kana;https://www.wikidata.org/wiki/Q5705463#name	https://www.wikidata.org/wiki/Q5705463	assistant inspection of pair-bound reading evidence and stored semantic facts; targeted pages for identified problems	Recorded reading/surface pair and category supported by cited facts after rule corrections; not a claim of independent expert review	"{""entities"":[{""id"":""Q5705463"",""names"":[""Heliocentric"",""ヒーリオセントリック""],""types"":[""Q482994""],""parents"":[],""readings"":[],""title"":""ヒーリオセントリック"",""nameKinds"":{""Heliocentric"":[""label:en"",""alias:ja""],""ヒーリオセントリック"":[""label:ja"",""title:jawiki""]},""readingNames"":[""ヒーリオセントリック""],""primaryReadings"":[]}],""lexical"":[]}"
work	ちいさなとびら	ちいさなとびら	1851	1851	common	orthographic-kana;https://www.wikidata.org/wiki/Q11271674#name	https://www.wikidata.org/wiki/Q11271674	assistant inspection of pair-bound reading evidence and stored semantic facts; targeted pages for identified problems	Recorded reading/surface pair and category supported by cited facts after rule corrections; not a claim of independent expert review	"{""entities"":[{""id"":""Q11271674"",""names"":[""ちいさなとびら""],""types"":[""Q482994""],""parents"":[],""readings"":[],""title"":""ちいさなとびら"",""nameKinds"":{""ちいさなとびら"":[""label:ja"",""title:jawiki""]},""readingNames"":[""ちいさなとびら""],""primaryReadings"":[]}],""lexical"":[]}"
work	ゆきしたたりほし	ゆきしたたりほし	1851	1851	common	orthographic-kana;https://www.wikidata.org/wiki/Q24872085#name	https://www.wikidata.org/wiki/Q24872085	assistant inspection of pair-bound reading evidence and stored semantic facts; targeted pages for identified problems	Recorded reading/surface pair and category supported by cited facts after rule corrections; not a claim of independent expert review	"{""entities"":[{""id"":""Q24872085"",""names"":[""ゆきしたたりほし""],""types"":[""Q482994""],""parents"":[],""readings"":[],""title"":""ゆきしたたりほし"",""nameKinds"":{""ゆきしたたりほし"":[""label:ja"",""title:jawiki""]},""readingNames"":[""ゆきしたたりほし""],""primaryReadings"":[]}],""lexical"":[]}"
work	じっきんしょう	十訓抄	1851	1851	common	https://www.edrdg.org/jmdict/edict_doc.html#entry-5357476-sense-1	https://www.wikidata.org/wiki/Q11405171#P31;reading:independent-pair;categories:work;lexical-and-confirmed-referents;https://www.edrdg.org/jmdict/edict_doc.html#entry-5357476-sense-1	assistant inspection of pair-bound reading evidence and stored semantic facts; targeted pages for identified problems	Recorded reading/surface pair and category supported by cited facts after rule corrections; not a claim of independent expert review	"{""entities"":[{""id"":""Q11405171"",""names"":[""十訓抄"",""Jikkinshō"",""Jikkunshō""],""types"":[""Q7725634""],""parents"":[],""readings"":[],""title"":""十訓抄"",""nameKinds"":{""十訓抄"":[""label:ja"",""title:jawiki""],""Jikkinshō"":[""label:en""],""Jikkunshō"":[""alias:en""]},""readingNames"":[""十訓抄""],""primaryReadings"":[]}],""lexical"":[{""reading"":""じっきんしょう"",""surface"":""十訓抄"",""categories"":[""work""],""evidence"":""https://www.edrdg.org/jmdict/edict_doc.html#entry-5357476-sense-1"",""entryId"":""5357476"",""pos"":[""n""],""version"":""76a91691b63094bf2aedca93cb889c7396945fe961e478f13081d839c9684e0c"",""source"":""JMdict"",""misc"":[""work""],""glosses"":[""A Miscellany of Ten Maxims (Kamakura period collection of writing)""]}]}"
work	ねっとはい	ネットハイ	1851	1851	common	orthographic-kana;https://www.wikidata.org/wiki/Q22123997#name	https://www.wikidata.org/wiki/Q22123997	assistant inspection of pair-bound reading evidence and stored semantic facts; targeted pages for identified problems	Recorded reading/surface pair and category supported by cited facts after rule corrections; not a claim of independent expert review	"{""entities"":[{""id"":""Q22123997"",""names"":[""ネットハイ"",""Net High""],""types"":[""Q7889""],""parents"":[],""readings"":[],""title"":""ネットハイ"",""nameKinds"":{""ネットハイ"":[""label:ja"",""title:jawiki""],""Net High"":[""label:en""]},""readingNames"":[""ネットハイ""],""primaryReadings"":[]}],""lexical"":[]}"
work	むいと	ムイト	1851	1851	common	orthographic-kana;https://www.wikidata.org/wiki/Q6933278#name	https://www.wikidata.org/wiki/Q6933278	assistant inspection of pair-bound reading evidence and stored semantic facts; targeted pages for identified problems	Recorded reading/surface pair and category supported by cited facts after rule corrections; not a claim of independent expert review	"{""entities"":[{""id"":""Q6933278"",""names"":[""Muito"",""ムイト""],""types"":[""Q482994""],""parents"":[],""readings"":[],""title"":""ムイト"",""nameKinds"":{""Muito"":[""label:en""],""ムイト"":[""label:ja"",""title:jawiki""]},""readingNames"":[""ムイト""],""primaryReadings"":[]}],""lexical"":[]}"
work	ねこにみかん	ねこにみかん	1851	1851	wiki	orthographic-kana;https://www.wikidata.org/wiki/Q120333389#name	https://www.wikidata.org/wiki/Q120333389	assistant inspection of pair-bound reading evidence and stored semantic facts; targeted pages for identified problems	Recorded reading/surface pair and category supported by cited facts after rule corrections; not a claim of independent expert review	"{""entities"":[{""id"":""Q120333389"",""names"":[""ねこにみかん""],""types"":[""Q11424""],""parents"":[],""readings"":[],""title"":""ねこにみかん"",""nameKinds"":{""ねこにみかん"":[""label:ja"",""title:jawiki""]},""readingNames"":[""ねこにみかん""],""primaryReadings"":[]}],""lexical"":[]}"
work	くまといんてり	クマとインテリ	1851	1851	common	orthographic-kana;https://www.wikidata.org/wiki/Q17990592#name	https://www.wikidata.org/wiki/Q17990592	assistant inspection of pair-bound reading evidence and stored semantic facts; targeted pages for identified problems	Recorded reading/surface pair and category supported by cited facts after rule corrections; not a claim of independent expert review	"{""entities"":[{""id"":""Q17990592"",""names"":[""クマとインテリ"",""Kuma to Interi""],""types"":[""Q21198342""],""parents"":[],""readings"":[],""title"":""クマとインテリ"",""nameKinds"":{""クマとインテリ"":[""label:ja"",""title:jawiki""],""Kuma to Interi"":[""label:en""]},""readingNames"":[""クマとインテリ""],""primaryReadings"":[]}],""lexical"":[]}"
work	あっちゃん	アッちゃん	1851	1851	common	orthographic-kana;https://www.wikidata.org/wiki/Q11283750#name	https://www.wikidata.org/wiki/Q11283750	assistant inspection of pair-bound reading evidence and stored semantic facts; targeted pages for identified problems	Recorded reading/surface pair and category supported by cited facts after rule corrections; not a claim of independent expert review	"{""entities"":[{""id"":""Q11283750"",""names"":[""アッちゃん""],""types"":[""Q1555508"",""Q1004""],""parents"":[],""readings"":[],""title"":""アッちゃん"",""nameKinds"":{""アッちゃん"":[""label:ja"",""title:jawiki""]},""readingNames"":[""アッちゃん""],""primaryReadings"":[]}],""lexical"":[]}"
work	うわようじょつよい	うわようじょつよい	1851	1851	common	orthographic-kana;https://www.wikidata.org/wiki/Q86741164#name	https://www.wikidata.org/wiki/Q86741164	assistant inspection of pair-bound reading evidence and stored semantic facts; targeted pages for identified problems	Recorded reading/surface pair and category supported by cited facts after rule corrections; not a claim of independent expert review	"{""entities"":[{""id"":""Q86741164"",""names"":[""うわようじょつよい""],""types"":[""Q21198342""],""parents"":[],""readings"":[],""title"":""うわようじょつよい"",""nameKinds"":{""うわようじょつよい"":[""label:ja"",""title:jawiki""]},""readingNames"":[""うわようじょつよい""],""primaryReadings"":[]}],""lexical"":[]}"
work	ひかりあれ	ヒカリアレ	1851	1851	common	orthographic-kana;https://www.wikidata.org/wiki/Q28687731#name	https://www.wikidata.org/wiki/Q28687731	assistant inspection of pair-bound reading evidence and stored semantic facts; targeted pages for identified problems	Recorded reading/surface pair and category supported by cited facts after rule corrections; not a claim of independent expert review	"{""entities"":[{""id"":""Q28687731"",""names"":[""ヒカリアレ""],""types"":[""Q134556""],""parents"":[],""readings"":[],""title"":""ヒカリアレ"",""nameKinds"":{""ヒカリアレ"":[""label:ja"",""title:jawiki""]},""readingNames"":[""ヒカリアレ""],""primaryReadings"":[]}],""lexical"":[]}"
work	かたまりだましい	塊魂	1851	1851	common	https://www.edrdg.org/jmdict/edict_doc.html#entry-5746676-sense-1	https://www.wikidata.org/wiki/Q1206519#P31;reading:independent-pair;categories:work;lexical-and-confirmed-referents;https://www.edrdg.org/jmdict/edict_doc.html#entry-5746676-sense-1	assistant inspection of pair-bound reading evidence and stored semantic facts; targeted pages for identified problems	Recorded reading/surface pair and category supported by cited facts after rule corrections; not a claim of independent expert review	"{""entities"":[{""id"":""Q1206519"",""names"":[""塊魂"",""Katamari Damacy"",""みんな大好き塊魂"",""僕の私の塊魂""],""types"":[""Q7889""],""parents"":[],""readings"":[],""title"":""塊魂"",""nameKinds"":{""塊魂"":[""label:ja"",""title:jawiki""],""Katamari Damacy"":[""label:en""],""みんな大好き塊魂"":[""alias:ja""],""僕の私の塊魂"":[""alias:ja""]},""readingNames"":[""塊魂""],""primaryReadings"":[]}],""lexical"":[{""reading"":""かたまりだましい"",""surface"":""塊魂"",""categories"":[""work""],""evidence"":""https://www.edrdg.org/jmdict/edict_doc.html#entry-5746676-sense-1"",""entryId"":""5746676"",""pos"":[""n""],""version"":""76a91691b63094bf2aedca93cb889c7396945fe961e478f13081d839c9684e0c"",""source"":""JMdict"",""misc"":[""work""],""glosses"":[""Katamari Damacy (2004 video game)""]}]}"
work	いとしのるね	いとしのルネ	1851	1851	common	orthographic-kana;https://www.wikidata.org/wiki/Q2264484#name	https://www.wikidata.org/wiki/Q2264484	assistant inspection of pair-bound reading evidence and stored semantic facts; targeted pages for identified problems	Recorded reading/surface pair and category supported by cited facts after rule corrections; not a claim of independent expert review	"{""entities"":[{""id"":""Q2264484"",""names"":[""Walk Away Renée"",""いとしのルネ"",""ウォーク・アウェイ・ルネ"",""ウォーク・アウェイ・レニー"",""Walk Away Renee""],""types"":[""Q134556""],""parents"":[],""readings"":[],""title"":""いとしのルネ"",""nameKinds"":{""Walk Away Renée"":[""label:en""],""いとしのルネ"":[""label:ja"",""title:jawiki""],""ウォーク・アウェイ・ルネ"":[""alias:ja""],""ウォーク・アウェイ・レニー"":[""alias:ja""],""Walk Away Renee"":[""alias:en""]},""readingNames"":[""いとしのルネ""],""primaryReadings"":[]}],""lexical"":[]}"
work	さよならとろいめらい	さよならトロイメライ	1851	1851	common	orthographic-kana;https://www.wikidata.org/wiki/Q11268379#name	https://www.wikidata.org/wiki/Q11268379	assistant inspection of pair-bound reading evidence and stored semantic facts; targeted pages for identified problems	Recorded reading/surface pair and category supported by cited facts after rule corrections; not a claim of independent expert review	"{""entities"":[{""id"":""Q11268379"",""names"":[""さよならトロイメライ"",""Sayonara Träumerei"",""Sayonara Traumerei""],""types"":[""Q104213567""],""parents"":[],""readings"":[],""title"":""さよならトロイメライ"",""nameKinds"":{""さよならトロイメライ"":[""label:ja"",""title:jawiki""],""Sayonara Träumerei"":[""label:en""],""Sayonara Traumerei"":[""alias:en""]},""readingNames"":[""さよならトロイメライ""],""primaryReadings"":[]}],""lexical"":[]}"
work	すかんくふー	スカンクフー	1851	1851	common	orthographic-kana;https://www.wikidata.org/wiki/Q1192615#name	https://www.wikidata.org/wiki/Q1192615	assistant inspection of pair-bound reading evidence and stored semantic facts; targeted pages for identified problems	Recorded reading/surface pair and category supported by cited facts after rule corrections; not a claim of independent expert review	"{""entities"":[{""id"":""Q1192615"",""names"":[""Skunk Fu!"",""スカンクフー""],""types"":[""Q117467246""],""parents"":[],""readings"":[],""title"":""スカンクフー"",""nameKinds"":{""Skunk Fu!"":[""label:en""],""スカンクフー"":[""label:ja"",""title:jawiki""]},""readingNames"":[""スカンクフー""],""primaryReadings"":[]}],""lexical"":[]}"
work	めなーす	メナース	1851	1851	neologd	orthographic-kana;https://www.wikidata.org/wiki/Q3210661#name	https://www.wikidata.org/wiki/Q3210661	assistant inspection of pair-bound reading evidence and stored semantic facts; targeted pages for identified problems	Recorded reading/surface pair and category supported by cited facts after rule corrections; not a claim of independent expert review	"{""entities"":[{""id"":""Q3210661"",""names"":[""La Menace"",""メナース"",""Menace""],""types"":[""Q11424""],""parents"":[],""readings"":[],""nameKinds"":{""La Menace"":[""label:en""],""メナース"":[""label:ja""],""Menace"":[""alias:en""]},""readingNames"":[""メナース""],""primaryReadings"":[]}],""lexical"":[]}"
work	きみがいるから	きみがいるから	1851	1851	common	orthographic-kana;https://www.wikidata.org/wiki/Q11264949#name	https://www.wikidata.org/wiki/Q11264949	assistant inspection of pair-bound reading evidence and stored semantic facts; targeted pages for identified problems	Recorded reading/surface pair and category supported by cited facts after rule corrections; not a claim of independent expert review	"{""entities"":[{""id"":""Q11264949"",""names"":[""きみがいるから""],""types"":[""Q134556""],""parents"":[],""readings"":[],""title"":""きみがいるから"",""nameKinds"":{""きみがいるから"":[""label:ja"",""title:jawiki""]},""readingNames"":[""きみがいるから""],""primaryReadings"":[]}],""lexical"":[]}"
work	あえないうた	あえないウタ	1851	1851	common	orthographic-kana;https://www.wikidata.org/wiki/Q11256767#name	https://www.wikidata.org/wiki/Q11256767	assistant inspection of pair-bound reading evidence and stored semantic facts; targeted pages for identified problems	Recorded reading/surface pair and category supported by cited facts after rule corrections; not a claim of independent expert review	"{""entities"":[{""id"":""Q11256767"",""names"":[""あえないウタ""],""types"":[""Q134556""],""parents"":[],""readings"":[],""title"":""あえないウタ"",""nameKinds"":{""あえないウタ"":[""label:ja"",""title:jawiki""]},""readingNames"":[""あえないウタ""],""primaryReadings"":[]}],""lexical"":[]}"
work	みきおとみきお	みきおとミキオ	1851	1851	common	orthographic-kana;https://www.wikidata.org/wiki/Q11278799#name	https://www.wikidata.org/wiki/Q11278799	assistant inspection of pair-bound reading evidence and stored semantic facts; targeted pages for identified problems	Recorded reading/surface pair and category supported by cited facts after rule corrections; not a claim of independent expert review	"{""entities"":[{""id"":""Q11278799"",""names"":[""みきおとミキオ"",""Mikio to Mikio""],""types"":[""Q21198342""],""parents"":[],""readings"":[],""title"":""みきおとミキオ"",""nameKinds"":{""みきおとミキオ"":[""label:ja"",""title:jawiki""],""Mikio to Mikio"":[""label:en""]},""readingNames"":[""みきおとミキオ""],""primaryReadings"":[]}],""lexical"":[]}"
work	まぶらほ	まぶらほ	1851	1851	common	orthographic-kana;https://www.wikidata.org/wiki/Q1191206#name	https://www.wikidata.org/wiki/Q1191206	assistant inspection of pair-bound reading evidence and stored semantic facts; targeted pages for identified problems	Recorded reading/surface pair and category supported by cited facts after rule corrections; not a claim of independent expert review	"{""entities"":[{""id"":""Q1191206"",""names"":[""まぶらほ"",""Maburaho"",""風椿玖里子"",""宮前夕菜"",""まほらぶ"",""神城凛"",""まぶらほ メイドの巻"",""式森和樹""],""types"":[""Q104213567""],""parents"":[],""readings"":[],""title"":""まぶらほ"",""nameKinds"":{""まぶらほ"":[""label:ja"",""title:jawiki""],""Maburaho"":[""label:en""],""風椿玖里子"":[""alias:ja""],""宮前夕菜"":[""alias:ja""],""まほらぶ"":[""alias:ja""],""神城凛"":[""alias:ja""],""まぶらほ メイドの巻"":[""alias:ja""],""式森和樹"":[""alias:ja""]},""readingNames"":[""まぶらほ""],""primaryReadings"":[]}],""lexical"":[]}"
work	おふれこたいむす	おふれこタイムス	1851	1851	common	orthographic-kana;https://www.wikidata.org/wiki/Q28410827#name	https://www.wikidata.org/wiki/Q28410827	assistant inspection of pair-bound reading evidence and stored semantic facts; targeted pages for identified problems	Recorded reading/surface pair and category supported by cited facts after rule corrections; not a claim of independent expert review	"{""entities"":[{""id"":""Q28410827"",""names"":[""おふれこタイムス"",""Off the record TIME""],""types"":[""Q21198342""],""parents"":[],""readings"":[],""title"":""おふれこタイムス"",""nameKinds"":{""おふれこタイムス"":[""label:ja"",""title:jawiki""],""Off the record TIME"":[""label:en""]},""readingNames"":[""おふれこタイムス""],""primaryReadings"":[]}],""lexical"":[]}"
work	むめひ	ムメヒ	1851	1851	common	orthographic-kana;https://www.wikidata.org/wiki/Q859674#name	https://www.wikidata.org/wiki/Q859674	assistant inspection of pair-bound reading evidence and stored semantic facts; targeted pages for identified problems	Recorded reading/surface pair and category supported by cited facts after rule corrections; not a claim of independent expert review	"{""entities"":[{""id"":""Q859674"",""names"":[""ムメヒ"",""Mmegi""],""types"":[""Q1002697""],""parents"":[],""readings"":[],""title"":""ムメヒ"",""nameKinds"":{""ムメヒ"":[""label:ja"",""title:jawiki""],""Mmegi"":[""label:en""]},""readingNames"":[""ムメヒ""],""primaryReadings"":[]}],""lexical"":[]}"
work	ぼくのにっきちょう	ぼくのにっきちょう	1851	1851	common	orthographic-kana;https://www.wikidata.org/wiki/Q60997574#name	https://www.wikidata.org/wiki/Q60997574	assistant inspection of pair-bound reading evidence and stored semantic facts; targeted pages for identified problems	Recorded reading/surface pair and category supported by cited facts after rule corrections; not a claim of independent expert review	"{""entities"":[{""id"":""Q60997574"",""names"":[""ぼくのにっきちょう""],""types"":[""Q105543609""],""parents"":[],""readings"":[],""title"":""ぼくのにっきちょう"",""nameKinds"":{""ぼくのにっきちょう"":[""label:ja"",""title:jawiki""]},""readingNames"":[""ぼくのにっきちょう""],""primaryReadings"":[]}],""lexical"":[]}"
work	ひとらーのきんたま	ヒトラーのキンタマ	1851	1851	common	orthographic-kana;https://www.wikidata.org/wiki/Q747113#name	https://www.wikidata.org/wiki/Q747113	assistant inspection of pair-bound reading evidence and stored semantic facts; targeted pages for identified problems	Recorded reading/surface pair and category supported by cited facts after rule corrections; not a claim of independent expert review	"{""entities"":[{""id"":""Q747113"",""names"":[""ヒトラーのキンタマ"",""Hitler Has Only Got One Ball"",""ヒトラーの金玉""],""types"":[""Q105543609""],""parents"":[],""readings"":[],""title"":""ヒトラーのキンタマ"",""nameKinds"":{""ヒトラーのキンタマ"":[""label:ja"",""title:jawiki""],""Hitler Has Only Got One Ball"":[""label:en""],""ヒトラーの金玉"":[""alias:ja""]},""readingNames"":[""ヒトラーのキンタマ""],""primaryReadings"":[]}],""lexical"":[]}"
work	ぼくのおばあちゃん	ぼくのおばあちゃん	1851	1851	common	orthographic-kana;https://www.wikidata.org/wiki/Q11277944#name	https://www.wikidata.org/wiki/Q11277944	assistant inspection of pair-bound reading evidence and stored semantic facts; targeted pages for identified problems	Recorded reading/surface pair and category supported by cited facts after rule corrections; not a claim of independent expert review	"{""entities"":[{""id"":""Q11277944"",""names"":[""ぼくのおばあちゃん"",""My Grandma""],""types"":[""Q11424""],""parents"":[],""readings"":[],""title"":""ぼくのおばあちゃん"",""nameKinds"":{""ぼくのおばあちゃん"":[""label:ja"",""title:jawiki""],""My Grandma"":[""label:en""]},""readingNames"":[""ぼくのおばあちゃん""],""primaryReadings"":[]}],""lexical"":[]}"
work	みらろま	みらろま	1851	1851	common	orthographic-kana;https://www.wikidata.org/wiki/Q11279365#name	https://www.wikidata.org/wiki/Q11279365	assistant inspection of pair-bound reading evidence and stored semantic facts; targeted pages for identified problems	Recorded reading/surface pair and category supported by cited facts after rule corrections; not a claim of independent expert review	"{""entities"":[{""id"":""Q11279365"",""names"":[""みらろま""],""types"":[""Q7889""],""parents"":[],""readings"":[],""title"":""みらろま"",""nameKinds"":{""みらろま"":[""label:ja"",""title:jawiki""]},""readingNames"":[""みらろま""],""primaryReadings"":[]}],""lexical"":[]}"
work	めっちゃきゃん	めっちゃキャン	1851	1851	common	orthographic-kana;https://www.wikidata.org/wiki/Q11279759#name	https://www.wikidata.org/wiki/Q11279759	assistant inspection of pair-bound reading evidence and stored semantic facts; targeted pages for identified problems	Recorded reading/surface pair and category supported by cited facts after rule corrections; not a claim of independent expert review	"{""entities"":[{""id"":""Q11279759"",""names"":[""めっちゃキャン""],""types"":[""Q21198342""],""parents"":[],""readings"":[],""title"":""めっちゃキャン"",""nameKinds"":{""めっちゃキャン"":[""label:ja"",""title:jawiki""]},""readingNames"":[""めっちゃキャン""],""primaryReadings"":[]}],""lexical"":[]}"
work	かすかでたしか	かすかでたしか	1851	1851	wiki	orthographic-kana;https://www.wikidata.org/wiki/Q119344371#name	https://www.wikidata.org/wiki/Q119344371	assistant inspection of pair-bound reading evidence and stored semantic facts; targeted pages for identified problems	Recorded reading/surface pair and category supported by cited facts after rule corrections; not a claim of independent expert review	"{""entities"":[{""id"":""Q119344371"",""names"":[""かすかでたしか""],""types"":[""Q134556""],""parents"":[],""readings"":[],""title"":""かすかでたしか"",""nameKinds"":{""かすかでたしか"":[""label:ja"",""title:jawiki""]},""readingNames"":[""かすかでたしか""],""primaryReadings"":[]}],""lexical"":[]}"
work	はいあー	ハイアー	1851	1851	common	orthographic-kana;https://www.wikidata.org/wiki/Q1617905#name	https://www.wikidata.org/wiki/Q1617905	assistant inspection of pair-bound reading evidence and stored semantic facts; targeted pages for identified problems	Recorded reading/surface pair and category supported by cited facts after rule corrections; not a claim of independent expert review	"{""entities"":[{""id"":""Q1617905"",""names"":[""Higher"",""ハイアー""],""types"":[""Q134556""],""parents"":[],""readings"":[],""nameKinds"":{""Higher"":[""label:en""],""ハイアー"":[""label:ja""]},""readingNames"":[""ハイアー""],""primaryReadings"":[]}],""lexical"":[]}"
work	ないんはーふ	ナインハーフ	1851	1851	common	orthographic-kana;https://www.wikidata.org/wiki/Q644552#name	https://www.wikidata.org/wiki/Q644552	assistant inspection of pair-bound reading evidence and stored semantic facts; targeted pages for identified problems	Recorded reading/surface pair and category supported by cited facts after rule corrections; not a claim of independent expert review	"{""entities"":[{""id"":""Q644552"",""names"":[""9½ Weeks"",""ナインハーフ"",""Nine 1/2 Weeks""],""types"":[""Q11424""],""parents"":[],""readings"":[],""title"":""ナインハーフ"",""nameKinds"":{""9½ Weeks"":[""label:en""],""ナインハーフ"":[""label:ja"",""title:jawiki""],""Nine 1/2 Weeks"":[""alias:en""]},""readingNames"":[""ナインハーフ""],""primaryReadings"":[]}],""lexical"":[]}"
work	ゆめみるくすり	ユメミルクスリ	1851	1851	common	orthographic-kana;https://www.wikidata.org/wiki/Q1064204#name	https://www.wikidata.org/wiki/Q1064204	assistant inspection of pair-bound reading evidence and stored semantic facts; targeted pages for identified problems	Recorded reading/surface pair and category supported by cited facts after rule corrections; not a claim of independent expert review	"{""entities"":[{""id"":""Q1064204"",""names"":[""ユメミルクスリ"",""Yume Miru Kusuri: A Drug That Makes You Dream"",""Yume Miru Kusuri""],""types"":[""Q7889""],""parents"":[],""readings"":[],""title"":""ユメミルクスリ"",""nameKinds"":{""ユメミルクスリ"":[""label:ja"",""title:jawiki""],""Yume Miru Kusuri: A Drug That Makes You Dream"":[""label:en""],""Yume Miru Kusuri"":[""alias:en""]},""readingNames"":[""ユメミルクスリ""],""primaryReadings"":[]}],""lexical"":[]}"
work	おもいでしりとり	おもいでしりとり	1851	1851	wiki	orthographic-kana;https://www.wikidata.org/wiki/Q109364777#name	https://www.wikidata.org/wiki/Q109364777	assistant inspection of pair-bound reading evidence and stored semantic facts; targeted pages for identified problems	Recorded reading/surface pair and category supported by cited facts after rule corrections; not a claim of independent expert review	"{""entities"":[{""id"":""Q109364777"",""names"":[""おもいでしりとり"",""Omoide Shiritori""],""types"":[""Q134556""],""parents"":[],""readings"":[],""title"":""おもいでしりとり"",""nameKinds"":{""おもいでしりとり"":[""label:ja"",""title:jawiki""],""Omoide Shiritori"":[""label:en""]},""readingNames"":[""おもいでしりとり""],""primaryReadings"":[]}],""lexical"":[]}"
work	ぐんもうぞうをひょうす	群盲象を評す	1851	1851	common	https://www.edrdg.org/jmdict/edict_doc.html#entry-2095220-sense-1	https://www.wikidata.org/wiki/Q1218005	assistant inspection of pair-bound reading evidence and stored semantic facts; targeted pages for identified problems	Recorded reading/surface pair and category supported by cited facts after rule corrections; not a claim of independent expert review	"{""entities"":[{""id"":""Q1218005"",""names"":[""blind men and an elephant"",""群盲象を評す"",""盲人と象"",""群盲評象"",""くらやみのゾウ"",""blind men and the elephant"",""parable of the blind men and an elephant"",""the blind men and the elephant"",""elephant in the dark"",""Elephant in the dark""],""types"":[""Q7725634"",""Q208555""],""parents"":[],""readings"":[],""title"":""群盲象を評す"",""nameKinds"":{""blind men and an elephant"":[""label:en""],""群盲象を評す"":[""label:ja"",""title:jawiki""],""盲人と象"":[""alias:ja""],""群盲評象"":[""alias:ja""],""くらやみのゾウ"":[""alias:ja""],""blind men and the elephant"":[""alias:en""],""parable of the blind men and an elephant"":[""alias:en""],""the blind men and the elephant"":[""alias:en""],""elephant in the dark"":[""alias:en""]},""readingNames"":[""群盲象を評す""],""primaryReadings"":[]}],""lexical"":[{""reading"":""ぐんもうぞうをひょうす"",""surface"":""群盲象を評す"",""categories"":[],""evidence"":""https://www.edrdg.org/jmdict/edict_doc.html#entry-2095220-sense-1"",""entryId"":""2095220"",""pos"":[""exp"",""v5s""],""version"":""76a91691b63094bf2aedca93cb889c7396945fe961e478f13081d839c9684e0c"",""source"":""JMdict"",""misc"":[""proverb"",""sens""],""glosses"":[""the mediocre cannot understand the great""]}]}"
work	おんなころしあぶらのじごく	女殺油地獄	1851	1851	common	https://www.edrdg.org/jmdict/edict_doc.html#entry-5741293-sense-1	https://www.wikidata.org/wiki/Q107404975#P31;reading:independent-pair;categories:work;lexical-and-confirmed-referents;https://www.edrdg.org/jmdict/edict_doc.html#entry-5741293-sense-1	assistant inspection of pair-bound reading evidence and stored semantic facts; targeted pages for identified problems	Recorded reading/surface pair and category supported by cited facts after rule corrections; not a claim of independent expert review	"{""entities"":[{""id"":""Q107404975"",""names"":[""The Woman-Killer and the Hell of Oil"",""女殺油地獄"",""Onna goroshi abura no jigoku""],""types"":[""Q47513101""],""parents"":[],""readings"":[],""title"":""女殺油地獄"",""nameKinds"":{""The Woman-Killer and the Hell of Oil"":[""label:en""],""女殺油地獄"":[""label:ja"",""title:jawiki""],""Onna goroshi abura no jigoku"":[""alias:en""]},""readingNames"":[""女殺油地獄""],""primaryReadings"":[]}],""lexical"":[{""reading"":""おんなころしあぶらのじごく"",""surface"":""女殺油地獄"",""categories"":[""work""],""evidence"":""https://www.edrdg.org/jmdict/edict_doc.html#entry-5741293-sense-1"",""entryId"":""5741293"",""pos"":[""n""],""version"":""76a91691b63094bf2aedca93cb889c7396945fe961e478f13081d839c9684e0c"",""source"":""JMdict"",""misc"":[""work""],""glosses"":[""The Woman-Killer (bunraku play by Chikamatsu Monzaemon)"",""The Woman-Killer and the Hell of Oil""]}]}"
work	あばばばば	あばばばば	1851	1851	common	orthographic-kana;https://www.wikidata.org/wiki/Q11258185#name	https://www.wikidata.org/wiki/Q11258185	assistant inspection of pair-bound reading evidence and stored semantic facts; targeted pages for identified problems	Recorded reading/surface pair and category supported by cited facts after rule corrections; not a claim of independent expert review	"{""entities"":[{""id"":""Q11258185"",""names"":[""あばばばば""],""types"":[""Q7725634""],""parents"":[],""readings"":[],""title"":""あばばばば"",""nameKinds"":{""あばばばば"":[""label:ja"",""title:jawiki""]},""readingNames"":[""あばばばば""],""primaryReadings"":[]}],""lexical"":[]}"
work	なむこひすとりー	ナムコヒストリー	1851	1851	common	orthographic-kana;https://www.wikidata.org/wiki/Q6961457#name	https://www.wikidata.org/wiki/Q6961457	assistant inspection of pair-bound reading evidence and stored semantic facts; targeted pages for identified problems	Recorded reading/surface pair and category supported by cited facts after rule corrections; not a claim of independent expert review	"{""entities"":[{""id"":""Q6961457"",""names"":[""Namco History"",""ナムコヒストリー""],""types"":[""Q7889""],""parents"":[],""readings"":[],""title"":""ナムコヒストリー"",""nameKinds"":{""Namco History"":[""label:en""],""ナムコヒストリー"":[""label:ja"",""title:jawiki""]},""readingNames"":[""ナムコヒストリー""],""primaryReadings"":[]}],""lexical"":[]}"
work	すきちゃん	スキちゃん	1851	1851	common	orthographic-kana;https://www.wikidata.org/wiki/Q1106313#name	https://www.wikidata.org/wiki/Q1106313	assistant inspection of pair-bound reading evidence and stored semantic facts; targeted pages for identified problems	Recorded reading/surface pair and category supported by cited facts after rule corrections; not a claim of independent expert review	"{""entities"":[{""id"":""Q1106313"",""names"":[""スキちゃん"",""Suki Chan""],""types"":[""Q134556""],""parents"":[],""readings"":[],""title"":""スキちゃん"",""nameKinds"":{""スキちゃん"":[""label:ja"",""title:jawiki""],""Suki Chan"":[""label:en""]},""readingNames"":[""スキちゃん""],""primaryReadings"":[]}],""lexical"":[]}"
work	らみふぃかしおん	ラミフィカシオン	1851	1851	wiki	orthographic-kana;https://www.wikidata.org/wiki/Q17066074#name	https://www.wikidata.org/wiki/Q17066074	assistant inspection of pair-bound reading evidence and stored semantic facts; targeted pages for identified problems	Recorded reading/surface pair and category supported by cited facts after rule corrections; not a claim of independent expert review	"{""entities"":[{""id"":""Q17066074"",""names"":[""Ramifications"",""ラミフィカシオン""],""types"":[""Q105543609""],""parents"":[],""readings"":[],""title"":""ラミフィカシオン"",""nameKinds"":{""Ramifications"":[""label:en""],""ラミフィカシオン"":[""label:ja"",""title:jawiki""]},""readingNames"":[""ラミフィカシオン""],""primaryReadings"":[]}],""lexical"":[]}"
work	ひとりじゃないの	ひとりじゃないの	1851	1851	common	orthographic-kana;https://www.wikidata.org/wiki/Q11276337#name	https://www.wikidata.org/wiki/Q11276337	assistant inspection of pair-bound reading evidence and stored semantic facts; targeted pages for identified problems	Recorded reading/surface pair and category supported by cited facts after rule corrections; not a claim of independent expert review	"{""entities"":[{""id"":""Q11276337"",""names"":[""ひとりじゃないの"",""Hitori janai no""],""types"":[""Q134556""],""parents"":[],""readings"":[],""title"":""ひとりじゃないの"",""nameKinds"":{""ひとりじゃないの"":[""label:ja"",""title:jawiki""],""Hitori janai no"":[""label:en""]},""readingNames"":[""ひとりじゃないの""],""primaryReadings"":[]}],""lexical"":[]}"
work	あいのことば	愛のことば	1851	1851	common	mozc-exact-reading-surface	https://www.wikidata.org/wiki/Q2445811	assistant inspection of pair-bound reading evidence and stored semantic facts; targeted pages for identified problems	Recorded reading/surface pair and category supported by cited facts after rule corrections; not a claim of independent expert review	"{""entities"":[{""id"":""Q2445811"",""names"":[""愛のことば"",""The Word"",""愛のことば (ビートルズの曲)""],""types"":[""Q105543609""],""parents"":[],""readings"":[],""title"":""愛のことば (ビートルズの曲)"",""nameKinds"":{""愛のことば"":[""label:ja""],""The Word"":[""label:en"",""alias:ja""],""愛のことば (ビートルズの曲)"":[""title:jawiki""]},""readingNames"":[""愛のことば""],""primaryReadings"":[]}],""lexical"":[]}"
work	くんねずみ	クンねずみ	1851	1851	common	orthographic-kana;https://www.wikidata.org/wiki/Q11299943#name	https://www.wikidata.org/wiki/Q11299943	assistant inspection of pair-bound reading evidence and stored semantic facts; targeted pages for identified problems	Recorded reading/surface pair and category supported by cited facts after rule corrections; not a claim of independent expert review	"{""entities"":[{""id"":""Q11299943"",""names"":[""クンねずみ"",""クねずみ""],""types"":[""Q7725634""],""parents"":[],""readings"":[],""title"":""クンねずみ"",""nameKinds"":{""クンねずみ"":[""label:ja"",""title:jawiki""],""クねずみ"":[""alias:ja""]},""readingNames"":[""クンねずみ""],""primaryReadings"":[]}],""lexical"":[]}"
work	おとこのなかのおとこ	男の中の男	1851	1851	neologd	https://www.edrdg.org/jmdict/edict_doc.html#entry-2086810-sense-1	https://www.wikidata.org/wiki/Q12618363#P31;reading:independent-pair;categories:work;lexical-and-confirmed-referents;https://www.edrdg.org/jmdict/edict_doc.html#entry-2086810-sense-1	assistant inspection of pair-bound reading evidence and stored semantic facts; targeted pages for identified problems	Recorded reading/surface pair and category supported by cited facts after rule corrections; not a claim of independent expert review	"{""entities"":[{""id"":""Q12618363"",""names"":[""Real Men"",""男の中の男"",""真の男"",""本当の男"",""本当の男～女軍特集2"",""진짜 사나이""],""types"":[""Q5398426""],""parents"":[],""readings"":[],""nameKinds"":{""Real Men"":[""label:en""],""男の中の男"":[""label:ja""],""真の男"":[""alias:ja""],""本当の男"":[""alias:ja""],""本当の男～女軍特集2"":[""alias:ja""]},""readingNames"":[""男の中の男""],""primaryReadings"":[]}],""lexical"":[{""reading"":""おとこのなかのおとこ"",""surface"":""男の中の男"",""categories"":[""general""],""evidence"":""https://www.edrdg.org/jmdict/edict_doc.html#entry-2086810-sense-1"",""entryId"":""2086810"",""pos"":[""exp"",""n""],""version"":""76a91691b63094bf2aedca93cb889c7396945fe961e478f13081d839c9684e0c"",""source"":""JMdict"",""glosses"":[""man among men"",""manly man"",""alpha male""]}]}"
work	いとやんごとなき	いとやんごとなき	1851	1851	wiki	orthographic-kana;https://www.wikidata.org/wiki/Q104414169#name	https://www.wikidata.org/wiki/Q104414169	assistant inspection of pair-bound reading evidence and stored semantic facts; targeted pages for identified problems	Recorded reading/surface pair and category supported by cited facts after rule corrections; not a claim of independent expert review	"{""entities"":[{""id"":""Q104414169"",""names"":[""Itoyan Goto Naki"",""いとやんごとなき""],""types"":[""Q21198342""],""parents"":[],""readings"":[],""nameKinds"":{""Itoyan Goto Naki"":[""label:en""],""いとやんごとなき"":[""label:ja""]},""readingNames"":[""いとやんごとなき""],""primaryReadings"":[]}],""lexical"":[]}"
work	でじこのへや	でじこのへや	1851	1851	common	orthographic-kana;https://www.wikidata.org/wiki/Q11272806#name	https://www.wikidata.org/wiki/Q11272806	assistant inspection of pair-bound reading evidence and stored semantic facts; targeted pages for identified problems	Recorded reading/surface pair and category supported by cited facts after rule corrections; not a claim of independent expert review	"{""entities"":[{""id"":""Q11272806"",""names"":[""でじこのへや""],""types"":[""Q1555508""],""parents"":[],""readings"":[],""title"":""でじこのへや"",""nameKinds"":{""でじこのへや"":[""label:ja"",""title:jawiki""]},""readingNames"":[""でじこのへや""],""primaryReadings"":[]}],""lexical"":[]}"
work	すべてをあなたに	すべてをあなたに	1851	1851	common	https://www.edrdg.org/jmdict/edict_doc.html#entry-5003451-sense-1	lexical-and-confirmed-referents;https://www.edrdg.org/jmdict/edict_doc.html#entry-5003451-sense-1	assistant inspection of pair-bound reading evidence and stored semantic facts; targeted pages for identified problems	Recorded reading/surface pair and category supported by cited facts after rule corrections; not a claim of independent expert review	"{""entities"":[],""lexical"":[{""reading"":""すべてをあなたに"",""surface"":""すべてをあなたに"",""categories"":[""work""],""evidence"":""https://www.edrdg.org/jmdict/edict_doc.html#entry-5003451-sense-1"",""entryId"":""5003451"",""pos"":[""n""],""version"":""76a91691b63094bf2aedca93cb889c7396945fe961e478f13081d839c9684e0c"",""source"":""JMdict"",""misc"":[""work""],""glosses"":[""That Thing You Do! (film)""]}]}"
work	でかどんでん	でかどんでん	1851	1851	common	orthographic-kana;https://www.wikidata.org/wiki/Q65235251#name	https://www.wikidata.org/wiki/Q65235251	assistant inspection of pair-bound reading evidence and stored semantic facts; targeted pages for identified problems	Recorded reading/surface pair and category supported by cited facts after rule corrections; not a claim of independent expert review	"{""entities"":[{""id"":""Q65235251"",""names"":[""でかどんでん""],""types"":[""Q134556""],""parents"":[],""readings"":[],""title"":""でかどんでん"",""nameKinds"":{""でかどんでん"":[""label:ja"",""title:jawiki""]},""readingNames"":[""でかどんでん""],""primaryReadings"":[]}],""lexical"":[]}"
work	ももいろぞうさん	ももいろぞうさん	1851	1851	common	orthographic-kana;https://www.wikidata.org/wiki/Q4356101#name	https://www.wikidata.org/wiki/Q4356101	assistant inspection of pair-bound reading evidence and stored semantic facts; targeted pages for identified problems	Recorded reading/surface pair and category supported by cited facts after rule corrections; not a claim of independent expert review	"{""entities"":[{""id"":""Q4356101"",""names"":[""ももいろぞうさん"",""Johnson and Friends"",""Johnson & Friends""],""types"":[""Q5398426""],""parents"":[],""readings"":[],""title"":""ももいろぞうさん"",""nameKinds"":{""ももいろぞうさん"":[""label:ja"",""title:jawiki""],""Johnson and Friends"":[""label:en""],""Johnson & Friends"":[""alias:en""]},""readingNames"":[""ももいろぞうさん""],""primaryReadings"":[]}],""lexical"":[]}"
work	せらふぃた	セラフィタ	1851	1851	neologd	orthographic-kana;https://www.wikidata.org/wiki/Q2543893#name	https://www.wikidata.org/wiki/Q2543893	assistant inspection of pair-bound reading evidence and stored semantic facts; targeted pages for identified problems	Recorded reading/surface pair and category supported by cited facts after rule corrections; not a claim of independent expert review	"{""entities"":[{""id"":""Q2543893"",""names"":[""Séraphîta"",""セラフィタ"",""Seraphita""],""types"":[""Q7725634""],""parents"":[],""readings"":[],""nameKinds"":{""Séraphîta"":[""label:en""],""セラフィタ"":[""label:ja""],""Seraphita"":[""alias:en""]},""readingNames"":[""セラフィタ""],""primaryReadings"":[]}],""lexical"":[]}"
work	たいせつなひと	たいせつなひと	1851	1851	common	https://www.edrdg.org/jmdict/edict_doc.html#entry-2805500-sense-1	https://www.wikidata.org/wiki/Q11270725#P31;reading:independent-pair;categories:work;lexical-and-confirmed-referents;https://www.edrdg.org/jmdict/edict_doc.html#entry-2805500-sense-1	assistant inspection of pair-bound reading evidence and stored semantic facts; targeted pages for identified problems	Recorded reading/surface pair and category supported by cited facts after rule corrections; not a claim of independent expert review	"{""entities"":[{""id"":""Q11270725"",""names"":[""たいせつなひと""],""types"":[""Q134556""],""parents"":[],""readings"":[],""title"":""たいせつなひと"",""nameKinds"":{""たいせつなひと"":[""label:ja"",""title:jawiki""]},""readingNames"":[""たいせつなひと""],""primaryReadings"":[]}],""lexical"":[{""reading"":""たいせつなひと"",""surface"":""たいせつなひと"",""categories"":[""general""],""evidence"":""https://www.edrdg.org/jmdict/edict_doc.html#entry-2805500-sense-1"",""entryId"":""2805500"",""pos"":[""exp"",""n""],""version"":""76a91691b63094bf2aedca93cb889c7396945fe961e478f13081d839c9684e0c"",""source"":""JMdict"",""glosses"":[""special someone"",""special person"",""precious one"",""significant other""]}]}"
work	ゆずまん	ゆずマン	1851	1851	common	orthographic-kana;https://www.wikidata.org/wiki/Q11280802#name	https://www.wikidata.org/wiki/Q11280802	assistant inspection of pair-bound reading evidence and stored semantic facts; targeted pages for identified problems	Recorded reading/surface pair and category supported by cited facts after rule corrections; not a claim of independent expert review	"{""entities"":[{""id"":""Q11280802"",""names"":[""ゆずマン""],""types"":[""Q482994""],""parents"":[],""readings"":[],""title"":""ゆずマン"",""nameKinds"":{""ゆずマン"":[""label:ja"",""title:jawiki""]},""readingNames"":[""ゆずマン""],""primaryReadings"":[]}],""lexical"":[]}"
work	とろかいおす	トロカイオス	1851	1851	common	orthographic-kana;https://www.wikidata.org/wiki/Q208653#name	https://www.wikidata.org/wiki/Q208653	assistant inspection of pair-bound reading evidence and stored semantic facts; targeted pages for identified problems	Recorded reading/surface pair and category supported by cited facts after rule corrections; not a claim of independent expert review	"{""entities"":[{""id"":""Q208653"",""names"":[""トロキー"",""trochee"",""長短格"",""トロカイオス"",""強弱格"",""揚抑格"",""choree"",""choreus""],""types"":[""Q27042463"",""Q27042505""],""parents"":[],""readings"":[],""title"":""トロカイオス"",""nameKinds"":{""トロキー"":[""label:ja""],""trochee"":[""label:en""],""長短格"":[""alias:ja""],""トロカイオス"":[""alias:ja"",""title:jawiki""],""強弱格"":[""alias:ja""],""揚抑格"":[""alias:ja""],""choree"":[""alias:en""],""choreus"":[""alias:en""]},""readingNames"":[""トロキー""],""primaryReadings"":[]}],""lexical"":[]}"
work	すごくおいしいうた	すごくおいしいうた	1851	1851	common	orthographic-kana;https://www.wikidata.org/wiki/Q11269646#name	https://www.wikidata.org/wiki/Q11269646	assistant inspection of pair-bound reading evidence and stored semantic facts; targeted pages for identified problems	Recorded reading/surface pair and category supported by cited facts after rule corrections; not a claim of independent expert review	"{""entities"":[{""id"":""Q11269646"",""names"":[""すごくおいしいうた"",""Sugoku Oishii Uta"",""Really Delicious Songs""],""types"":[""Q482994""],""parents"":[],""readings"":[],""title"":""すごくおいしいうた"",""nameKinds"":{""すごくおいしいうた"":[""label:ja"",""title:jawiki""],""Sugoku Oishii Uta"":[""label:en""],""Really Delicious Songs"":[""alias:en""]},""readingNames"":[""すごくおいしいうた""],""primaryReadings"":[]}],""lexical"":[]}"
work	ゆめくり	ゆめくり	1851	1851	common	orthographic-kana;https://www.wikidata.org/wiki/Q4023234#name	https://www.wikidata.org/wiki/Q4023234	assistant inspection of pair-bound reading evidence and stored semantic facts; targeted pages for identified problems	Recorded reading/surface pair and category supported by cited facts after rule corrections; not a claim of independent expert review	"{""entities"":[{""id"":""Q4023234"",""names"":[""ゆめくり"",""Yumekuri""],""types"":[""Q21198342""],""parents"":[],""readings"":[],""title"":""ゆめくり"",""nameKinds"":{""ゆめくり"":[""label:ja"",""title:jawiki""],""Yumekuri"":[""label:en""]},""readingNames"":[""ゆめくり""],""primaryReadings"":[]}],""lexical"":[]}"
work	りあのん	リアノン	1851	1851	common	orthographic-kana;https://www.wikidata.org/wiki/Q959036#name	https://www.wikidata.org/wiki/Q959036	assistant inspection of pair-bound reading evidence and stored semantic facts; targeted pages for identified problems	Recorded reading/surface pair and category supported by cited facts after rule corrections; not a claim of independent expert review	"{""entities"":[{""id"":""Q959036"",""names"":[""Rhiannon"",""リアノン""],""types"":[""Q134556""],""parents"":[],""readings"":[],""title"":""リアノン"",""nameKinds"":{""Rhiannon"":[""label:en"",""alias:ja""],""リアノン"":[""label:ja"",""title:jawiki""]},""readingNames"":[""リアノン""],""primaryReadings"":[]}],""lexical"":[]}"
