reading	surface	left_id	right_id	sources	before_status	before_categories	before_issue	after_status	after_categories	after_issue	final_evidence	method	finding	inspected_facts
らいず	RIZE	1851	1851	neologd	held	organization	reading-evidence-missing	adopted	organization		https://ja.wikipedia.org/wiki/RIZE	assistant inspection of all 500 stored-reference fact records; targeted Wikipedia/official-page research for selected resolvable cases	Additional name-bound or explicit published reading supports adoption; see final evidence.	"{""referenceFacts"":[{""id"":""Q986829"",""name"":""RIZE"",""types"":[""Q215380""],""readings"":[],""bound"":{}}],""otherReadingFacts"":[]}"
くりすまな	栗須愛	1851	1851	person	held	unclassified	reading-evidence-missing	held	unclassified	reading-evidence-missing	no-independent-reading-evidence	assistant inspection of all 500 stored-reference fact records; targeted Wikipedia/official-page research for selected resolvable cases	Independent reading or unambiguous name/referent binding remains missing; not established as an inappropriate IME candidate.	"{""referenceFacts"":[],""otherReadingFacts"":[]}"
ほうしろう	法司郎	1851	1851	neologd	held	unclassified	reading-evidence-missing	held	unclassified	reading-evidence-missing	no-independent-reading-evidence	assistant inspection of all 500 stored-reference fact records; targeted Wikipedia/official-page research for selected resolvable cases	Independent reading or unambiguous name/referent binding remains missing; not established as an inappropriate IME candidate.	"{""referenceFacts"":[],""otherReadingFacts"":[]}"
たしかんがわ	タシカン川	1851	1851	wiki	held	place	reading-evidence-missing	held	place	reading-evidence-missing	no-independent-reading-evidence	assistant inspection of all 500 stored-reference fact records; targeted Wikipedia/official-page research for selected resolvable cases	Independent reading or unambiguous name/referent binding remains missing; not established as an inappropriate IME candidate.	"{""referenceFacts"":[{""id"":""Q2641599"",""name"":""タシカン川"",""types"":[""Q4022""],""readings"":[],""bound"":{}}],""otherReadingFacts"":[]}"
ゆめのはてまでも	夢の涯てまでも	1851	1851	wiki	held	unclassified	reading-evidence-missing	held	unclassified	reading-evidence-missing	no-independent-reading-evidence	assistant inspection of all 500 stored-reference fact records; targeted Wikipedia/official-page research for selected resolvable cases	Independent reading or unambiguous name/referent binding remains missing; not established as an inappropriate IME candidate.	"{""referenceFacts"":[{""id"":""Q11431468"",""name"":""夢の涯てまでも"",""types"":[""Q4167410""],""readings"":[],""bound"":{}},{""id"":""Q571053"",""name"":""夢の涯てまでも (映画)"",""types"":[""Q11424""],""readings"":[],""bound"":{}},{""id"":""Q665758"",""name"":""夢の涯てまでも (U2の曲)"",""types"":[""Q105543609""],""readings"":[],""bound"":{}}],""otherReadingFacts"":[]}"
にとうれち	二等れち	1851	1851	person	held	unclassified	reading-evidence-missing	held	unclassified	reading-evidence-missing	no-independent-reading-evidence	assistant inspection of all 500 stored-reference fact records; targeted Wikipedia/official-page research for selected resolvable cases	Independent reading or unambiguous name/referent binding remains missing; not established as an inappropriate IME candidate.	"{""referenceFacts"":[],""otherReadingFacts"":[]}"
ありだしない	有田市内	1851	1851	neologd	held	unclassified	reading-evidence-missing	held	unclassified	reading-evidence-missing	no-independent-reading-evidence	assistant inspection of all 500 stored-reference fact records; targeted Wikipedia/official-page research for selected resolvable cases	Independent reading or unambiguous name/referent binding remains missing; not established as an inappropriate IME candidate.	"{""referenceFacts"":[],""otherReadingFacts"":[]}"
かんろじびび	甘露寺びび	1851	1851	person	held	unclassified	reading-evidence-missing	held	unclassified	reading-evidence-missing	no-independent-reading-evidence	assistant inspection of all 500 stored-reference fact records; targeted Wikipedia/official-page research for selected resolvable cases	Independent reading or unambiguous name/referent binding remains missing; not established as an inappropriate IME candidate.	"{""referenceFacts"":[],""otherReadingFacts"":[]}"
ちこうけん	地功拳	1851	1851	common	held	unclassified	reading-evidence-missing	held	unclassified	reading-evidence-missing	no-independent-reading-evidence	assistant inspection of all 500 stored-reference fact records; targeted Wikipedia/official-page research for selected resolvable cases	Independent reading or unambiguous name/referent binding remains missing; not established as an inappropriate IME candidate.	"{""referenceFacts"":[{""id"":""Q1135044"",""name"":""地功拳"",""types"":[],""readings"":[],""bound"":{}}],""otherReadingFacts"":[]}"
らんしゅうにしえききたひろばえき	蘭州西駅北広場駅	1851	1851	wiki	held	unclassified	reading-evidence-missing	held	unclassified	reading-evidence-missing	no-independent-reading-evidence	assistant inspection of all 500 stored-reference fact records; targeted Wikipedia/official-page research for selected resolvable cases	Independent reading or unambiguous name/referent binding remains missing; not established as an inappropriate IME candidate.	"{""referenceFacts"":[],""otherReadingFacts"":[]}"
しべつぐんなかしべつちょうひがしさんじゅうろくじょうきた	標津郡中標津町東36条北	1851	1851	place	held	unclassified	reading-evidence-missing	held	unclassified	reading-evidence-missing	no-independent-reading-evidence	assistant inspection of all 500 stored-reference fact records; targeted Wikipedia/official-page research for selected resolvable cases	Independent reading or unambiguous name/referent binding remains missing; not established as an inappropriate IME candidate.	"{""referenceFacts"":[],""otherReadingFacts"":[]}"
はくちから	ハクチカラ	1851	1851	common	accepted	unclassified		unclassified	unclassified		orthographic-kana;https://www.wikidata.org/wiki/Q11326296#name	assistant inspection of all 500 stored-reference fact records; targeted Wikipedia/official-page research for selected resolvable cases	Reading supported, but a role within the twelve categories is not yet established.	"{""referenceFacts"":[{""id"":""Q11326296"",""name"":""ハクチカラ"",""types"":[""Q726""],""readings"":[],""bound"":{}}],""otherReadingFacts"":[]}"
とろーね	トローネ	1851	1851	wiki	held	unclassified	reading-evidence-missing	held	unclassified	reading-evidence-missing	no-independent-reading-evidence	assistant inspection of all 500 stored-reference fact records; targeted Wikipedia/official-page research for selected resolvable cases	Independent reading or unambiguous name/referent binding remains missing; not established as an inappropriate IME candidate.	"{""referenceFacts"":[],""otherReadingFacts"":[]}"
おはぎな	緒剥菜	1851	1851	neologd	held	unclassified	reading-evidence-missing	held	unclassified	reading-evidence-missing	no-independent-reading-evidence	assistant inspection of all 500 stored-reference fact records; targeted Wikipedia/official-page research for selected resolvable cases	Independent reading or unambiguous name/referent binding remains missing; not established as an inappropriate IME candidate.	"{""referenceFacts"":[],""otherReadingFacts"":[]}"
ゆうべはおたのしみでしたね	ゆうべはおたのしみでしたね	1851	1851	neologd	held	unclassified	reading-evidence-missing	held	unclassified	reading-evidence-missing	no-independent-reading-evidence	assistant inspection of all 500 stored-reference fact records; targeted Wikipedia/official-page research for selected resolvable cases	Independent reading or unambiguous name/referent binding remains missing; not established as an inappropriate IME candidate.	"{""referenceFacts"":[],""otherReadingFacts"":[]}"
しんがい	眞開	1851	1851	neologd	held	unclassified	reading-evidence-missing	held	unclassified	reading-evidence-missing	no-independent-reading-evidence	assistant inspection of all 500 stored-reference fact records; targeted Wikipedia/official-page research for selected resolvable cases	Independent reading or unambiguous name/referent binding remains missing; not established as an inappropriate IME candidate.	"{""referenceFacts"":[],""otherReadingFacts"":[]}"
しばゆう	司馬攸	1851	1851	wiki	held	person	reading-evidence-missing	held	person	reading-evidence-missing	no-independent-reading-evidence	assistant inspection of all 500 stored-reference fact records; targeted Wikipedia/official-page research for selected resolvable cases	Independent reading or unambiguous name/referent binding remains missing; not established as an inappropriate IME candidate.	"{""referenceFacts"":[{""id"":""Q1143870"",""name"":""司馬攸"",""types"":[""Q5""],""readings"":[],""bound"":{}}],""otherReadingFacts"":[]}"
たてばやしじょう	館林城	1851	1851	wiki	held	facility	reading-evidence-missing	adopted	facility		https://ja.wikipedia.org/wiki/館林城	assistant inspection of all 500 stored-reference fact records; targeted Wikipedia/official-page research for selected resolvable cases	Additional name-bound or explicit published reading supports adoption; see final evidence.	"{""referenceFacts"":[{""id"":""Q11666959"",""name"":""館林城"",""types"":[""Q92026""],""readings"":[],""bound"":{}}],""otherReadingFacts"":[]}"
なかやまひろあき	中山弘明	1851	1851	neologd	held	unclassified	reading-evidence-missing	held	unclassified	reading-evidence-missing	no-independent-reading-evidence	assistant inspection of all 500 stored-reference fact records; targeted Wikipedia/official-page research for selected resolvable cases	Independent reading or unambiguous name/referent binding remains missing; not established as an inappropriate IME candidate.	"{""referenceFacts"":[],""otherReadingFacts"":[]}"
まえはまかいすいよくじょう	前浜海水浴場	1851	1851	neologd	held	unclassified	reading-evidence-missing	held	unclassified	reading-evidence-missing	no-independent-reading-evidence	assistant inspection of all 500 stored-reference fact records; targeted Wikipedia/official-page research for selected resolvable cases	Independent reading or unambiguous name/referent binding remains missing; not established as an inappropriate IME candidate.	"{""referenceFacts"":[],""otherReadingFacts"":[]}"
あずさひかる	梓ひかる	1851	1851	neologd	held	unclassified	reading-evidence-missing	held	unclassified	reading-evidence-missing	no-independent-reading-evidence	assistant inspection of all 500 stored-reference fact records; targeted Wikipedia/official-page research for selected resolvable cases	Independent reading or unambiguous name/referent binding remains missing; not established as an inappropriate IME candidate.	"{""referenceFacts"":[],""otherReadingFacts"":[]}"
かとうさやか	加藤彩也香	1851	1851	neologd	held	unclassified	reading-evidence-missing	held	unclassified	reading-evidence-missing	no-independent-reading-evidence	assistant inspection of all 500 stored-reference fact records; targeted Wikipedia/official-page research for selected resolvable cases	Independent reading or unambiguous name/referent binding remains missing; not established as an inappropriate IME candidate.	"{""referenceFacts"":[],""otherReadingFacts"":[]}"
ただみつ	忠貢	1851	1851	neologd	held	unclassified	reading-evidence-missing	held	unclassified	reading-evidence-missing	no-independent-reading-evidence	assistant inspection of all 500 stored-reference fact records; targeted Wikipedia/official-page research for selected resolvable cases	Independent reading or unambiguous name/referent binding remains missing; not established as an inappropriate IME candidate.	"{""referenceFacts"":[],""otherReadingFacts"":[]}"
さかもとかずひろ	坂本和大	1851	1851	neologd	held	unclassified	reading-evidence-missing	held	unclassified	reading-evidence-missing	no-independent-reading-evidence	assistant inspection of all 500 stored-reference fact records; targeted Wikipedia/official-page research for selected resolvable cases	Independent reading or unambiguous name/referent binding remains missing; not established as an inappropriate IME candidate.	"{""referenceFacts"":[],""otherReadingFacts"":[]}"
かぶしきがいしゃしゃいんこうげい	シャイン工芸	1851	1851	neologd	held	unclassified	reading-evidence-missing	held	unclassified	reading-evidence-missing	no-independent-reading-evidence	assistant inspection of all 500 stored-reference fact records; targeted Wikipedia/official-page research for selected resolvable cases	Independent reading or unambiguous name/referent binding remains missing; not established as an inappropriate IME candidate.	"{""referenceFacts"":[],""otherReadingFacts"":[]}"
まさひで	正偉	1851	1851	neologd	held	unclassified	reading-evidence-missing	held	unclassified	reading-evidence-missing	no-independent-reading-evidence	assistant inspection of all 500 stored-reference fact records; targeted Wikipedia/official-page research for selected resolvable cases	Independent reading or unambiguous name/referent binding remains missing; not established as an inappropriate IME candidate.	"{""referenceFacts"":[],""otherReadingFacts"":[]}"
いちかわゆきお	市川之雄	1851	1851	common	held	person	reading-evidence-missing	held	person	reading-evidence-missing	no-independent-reading-evidence	assistant inspection of all 500 stored-reference fact records; targeted Wikipedia/official-page research for selected resolvable cases	Independent reading or unambiguous name/referent binding remains missing; not established as an inappropriate IME candidate.	"{""referenceFacts"":[{""id"":""Q11480155"",""name"":""市川之雄"",""types"":[""Q5""],""readings"":[],""bound"":{}}],""otherReadingFacts"":[]}"
かんきそう	観喜草	1851	1851	neologd	held	unclassified	reading-evidence-missing	held	unclassified	reading-evidence-missing	no-independent-reading-evidence	assistant inspection of all 500 stored-reference fact records; targeted Wikipedia/official-page research for selected resolvable cases	Independent reading or unambiguous name/referent binding remains missing; not established as an inappropriate IME candidate.	"{""referenceFacts"":[],""otherReadingFacts"":[]}"
ひっとりさーち	ヒットリサーチ	1851	1851	common	accepted	unclassified		unclassified	unclassified		orthographic-kana;https://www.wikidata.org/wiki/Q11330071#name	assistant inspection of all 500 stored-reference fact records; targeted Wikipedia/official-page research for selected resolvable cases	Reading supported, but a role within the twelve categories is not yet established.	"{""referenceFacts"":[{""id"":""Q11330071"",""name"":""ヒットリサーチ"",""types"":[""Q15416""],""readings"":[],""bound"":{}}],""otherReadingFacts"":[]}"
とううらとしお	東浦利夫	1851	1851	wiki	held	person	reading-evidence-missing	held	person	reading-evidence-missing	no-independent-reading-evidence	assistant inspection of all 500 stored-reference fact records; targeted Wikipedia/official-page research for selected resolvable cases	Independent reading or unambiguous name/referent binding remains missing; not established as an inappropriate IME candidate.	"{""referenceFacts"":[{""id"":""Q132434744"",""name"":""東浦利夫"",""types"":[""Q5""],""readings"":[],""bound"":{}}],""otherReadingFacts"":[]}"
ふじわらののぶこ	藤原信子	1851	1851	wiki	held	unclassified	reading-evidence-missing	held	unclassified	reading-evidence-missing	no-independent-reading-evidence	assistant inspection of all 500 stored-reference fact records; targeted Wikipedia/official-page research for selected resolvable cases	Independent reading or unambiguous name/referent binding remains missing; not established as an inappropriate IME candidate.	"{""referenceFacts"":[{""id"":""Q11437702"",""name"":""大炊御門信子"",""types"":[""Q5""],""readings"":[],""bound"":{}},{""id"":""Q116479633"",""name"":""藤原信子"",""types"":[""Q22808320""],""readings"":[],""bound"":{}}],""otherReadingFacts"":[]}"
いしかわなおみ	石川直美	1851	1851	neologd	held	unclassified	reading-evidence-missing	held	unclassified	reading-evidence-missing	no-independent-reading-evidence	assistant inspection of all 500 stored-reference fact records; targeted Wikipedia/official-page research for selected resolvable cases	Independent reading or unambiguous name/referent binding remains missing; not established as an inappropriate IME candidate.	"{""referenceFacts"":[],""otherReadingFacts"":[]}"
うちだゆか	内田ユカ	1851	1851	neologd	held	unclassified	reading-evidence-missing	held	unclassified	reading-evidence-missing	no-independent-reading-evidence	assistant inspection of all 500 stored-reference fact records; targeted Wikipedia/official-page research for selected resolvable cases	Independent reading or unambiguous name/referent binding remains missing; not established as an inappropriate IME candidate.	"{""referenceFacts"":[],""otherReadingFacts"":[]}"
さきく	紗掬	1851	1851	neologd	held	unclassified	reading-evidence-missing	held	unclassified	reading-evidence-missing	no-independent-reading-evidence	assistant inspection of all 500 stored-reference fact records; targeted Wikipedia/official-page research for selected resolvable cases	Independent reading or unambiguous name/referent binding remains missing; not established as an inappropriate IME candidate.	"{""referenceFacts"":[],""otherReadingFacts"":[]}"
あすとらるりょこう	アストラル旅行	1851	1851	common	held	unclassified	reading-evidence-missing	held	unclassified	reading-evidence-missing	no-independent-reading-evidence	assistant inspection of all 500 stored-reference fact records; targeted Wikipedia/official-page research for selected resolvable cases	Independent reading or unambiguous name/referent binding remains missing; not established as an inappropriate IME candidate.	"{""referenceFacts"":[{""id"":""Q6817487"",""name"":""アストラル旅行"",""types"":[""Q1347367""],""readings"":[],""bound"":{}}],""otherReadingFacts"":[]}"
なんぽろえき	南幌駅	1851	1851	common	held	station	reading-evidence-missing	held	station	reading-evidence-missing	no-independent-reading-evidence	assistant inspection of all 500 stored-reference fact records; targeted Wikipedia/official-page research for selected resolvable cases	Independent reading or unambiguous name/referent binding remains missing; not established as an inappropriate IME candidate.	"{""referenceFacts"":[{""id"":""Q11407810"",""name"":""南幌駅"",""types"":[""Q4663385""],""readings"":[],""bound"":{}}],""otherReadingFacts"":[]}"
しばかいえん	志波海燕	1851	1851	neologd	held	unclassified	reading-evidence-missing	held	unclassified	reading-evidence-missing	no-independent-reading-evidence	assistant inspection of all 500 stored-reference fact records; targeted Wikipedia/official-page research for selected resolvable cases	Independent reading or unambiguous name/referent binding remains missing; not established as an inappropriate IME candidate.	"{""referenceFacts"":[{""id"":""Q2549265"",""name"":""志波海燕"",""types"":[""Q3959568"",""Q87576284"",""Q80447738""],""readings"":[],""bound"":{}}],""otherReadingFacts"":[]}"
よせぎばり	寄木張り	1851	1851	common	held	unclassified	reading-evidence-missing	held	unclassified	reading-evidence-missing	no-independent-reading-evidence	assistant inspection of all 500 stored-reference fact records; targeted Wikipedia/official-page research for selected resolvable cases	Independent reading or unambiguous name/referent binding remains missing; not established as an inappropriate IME candidate.	"{""referenceFacts"":[{""id"":""Q838828"",""name"":""寄木張り"",""types"":[],""readings"":[],""bound"":{}}],""otherReadingFacts"":[]}"
かきなげ	かきなげ	1851	1851	neologd	held	unclassified	reading-evidence-missing	held	unclassified	reading-evidence-missing	no-independent-reading-evidence	assistant inspection of all 500 stored-reference fact records; targeted Wikipedia/official-page research for selected resolvable cases	Independent reading or unambiguous name/referent binding remains missing; not established as an inappropriate IME candidate.	"{""referenceFacts"":[],""otherReadingFacts"":[]}"
じゅうきゅうこあ	19コア	1851	1851	neologd	held	unclassified	reading-evidence-missing	held	unclassified	reading-evidence-missing	no-independent-reading-evidence	assistant inspection of all 500 stored-reference fact records; targeted Wikipedia/official-page research for selected resolvable cases	Independent reading or unambiguous name/referent binding remains missing; not established as an inappropriate IME candidate.	"{""referenceFacts"":[],""otherReadingFacts"":[]}"
しょうじょありす	少女アリス	1851	1851	common	held	work	reading-evidence-missing	held	work	reading-evidence-missing	no-independent-reading-evidence	assistant inspection of all 500 stored-reference fact records; targeted Wikipedia/official-page research for selected resolvable cases	Independent reading or unambiguous name/referent binding remains missing; not established as an inappropriate IME candidate.	"{""referenceFacts"":[{""id"":""Q11464543"",""name"":""少女アリス"",""types"":[""Q7725634""],""readings"":[],""bound"":{}}],""otherReadingFacts"":[]}"
はるま	陽馬	1851	1851	neologd	held	unclassified	reading-evidence-missing	held	unclassified	reading-evidence-missing	no-independent-reading-evidence	assistant inspection of all 500 stored-reference fact records; targeted Wikipedia/official-page research for selected resolvable cases	Independent reading or unambiguous name/referent binding remains missing; not established as an inappropriate IME candidate.	"{""referenceFacts"":[],""otherReadingFacts"":[]}"
かんさいぼうばん	肝細胞板	1851	1851	common	held	unclassified	reading-evidence-missing	held	unclassified	reading-evidence-missing	no-independent-reading-evidence	assistant inspection of all 500 stored-reference fact records; targeted Wikipedia/official-page research for selected resolvable cases	Independent reading or unambiguous name/referent binding remains missing; not established as an inappropriate IME candidate.	"{""referenceFacts"":[{""id"":""Q11611506"",""name"":""肝細胞板"",""types"":[],""readings"":[],""bound"":{}}],""otherReadingFacts"":[]}"
はるいちばんなづけのひ	春一番名付けの日	1851	1851	neologd	held	unclassified	reading-evidence-missing	held	unclassified	reading-evidence-missing	no-independent-reading-evidence	assistant inspection of all 500 stored-reference fact records; targeted Wikipedia/official-page research for selected resolvable cases	Independent reading or unambiguous name/referent binding remains missing; not established as an inappropriate IME candidate.	"{""referenceFacts"":[],""otherReadingFacts"":[]}"
やそといき	夜想といき	1851	1851	person	held	unclassified	reading-evidence-missing	held	unclassified	reading-evidence-missing	no-independent-reading-evidence	assistant inspection of all 500 stored-reference fact records; targeted Wikipedia/official-page research for selected resolvable cases	Independent reading or unambiguous name/referent binding remains missing; not established as an inappropriate IME candidate.	"{""referenceFacts"":[],""otherReadingFacts"":[]}"
でぃーぷしーく	DeepSeek	1851	1851	person	held	organization	reading-evidence-missing	adopted	organization		https://ja.wikipedia.org/wiki/DeepSeek	assistant inspection of all 500 stored-reference fact records; targeted Wikipedia/official-page research for selected resolvable cases	Additional name-bound or explicit published reading supports adoption; see final evidence.	"{""referenceFacts"":[{""id"":""Q131577453"",""name"":""DeepSeek"",""types"":[""Q4830453"",""Q129238"",""Q18388277""],""readings"":[],""bound"":{}}],""otherReadingFacts"":[]}"
ろくじゅうろくき	66基	1851	1851	neologd	held	unclassified	reading-evidence-missing	held	unclassified	reading-evidence-missing	no-independent-reading-evidence	assistant inspection of all 500 stored-reference fact records; targeted Wikipedia/official-page research for selected resolvable cases	Independent reading or unambiguous name/referent binding remains missing; not established as an inappropriate IME candidate.	"{""referenceFacts"":[],""otherReadingFacts"":[]}"
たける	武留	1851	1851	neologd	held	unclassified	reading-evidence-missing	held	unclassified	reading-evidence-missing	no-independent-reading-evidence	assistant inspection of all 500 stored-reference fact records; targeted Wikipedia/official-page research for selected resolvable cases	Independent reading or unambiguous name/referent binding remains missing; not established as an inappropriate IME candidate.	"{""referenceFacts"":[],""otherReadingFacts"":[]}"
えがくて	描く手	1851	1851	common	held	unclassified	reading-evidence-missing	held	unclassified	reading-evidence-missing	no-independent-reading-evidence	assistant inspection of all 500 stored-reference fact records; targeted Wikipedia/official-page research for selected resolvable cases	Independent reading or unambiguous name/referent binding remains missing; not established as an inappropriate IME candidate.	"{""referenceFacts"":[{""id"":""Q2390890"",""name"":""描く手"",""types"":[""Q15123870""],""readings"":[],""bound"":{}}],""otherReadingFacts"":[]}"
らしょうもんかずら	羅生門蔓	1851	1851	neologd	held	unclassified	reading-evidence-missing	held	unclassified	reading-evidence-missing	no-independent-reading-evidence	assistant inspection of all 500 stored-reference fact records; targeted Wikipedia/official-page research for selected resolvable cases	Independent reading or unambiguous name/referent binding remains missing; not established as an inappropriate IME candidate.	"{""referenceFacts"":[],""otherReadingFacts"":[]}"
やまかせいこうかぶしきがいしゃ	ヤマカ精工	1851	1851	neologd	held	unclassified	reading-evidence-missing	held	unclassified	reading-evidence-missing	no-independent-reading-evidence	assistant inspection of all 500 stored-reference fact records; targeted Wikipedia/official-page research for selected resolvable cases	Independent reading or unambiguous name/referent binding remains missing; not established as an inappropriate IME candidate.	"{""referenceFacts"":[],""otherReadingFacts"":[]}"
そうごうぶにん	僧綱補任	1851	1851	wiki	held	unclassified	reading-evidence-missing	held	unclassified	reading-evidence-missing	no-independent-reading-evidence	assistant inspection of all 500 stored-reference fact records; targeted Wikipedia/official-page research for selected resolvable cases	Independent reading or unambiguous name/referent binding remains missing; not established as an inappropriate IME candidate.	"{""referenceFacts"":[],""otherReadingFacts"":[]}"
まさかず	正収	1851	1851	neologd	held	unclassified	reading-evidence-missing	held	unclassified	reading-evidence-missing	no-independent-reading-evidence	assistant inspection of all 500 stored-reference fact records; targeted Wikipedia/official-page research for selected resolvable cases	Independent reading or unambiguous name/referent binding remains missing; not established as an inappropriate IME candidate.	"{""referenceFacts"":[],""otherReadingFacts"":[]}"
しらかわきくの	しらかわきくの	1851	1851	neologd	held	unclassified	reading-evidence-missing	held	unclassified	reading-evidence-missing	no-independent-reading-evidence	assistant inspection of all 500 stored-reference fact records; targeted Wikipedia/official-page research for selected resolvable cases	Independent reading or unambiguous name/referent binding remains missing; not established as an inappropriate IME candidate.	"{""referenceFacts"":[],""otherReadingFacts"":[]}"
くにどみなかむらこふん	国富中村古墳	1851	1851	wiki	held	facility	reading-evidence-missing	held	facility	reading-evidence-missing	no-independent-reading-evidence	assistant inspection of all 500 stored-reference fact records; targeted Wikipedia/official-page research for selected resolvable cases	Independent reading or unambiguous name/referent binding remains missing; not established as an inappropriate IME candidate.	"{""referenceFacts"":[{""id"":""Q109366133"",""name"":""国富中村古墳"",""types"":[""Q1141225"",""Q11394747""],""readings"":[],""bound"":{}}],""otherReadingFacts"":[]}"
あいざわひより	藍沢ひより	1851	1851	neologd	held	unclassified	reading-evidence-missing	held	unclassified	reading-evidence-missing	no-independent-reading-evidence	assistant inspection of all 500 stored-reference fact records; targeted Wikipedia/official-page research for selected resolvable cases	Independent reading or unambiguous name/referent binding remains missing; not established as an inappropriate IME candidate.	"{""referenceFacts"":[],""otherReadingFacts"":[]}"
ふくろうのこえがきこえる	フクロウの声が聞こえる	1851	1851	common	held	work	reading-evidence-missing	held	work	reading-evidence-missing	no-independent-reading-evidence	assistant inspection of all 500 stored-reference fact records; targeted Wikipedia/official-page research for selected resolvable cases	Independent reading or unambiguous name/referent binding remains missing; not established as an inappropriate IME candidate.	"{""referenceFacts"":[{""id"":""Q43417335"",""name"":""フクロウの声が聞こえる"",""types"":[""Q134556""],""readings"":[],""bound"":{}}],""otherReadingFacts"":[]}"
のうぎょうきょうどうくみあいほう	農業協同組合法	1851	1851	common	held	unclassified	reading-evidence-missing	held	unclassified	reading-evidence-missing	no-independent-reading-evidence	assistant inspection of all 500 stored-reference fact records; targeted Wikipedia/official-page research for selected resolvable cases	Independent reading or unambiguous name/referent binding remains missing; not established as an inappropriate IME candidate.	"{""referenceFacts"":[{""id"":""Q11638000"",""name"":""農業協同組合法"",""types"":[""Q820655""],""readings"":[],""bound"":{}}],""otherReadingFacts"":[]}"
へんなおいにー	変なオイニー	1851	1851	neologd	held	unclassified	reading-evidence-missing	held	unclassified	reading-evidence-missing	no-independent-reading-evidence	assistant inspection of all 500 stored-reference fact records; targeted Wikipedia/official-page research for selected resolvable cases	Independent reading or unambiguous name/referent binding remains missing; not established as an inappropriate IME candidate.	"{""referenceFacts"":[],""otherReadingFacts"":[]}"
たけさだ	剛真	1851	1851	neologd	held	unclassified	reading-evidence-missing	held	unclassified	reading-evidence-missing	no-independent-reading-evidence	assistant inspection of all 500 stored-reference fact records; targeted Wikipedia/official-page research for selected resolvable cases	Independent reading or unambiguous name/referent binding remains missing; not established as an inappropriate IME candidate.	"{""referenceFacts"":[],""otherReadingFacts"":[]}"
あそしま	麻生嶋	1851	1851	neologd	held	unclassified	reading-evidence-missing	held	unclassified	reading-evidence-missing	no-independent-reading-evidence	assistant inspection of all 500 stored-reference fact records; targeted Wikipedia/official-page research for selected resolvable cases	Independent reading or unambiguous name/referent binding remains missing; not established as an inappropriate IME candidate.	"{""referenceFacts"":[],""otherReadingFacts"":[]}"
なるせももか	成瀬桃花	1851	1851	person	held	unclassified	reading-evidence-missing	held	unclassified	reading-evidence-missing	no-independent-reading-evidence	assistant inspection of all 500 stored-reference fact records; targeted Wikipedia/official-page research for selected resolvable cases	Independent reading or unambiguous name/referent binding remains missing; not established as an inappropriate IME candidate.	"{""referenceFacts"":[],""otherReadingFacts"":[]}"
おろへなさん	オロヘナ山	1851	1851	common	held	place	reading-evidence-missing	held	place	reading-evidence-missing	no-independent-reading-evidence	assistant inspection of all 500 stored-reference fact records; targeted Wikipedia/official-page research for selected resolvable cases	Independent reading or unambiguous name/referent binding remains missing; not established as an inappropriate IME candidate.	"{""referenceFacts"":[{""id"":""Q512465"",""name"":""オロヘナ山"",""types"":[""Q8502""],""readings"":[],""bound"":{}}],""otherReadingFacts"":[]}"
さおとめさつき	五月女五月	1851	1851	neologd	held	unclassified	reading-evidence-missing	held	unclassified	reading-evidence-missing	no-independent-reading-evidence	assistant inspection of all 500 stored-reference fact records; targeted Wikipedia/official-page research for selected resolvable cases	Independent reading or unambiguous name/referent binding remains missing; not established as an inappropriate IME candidate.	"{""referenceFacts"":[],""otherReadingFacts"":[]}"
たまのりしこ	たまのりしこ	1851	1851	neologd	held	unclassified	reading-evidence-missing	held	unclassified	reading-evidence-missing	no-independent-reading-evidence	assistant inspection of all 500 stored-reference fact records; targeted Wikipedia/official-page research for selected resolvable cases	Independent reading or unambiguous name/referent binding remains missing; not established as an inappropriate IME candidate.	"{""referenceFacts"":[],""otherReadingFacts"":[]}"
めぎょえき	梅橋駅	1851	1851	common	held	station	reading-evidence-missing	held	station	reading-evidence-missing	no-independent-reading-evidence	assistant inspection of all 500 stored-reference fact records; targeted Wikipedia/official-page research for selected resolvable cases	Independent reading or unambiguous name/referent binding remains missing; not established as an inappropriate IME candidate.	"{""referenceFacts"":[{""id"":""Q702256"",""name"":""梅橋駅"",""types"":[""Q928830"",""Q22808403""],""readings"":[],""bound"":{}}],""otherReadingFacts"":[]}"
ままこな	飯子菜	1851	1851	neologd	held	unclassified	reading-evidence-missing	held	unclassified	reading-evidence-missing	no-independent-reading-evidence	assistant inspection of all 500 stored-reference fact records; targeted Wikipedia/official-page research for selected resolvable cases	Independent reading or unambiguous name/referent binding remains missing; not established as an inappropriate IME candidate.	"{""referenceFacts"":[],""otherReadingFacts"":[]}"
じーてぃーえふくろみうむ	GTFクロミウム	1851	1851	neologd	held	unclassified	reading-evidence-missing	held	unclassified	reading-evidence-missing	no-independent-reading-evidence	assistant inspection of all 500 stored-reference fact records; targeted Wikipedia/official-page research for selected resolvable cases	Independent reading or unambiguous name/referent binding remains missing; not established as an inappropriate IME candidate.	"{""referenceFacts"":[],""otherReadingFacts"":[]}"
くになかじ	国中寺	1851	1851	neologd	held	unclassified	entity-reading-unresolved-not-pair-error	adopted	facility		https://www.wikidata.org/wiki/Q11422675#P1814;name-bound-written-variant	assistant inspection of all 500 stored-reference fact records; targeted Wikipedia/official-page research for selected resolvable cases	Additional name-bound or explicit published reading supports adoption; see final evidence.	"{""referenceFacts"":[{""id"":""Q11422675"",""name"":""國中寺"",""types"":[""Q5393308""],""readings"":[""くになかじ""],""bound"":{}}],""otherReadingFacts"":[]}"
こまきぐち	小牧口	1851	1851	neologd	accepted	unclassified		unclassified	unclassified		mozc-exact-reading-surface	assistant inspection of all 500 stored-reference fact records; targeted Wikipedia/official-page research for selected resolvable cases	Reading supported, but a role within the twelve categories is not yet established.	"{""referenceFacts"":[],""otherReadingFacts"":[]}"
とらっくす	TRAX	1851	1851	neologd	held	organization	reading-evidence-missing	held	organization	reading-evidence-missing	no-independent-reading-evidence	assistant inspection of all 500 stored-reference fact records; targeted Wikipedia/official-page research for selected resolvable cases	Independent reading or unambiguous name/referent binding remains missing; not established as an inappropriate IME candidate.	"{""referenceFacts"":[{""id"":""Q487262"",""name"":""TRAX"",""types"":[""Q215380""],""readings"":[],""bound"":{}}],""otherReadingFacts"":[]}"
まつおかしずえ	松岡しずえ	1851	1851	person	held	unclassified	reading-evidence-missing	held	unclassified	reading-evidence-missing	no-independent-reading-evidence	assistant inspection of all 500 stored-reference fact records; targeted Wikipedia/official-page research for selected resolvable cases	Independent reading or unambiguous name/referent binding remains missing; not established as an inappropriate IME candidate.	"{""referenceFacts"":[],""otherReadingFacts"":[]}"
たきがわだいにこうとうがっこう	滝川第二高等学校	1851	1851	neologd	held	unclassified	reading-evidence-missing	held	unclassified	reading-evidence-missing	no-independent-reading-evidence	assistant inspection of all 500 stored-reference fact records; targeted Wikipedia/official-page research for selected resolvable cases	Independent reading or unambiguous name/referent binding remains missing; not established as an inappropriate IME candidate.	"{""referenceFacts"":[{""id"":""Q11565163"",""name"":""滝川第二中学校・高等学校"",""types"":[""Q21655594""],""readings"":[],""bound"":{}},{""id"":""Q95463978"",""name"":""滝川第二高等学校"",""types"":[""Q56351315""],""readings"":[],""bound"":{}}],""otherReadingFacts"":[]}"
やのしょうじかぶしきがいしゃ	矢野商事	1851	1851	neologd	held	unclassified	reading-evidence-missing	held	unclassified	reading-evidence-missing	no-independent-reading-evidence	assistant inspection of all 500 stored-reference fact records; targeted Wikipedia/official-page research for selected resolvable cases	Independent reading or unambiguous name/referent binding remains missing; not established as an inappropriate IME candidate.	"{""referenceFacts"":[],""otherReadingFacts"":[]}"
おみむらない	麻績村内	1851	1851	neologd	held	unclassified	reading-evidence-missing	held	unclassified	reading-evidence-missing	no-independent-reading-evidence	assistant inspection of all 500 stored-reference fact records; targeted Wikipedia/official-page research for selected resolvable cases	Independent reading or unambiguous name/referent binding remains missing; not established as an inappropriate IME candidate.	"{""referenceFacts"":[],""otherReadingFacts"":[]}"
みなさんのおかげです	みなさんのおかげです	1851	1851	common	held	unclassified	reading-evidence-missing	held	unclassified	reading-evidence-missing	no-independent-reading-evidence	assistant inspection of all 500 stored-reference fact records; targeted Wikipedia/official-page research for selected resolvable cases	Independent reading or unambiguous name/referent binding remains missing; not established as an inappropriate IME candidate.	"{""referenceFacts"":[{""id"":""Q11273591"",""name"":""とんねるずのみなさんのおかげです"",""types"":[""Q15416""],""readings"":[],""bound"":{}}],""otherReadingFacts"":[]}"
でむらよしかず	出村義和	1851	1851	neologd	held	unclassified	reading-evidence-missing	held	unclassified	reading-evidence-missing	no-independent-reading-evidence	assistant inspection of all 500 stored-reference fact records; targeted Wikipedia/official-page research for selected resolvable cases	Independent reading or unambiguous name/referent binding remains missing; not established as an inappropriate IME candidate.	"{""referenceFacts"":[],""otherReadingFacts"":[]}"
しゅくだいめーる	宿題メール	1851	1851	neologd	held	unclassified	reading-evidence-missing	held	unclassified	reading-evidence-missing	no-independent-reading-evidence	assistant inspection of all 500 stored-reference fact records; targeted Wikipedia/official-page research for selected resolvable cases	Independent reading or unambiguous name/referent binding remains missing; not established as an inappropriate IME candidate.	"{""referenceFacts"":[],""otherReadingFacts"":[]}"
あべにっこうこうぎょう	安部日鋼工業	1851	1851	neologd	held	unclassified	reading-evidence-missing	held	unclassified	reading-evidence-missing	no-independent-reading-evidence	assistant inspection of all 500 stored-reference fact records; targeted Wikipedia/official-page research for selected resolvable cases	Independent reading or unambiguous name/referent binding remains missing; not established as an inappropriate IME candidate.	"{""referenceFacts"":[],""otherReadingFacts"":[]}"
ふじわらのかちおん	藤原勝臣	1851	1851	common	held	person	reading-evidence-missing	held	person	reading-evidence-missing	no-independent-reading-evidence	assistant inspection of all 500 stored-reference fact records; targeted Wikipedia/official-page research for selected resolvable cases	Independent reading or unambiguous name/referent binding remains missing; not established as an inappropriate IME candidate.	"{""referenceFacts"":[{""id"":""Q24875837"",""name"":""藤原勝臣"",""types"":[""Q5""],""readings"":[],""bound"":{}}],""otherReadingFacts"":[]}"
ほうていべんごし	法廷弁護士	1851	1851	common	accepted	unclassified		unclassified	unclassified		https://www.wikidata.org/wiki/Q808967#P1814;name-bound-written-variant	assistant inspection of all 500 stored-reference fact records; targeted Wikipedia/official-page research for selected resolvable cases	Reading supported, but a role within the twelve categories is not yet established.	"{""referenceFacts"":[{""id"":""Q808967"",""name"":""法廷弁護士"",""types"":[""Q12737077""],""readings"":[""ほうていべんごし""],""bound"":{}}],""otherReadingFacts"":[]}"
ひゅーむしゅぎ	ヒューム主義	1851	1851	wiki	held	unclassified	reading-evidence-missing	held	unclassified	reading-evidence-missing	no-independent-reading-evidence	assistant inspection of all 500 stored-reference fact records; targeted Wikipedia/official-page research for selected resolvable cases	Independent reading or unambiguous name/referent binding remains missing; not established as an inappropriate IME candidate.	"{""referenceFacts"":[{""id"":""Q107105398"",""name"":""ヒューム主義"",""types"":[""Q12765852""],""readings"":[],""bound"":{}}],""otherReadingFacts"":[]}"
かべとう	加部藤	1851	1851	neologd	held	unclassified	reading-evidence-missing	held	unclassified	reading-evidence-missing	no-independent-reading-evidence	assistant inspection of all 500 stored-reference fact records; targeted Wikipedia/official-page research for selected resolvable cases	Independent reading or unambiguous name/referent binding remains missing; not established as an inappropriate IME candidate.	"{""referenceFacts"":[],""otherReadingFacts"":[]}"
やまげし	山罌粟	1851	1851	neologd	held	unclassified	reading-evidence-missing	held	unclassified	reading-evidence-missing	no-independent-reading-evidence	assistant inspection of all 500 stored-reference fact records; targeted Wikipedia/official-page research for selected resolvable cases	Independent reading or unambiguous name/referent binding remains missing; not established as an inappropriate IME candidate.	"{""referenceFacts"":[],""otherReadingFacts"":[]}"
くみなが	組永	1851	1851	neologd	held	unclassified	reading-evidence-missing	held	unclassified	reading-evidence-missing	no-independent-reading-evidence	assistant inspection of all 500 stored-reference fact records; targeted Wikipedia/official-page research for selected resolvable cases	Independent reading or unambiguous name/referent binding remains missing; not established as an inappropriate IME candidate.	"{""referenceFacts"":[],""otherReadingFacts"":[]}"
いりてゅいあ	イリテュイア	1851	1851	wiki	held	unclassified	reading-evidence-missing	held	unclassified	reading-evidence-missing	no-independent-reading-evidence	assistant inspection of all 500 stored-reference fact records; targeted Wikipedia/official-page research for selected resolvable cases	Independent reading or unambiguous name/referent binding remains missing; not established as an inappropriate IME candidate.	"{""referenceFacts"":[{""id"":""Q94066"",""name"":""エイレイテュイア"",""types"":[""Q205985"",""Q22989102""],""readings"":[],""bound"":{}}],""otherReadingFacts"":[]}"
はたむらない	畑村内	1851	1851	neologd	held	unclassified	reading-evidence-missing	held	unclassified	reading-evidence-missing	no-independent-reading-evidence	assistant inspection of all 500 stored-reference fact records; targeted Wikipedia/official-page research for selected resolvable cases	Independent reading or unambiguous name/referent binding remains missing; not established as an inappropriate IME candidate.	"{""referenceFacts"":[],""otherReadingFacts"":[]}"
はーどでぃすくうぉーくまん	HDDウォークマン	1851	1851	neologd	held	unclassified	reading-evidence-missing	held	unclassified	reading-evidence-missing	no-independent-reading-evidence	assistant inspection of all 500 stored-reference fact records; targeted Wikipedia/official-page research for selected resolvable cases	Independent reading or unambiguous name/referent binding remains missing; not established as an inappropriate IME candidate.	"{""referenceFacts"":[],""otherReadingFacts"":[]}"
はんなんしのちめい	阪南市の地名	1851	1851	wiki	held	unclassified	reading-evidence-missing	held	unclassified	reading-evidence-missing	no-independent-reading-evidence	assistant inspection of all 500 stored-reference fact records; targeted Wikipedia/official-page research for selected resolvable cases	Independent reading or unambiguous name/referent binding remains missing; not established as an inappropriate IME candidate.	"{""referenceFacts"":[{""id"":""Q131919503"",""name"":""阪南市の地名"",""types"":[],""readings"":[],""bound"":{}}],""otherReadingFacts"":[]}"
こうやのでんせつ	コウヤの伝説	1851	1851	common	held	work	reading-evidence-missing	held	work	reading-evidence-missing	no-independent-reading-evidence	assistant inspection of all 500 stored-reference fact records; targeted Wikipedia/official-page research for selected resolvable cases	Independent reading or unambiguous name/referent binding remains missing; not established as an inappropriate IME candidate.	"{""referenceFacts"":[{""id"":""Q11301874"",""name"":""コウヤの伝説"",""types"":[""Q7725634""],""readings"":[],""bound"":{}}],""otherReadingFacts"":[]}"
ぞうらく	藏楽	1851	1851	neologd	held	unclassified	reading-evidence-missing	held	unclassified	reading-evidence-missing	no-independent-reading-evidence	assistant inspection of all 500 stored-reference fact records; targeted Wikipedia/official-page research for selected resolvable cases	Independent reading or unambiguous name/referent binding remains missing; not established as an inappropriate IME candidate.	"{""referenceFacts"":[],""otherReadingFacts"":[]}"
まほみ	真保美	1851	1851	neologd	held	unclassified	reading-evidence-missing	held	unclassified	reading-evidence-missing	no-independent-reading-evidence	assistant inspection of all 500 stored-reference fact records; targeted Wikipedia/official-page research for selected resolvable cases	Independent reading or unambiguous name/referent binding remains missing; not established as an inappropriate IME candidate.	"{""referenceFacts"":[],""otherReadingFacts"":[]}"
まんどころ	満処	1851	1851	neologd	held	unclassified	reading-evidence-missing	held	unclassified	reading-evidence-missing	no-independent-reading-evidence	assistant inspection of all 500 stored-reference fact records; targeted Wikipedia/official-page research for selected resolvable cases	Independent reading or unambiguous name/referent binding remains missing; not established as an inappropriate IME candidate.	"{""referenceFacts"":[],""otherReadingFacts"":[]}"
にしなりゆうびんきょく	西成郵便局	1851	1851	common	held	facility	reading-evidence-missing	held	facility	reading-evidence-missing	no-independent-reading-evidence	assistant inspection of all 500 stored-reference fact records; targeted Wikipedia/official-page research for selected resolvable cases	Independent reading or unambiguous name/referent binding remains missing; not established as an inappropriate IME candidate.	"{""referenceFacts"":[{""id"":""Q11628280"",""name"":""西成郵便局"",""types"":[""Q35054""],""readings"":[],""bound"":{}}],""otherReadingFacts"":[]}"
にじゅうはちぎょうめ	28行目	1851	1851	neologd	held	unclassified	reading-evidence-missing	held	unclassified	reading-evidence-missing	no-independent-reading-evidence	assistant inspection of all 500 stored-reference fact records; targeted Wikipedia/official-page research for selected resolvable cases	Independent reading or unambiguous name/referent binding remains missing; not established as an inappropriate IME candidate.	"{""referenceFacts"":[],""otherReadingFacts"":[]}"
ひさいちしえんきょうそう	被災地支援競走	1851	1851	common	held	unclassified	reading-evidence-missing	held	unclassified	reading-evidence-missing	no-independent-reading-evidence	assistant inspection of all 500 stored-reference fact records; targeted Wikipedia/official-page research for selected resolvable cases	Independent reading or unambiguous name/referent binding remains missing; not established as an inappropriate IME candidate.	"{""referenceFacts"":[{""id"":""Q11626616"",""name"":""被災地支援競走"",""types"":[],""readings"":[],""bound"":{}}],""otherReadingFacts"":[]}"
ながのしょうわがくえん	長野翔和学園	1851	1851	common	held	unclassified	reading-evidence-missing	held	unclassified	reading-evidence-missing	no-independent-reading-evidence	assistant inspection of all 500 stored-reference fact records; targeted Wikipedia/official-page research for selected resolvable cases	Independent reading or unambiguous name/referent binding remains missing; not established as an inappropriate IME candidate.	"{""referenceFacts"":[{""id"":""Q22124778"",""name"":""長野翔和学園"",""types"":[],""readings"":[],""bound"":{}}],""otherReadingFacts"":[]}"
ろくばしんさ	6馬身差	1851	1851	neologd	held	unclassified	reading-evidence-missing	held	unclassified	reading-evidence-missing	no-independent-reading-evidence	assistant inspection of all 500 stored-reference fact records; targeted Wikipedia/official-page research for selected resolvable cases	Independent reading or unambiguous name/referent binding remains missing; not established as an inappropriate IME candidate.	"{""referenceFacts"":[],""otherReadingFacts"":[]}"
ひぬまさくら	日沼さくら	1851	1851	person	held	unclassified	reading-evidence-missing	held	unclassified	reading-evidence-missing	no-independent-reading-evidence	assistant inspection of all 500 stored-reference fact records; targeted Wikipedia/official-page research for selected resolvable cases	Independent reading or unambiguous name/referent binding remains missing; not established as an inappropriate IME candidate.	"{""referenceFacts"":[],""otherReadingFacts"":[]}"
らくしみ	ラクシミ	1851	1851	neologd	held	unclassified	reading-evidence-missing	held	unclassified	reading-evidence-missing	no-independent-reading-evidence	assistant inspection of all 500 stored-reference fact records; targeted Wikipedia/official-page research for selected resolvable cases	Independent reading or unambiguous name/referent binding remains missing; not established as an inappropriate IME candidate.	"{""referenceFacts"":[],""otherReadingFacts"":[]}"
しいなみやこ	椎名京	1851	1851	neologd	held	unclassified	reading-evidence-missing	held	unclassified	reading-evidence-missing	no-independent-reading-evidence	assistant inspection of all 500 stored-reference fact records; targeted Wikipedia/official-page research for selected resolvable cases	Independent reading or unambiguous name/referent binding remains missing; not established as an inappropriate IME candidate.	"{""referenceFacts"":[],""otherReadingFacts"":[]}"
さたでー	Sat	1851	1851	neologd	held	unclassified	reading-evidence-missing	held	unclassified	reading-evidence-missing	no-independent-reading-evidence	assistant inspection of all 500 stored-reference fact records; targeted Wikipedia/official-page research for selected resolvable cases	Independent reading or unambiguous name/referent binding remains missing; not established as an inappropriate IME candidate.	"{""referenceFacts"":[{""id"":""Q37175770"",""name"":"""",""types"":[""Q101352""],""readings"":[],""bound"":{}}],""otherReadingFacts"":[]}"
あんきざいけいだいがく	安徽財経大学	1851	1851	wiki	held	organization	reading-evidence-missing	held	organization	reading-evidence-missing	no-independent-reading-evidence	assistant inspection of all 500 stored-reference fact records; targeted Wikipedia/official-page research for selected resolvable cases	Independent reading or unambiguous name/referent binding remains missing; not established as an inappropriate IME candidate.	"{""referenceFacts"":[{""id"":""Q4764380"",""name"":""安徽財経大学"",""types"":[""Q3918""],""readings"":[],""bound"":{}}],""otherReadingFacts"":[]}"
りけい	李珪	1851	1851	common	held	character	reading-evidence-missing	held	character	reading-evidence-missing	no-independent-reading-evidence	assistant inspection of all 500 stored-reference fact records; targeted Wikipedia/official-page research for selected resolvable cases	Independent reading or unambiguous name/referent binding remains missing; not established as an inappropriate IME candidate.	"{""referenceFacts"":[{""id"":""Q19599272"",""name"":""李珪"",""types"":[""Q15632617"",""Q3658341""],""readings"":[],""bound"":{}}],""otherReadingFacts"":[]}"
もりたまさのり	森田真功	1851	1851	neologd	held	unclassified	reading-evidence-missing	held	unclassified	reading-evidence-missing	no-independent-reading-evidence	assistant inspection of all 500 stored-reference fact records; targeted Wikipedia/official-page research for selected resolvable cases	Independent reading or unambiguous name/referent binding remains missing; not established as an inappropriate IME candidate.	"{""referenceFacts"":[],""otherReadingFacts"":[]}"
しんちょんえき	新清駅	1851	1851	common	held	station	reading-evidence-missing	held	station	reading-evidence-missing	no-independent-reading-evidence	assistant inspection of all 500 stored-reference fact records; targeted Wikipedia/official-page research for selected resolvable cases	Independent reading or unambiguous name/referent binding remains missing; not established as an inappropriate IME candidate.	"{""referenceFacts"":[{""id"":""Q16162321"",""name"":""新清駅"",""types"":[""Q55488""],""readings"":[],""bound"":{}}],""otherReadingFacts"":[]}"
もすこふすかやえき	モスコフスカヤ駅	1851	1851	common	held	unclassified	reading-evidence-missing	held	unclassified	reading-evidence-missing	no-independent-reading-evidence	assistant inspection of all 500 stored-reference fact records; targeted Wikipedia/official-page research for selected resolvable cases	Independent reading or unambiguous name/referent binding remains missing; not established as an inappropriate IME candidate.	"{""referenceFacts"":[],""otherReadingFacts"":[]}"
かねこともひろ	金子智洋	1851	1851	person	held	unclassified	reading-evidence-missing	held	unclassified	reading-evidence-missing	no-independent-reading-evidence	assistant inspection of all 500 stored-reference fact records; targeted Wikipedia/official-page research for selected resolvable cases	Independent reading or unambiguous name/referent binding remains missing; not established as an inappropriate IME candidate.	"{""referenceFacts"":[],""otherReadingFacts"":[]}"
つきみがいけ	月見が池	1851	1851	common	held	facility	reading-evidence-missing	held	facility	reading-evidence-missing	no-independent-reading-evidence	assistant inspection of all 500 stored-reference fact records; targeted Wikipedia/official-page research for selected resolvable cases	Independent reading or unambiguous name/referent binding remains missing; not established as an inappropriate IME candidate.	"{""referenceFacts"":[{""id"":""Q11516210"",""name"":""月見が池"",""types"":[""Q112083751""],""readings"":[],""bound"":{}}],""otherReadingFacts"":[]}"
ろしゅうく	潞州区	1851	1851	wiki	held	unclassified	reading-evidence-missing	held	unclassified	reading-evidence-missing	no-independent-reading-evidence	assistant inspection of all 500 stored-reference fact records; targeted Wikipedia/official-page research for selected resolvable cases	Independent reading or unambiguous name/referent binding remains missing; not established as an inappropriate IME candidate.	"{""referenceFacts"":[{""id"":""Q1070002"",""name"":""城区 (長治市)"",""types"":[""Q1065118""],""readings"":[],""bound"":{}},{""id"":""Q60997715"",""name"":""潞州区"",""types"":[],""readings"":[],""bound"":{}}],""otherReadingFacts"":[]}"
さくらかいどう	桜街道	1851	1851	wiki	accepted	unclassified		unclassified	unclassified		mozc-exact-reading-surface	assistant inspection of all 500 stored-reference fact records; targeted Wikipedia/official-page research for selected resolvable cases	Reading supported, but a role within the twelve categories is not yet established.	"{""referenceFacts"":[{""id"":""Q65271691"",""name"":""桜街道"",""types"":[""Q4167410""],""readings"":[],""bound"":{}}],""otherReadingFacts"":[]}"
ちゅうぐうしき	中宮職	1851	1851	common	held	unclassified	reading-evidence-missing	held	unclassified	reading-evidence-missing	no-independent-reading-evidence	assistant inspection of all 500 stored-reference fact records; targeted Wikipedia/official-page research for selected resolvable cases	Independent reading or unambiguous name/referent binding remains missing; not established as an inappropriate IME candidate.	"{""referenceFacts"":[{""id"":""Q9384444"",""name"":""中宮職"",""types"":[""Q11611224""],""readings"":[],""bound"":{}}],""otherReadingFacts"":[]}"
そこおしちどり	底押千鳥	1851	1851	neologd	held	unclassified	reading-evidence-missing	held	unclassified	reading-evidence-missing	no-independent-reading-evidence	assistant inspection of all 500 stored-reference fact records; targeted Wikipedia/official-page research for selected resolvable cases	Independent reading or unambiguous name/referent binding remains missing; not established as an inappropriate IME candidate.	"{""referenceFacts"":[],""otherReadingFacts"":[]}"
えこらかいじゅう	エコラ怪獣	1851	1851	person	held	unclassified	reading-evidence-missing	held	unclassified	reading-evidence-missing	no-independent-reading-evidence	assistant inspection of all 500 stored-reference fact records; targeted Wikipedia/official-page research for selected resolvable cases	Independent reading or unambiguous name/referent binding remains missing; not established as an inappropriate IME candidate.	"{""referenceFacts"":[],""otherReadingFacts"":[]}"
まごそ	孫總	1851	1851	neologd	held	unclassified	reading-evidence-missing	held	unclassified	reading-evidence-missing	no-independent-reading-evidence	assistant inspection of all 500 stored-reference fact records; targeted Wikipedia/official-page research for selected resolvable cases	Independent reading or unambiguous name/referent binding remains missing; not established as an inappropriate IME candidate.	"{""referenceFacts"":[],""otherReadingFacts"":[]}"
ほっとくりっく	ホットクリック	1851	1851	neologd	held	unclassified	reading-evidence-missing	held	unclassified	reading-evidence-missing	no-independent-reading-evidence	assistant inspection of all 500 stored-reference fact records; targeted Wikipedia/official-page research for selected resolvable cases	Independent reading or unambiguous name/referent binding remains missing; not established as an inappropriate IME candidate.	"{""referenceFacts"":[],""otherReadingFacts"":[]}"
こうべしょうだい	神戸商大	1851	1851	common	held	unclassified	reading-evidence-missing	held	unclassified	reading-evidence-missing	no-independent-reading-evidence	assistant inspection of all 500 stored-reference fact records; targeted Wikipedia/official-page research for selected resolvable cases	Independent reading or unambiguous name/referent binding remains missing; not established as an inappropriate IME candidate.	"{""referenceFacts"":[{""id"":""Q11589828"",""name"":""神戸商業大学 (旧制)"",""types"":[""Q11086909""],""readings"":[],""bound"":{}},{""id"":""Q11589831"",""name"":""神戸商科大学"",""types"":[""Q3918""],""readings"":[],""bound"":{}},{""id"":""Q65276667"",""name"":""神戸商大"",""types"":[""Q4167410""],""readings"":[],""bound"":{}}],""otherReadingFacts"":[]}"
といたがくえん	戸板学園	1851	1851	neologd	held	unclassified	reading-evidence-missing	held	unclassified	reading-evidence-missing	no-independent-reading-evidence	assistant inspection of all 500 stored-reference fact records; targeted Wikipedia/official-page research for selected resolvable cases	Independent reading or unambiguous name/referent binding remains missing; not established as an inappropriate IME candidate.	"{""referenceFacts"":[],""otherReadingFacts"":[]}"
かみなかまち	上仲町	1851	1851	wiki	held	place	reading-evidence-missing	held	place	reading-evidence-missing	no-independent-reading-evidence	assistant inspection of all 500 stored-reference fact records; targeted Wikipedia/official-page research for selected resolvable cases	Independent reading or unambiguous name/referent binding remains missing; not established as an inappropriate IME candidate.	"{""referenceFacts"":[{""id"":""Q97311445"",""name"":""上仲町"",""types"":[""Q5327369""],""readings"":[],""bound"":{}}],""otherReadingFacts"":[]}"
るぅりん	柳琳	1851	1851	neologd	held	unclassified	reading-evidence-missing	held	unclassified	reading-evidence-missing	no-independent-reading-evidence	assistant inspection of all 500 stored-reference fact records; targeted Wikipedia/official-page research for selected resolvable cases	Independent reading or unambiguous name/referent binding remains missing; not established as an inappropriate IME candidate.	"{""referenceFacts"":[],""otherReadingFacts"":[]}"
おぐまたかくわおおはし	小熊高桑大橋	1851	1851	common	held	facility	reading-evidence-missing	held	facility	reading-evidence-missing	no-independent-reading-evidence	assistant inspection of all 500 stored-reference fact records; targeted Wikipedia/official-page research for selected resolvable cases	Independent reading or unambiguous name/referent binding remains missing; not established as an inappropriate IME candidate.	"{""referenceFacts"":[{""id"":""Q11462773"",""name"":""小熊高桑大橋"",""types"":[""Q12280""],""readings"":[],""bound"":{}}],""otherReadingFacts"":[]}"
こばやしやすまさ	小林安雅	1851	1851	neologd	held	unclassified	reading-evidence-missing	held	unclassified	reading-evidence-missing	no-independent-reading-evidence	assistant inspection of all 500 stored-reference fact records; targeted Wikipedia/official-page research for selected resolvable cases	Independent reading or unambiguous name/referent binding remains missing; not established as an inappropriate IME candidate.	"{""referenceFacts"":[],""otherReadingFacts"":[]}"
むねてる	意光	1851	1851	neologd	held	unclassified	reading-evidence-missing	held	unclassified	reading-evidence-missing	no-independent-reading-evidence	assistant inspection of all 500 stored-reference fact records; targeted Wikipedia/official-page research for selected resolvable cases	Independent reading or unambiguous name/referent binding remains missing; not established as an inappropriate IME candidate.	"{""referenceFacts"":[],""otherReadingFacts"":[]}"
めありーのすべて	メアリーのすべて	1851	1851	wiki	held	unclassified	reading-evidence-missing	held	unclassified	reading-evidence-missing	no-independent-reading-evidence	assistant inspection of all 500 stored-reference fact records; targeted Wikipedia/official-page research for selected resolvable cases	Independent reading or unambiguous name/referent binding remains missing; not established as an inappropriate IME candidate.	"{""referenceFacts"":[],""otherReadingFacts"":[]}"
くにえ	国榮	1851	1851	neologd	held	unclassified	reading-evidence-missing	held	unclassified	reading-evidence-missing	no-independent-reading-evidence	assistant inspection of all 500 stored-reference fact records; targeted Wikipedia/official-page research for selected resolvable cases	Independent reading or unambiguous name/referent binding remains missing; not established as an inappropriate IME candidate.	"{""referenceFacts"":[],""otherReadingFacts"":[]}"
かめんのおんな	仮面の女	1851	1851	common	held	work	reading-evidence-missing	held	work	reading-evidence-missing	no-independent-reading-evidence	assistant inspection of all 500 stored-reference fact records; targeted Wikipedia/official-page research for selected resolvable cases	Independent reading or unambiguous name/referent binding remains missing; not established as an inappropriate IME candidate.	"{""referenceFacts"":[{""id"":""Q11378380"",""name"":""仮面の女"",""types"":[""Q5398426""],""readings"":[],""bound"":{}},{""id"":""Q15581207"",""name"":""仮面の女"",""types"":[""Q11424""],""readings"":[],""bound"":{}}],""otherReadingFacts"":[]}"
あきか	秋桜花	1851	1851	neologd	held	unclassified	reading-evidence-missing	held	unclassified	reading-evidence-missing	no-independent-reading-evidence	assistant inspection of all 500 stored-reference fact records; targeted Wikipedia/official-page research for selected resolvable cases	Independent reading or unambiguous name/referent binding remains missing; not established as an inappropriate IME candidate.	"{""referenceFacts"":[],""otherReadingFacts"":[]}"
からふとかいたくし	樺太開拓使	1851	1851	common	held	organization	reading-evidence-missing	held	organization	reading-evidence-missing	no-independent-reading-evidence	assistant inspection of all 500 stored-reference fact records; targeted Wikipedia/official-page research for selected resolvable cases	Independent reading or unambiguous name/referent binding remains missing; not established as an inappropriate IME candidate.	"{""referenceFacts"":[{""id"":""Q11543658"",""name"":""樺太開拓使"",""types"":[""Q327333""],""readings"":[],""bound"":{}}],""otherReadingFacts"":[]}"
たにくちえいじにゅーかるてっと	谷口英治NEWカルテット	1851	1851	neologd	held	unclassified	reading-evidence-missing	held	unclassified	reading-evidence-missing	no-independent-reading-evidence	assistant inspection of all 500 stored-reference fact records; targeted Wikipedia/official-page research for selected resolvable cases	Independent reading or unambiguous name/referent binding remains missing; not established as an inappropriate IME candidate.	"{""referenceFacts"":[],""otherReadingFacts"":[]}"
あかかべ	赤下部	1851	1851	neologd	held	unclassified	reading-evidence-missing	held	unclassified	reading-evidence-missing	no-independent-reading-evidence	assistant inspection of all 500 stored-reference fact records; targeted Wikipedia/official-page research for selected resolvable cases	Independent reading or unambiguous name/referent binding remains missing; not established as an inappropriate IME candidate.	"{""referenceFacts"":[],""otherReadingFacts"":[]}"
まびそうごうこうえん	真備総合公園	1851	1851	neologd	held	unclassified	reading-evidence-missing	held	unclassified	reading-evidence-missing	no-independent-reading-evidence	assistant inspection of all 500 stored-reference fact records; targeted Wikipedia/official-page research for selected resolvable cases	Independent reading or unambiguous name/referent binding remains missing; not established as an inappropriate IME candidate.	"{""referenceFacts"":[],""otherReadingFacts"":[]}"
うじふたごやまこふん	宇治二子山古墳	1851	1851	common	held	facility	reading-evidence-missing	held	facility	reading-evidence-missing	no-independent-reading-evidence	assistant inspection of all 500 stored-reference fact records; targeted Wikipedia/official-page research for selected resolvable cases	Independent reading or unambiguous name/referent binding remains missing; not established as an inappropriate IME candidate.	"{""referenceFacts"":[{""id"":""Q28684100"",""name"":""宇治二子山古墳"",""types"":[""Q1141225""],""readings"":[],""bound"":{}}],""otherReadingFacts"":[]}"
とぅおるら	トゥオルラ	1851	1851	wiki	accepted	unclassified		unclassified	unclassified		orthographic-kana;https://www.wikidata.org/wiki/Q139049#name	assistant inspection of all 500 stored-reference fact records; targeted Wikipedia/official-page research for selected resolvable cases	Reading supported, but a role within the twelve categories is not yet established.	"{""referenceFacts"":[{""id"":""Q139049"",""name"":""(1425) トゥオルラ"",""types"":[""Q3863""],""readings"":[],""bound"":{}}],""otherReadingFacts"":[]}"
にしはらちかし	西原親	1851	1851	common	held	person	reading-evidence-missing	held	person	reading-evidence-missing	no-independent-reading-evidence	assistant inspection of all 500 stored-reference fact records; targeted Wikipedia/official-page research for selected resolvable cases	Independent reading or unambiguous name/referent binding remains missing; not established as an inappropriate IME candidate.	"{""referenceFacts"":[{""id"":""Q27918159"",""name"":""西原親"",""types"":[""Q5""],""readings"":[],""bound"":{}}],""otherReadingFacts"":[]}"
しじまひろと	四十万博人	1851	1851	neologd	held	unclassified	reading-evidence-missing	held	unclassified	reading-evidence-missing	no-independent-reading-evidence	assistant inspection of all 500 stored-reference fact records; targeted Wikipedia/official-page research for selected resolvable cases	Independent reading or unambiguous name/referent binding remains missing; not established as an inappropriate IME candidate.	"{""referenceFacts"":[],""otherReadingFacts"":[]}"
きゅうあらやけじゅうたく	旧新家家住宅	1851	1851	wiki	held	unclassified	reading-evidence-missing	held	unclassified	reading-evidence-missing	no-independent-reading-evidence	assistant inspection of all 500 stored-reference fact records; targeted Wikipedia/official-page research for selected resolvable cases	Independent reading or unambiguous name/referent binding remains missing; not established as an inappropriate IME candidate.	"{""referenceFacts"":[{""id"":""Q122887859"",""name"":""旧新家家住宅"",""types"":[""Q2065736""],""readings"":[],""bound"":{}}],""otherReadingFacts"":[]}"
こばやしこうすけ	小林虹介	1851	1851	neologd	held	unclassified	reading-evidence-missing	held	unclassified	reading-evidence-missing	no-independent-reading-evidence	assistant inspection of all 500 stored-reference fact records; targeted Wikipedia/official-page research for selected resolvable cases	Independent reading or unambiguous name/referent binding remains missing; not established as an inappropriate IME candidate.	"{""referenceFacts"":[],""otherReadingFacts"":[]}"
たびざる	旅猿	1851	1851	neologd	held	unclassified	reading-evidence-missing	held	unclassified	reading-evidence-missing	no-independent-reading-evidence	assistant inspection of all 500 stored-reference fact records; targeted Wikipedia/official-page research for selected resolvable cases	Independent reading or unambiguous name/referent binding remains missing; not established as an inappropriate IME candidate.	"{""referenceFacts"":[{""id"":""Q11528584"",""name"":""東野・岡村の旅猿 プライベートでごめんなさい…"",""types"":[""Q15416"",""Q5398426""],""readings"":[],""bound"":{}}],""otherReadingFacts"":[]}"
たいらつくね	平つくね	1851	1851	neologd	held	unclassified	reading-evidence-missing	held	unclassified	reading-evidence-missing	no-independent-reading-evidence	assistant inspection of all 500 stored-reference fact records; targeted Wikipedia/official-page research for selected resolvable cases	Independent reading or unambiguous name/referent binding remains missing; not established as an inappropriate IME candidate.	"{""referenceFacts"":[],""otherReadingFacts"":[]}"
じぇいえいきょうさい	JA共済	1851	1851	neologd	held	unclassified	reading-evidence-missing	held	unclassified	reading-evidence-missing	no-independent-reading-evidence	assistant inspection of all 500 stored-reference fact records; targeted Wikipedia/official-page research for selected resolvable cases	Independent reading or unambiguous name/referent binding remains missing; not established as an inappropriate IME candidate.	"{""referenceFacts"":[],""otherReadingFacts"":[]}"
しのはらあかね	篠原あかね	1851	1851	neologd	held	unclassified	reading-evidence-missing	held	unclassified	reading-evidence-missing	no-independent-reading-evidence	assistant inspection of all 500 stored-reference fact records; targeted Wikipedia/official-page research for selected resolvable cases	Independent reading or unambiguous name/referent binding remains missing; not established as an inappropriate IME candidate.	"{""referenceFacts"":[],""otherReadingFacts"":[]}"
しゅうと	集人	1851	1851	neologd	held	unclassified	reading-evidence-missing	held	unclassified	reading-evidence-missing	no-independent-reading-evidence	assistant inspection of all 500 stored-reference fact records; targeted Wikipedia/official-page research for selected resolvable cases	Independent reading or unambiguous name/referent binding remains missing; not established as an inappropriate IME candidate.	"{""referenceFacts"":[],""otherReadingFacts"":[]}"
たけだだんご	竹田団吾	1851	1851	common	held	person	reading-evidence-missing	held	person	reading-evidence-missing	no-independent-reading-evidence	assistant inspection of all 500 stored-reference fact records; targeted Wikipedia/official-page research for selected resolvable cases	Independent reading or unambiguous name/referent binding remains missing; not established as an inappropriate IME candidate.	"{""referenceFacts"":[{""id"":""Q11599320"",""name"":""竹田団吾"",""types"":[""Q5""],""readings"":[],""bound"":{}}],""otherReadingFacts"":[]}"
ふじかわりゅう	藤川流	1851	1851	common	held	unclassified	reading-evidence-missing	held	unclassified	reading-evidence-missing	no-independent-reading-evidence	assistant inspection of all 500 stored-reference fact records; targeted Wikipedia/official-page research for selected resolvable cases	Independent reading or unambiguous name/referent binding remains missing; not established as an inappropriate IME candidate.	"{""referenceFacts"":[{""id"":""Q60986934"",""name"":""藤川流"",""types"":[],""readings"":[],""bound"":{}}],""otherReadingFacts"":[]}"
あーるぴー	RP	1851	1851	neologd	held	unclassified	reading-evidence-missing	held	unclassified	reading-evidence-missing	no-independent-reading-evidence	assistant inspection of all 500 stored-reference fact records; targeted Wikipedia/official-page research for selected resolvable cases	Independent reading or unambiguous name/referent binding remains missing; not established as an inappropriate IME candidate.	"{""referenceFacts"":[{""id"":""Q1190846"",""name"":""RP (計算複雑性理論)"",""types"":[""Q908207""],""readings"":[],""bound"":{}},{""id"":""Q226821"",""name"":""RP"",""types"":[""Q4167410""],""readings"":[],""bound"":{}}],""otherReadingFacts"":[]}"
もんたなしゅうかいぎじどう	モンタナ州会議事堂	1851	1851	wiki	held	facility	reading-evidence-missing	held	facility	reading-evidence-missing	no-independent-reading-evidence	assistant inspection of all 500 stored-reference fact records; targeted Wikipedia/official-page research for selected resolvable cases	Independent reading or unambiguous name/referent binding remains missing; not established as an inappropriate IME candidate.	"{""referenceFacts"":[{""id"":""Q2985180"",""name"":""モンタナ州会議事堂"",""types"":[""Q3284499""],""readings"":[],""bound"":{}}],""otherReadingFacts"":[]}"
とけいだいかんこう	時計台観光	1851	1851	neologd	held	unclassified	reading-evidence-missing	held	unclassified	reading-evidence-missing	no-independent-reading-evidence	assistant inspection of all 500 stored-reference fact records; targeted Wikipedia/official-page research for selected resolvable cases	Independent reading or unambiguous name/referent binding remains missing; not established as an inappropriate IME candidate.	"{""referenceFacts"":[{""id"":""Q11416994"",""name"":""味の時計台"",""types"":[""Q4830453""],""readings"":[],""bound"":{}}],""otherReadingFacts"":[]}"
さいよーくこくりつこうえん	サイヨーク国立公園	1851	1851	common	held	place	reading-evidence-missing	held	place	reading-evidence-missing	no-independent-reading-evidence	assistant inspection of all 500 stored-reference fact records; targeted Wikipedia/official-page research for selected resolvable cases	Independent reading or unambiguous name/referent binding remains missing; not established as an inappropriate IME candidate.	"{""referenceFacts"":[{""id"":""Q1969004"",""name"":""サイヨーク国立公園"",""types"":[""Q95080679""],""readings"":[],""bound"":{}}],""otherReadingFacts"":[]}"
しこうしじょう	至高至上	1851	1851	neologd	held	unclassified	reading-evidence-missing	held	unclassified	reading-evidence-missing	no-independent-reading-evidence	assistant inspection of all 500 stored-reference fact records; targeted Wikipedia/official-page research for selected resolvable cases	Independent reading or unambiguous name/referent binding remains missing; not established as an inappropriate IME candidate.	"{""referenceFacts"":[],""otherReadingFacts"":[]}"
せいたんじゅ	成聃壽	1851	1851	wiki	held	person	reading-evidence-missing	held	person	reading-evidence-missing	no-independent-reading-evidence	assistant inspection of all 500 stored-reference fact records; targeted Wikipedia/official-page research for selected resolvable cases	Independent reading or unambiguous name/referent binding remains missing; not established as an inappropriate IME candidate.	"{""referenceFacts"":[{""id"":""Q12601921"",""name"":""成聃壽"",""types"":[""Q5""],""readings"":[],""bound"":{}}],""otherReadingFacts"":[]}"
たちばなけんじ	橘健二	1851	1851	neologd	held	unclassified	reading-evidence-missing	held	unclassified	reading-evidence-missing	no-independent-reading-evidence	assistant inspection of all 500 stored-reference fact records; targeted Wikipedia/official-page research for selected resolvable cases	Independent reading or unambiguous name/referent binding remains missing; not established as an inappropriate IME candidate.	"{""referenceFacts"":[],""otherReadingFacts"":[]}"
さんごうひほけんしゃ	3号被保険者	1851	1851	neologd	held	unclassified	reading-evidence-missing	held	unclassified	reading-evidence-missing	no-independent-reading-evidence	assistant inspection of all 500 stored-reference fact records; targeted Wikipedia/official-page research for selected resolvable cases	Independent reading or unambiguous name/referent binding remains missing; not established as an inappropriate IME candidate.	"{""referenceFacts"":[],""otherReadingFacts"":[]}"
ゆうばりぐんながぬまちょうじゅうよんく	夕張郡長沼町14区	1851	1851	place	held	unclassified	reading-evidence-missing	held	unclassified	reading-evidence-missing	no-independent-reading-evidence	assistant inspection of all 500 stored-reference fact records; targeted Wikipedia/official-page research for selected resolvable cases	Independent reading or unambiguous name/referent binding remains missing; not established as an inappropriate IME candidate.	"{""referenceFacts"":[],""otherReadingFacts"":[]}"
いしかわのきよぬし	石川清主	1851	1851	common	held	person	reading-evidence-missing	held	person	reading-evidence-missing	no-independent-reading-evidence	assistant inspection of all 500 stored-reference fact records; targeted Wikipedia/official-page research for selected resolvable cases	Independent reading or unambiguous name/referent binding remains missing; not established as an inappropriate IME candidate.	"{""referenceFacts"":[{""id"":""Q24876205"",""name"":""石川清主"",""types"":[""Q5""],""readings"":[],""bound"":{}}],""otherReadingFacts"":[]}"
あけさかさとみのあけてれつー	明坂聡美の明けテレ2	1851	1851	neologd	held	unclassified	reading-evidence-missing	held	unclassified	reading-evidence-missing	no-independent-reading-evidence	assistant inspection of all 500 stored-reference fact records; targeted Wikipedia/official-page research for selected resolvable cases	Independent reading or unambiguous name/referent binding remains missing; not established as an inappropriate IME candidate.	"{""referenceFacts"":[],""otherReadingFacts"":[]}"
ひろさきがくいん	弘前学院	1851	1851	neologd	held	unclassified	reading-evidence-missing	held	unclassified	reading-evidence-missing	no-independent-reading-evidence	assistant inspection of all 500 stored-reference fact records; targeted Wikipedia/official-page research for selected resolvable cases	Independent reading or unambiguous name/referent binding remains missing; not established as an inappropriate IME candidate.	"{""referenceFacts"":[{""id"":""Q11487228"",""name"":""弘前学院大学"",""types"":[""Q3918""],""readings"":[],""bound"":{}}],""otherReadingFacts"":[]}"
やねもとわたる	家根本渉	1851	1851	neologd	held	unclassified	reading-evidence-missing	held	unclassified	reading-evidence-missing	no-independent-reading-evidence	assistant inspection of all 500 stored-reference fact records; targeted Wikipedia/official-page research for selected resolvable cases	Independent reading or unambiguous name/referent binding remains missing; not established as an inappropriate IME candidate.	"{""referenceFacts"":[],""otherReadingFacts"":[]}"
すわやすかず	諏訪恭一	1851	1851	wiki	held	person	reading-evidence-missing	held	person	reading-evidence-missing	no-independent-reading-evidence	assistant inspection of all 500 stored-reference fact records; targeted Wikipedia/official-page research for selected resolvable cases	Independent reading or unambiguous name/referent binding remains missing; not established as an inappropriate IME candidate.	"{""referenceFacts"":[{""id"":""Q113566201"",""name"":""諏訪恭一"",""types"":[""Q5""],""readings"":[],""bound"":{}}],""otherReadingFacts"":[]}"
こうづきみき	光月未来	1851	1851	neologd	held	unclassified	reading-evidence-missing	held	unclassified	reading-evidence-missing	no-independent-reading-evidence	assistant inspection of all 500 stored-reference fact records; targeted Wikipedia/official-page research for selected resolvable cases	Independent reading or unambiguous name/referent binding remains missing; not established as an inappropriate IME candidate.	"{""referenceFacts"":[],""otherReadingFacts"":[]}"
たかだゆう	髙田優	1851	1851	wiki	held	person	reading-evidence-missing	held	person	reading-evidence-missing	no-independent-reading-evidence	assistant inspection of all 500 stored-reference fact records; targeted Wikipedia/official-page research for selected resolvable cases	Independent reading or unambiguous name/referent binding remains missing; not established as an inappropriate IME candidate.	"{""referenceFacts"":[{""id"":""Q125537191"",""name"":""髙田優"",""types"":[""Q5""],""readings"":[],""bound"":{}}],""otherReadingFacts"":[]}"
たいきんげ	大錦下	1851	1851	common	held	unclassified	reading-evidence-missing	held	unclassified	reading-evidence-missing	no-independent-reading-evidence	assistant inspection of all 500 stored-reference fact records; targeted Wikipedia/official-page research for selected resolvable cases	Independent reading or unambiguous name/referent binding remains missing; not established as an inappropriate IME candidate.	"{""referenceFacts"":[{""id"":""Q11439798"",""name"":""大錦下"",""types"":[""Q108837834""],""readings"":[],""bound"":{}}],""otherReadingFacts"":[]}"
とうご	統悟	1851	1851	neologd	held	unclassified	reading-evidence-missing	held	unclassified	reading-evidence-missing	no-independent-reading-evidence	assistant inspection of all 500 stored-reference fact records; targeted Wikipedia/official-page research for selected resolvable cases	Independent reading or unambiguous name/referent binding remains missing; not established as an inappropriate IME candidate.	"{""referenceFacts"":[],""otherReadingFacts"":[]}"
さんじょうししょうぼうほんぶ	三条市消防本部	1851	1851	common	held	organization	reading-evidence-missing	held	organization	reading-evidence-missing	no-independent-reading-evidence	assistant inspection of all 500 stored-reference fact records; targeted Wikipedia/official-page research for selected resolvable cases	Independent reading or unambiguous name/referent binding remains missing; not established as an inappropriate IME candidate.	"{""referenceFacts"":[{""id"":""Q11355842"",""name"":""三条市消防本部"",""types"":[""Q6498663""],""readings"":[],""bound"":{}}],""otherReadingFacts"":[]}"
しへいしきべつき	紙幣識別機	1851	1851	common	held	unclassified	reading-evidence-missing	held	unclassified	reading-evidence-missing	no-independent-reading-evidence	assistant inspection of all 500 stored-reference fact records; targeted Wikipedia/official-page research for selected resolvable cases	Independent reading or unambiguous name/referent binding remains missing; not established as an inappropriate IME candidate.	"{""referenceFacts"":[{""id"":""Q1303865"",""name"":""紙幣計算機"",""types"":[],""readings"":[],""bound"":{}},{""id"":""Q97378115"",""name"":""紙幣識別機"",""types"":[],""readings"":[],""bound"":{}}],""otherReadingFacts"":[]}"
いしづかたきじ	石塚太喜治	1851	1851	wiki	held	unclassified	reading-evidence-missing	held	unclassified	reading-evidence-missing	no-independent-reading-evidence	assistant inspection of all 500 stored-reference fact records; targeted Wikipedia/official-page research for selected resolvable cases	Independent reading or unambiguous name/referent binding remains missing; not established as an inappropriate IME candidate.	"{""referenceFacts"":[],""otherReadingFacts"":[]}"
あおやまきょうだい	青山兄弟	1851	1851	neologd	held	unclassified	reading-evidence-missing	held	unclassified	reading-evidence-missing	no-independent-reading-evidence	assistant inspection of all 500 stored-reference fact records; targeted Wikipedia/official-page research for selected resolvable cases	Independent reading or unambiguous name/referent binding remains missing; not established as an inappropriate IME candidate.	"{""referenceFacts"":[],""otherReadingFacts"":[]}"
ばくはてろ	爆破テロ	1851	1851	neologd	held	unclassified	reading-evidence-missing	held	unclassified	reading-evidence-missing	no-independent-reading-evidence	assistant inspection of all 500 stored-reference fact records; targeted Wikipedia/official-page research for selected resolvable cases	Independent reading or unambiguous name/referent binding remains missing; not established as an inappropriate IME candidate.	"{""referenceFacts"":[],""otherReadingFacts"":[]}"
つたき	津瀧	1851	1851	neologd	held	unclassified	reading-evidence-missing	held	unclassified	reading-evidence-missing	no-independent-reading-evidence	assistant inspection of all 500 stored-reference fact records; targeted Wikipedia/official-page research for selected resolvable cases	Independent reading or unambiguous name/referent binding remains missing; not established as an inappropriate IME candidate.	"{""referenceFacts"":[],""otherReadingFacts"":[]}"
まきしじけん	牧氏事件	1851	1851	common	held	unclassified	reading-evidence-missing	held	unclassified	reading-evidence-missing	no-independent-reading-evidence	assistant inspection of all 500 stored-reference fact records; targeted Wikipedia/official-page research for selected resolvable cases	Independent reading or unambiguous name/referent binding remains missing; not established as an inappropriate IME candidate.	"{""referenceFacts"":[{""id"":""Q11570455"",""name"":""牧氏事件"",""types"":[""Q45382""],""readings"":[],""bound"":{}}],""otherReadingFacts"":[]}"
とつかいせき	凸解析	1851	1851	common	held	unclassified	reading-evidence-missing	held	unclassified	reading-evidence-missing	no-independent-reading-evidence	assistant inspection of all 500 stored-reference fact records; targeted Wikipedia/official-page research for selected resolvable cases	Independent reading or unambiguous name/referent binding remains missing; not established as an inappropriate IME candidate.	"{""referenceFacts"":[{""id"":""Q2234833"",""name"":""凸解析"",""types"":[""Q1936384""],""readings"":[],""bound"":{}}],""otherReadingFacts"":[]}"
どばしまさる	土橋昌	1851	1851	neologd	held	unclassified	reading-evidence-missing	held	unclassified	reading-evidence-missing	no-independent-reading-evidence	assistant inspection of all 500 stored-reference fact records; targeted Wikipedia/official-page research for selected resolvable cases	Independent reading or unambiguous name/referent binding remains missing; not established as an inappropriate IME candidate.	"{""referenceFacts"":[],""otherReadingFacts"":[]}"
じゅうよんばん	14番	1851	1851	neologd	held	unclassified	reading-evidence-missing	held	unclassified	reading-evidence-missing	no-independent-reading-evidence	assistant inspection of all 500 stored-reference fact records; targeted Wikipedia/official-page research for selected resolvable cases	Independent reading or unambiguous name/referent binding remains missing; not established as an inappropriate IME candidate.	"{""referenceFacts"":[{""id"":""Q25648803"",""name"":""14番"",""types"":[""Q694554""],""readings"":[],""bound"":{}}],""otherReadingFacts"":[]}"
じんようぐん	尋陽郡	1851	1851	common	held	place	reading-evidence-missing	held	place	reading-evidence-missing	no-independent-reading-evidence	assistant inspection of all 500 stored-reference fact records; targeted Wikipedia/official-page research for selected resolvable cases	Independent reading or unambiguous name/referent binding remains missing; not established as an inappropriate IME candidate.	"{""referenceFacts"":[{""id"":""Q19852409"",""name"":""尋陽郡"",""types"":[""Q517267""],""readings"":[],""bound"":{}}],""otherReadingFacts"":[]}"
こくしょう	国掌	1851	1851	neologd	held	unclassified	reading-evidence-missing	held	unclassified	reading-evidence-missing	no-independent-reading-evidence	assistant inspection of all 500 stored-reference fact records; targeted Wikipedia/official-page research for selected resolvable cases	Independent reading or unambiguous name/referent binding remains missing; not established as an inappropriate IME candidate.	"{""referenceFacts"":[],""otherReadingFacts"":[]}"
すにーち	スニーチ	1851	1851	wiki	held	unclassified	reading-evidence-missing	held	unclassified	reading-evidence-missing	no-independent-reading-evidence	assistant inspection of all 500 stored-reference fact records; targeted Wikipedia/official-page research for selected resolvable cases	Independent reading or unambiguous name/referent binding remains missing; not established as an inappropriate IME candidate.	"{""referenceFacts"":[{""id"":""Q1186404"",""name"":""骨川スネ夫"",""types"":[""Q15632617"",""Q87576284"",""Q80447738""],""readings"":[],""bound"":{}}],""otherReadingFacts"":[]}"
こいぐるい	恋狂い	1851	1851	wiki	held	unclassified	reading-evidence-missing	held	unclassified	reading-evidence-missing	no-independent-reading-evidence	assistant inspection of all 500 stored-reference fact records; targeted Wikipedia/official-page research for selected resolvable cases	Independent reading or unambiguous name/referent binding remains missing; not established as an inappropriate IME candidate.	"{""referenceFacts"":[{""id"":""Q17503033"",""name"":""恋狂い"",""types"":[""Q4167410""],""readings"":[],""bound"":{}}],""otherReadingFacts"":[]}"
なんかえん	南華園	1851	1851	wiki	held	organization	reading-evidence-missing	held	organization	reading-evidence-missing	no-independent-reading-evidence	assistant inspection of all 500 stored-reference fact records; targeted Wikipedia/official-page research for selected resolvable cases	Independent reading or unambiguous name/referent binding remains missing; not established as an inappropriate IME candidate.	"{""referenceFacts"":[{""id"":""Q22127949"",""name"":""南華園"",""types"":[""Q4830453""],""readings"":[],""bound"":{}}],""otherReadingFacts"":[]}"
じょうさいけん	上蔡県	1851	1851	common	held	place	reading-evidence-missing	held	place	reading-evidence-missing	no-independent-reading-evidence	assistant inspection of all 500 stored-reference fact records; targeted Wikipedia/official-page research for selected resolvable cases	Independent reading or unambiguous name/referent binding remains missing; not established as an inappropriate IME candidate.	"{""referenceFacts"":[{""id"":""Q113491604"",""name"":""上蔡県"",""types"":[""Q28739697""],""readings"":[],""bound"":{}},{""id"":""Q1199103"",""name"":""上蔡県"",""types"":[""Q1289426""],""readings"":[],""bound"":{}}],""otherReadingFacts"":[]}"
はちせいじんせんそう	八聖人戦争	1851	1851	wiki	held	unclassified	reading-evidence-missing	held	unclassified	reading-evidence-missing	no-independent-reading-evidence	assistant inspection of all 500 stored-reference fact records; targeted Wikipedia/official-page research for selected resolvable cases	Independent reading or unambiguous name/referent binding remains missing; not established as an inappropriate IME candidate.	"{""referenceFacts"":[{""id"":""Q2288424"",""name"":""八聖人戦争"",""types"":[""Q198""],""readings"":[],""bound"":{}}],""otherReadingFacts"":[]}"
げんぱつまいぞうきん	原発埋蔵金	1851	1851	neologd	held	unclassified	reading-evidence-missing	held	unclassified	reading-evidence-missing	no-independent-reading-evidence	assistant inspection of all 500 stored-reference fact records; targeted Wikipedia/official-page research for selected resolvable cases	Independent reading or unambiguous name/referent binding remains missing; not established as an inappropriate IME candidate.	"{""referenceFacts"":[],""otherReadingFacts"":[]}"
みかみねね	美神ねね	1851	1851	person	held	unclassified	reading-evidence-missing	held	unclassified	reading-evidence-missing	no-independent-reading-evidence	assistant inspection of all 500 stored-reference fact records; targeted Wikipedia/official-page research for selected resolvable cases	Independent reading or unambiguous name/referent binding remains missing; not established as an inappropriate IME candidate.	"{""referenceFacts"":[],""otherReadingFacts"":[]}"
しずてつたくしー	静鉄タクシー	1851	1851	neologd	held	unclassified	reading-evidence-missing	held	unclassified	reading-evidence-missing	no-independent-reading-evidence	assistant inspection of all 500 stored-reference fact records; targeted Wikipedia/official-page research for selected resolvable cases	Independent reading or unambiguous name/referent binding remains missing; not established as an inappropriate IME candidate.	"{""referenceFacts"":[],""otherReadingFacts"":[]}"
ひなだんげいにん	雛壇芸人	1851	1851	common	held	unclassified	reading-evidence-missing	held	unclassified	reading-evidence-missing	no-independent-reading-evidence	assistant inspection of all 500 stored-reference fact records; targeted Wikipedia/official-page research for selected resolvable cases	Independent reading or unambiguous name/referent binding remains missing; not established as an inappropriate IME candidate.	"{""referenceFacts"":[{""id"":""Q11659455"",""name"":""雛壇芸人"",""types"":[],""readings"":[],""bound"":{}}],""otherReadingFacts"":[]}"
たけのうちやすのり	竹内保徳	1851	1851	common	held	person	reading-evidence-missing	held	person	reading-evidence-missing	no-independent-reading-evidence	assistant inspection of all 500 stored-reference fact records; targeted Wikipedia/official-page research for selected resolvable cases	Independent reading or unambiguous name/referent binding remains missing; not established as an inappropriate IME candidate.	"{""referenceFacts"":[{""id"":""Q6526546"",""name"":""竹内保徳"",""types"":[""Q5""],""readings"":[],""bound"":{}}],""otherReadingFacts"":[]}"
はちがつのあお	八月の青	1851	1851	neologd	held	unclassified	reading-evidence-missing	held	unclassified	reading-evidence-missing	no-independent-reading-evidence	assistant inspection of all 500 stored-reference fact records; targeted Wikipedia/official-page research for selected resolvable cases	Independent reading or unambiguous name/referent binding remains missing; not established as an inappropriate IME candidate.	"{""referenceFacts"":[{""id"":""Q4820652"",""name"":""八月の青"",""types"":[""Q3305213""],""readings"":[],""bound"":{}}],""otherReadingFacts"":[]}"
ほうじょうゆめの	北條夢乃	1851	1851	person	held	unclassified	reading-evidence-missing	held	unclassified	reading-evidence-missing	no-independent-reading-evidence	assistant inspection of all 500 stored-reference fact records; targeted Wikipedia/official-page research for selected resolvable cases	Independent reading or unambiguous name/referent binding remains missing; not established as an inappropriate IME candidate.	"{""referenceFacts"":[],""otherReadingFacts"":[]}"
べつでんみょういん	別伝明胤	1851	1851	wiki	held	person	reading-evidence-missing	held	person	reading-evidence-missing	no-independent-reading-evidence	assistant inspection of all 500 stored-reference fact records; targeted Wikipedia/official-page research for selected resolvable cases	Independent reading or unambiguous name/referent binding remains missing; not established as an inappropriate IME candidate.	"{""referenceFacts"":[{""id"":""Q109287618"",""name"":""別伝明胤"",""types"":[""Q5""],""readings"":[],""bound"":{}}],""otherReadingFacts"":[]}"
さるはんこうこく	サルハン侯国	1851	1851	common	held	place	reading-evidence-missing	held	place	reading-evidence-missing	no-independent-reading-evidence	assistant inspection of all 500 stored-reference fact records; targeted Wikipedia/official-page research for selected resolvable cases	Independent reading or unambiguous name/referent binding remains missing; not established as an inappropriate IME candidate.	"{""referenceFacts"":[{""id"":""Q1968654"",""name"":""サルハン侯国"",""types"":[""Q3024240""],""readings"":[],""bound"":{}}],""otherReadingFacts"":[]}"
あかつきるき	あかつきるき	1851	1851	person	held	unclassified	reading-evidence-missing	held	unclassified	reading-evidence-missing	no-independent-reading-evidence	assistant inspection of all 500 stored-reference fact records; targeted Wikipedia/official-page research for selected resolvable cases	Independent reading or unambiguous name/referent binding remains missing; not established as an inappropriate IME candidate.	"{""referenceFacts"":[],""otherReadingFacts"":[]}"
えいむら	詠村	1851	1851	neologd	held	unclassified	reading-evidence-missing	held	unclassified	reading-evidence-missing	no-independent-reading-evidence	assistant inspection of all 500 stored-reference fact records; targeted Wikipedia/official-page research for selected resolvable cases	Independent reading or unambiguous name/referent binding remains missing; not established as an inappropriate IME candidate.	"{""referenceFacts"":[],""otherReadingFacts"":[]}"
おたるふらっしゅにゅーす	小樽フラッシュニュース	1851	1851	common	held	unclassified	reading-evidence-missing	held	unclassified	reading-evidence-missing	no-independent-reading-evidence	assistant inspection of all 500 stored-reference fact records; targeted Wikipedia/official-page research for selected resolvable cases	Independent reading or unambiguous name/referent binding remains missing; not established as an inappropriate IME candidate.	"{""referenceFacts"":[{""id"":""Q11462140"",""name"":""小樽フラッシュニュース"",""types"":[""Q15416""],""readings"":[],""bound"":{}}],""otherReadingFacts"":[]}"
つくしうらら	筑紫うらら	1851	1851	person,neologd	held	unclassified	reading-evidence-missing	held	unclassified	reading-evidence-missing	no-independent-reading-evidence	assistant inspection of all 500 stored-reference fact records; targeted Wikipedia/official-page research for selected resolvable cases	Independent reading or unambiguous name/referent binding remains missing; not established as an inappropriate IME candidate.	"{""referenceFacts"":[],""otherReadingFacts"":[]}"
たけだあやか	武田綾佳	1851	1851	person	held	unclassified	reading-evidence-missing	held	unclassified	reading-evidence-missing	no-independent-reading-evidence	assistant inspection of all 500 stored-reference fact records; targeted Wikipedia/official-page research for selected resolvable cases	Independent reading or unambiguous name/referent binding remains missing; not established as an inappropriate IME candidate.	"{""referenceFacts"":[],""otherReadingFacts"":[]}"
いとうあきと	伊藤明十	1851	1851	neologd	held	unclassified	reading-evidence-missing	held	unclassified	reading-evidence-missing	no-independent-reading-evidence	assistant inspection of all 500 stored-reference fact records; targeted Wikipedia/official-page research for selected resolvable cases	Independent reading or unambiguous name/referent binding remains missing; not established as an inappropriate IME candidate.	"{""referenceFacts"":[],""otherReadingFacts"":[]}"
りくほうげん	陸法言	1851	1851	common	held	person	reading-evidence-missing	held	person	reading-evidence-missing	no-independent-reading-evidence	assistant inspection of all 500 stored-reference fact records; targeted Wikipedia/official-page research for selected resolvable cases	Independent reading or unambiguous name/referent binding remains missing; not established as an inappropriate IME candidate.	"{""referenceFacts"":[{""id"":""Q11658633"",""name"":""陸法言"",""types"":[""Q5""],""readings"":[],""bound"":{}}],""otherReadingFacts"":[]}"
ほうことうようさい	澎湖島要塞	1851	1851	wiki	held	facility	reading-evidence-missing	held	facility	reading-evidence-missing	no-independent-reading-evidence	assistant inspection of all 500 stored-reference fact records; targeted Wikipedia/official-page research for selected resolvable cases	Independent reading or unambiguous name/referent binding remains missing; not established as an inappropriate IME candidate.	"{""referenceFacts"":[{""id"":""Q11565819"",""name"":""澎湖島要塞"",""types"":[""Q57821"",""Q16847158""],""readings"":[],""bound"":{}}],""otherReadingFacts"":[]}"
なかえりゅうた	中江竜太	1851	1851	wiki	held	person	reading-evidence-missing	held	person	reading-evidence-missing	no-independent-reading-evidence	assistant inspection of all 500 stored-reference fact records; targeted Wikipedia/official-page research for selected resolvable cases	Independent reading or unambiguous name/referent binding remains missing; not established as an inappropriate IME candidate.	"{""referenceFacts"":[{""id"":""Q123405707"",""name"":""中江竜太"",""types"":[""Q5""],""readings"":[],""bound"":{}}],""otherReadingFacts"":[]}"
かたぎりしずか	片桐静香	1851	1851	person	held	unclassified	reading-evidence-missing	held	unclassified	reading-evidence-missing	no-independent-reading-evidence	assistant inspection of all 500 stored-reference fact records; targeted Wikipedia/official-page research for selected resolvable cases	Independent reading or unambiguous name/referent binding remains missing; not established as an inappropriate IME candidate.	"{""referenceFacts"":[],""otherReadingFacts"":[]}"
しげやましげる	茂山茂	1851	1851	common	held	person	reading-evidence-missing	held	person	reading-evidence-missing	no-independent-reading-evidence	assistant inspection of all 500 stored-reference fact records; targeted Wikipedia/official-page research for selected resolvable cases	Independent reading or unambiguous name/referent binding remains missing; not established as an inappropriate IME candidate.	"{""referenceFacts"":[{""id"":""Q123405451"",""name"":""茂山茂"",""types"":[""Q5""],""readings"":[],""bound"":{}}],""otherReadingFacts"":[]}"
えんりゃくじゅうねん	延暦10年	1851	1851	neologd	held	unclassified	reading-evidence-missing	held	unclassified	reading-evidence-missing	no-independent-reading-evidence	assistant inspection of all 500 stored-reference fact records; targeted Wikipedia/official-page research for selected resolvable cases	Independent reading or unambiguous name/referent binding remains missing; not established as an inappropriate IME candidate.	"{""referenceFacts"":[],""otherReadingFacts"":[]}"
あざぶながさかさらしなほんてん	麻布永坂更科本店	1851	1851	common	held	organization	reading-evidence-missing	held	organization	reading-evidence-missing	no-independent-reading-evidence	assistant inspection of all 500 stored-reference fact records; targeted Wikipedia/official-page research for selected resolvable cases	Independent reading or unambiguous name/referent binding remains missing; not established as an inappropriate IME candidate.	"{""referenceFacts"":[{""id"":""Q24865791"",""name"":""麻布永坂更科本店"",""types"":[""Q4830453"",""Q11707""],""readings"":[],""bound"":{}}],""otherReadingFacts"":[]}"
たなかめがみ	田中芽佳実	1851	1851	person	held	unclassified	reading-evidence-missing	held	unclassified	reading-evidence-missing	no-independent-reading-evidence	assistant inspection of all 500 stored-reference fact records; targeted Wikipedia/official-page research for selected resolvable cases	Independent reading or unambiguous name/referent binding remains missing; not established as an inappropriate IME candidate.	"{""referenceFacts"":[],""otherReadingFacts"":[]}"
ひこうせいげん	飛行制限	1851	1851	neologd	held	unclassified	reading-evidence-missing	held	unclassified	reading-evidence-missing	no-independent-reading-evidence	assistant inspection of all 500 stored-reference fact records; targeted Wikipedia/official-page research for selected resolvable cases	Independent reading or unambiguous name/referent binding remains missing; not established as an inappropriate IME candidate.	"{""referenceFacts"":[],""otherReadingFacts"":[]}"
あかひょうたんはりばえ	赤瓢箪針蠅	1851	1851	neologd	held	unclassified	reading-evidence-missing	held	unclassified	reading-evidence-missing	no-independent-reading-evidence	assistant inspection of all 500 stored-reference fact records; targeted Wikipedia/official-page research for selected resolvable cases	Independent reading or unambiguous name/referent binding remains missing; not established as an inappropriate IME candidate.	"{""referenceFacts"":[],""otherReadingFacts"":[]}"
しらいしなな	白石七彩	1851	1851	person	held	unclassified	reading-evidence-missing	held	unclassified	reading-evidence-missing	no-independent-reading-evidence	assistant inspection of all 500 stored-reference fact records; targeted Wikipedia/official-page research for selected resolvable cases	Independent reading or unambiguous name/referent binding remains missing; not established as an inappropriate IME candidate.	"{""referenceFacts"":[],""otherReadingFacts"":[]}"
ただせいじ	多田誠司	1851	1851	neologd	held	unclassified	reading-evidence-missing	held	unclassified	reading-evidence-missing	no-independent-reading-evidence	assistant inspection of all 500 stored-reference fact records; targeted Wikipedia/official-page research for selected resolvable cases	Independent reading or unambiguous name/referent binding remains missing; not established as an inappropriate IME candidate.	"{""referenceFacts"":[{""id"":""Q141319937"",""name"":""多田誠司"",""types"":[""Q5""],""readings"":[],""bound"":{}}],""otherReadingFacts"":[]}"
しらさぎある	白鷺アル	1851	1851	person	held	unclassified	reading-evidence-missing	held	unclassified	reading-evidence-missing	no-independent-reading-evidence	assistant inspection of all 500 stored-reference fact records; targeted Wikipedia/official-page research for selected resolvable cases	Independent reading or unambiguous name/referent binding remains missing; not established as an inappropriate IME candidate.	"{""referenceFacts"":[],""otherReadingFacts"":[]}"
こんめぼる	CONMEBOL	1851	1851	neologd	held	unclassified	reading-evidence-missing	held	unclassified	reading-evidence-missing	no-independent-reading-evidence	assistant inspection of all 500 stored-reference fact records; targeted Wikipedia/official-page research for selected resolvable cases	Independent reading or unambiguous name/referent binding remains missing; not established as an inappropriate IME candidate.	"{""referenceFacts"":[{""id"":""Q58733"",""name"":""南米サッカー連盟"",""types"":[""Q11422536"",""Q163740""],""readings"":[],""bound"":{}}],""otherReadingFacts"":[]}"
たかあし	高葮	1851	1851	neologd	held	unclassified	reading-evidence-missing	held	unclassified	reading-evidence-missing	no-independent-reading-evidence	assistant inspection of all 500 stored-reference fact records; targeted Wikipedia/official-page research for selected resolvable cases	Independent reading or unambiguous name/referent binding remains missing; not established as an inappropriate IME candidate.	"{""referenceFacts"":[],""otherReadingFacts"":[]}"
ながばのむかごそう	長葉零余子草	1851	1851	neologd	held	unclassified	reading-evidence-missing	held	unclassified	reading-evidence-missing	no-independent-reading-evidence	assistant inspection of all 500 stored-reference fact records; targeted Wikipedia/official-page research for selected resolvable cases	Independent reading or unambiguous name/referent binding remains missing; not established as an inappropriate IME candidate.	"{""referenceFacts"":[],""otherReadingFacts"":[]}"
やすだあいり	安田あいり	1851	1851	neologd	held	unclassified	reading-evidence-missing	held	unclassified	reading-evidence-missing	no-independent-reading-evidence	assistant inspection of all 500 stored-reference fact records; targeted Wikipedia/official-page research for selected resolvable cases	Independent reading or unambiguous name/referent binding remains missing; not established as an inappropriate IME candidate.	"{""referenceFacts"":[],""otherReadingFacts"":[]}"
ぼよけん	慕輿虔	1851	1851	wiki	held	person	reading-evidence-missing	held	person	reading-evidence-missing	no-independent-reading-evidence	assistant inspection of all 500 stored-reference fact records; targeted Wikipedia/official-page research for selected resolvable cases	Independent reading or unambiguous name/referent binding remains missing; not established as an inappropriate IME candidate.	"{""referenceFacts"":[{""id"":""Q104539043"",""name"":""慕輿虔"",""types"":[""Q5""],""readings"":[],""bound"":{}}],""otherReadingFacts"":[]}"
すなざわきよじ	砂沢喜代次	1851	1851	common	held	unclassified	entity-reading-unresolved-not-pair-error	held	unclassified	entity-reading-unresolved-not-pair-error	no-independent-reading-evidence	assistant inspection of all 500 stored-reference fact records; targeted Wikipedia/official-page research for selected resolvable cases	Independent reading or unambiguous name/referent binding remains missing; not established as an inappropriate IME candidate.	"{""referenceFacts"":[{""id"":""Q11587456"",""name"":""砂沢喜代次"",""types"":[""Q5""],""readings"":[""すなざわ きよし""],""bound"":{}}],""otherReadingFacts"":[]}"
しとびどう	司徒美堂	1851	1851	wiki	held	person	reading-evidence-missing	held	person	reading-evidence-missing	no-independent-reading-evidence	assistant inspection of all 500 stored-reference fact records; targeted Wikipedia/official-page research for selected resolvable cases	Independent reading or unambiguous name/referent binding remains missing; not established as an inappropriate IME candidate.	"{""referenceFacts"":[{""id"":""Q10813946"",""name"":""司徒美堂"",""types"":[""Q5""],""readings"":[],""bound"":{}}],""otherReadingFacts"":[]}"
ひらすみひさし	平純久至	1851	1851	neologd	held	unclassified	reading-evidence-missing	held	unclassified	reading-evidence-missing	no-independent-reading-evidence	assistant inspection of all 500 stored-reference fact records; targeted Wikipedia/official-page research for selected resolvable cases	Independent reading or unambiguous name/referent binding remains missing; not established as an inappropriate IME candidate.	"{""referenceFacts"":[],""otherReadingFacts"":[]}"
すえしょうきち	末小吉	1851	1851	neologd	held	unclassified	reading-evidence-missing	held	unclassified	reading-evidence-missing	no-independent-reading-evidence	assistant inspection of all 500 stored-reference fact records; targeted Wikipedia/official-page research for selected resolvable cases	Independent reading or unambiguous name/referent binding remains missing; not established as an inappropriate IME candidate.	"{""referenceFacts"":[],""otherReadingFacts"":[]}"
かんすけ	寛佐	1851	1851	neologd	held	unclassified	reading-evidence-missing	held	unclassified	reading-evidence-missing	no-independent-reading-evidence	assistant inspection of all 500 stored-reference fact records; targeted Wikipedia/official-page research for selected resolvable cases	Independent reading or unambiguous name/referent binding remains missing; not established as an inappropriate IME candidate.	"{""referenceFacts"":[],""otherReadingFacts"":[]}"
ひさとみてつたろう	久冨鉄太郎	1851	1851	wiki	held	person	reading-evidence-missing	held	person	reading-evidence-missing	no-independent-reading-evidence	assistant inspection of all 500 stored-reference fact records; targeted Wikipedia/official-page research for selected resolvable cases	Independent reading or unambiguous name/referent binding remains missing; not established as an inappropriate IME candidate.	"{""referenceFacts"":[{""id"":""Q115531126"",""name"":""久冨鉄太郎"",""types"":[""Q5""],""readings"":[],""bound"":{}}],""otherReadingFacts"":[]}"
よねやまのぶお	米山伸郎	1851	1851	neologd	held	unclassified	reading-evidence-missing	held	unclassified	reading-evidence-missing	no-independent-reading-evidence	assistant inspection of all 500 stored-reference fact records; targeted Wikipedia/official-page research for selected resolvable cases	Independent reading or unambiguous name/referent binding remains missing; not established as an inappropriate IME candidate.	"{""referenceFacts"":[],""otherReadingFacts"":[]}"
こくさいせいしょうねんれんごう	国際青少年連合	1851	1851	common	held	unclassified	reading-evidence-missing	held	unclassified	reading-evidence-missing	no-independent-reading-evidence	assistant inspection of all 500 stored-reference fact records; targeted Wikipedia/official-page research for selected resolvable cases	Independent reading or unambiguous name/referent binding remains missing; not established as an inappropriate IME candidate.	"{""referenceFacts"":[{""id"":""Q17231116"",""name"":""国際青少年連合"",""types"":[],""readings"":[],""bound"":{}}],""otherReadingFacts"":[]}"
おださ	小田佐	1851	1851	neologd	held	unclassified	reading-evidence-missing	held	unclassified	reading-evidence-missing	no-independent-reading-evidence	assistant inspection of all 500 stored-reference fact records; targeted Wikipedia/official-page research for selected resolvable cases	Independent reading or unambiguous name/referent binding remains missing; not established as an inappropriate IME candidate.	"{""referenceFacts"":[],""otherReadingFacts"":[]}"
くらる	くらる	1851	1851	person	held	unclassified	reading-evidence-missing	held	unclassified	reading-evidence-missing	no-independent-reading-evidence	assistant inspection of all 500 stored-reference fact records; targeted Wikipedia/official-page research for selected resolvable cases	Independent reading or unambiguous name/referent binding remains missing; not established as an inappropriate IME candidate.	"{""referenceFacts"":[],""otherReadingFacts"":[]}"
べっぷさんしょう	別府三勝	1851	1851	wiki	held	unclassified	reading-evidence-missing	held	unclassified	reading-evidence-missing	no-independent-reading-evidence	assistant inspection of all 500 stored-reference fact records; targeted Wikipedia/official-page research for selected resolvable cases	Independent reading or unambiguous name/referent binding remains missing; not established as an inappropriate IME candidate.	"{""referenceFacts"":[{""id"":""Q11396692"",""name"":""別府三勝"",""types"":[],""readings"":[],""bound"":{}}],""otherReadingFacts"":[]}"
かみかざりばと	髪飾鳩	1851	1851	neologd	held	unclassified	reading-evidence-missing	held	unclassified	reading-evidence-missing	no-independent-reading-evidence	assistant inspection of all 500 stored-reference fact records; targeted Wikipedia/official-page research for selected resolvable cases	Independent reading or unambiguous name/referent binding remains missing; not established as an inappropriate IME candidate.	"{""referenceFacts"":[],""otherReadingFacts"":[]}"
きのうや	木納谷	1851	1851	neologd	held	unclassified	reading-evidence-missing	held	unclassified	reading-evidence-missing	no-independent-reading-evidence	assistant inspection of all 500 stored-reference fact records; targeted Wikipedia/official-page research for selected resolvable cases	Independent reading or unambiguous name/referent binding remains missing; not established as an inappropriate IME candidate.	"{""referenceFacts"":[],""otherReadingFacts"":[]}"
あさひなるい	朝比奈瑠依	1851	1851	person	held	unclassified	reading-evidence-missing	held	unclassified	reading-evidence-missing	no-independent-reading-evidence	assistant inspection of all 500 stored-reference fact records; targeted Wikipedia/official-page research for selected resolvable cases	Independent reading or unambiguous name/referent binding remains missing; not established as an inappropriate IME candidate.	"{""referenceFacts"":[{""id"":""Q9190573"",""name"":""朝比奈瑠依"",""types"":[""Q5""],""readings"":[],""bound"":{}}],""otherReadingFacts"":[]}"
ありだゆあさけいさつしょ	有田湯浅警察署	1851	1851	wiki	held	unclassified	reading-evidence-missing	held	unclassified	reading-evidence-missing	no-independent-reading-evidence	assistant inspection of all 500 stored-reference fact records; targeted Wikipedia/official-page research for selected resolvable cases	Independent reading or unambiguous name/referent binding remains missing; not established as an inappropriate IME candidate.	"{""referenceFacts"":[{""id"":""Q134888905"",""name"":""有田湯浅警察署"",""types"":[],""readings"":[],""bound"":{}}],""otherReadingFacts"":[]}"
なんきんいちじく	南京無花果	1851	1851	neologd	held	unclassified	reading-evidence-missing	held	unclassified	reading-evidence-missing	no-independent-reading-evidence	assistant inspection of all 500 stored-reference fact records; targeted Wikipedia/official-page research for selected resolvable cases	Independent reading or unambiguous name/referent binding remains missing; not established as an inappropriate IME candidate.	"{""referenceFacts"":[],""otherReadingFacts"":[]}"
ひとりっぷ	ひとりっぷ	1851	1851	neologd	held	unclassified	reading-evidence-missing	held	unclassified	reading-evidence-missing	no-independent-reading-evidence	assistant inspection of all 500 stored-reference fact records; targeted Wikipedia/official-page research for selected resolvable cases	Independent reading or unambiguous name/referent binding remains missing; not established as an inappropriate IME candidate.	"{""referenceFacts"":[],""otherReadingFacts"":[]}"
おおののいわもと	大野石本	1851	1851	wiki	held	person	reading-evidence-missing	held	person	reading-evidence-missing	no-independent-reading-evidence	assistant inspection of all 500 stored-reference fact records; targeted Wikipedia/official-page research for selected resolvable cases	Independent reading or unambiguous name/referent binding remains missing; not established as an inappropriate IME candidate.	"{""referenceFacts"":[{""id"":""Q132435578"",""name"":""大野石本"",""types"":[""Q5""],""readings"":[],""bound"":{}}],""otherReadingFacts"":[]}"
にっとうしょいんほんしゃ	日東書院本社	1851	1851	neologd	held	unclassified	reading-evidence-missing	held	unclassified	reading-evidence-missing	no-independent-reading-evidence	assistant inspection of all 500 stored-reference fact records; targeted Wikipedia/official-page research for selected resolvable cases	Independent reading or unambiguous name/referent binding remains missing; not established as an inappropriate IME candidate.	"{""referenceFacts"":[{""id"":""Q4050754"",""name"":""辰巳出版"",""types"":[""Q2085381""],""readings"":[],""bound"":{}}],""otherReadingFacts"":[]}"
ぶるまにあん	ぶるまにあん	1851	1851	neologd	held	unclassified	reading-evidence-missing	held	unclassified	reading-evidence-missing	no-independent-reading-evidence	assistant inspection of all 500 stored-reference fact records; targeted Wikipedia/official-page research for selected resolvable cases	Independent reading or unambiguous name/referent binding remains missing; not established as an inappropriate IME candidate.	"{""referenceFacts"":[],""otherReadingFacts"":[]}"
きたがわそんみん	北川村民	1851	1851	neologd	held	unclassified	reading-evidence-missing	held	unclassified	reading-evidence-missing	no-independent-reading-evidence	assistant inspection of all 500 stored-reference fact records; targeted Wikipedia/official-page research for selected resolvable cases	Independent reading or unambiguous name/referent binding remains missing; not established as an inappropriate IME candidate.	"{""referenceFacts"":[],""otherReadingFacts"":[]}"
おくぬきかずお	奥貫一男	1851	1851	wiki	held	person	reading-evidence-missing	held	person	reading-evidence-missing	no-independent-reading-evidence	assistant inspection of all 500 stored-reference fact records; targeted Wikipedia/official-page research for selected resolvable cases	Independent reading or unambiguous name/referent binding remains missing; not established as an inappropriate IME candidate.	"{""referenceFacts"":[{""id"":""Q112409920"",""name"":""奥貫一男"",""types"":[""Q5""],""readings"":[],""bound"":{}}],""otherReadingFacts"":[]}"
こうのけんぞう	河野顕三	1851	1851	wiki	held	person	reading-evidence-missing	held	person	reading-evidence-missing	no-independent-reading-evidence	assistant inspection of all 500 stored-reference fact records; targeted Wikipedia/official-page research for selected resolvable cases	Independent reading or unambiguous name/referent binding remains missing; not established as an inappropriate IME candidate.	"{""referenceFacts"":[{""id"":""Q108780799"",""name"":""河野顕三"",""types"":[""Q5""],""readings"":[],""bound"":{}}],""otherReadingFacts"":[]}"
さんきよやかた	三清館	1851	1851	wiki	held	facility	reading-evidence-missing	held	facility	reading-evidence-missing	no-independent-reading-evidence	assistant inspection of all 500 stored-reference fact records; targeted Wikipedia/official-page research for selected resolvable cases	Independent reading or unambiguous name/referent binding remains missing; not established as an inappropriate IME candidate.	"{""referenceFacts"":[{""id"":""Q131275484"",""name"":""三清館"",""types"":[""Q92026""],""readings"":[],""bound"":{}}],""otherReadingFacts"":[]}"
おおさかふりつびょういんきこう	大阪府立病院機構	1851	1851	wiki	held	organization	reading-evidence-missing	held	organization	reading-evidence-missing	no-independent-reading-evidence	assistant inspection of all 500 stored-reference fact records; targeted Wikipedia/official-page research for selected resolvable cases	Independent reading or unambiguous name/referent binding remains missing; not established as an inappropriate IME candidate.	"{""referenceFacts"":[{""id"":""Q11441137"",""name"":""大阪府立病院機構"",""types"":[""Q1774587""],""readings"":[],""bound"":{}}],""otherReadingFacts"":[]}"
かすがひなた	春日陽向	1851	1851	person	held	unclassified	reading-evidence-missing	held	unclassified	reading-evidence-missing	no-independent-reading-evidence	assistant inspection of all 500 stored-reference fact records; targeted Wikipedia/official-page research for selected resolvable cases	Independent reading or unambiguous name/referent binding remains missing; not established as an inappropriate IME candidate.	"{""referenceFacts"":[],""otherReadingFacts"":[]}"
まりくりだ	マリクリダ	1851	1851	person	held	unclassified	reading-evidence-missing	held	unclassified	reading-evidence-missing	no-independent-reading-evidence	assistant inspection of all 500 stored-reference fact records; targeted Wikipedia/official-page research for selected resolvable cases	Independent reading or unambiguous name/referent binding remains missing; not established as an inappropriate IME candidate.	"{""referenceFacts"":[],""otherReadingFacts"":[]}"
ろしあせいしょきょうかい	ロシア聖書協会	1851	1851	common	held	organization	reading-evidence-missing	held	organization	reading-evidence-missing	no-independent-reading-evidence	assistant inspection of all 500 stored-reference fact records; targeted Wikipedia/official-page research for selected resolvable cases	Independent reading or unambiguous name/referent binding remains missing; not established as an inappropriate IME candidate.	"{""referenceFacts"":[{""id"":""Q4398231"",""name"":""ロシア聖書協会"",""types"":[""Q1280834""],""readings"":[],""bound"":{}}],""otherReadingFacts"":[]}"
かとうひでき	加藤英樹	1851	1851	person	held	unclassified	reading-evidence-missing	held	unclassified	reading-evidence-missing	no-independent-reading-evidence	assistant inspection of all 500 stored-reference fact records; targeted Wikipedia/official-page research for selected resolvable cases	Independent reading or unambiguous name/referent binding remains missing; not established as an inappropriate IME candidate.	"{""referenceFacts"":[{""id"":""Q1683758"",""name"":""加藤英樹"",""types"":[""Q5""],""readings"":[],""bound"":{}}],""otherReadingFacts"":[]}"
とりうりのおんな	鳥売りの女	1851	1851	wiki	held	unclassified	reading-evidence-missing	held	unclassified	reading-evidence-missing	no-independent-reading-evidence	assistant inspection of all 500 stored-reference fact records; targeted Wikipedia/official-page research for selected resolvable cases	Independent reading or unambiguous name/referent binding remains missing; not established as an inappropriate IME candidate.	"{""referenceFacts"":[],""otherReadingFacts"":[]}"
さとういくま	佐藤幾優	1851	1851	neologd	held	unclassified	reading-evidence-missing	held	unclassified	reading-evidence-missing	no-independent-reading-evidence	assistant inspection of all 500 stored-reference fact records; targeted Wikipedia/official-page research for selected resolvable cases	Independent reading or unambiguous name/referent binding remains missing; not established as an inappropriate IME candidate.	"{""referenceFacts"":[],""otherReadingFacts"":[]}"
こころねここ	心猫ここ	1851	1851	person	held	unclassified	reading-evidence-missing	held	unclassified	reading-evidence-missing	no-independent-reading-evidence	assistant inspection of all 500 stored-reference fact records; targeted Wikipedia/official-page research for selected resolvable cases	Independent reading or unambiguous name/referent binding remains missing; not established as an inappropriate IME candidate.	"{""referenceFacts"":[],""otherReadingFacts"":[]}"
すいぐきな	酸茎菜	1851	1851	neologd	held	unclassified	reading-evidence-missing	held	unclassified	reading-evidence-missing	no-independent-reading-evidence	assistant inspection of all 500 stored-reference fact records; targeted Wikipedia/official-page research for selected resolvable cases	Independent reading or unambiguous name/referent binding remains missing; not established as an inappropriate IME candidate.	"{""referenceFacts"":[{""id"":""Q11311572"",""name"":""スグキナ"",""types"":[""Q16521""],""readings"":[],""bound"":{}}],""otherReadingFacts"":[]}"
にっきょくくれおそーと	日局クレオソート	1851	1851	common	held	unclassified	reading-evidence-missing	held	unclassified	reading-evidence-missing	no-independent-reading-evidence	assistant inspection of all 500 stored-reference fact records; targeted Wikipedia/official-page research for selected resolvable cases	Independent reading or unambiguous name/referent binding remains missing; not established as an inappropriate IME candidate.	"{""referenceFacts"":[{""id"":""Q13417126"",""name"":""日局クレオソート"",""types"":[],""readings"":[],""bound"":{}}],""otherReadingFacts"":[]}"
きたばたけけ	北畠家	1851	1851	common	held	organization	reading-evidence-missing	held	organization	reading-evidence-missing	no-independent-reading-evidence	assistant inspection of all 500 stored-reference fact records; targeted Wikipedia/official-page research for selected resolvable cases	Independent reading or unambiguous name/referent binding remains missing; not established as an inappropriate IME candidate.	"{""referenceFacts"":[{""id"":""Q11403853"",""name"":""北畠家"",""types"":[""Q211503""],""readings"":[],""bound"":{}}],""otherReadingFacts"":[]}"
しちょうとおやまきょうか	市長遠山京香	1851	1851	neologd	held	unclassified	reading-evidence-missing	held	unclassified	reading-evidence-missing	no-independent-reading-evidence	assistant inspection of all 500 stored-reference fact records; targeted Wikipedia/official-page research for selected resolvable cases	Independent reading or unambiguous name/referent binding remains missing; not established as an inappropriate IME candidate.	"{""referenceFacts"":[{""id"":""Q11480745"",""name"":""市長 遠山京香"",""types"":[""Q21198342""],""readings"":[],""bound"":{}}],""otherReadingFacts"":[]}"
さいやま	崔山	1851	1851	neologd	held	unclassified	reading-evidence-missing	held	unclassified	reading-evidence-missing	no-independent-reading-evidence	assistant inspection of all 500 stored-reference fact records; targeted Wikipedia/official-page research for selected resolvable cases	Independent reading or unambiguous name/referent binding remains missing; not established as an inappropriate IME candidate.	"{""referenceFacts"":[],""otherReadingFacts"":[]}"
さつき	颯木	1851	1851	neologd	held	unclassified	reading-evidence-missing	held	unclassified	reading-evidence-missing	no-independent-reading-evidence	assistant inspection of all 500 stored-reference fact records; targeted Wikipedia/official-page research for selected resolvable cases	Independent reading or unambiguous name/referent binding remains missing; not established as an inappropriate IME candidate.	"{""referenceFacts"":[],""otherReadingFacts"":[]}"
こうべせきゅりてぃべんきょうかい	神戸セキュリティ勉強会	1851	1851	neologd	held	unclassified	reading-evidence-missing	held	unclassified	reading-evidence-missing	no-independent-reading-evidence	assistant inspection of all 500 stored-reference fact records; targeted Wikipedia/official-page research for selected resolvable cases	Independent reading or unambiguous name/referent binding remains missing; not established as an inappropriate IME candidate.	"{""referenceFacts"":[],""otherReadingFacts"":[]}"
ひらのたいち	平野太一	1851	1851	neologd	held	unclassified	reading-evidence-missing	held	unclassified	reading-evidence-missing	no-independent-reading-evidence	assistant inspection of all 500 stored-reference fact records; targeted Wikipedia/official-page research for selected resolvable cases	Independent reading or unambiguous name/referent binding remains missing; not established as an inappropriate IME candidate.	"{""referenceFacts"":[],""otherReadingFacts"":[]}"
ちいきげんていしゃいん	地域限定社員	1851	1851	neologd	held	unclassified	reading-evidence-missing	held	unclassified	reading-evidence-missing	no-independent-reading-evidence	assistant inspection of all 500 stored-reference fact records; targeted Wikipedia/official-page research for selected resolvable cases	Independent reading or unambiguous name/referent binding remains missing; not established as an inappropriate IME candidate.	"{""referenceFacts"":[],""otherReadingFacts"":[]}"
きゅーいーでぃーしきのみっしつ	QED式の密室	1851	1851	neologd	held	unclassified	reading-evidence-missing	held	unclassified	reading-evidence-missing	no-independent-reading-evidence	assistant inspection of all 500 stored-reference fact records; targeted Wikipedia/official-page research for selected resolvable cases	Independent reading or unambiguous name/referent binding remains missing; not established as an inappropriate IME candidate.	"{""referenceFacts"":[],""otherReadingFacts"":[]}"
じゅうかだいきぼはんかい	住家大規模半壊	1851	1851	neologd	held	unclassified	reading-evidence-missing	held	unclassified	reading-evidence-missing	no-independent-reading-evidence	assistant inspection of all 500 stored-reference fact records; targeted Wikipedia/official-page research for selected resolvable cases	Independent reading or unambiguous name/referent binding remains missing; not established as an inappropriate IME candidate.	"{""referenceFacts"":[],""otherReadingFacts"":[]}"
こもりりこ	小森りこ	1851	1851	person,neologd	held	unclassified	reading-evidence-missing	held	unclassified	reading-evidence-missing	no-independent-reading-evidence	assistant inspection of all 500 stored-reference fact records; targeted Wikipedia/official-page research for selected resolvable cases	Independent reading or unambiguous name/referent binding remains missing; not established as an inappropriate IME candidate.	"{""referenceFacts"":[],""otherReadingFacts"":[]}"
みたになつか	三谷夏果	1851	1851	neologd	held	unclassified	reading-evidence-missing	held	unclassified	reading-evidence-missing	no-independent-reading-evidence	assistant inspection of all 500 stored-reference fact records; targeted Wikipedia/official-page research for selected resolvable cases	Independent reading or unambiguous name/referent binding remains missing; not established as an inappropriate IME candidate.	"{""referenceFacts"":[],""otherReadingFacts"":[]}"
まさとみようこ	まさとみようこ	1851	1851	neologd	held	unclassified	reading-evidence-missing	held	unclassified	reading-evidence-missing	no-independent-reading-evidence	assistant inspection of all 500 stored-reference fact records; targeted Wikipedia/official-page research for selected resolvable cases	Independent reading or unambiguous name/referent binding remains missing; not established as an inappropriate IME candidate.	"{""referenceFacts"":[],""otherReadingFacts"":[]}"
たけだよしのり	武田善憲	1851	1851	neologd	held	unclassified	reading-evidence-missing	held	unclassified	reading-evidence-missing	no-independent-reading-evidence	assistant inspection of all 500 stored-reference fact records; targeted Wikipedia/official-page research for selected resolvable cases	Independent reading or unambiguous name/referent binding remains missing; not established as an inappropriate IME candidate.	"{""referenceFacts"":[],""otherReadingFacts"":[]}"
たいこがねさだむね	太鼓鐘貞宗	1851	1851	wiki	held	unclassified	reading-evidence-missing	held	unclassified	reading-evidence-missing	no-independent-reading-evidence	assistant inspection of all 500 stored-reference fact records; targeted Wikipedia/official-page research for selected resolvable cases	Independent reading or unambiguous name/referent binding remains missing; not established as an inappropriate IME candidate.	"{""referenceFacts"":[{""id"":""Q97206591"",""name"":""太鼓鐘貞宗"",""types"":[""Q1768697""],""readings"":[],""bound"":{}}],""otherReadingFacts"":[]}"
くろいでんせつ	黒い伝説	1851	1851	common	held	unclassified	reading-evidence-missing	held	unclassified	reading-evidence-missing	no-independent-reading-evidence	assistant inspection of all 500 stored-reference fact records; targeted Wikipedia/official-page research for selected resolvable cases	Independent reading or unambiguous name/referent binding remains missing; not established as an inappropriate IME candidate.	"{""referenceFacts"":[{""id"":""Q1501447"",""name"":""黒い伝説"",""types"":[""Q17524420""],""readings"":[],""bound"":{}}],""otherReadingFacts"":[]}"
なよろしにしよんじょうみなみ	名寄市西四条南	1851	1851	place	held	unclassified	reading-evidence-missing	held	unclassified	reading-evidence-missing	no-independent-reading-evidence	assistant inspection of all 500 stored-reference fact records; targeted Wikipedia/official-page research for selected resolvable cases	Independent reading or unambiguous name/referent binding remains missing; not established as an inappropriate IME candidate.	"{""referenceFacts"":[],""otherReadingFacts"":[]}"
みなみりん	美波リン	1851	1851	neologd	held	unclassified	reading-evidence-missing	held	unclassified	reading-evidence-missing	no-independent-reading-evidence	assistant inspection of all 500 stored-reference fact records; targeted Wikipedia/official-page research for selected resolvable cases	Independent reading or unambiguous name/referent binding remains missing; not established as an inappropriate IME candidate.	"{""referenceFacts"":[],""otherReadingFacts"":[]}"
るりちよ	瑠璃千代	1851	1851	neologd	held	unclassified	reading-evidence-missing	held	unclassified	reading-evidence-missing	no-independent-reading-evidence	assistant inspection of all 500 stored-reference fact records; targeted Wikipedia/official-page research for selected resolvable cases	Independent reading or unambiguous name/referent binding remains missing; not established as an inappropriate IME candidate.	"{""referenceFacts"":[],""otherReadingFacts"":[]}"
ほうぞうじ	寶蔵寺	1851	1851	neologd	held	unclassified	entity-reading-unresolved-not-pair-error	adopted	facility		https://www.wikidata.org/wiki/Q118177471#P1814;name-bound-written-variant	assistant inspection of all 500 stored-reference fact records; targeted Wikipedia/official-page research for selected resolvable cases	Additional name-bound or explicit published reading supports adoption; see final evidence.	"{""referenceFacts"":[{""id"":""Q106434972"",""name"":""慈眼院 (葛飾区)"",""types"":[""Q5393308""],""readings"":[""じげんいん""],""bound"":{}},{""id"":""Q118177471"",""name"":""宝蔵寺"",""types"":[""Q5393308""],""readings"":[""ほうぞうじ""],""bound"":{}}],""otherReadingFacts"":[]}"
こんごうのべっとうひでつな	金剛別当秀綱	1851	1851	wiki	held	person	reading-evidence-missing	held	person	reading-evidence-missing	no-independent-reading-evidence	assistant inspection of all 500 stored-reference fact records; targeted Wikipedia/official-page research for selected resolvable cases	Independent reading or unambiguous name/referent binding remains missing; not established as an inappropriate IME candidate.	"{""referenceFacts"":[{""id"":""Q119381092"",""name"":""金剛別当秀綱"",""types"":[""Q5""],""readings"":[],""bound"":{}}],""otherReadingFacts"":[]}"
くろだこうたろう	黒田光太郎	1851	1851	neologd	held	unclassified	reading-evidence-missing	held	unclassified	reading-evidence-missing	no-independent-reading-evidence	assistant inspection of all 500 stored-reference fact records; targeted Wikipedia/official-page research for selected resolvable cases	Independent reading or unambiguous name/referent binding remains missing; not established as an inappropriate IME candidate.	"{""referenceFacts"":[],""otherReadingFacts"":[]}"
おんしはつめいしょう	恩賜発明賞	1851	1851	common	held	unclassified	reading-evidence-missing	held	unclassified	reading-evidence-missing	no-independent-reading-evidence	assistant inspection of all 500 stored-reference fact records; targeted Wikipedia/official-page research for selected resolvable cases	Independent reading or unambiguous name/referent binding remains missing; not established as an inappropriate IME candidate.	"{""referenceFacts"":[{""id"":""Q11492298"",""name"":""恩賜発明賞"",""types"":[],""readings"":[],""bound"":{}}],""otherReadingFacts"":[]}"
たたえよすくいぬしいえすを	たたえよ救い主イエスを	1851	1851	wiki	held	unclassified	reading-evidence-missing	held	unclassified	reading-evidence-missing	no-independent-reading-evidence	assistant inspection of all 500 stored-reference fact records; targeted Wikipedia/official-page research for selected resolvable cases	Independent reading or unambiguous name/referent binding remains missing; not established as an inappropriate IME candidate.	"{""referenceFacts"":[],""otherReadingFacts"":[]}"
びじょありき	美女ありき	1851	1851	common	held	work	reading-evidence-missing	held	work	reading-evidence-missing	no-independent-reading-evidence	assistant inspection of all 500 stored-reference fact records; targeted Wikipedia/official-page research for selected resolvable cases	Independent reading or unambiguous name/referent binding remains missing; not established as an inappropriate IME candidate.	"{""referenceFacts"":[{""id"":""Q110010646"",""name"":""美女ありき"",""types"":[""Q7725634""],""readings"":[],""bound"":{}},{""id"":""Q1637967"",""name"":""美女ありき"",""types"":[""Q11424""],""readings"":[],""bound"":{}}],""otherReadingFacts"":[]}"
はせがわたかひろ	長谷川貴弘	1851	1851	neologd	held	unclassified	reading-evidence-missing	held	unclassified	reading-evidence-missing	no-independent-reading-evidence	assistant inspection of all 500 stored-reference fact records; targeted Wikipedia/official-page research for selected resolvable cases	Independent reading or unambiguous name/referent binding remains missing; not established as an inappropriate IME candidate.	"{""referenceFacts"":[],""otherReadingFacts"":[]}"
けんきゅうしゅうし	研究修士	1851	1851	wiki	held	unclassified	reading-evidence-missing	held	unclassified	reading-evidence-missing	no-independent-reading-evidence	assistant inspection of all 500 stored-reference fact records; targeted Wikipedia/official-page research for selected resolvable cases	Independent reading or unambiguous name/referent binding remains missing; not established as an inappropriate IME candidate.	"{""referenceFacts"":[{""id"":""Q1527520"",""name"":""研究修士"",""types"":[""Q189533""],""readings"":[],""bound"":{}}],""otherReadingFacts"":[]}"
だいげん	代原	1851	1851	neologd	held	unclassified	reading-evidence-missing	held	unclassified	reading-evidence-missing	no-independent-reading-evidence	assistant inspection of all 500 stored-reference fact records; targeted Wikipedia/official-page research for selected resolvable cases	Independent reading or unambiguous name/referent binding remains missing; not established as an inappropriate IME candidate.	"{""referenceFacts"":[{""id"":""Q11378273"",""name"":""代理原稿"",""types"":[],""readings"":[],""bound"":{}}],""otherReadingFacts"":[]}"
よこすかよしみ	横須賀昌美	1851	1851	common	held	unclassified	entity-reading-unresolved-not-pair-error	adopted	person		https://ja.wikipedia.org/wiki/横須賀昌美	assistant inspection of all 500 stored-reference fact records; targeted Wikipedia/official-page research for selected resolvable cases	Additional name-bound or explicit published reading supports adoption; see final evidence.	"{""referenceFacts"":[{""id"":""Q11543503"",""name"":""横須賀昌美"",""types"":[""Q5""],""readings"":[""よこすか　よしみ""],""bound"":{}}],""otherReadingFacts"":[]}"
わだだいぶつおよびよこあなぼぐん	和田大仏及び横穴墓群	1851	1851	wiki	held	facility	reading-evidence-missing	held	facility	reading-evidence-missing	no-independent-reading-evidence	assistant inspection of all 500 stored-reference fact records; targeted Wikipedia/official-page research for selected resolvable cases	Independent reading or unambiguous name/referent binding remains missing; not established as an inappropriate IME candidate.	"{""referenceFacts"":[{""id"":""Q28689731"",""name"":""和田大仏及び横穴墓群"",""types"":[""Q11239248"",""Q11543436""],""readings"":[],""bound"":{}}],""otherReadingFacts"":[]}"
しのざきまみ	藤﨑磨美	1851	1851	person	held	unclassified	reading-evidence-missing	held	unclassified	reading-evidence-missing	no-independent-reading-evidence	assistant inspection of all 500 stored-reference fact records; targeted Wikipedia/official-page research for selected resolvable cases	Independent reading or unambiguous name/referent binding remains missing; not established as an inappropriate IME candidate.	"{""referenceFacts"":[],""otherReadingFacts"":[]}"
なりごま	成駒	1851	1851	common	accepted	unclassified		unclassified	unclassified		https://www.edrdg.org/jmdict/edict_doc.html#entry-1899460-sense-1	assistant inspection of all 500 stored-reference fact records; targeted Wikipedia/official-page research for selected resolvable cases	Reading supported, but a role within the twelve categories is not yet established.	"{""referenceFacts"":[{""id"":""Q215599"",""name"":""成駒"",""types"":[],""readings"":[],""bound"":{}}],""otherReadingFacts"":[{""reading"":""なりごま"",""categories"":""""}]}"
えふえむたつごう	エフエムたつごう	1851	1851	common	accepted	unclassified		unclassified	unclassified		orthographic-kana;https://www.wikidata.org/wiki/Q20043364#name	assistant inspection of all 500 stored-reference fact records; targeted Wikipedia/official-page research for selected resolvable cases	Reading supported, but a role within the twelve categories is not yet established.	"{""referenceFacts"":[{""id"":""Q20043364"",""name"":""エフエムたつごう"",""types"":[],""readings"":[],""bound"":{}}],""otherReadingFacts"":[]}"
みずしゅりけん	みずしゅりけん	1851	1851	neologd	accepted	unclassified		unclassified	unclassified		orthographic-kana;https://www.wikidata.org/wiki/Q26157315#name	assistant inspection of all 500 stored-reference fact records; targeted Wikipedia/official-page research for selected resolvable cases	Reading supported, but a role within the twelve categories is not yet established.	"{""referenceFacts"":[{""id"":""Q26157315"",""name"":""みずしゅりけん"",""types"":[""Q26001210"",""Q26001252"",""Q26013333""],""readings"":[],""bound"":{}}],""otherReadingFacts"":[]}"
ぢたまぼう	ぢたま某	1851	1851	neologd	held	unclassified	entity-reading-unresolved-not-pair-error	held	unclassified	entity-reading-unresolved-not-pair-error	no-independent-reading-evidence	assistant inspection of all 500 stored-reference fact records; targeted Wikipedia/official-page research for selected resolvable cases	Independent reading or unambiguous name/referent binding remains missing; not established as an inappropriate IME candidate.	"{""referenceFacts"":[{""id"":""Q10846957"",""name"":""ぢたま(某)"",""types"":[""Q5""],""readings"":[""ぢたま ぼう""],""bound"":{}}],""otherReadingFacts"":[]}"
おーかむ	オーカム	1851	1851	neologd	held	unclassified	reading-evidence-missing	held	unclassified	reading-evidence-missing	no-independent-reading-evidence	assistant inspection of all 500 stored-reference fact records; targeted Wikipedia/official-page research for selected resolvable cases	Independent reading or unambiguous name/referent binding remains missing; not established as an inappropriate IME candidate.	"{""referenceFacts"":[{""id"":""Q1001942"",""name"":""オーカム"",""types"":[""Q1357964"",""Q1115575"",""Q18511725""],""readings"":[],""bound"":{}},{""id"":""Q3071757"",""name"":""オーカム"",""types"":[""Q214609""],""readings"":[],""bound"":{}},{""id"":""Q3880363"",""name"":""オーカム"",""types"":[""Q15127012""],""readings"":[],""bound"":{}}],""otherReadingFacts"":[]}"
うんぴ	うんぴ	1851	1851	wiki	held	unclassified	reading-evidence-missing	held	unclassified	reading-evidence-missing	no-independent-reading-evidence	assistant inspection of all 500 stored-reference fact records; targeted Wikipedia/official-page research for selected resolvable cases	Independent reading or unambiguous name/referent binding remains missing; not established as an inappropriate IME candidate.	"{""referenceFacts"":[],""otherReadingFacts"":[]}"
ちさだ	苣田	1851	1851	neologd	held	unclassified	reading-evidence-missing	held	unclassified	reading-evidence-missing	no-independent-reading-evidence	assistant inspection of all 500 stored-reference fact records; targeted Wikipedia/official-page research for selected resolvable cases	Independent reading or unambiguous name/referent binding remains missing; not established as an inappropriate IME candidate.	"{""referenceFacts"":[],""otherReadingFacts"":[]}"
ひゅーまんいんたれすときじ	ヒューマンインタレスト記事	1851	1851	common	held	unclassified	reading-evidence-missing	held	unclassified	reading-evidence-missing	no-independent-reading-evidence	assistant inspection of all 500 stored-reference fact records; targeted Wikipedia/official-page research for selected resolvable cases	Independent reading or unambiguous name/referent binding remains missing; not established as an inappropriate IME candidate.	"{""referenceFacts"":[{""id"":""Q361306"",""name"":""ヒューマンインタレスト記事"",""types"":[],""readings"":[],""bound"":{}}],""otherReadingFacts"":[]}"
じょうさいたんだい	城西短大	1851	1851	neologd	held	unclassified	reading-evidence-missing	held	unclassified	reading-evidence-missing	no-independent-reading-evidence	assistant inspection of all 500 stored-reference fact records; targeted Wikipedia/official-page research for selected resolvable cases	Independent reading or unambiguous name/referent binding remains missing; not established as an inappropriate IME candidate.	"{""referenceFacts"":[],""otherReadingFacts"":[]}"
しょうたい	蕭退	1851	1851	wiki	held	person	reading-evidence-missing	held	person	reading-evidence-missing	no-independent-reading-evidence	assistant inspection of all 500 stored-reference fact records; targeted Wikipedia/official-page research for selected resolvable cases	Independent reading or unambiguous name/referent binding remains missing; not established as an inappropriate IME candidate.	"{""referenceFacts"":[{""id"":""Q10513910"",""name"":""蕭退"",""types"":[""Q5""],""readings"":[],""bound"":{}}],""otherReadingFacts"":[]}"
なしだかんとく	梨田監督	1851	1851	neologd	held	unclassified	reading-evidence-missing	held	unclassified	reading-evidence-missing	no-independent-reading-evidence	assistant inspection of all 500 stored-reference fact records; targeted Wikipedia/official-page research for selected resolvable cases	Independent reading or unambiguous name/referent binding remains missing; not established as an inappropriate IME candidate.	"{""referenceFacts"":[],""otherReadingFacts"":[]}"
しょぜんばんとく	諸善万徳	1851	1851	neologd	held	unclassified	reading-evidence-missing	held	unclassified	reading-evidence-missing	no-independent-reading-evidence	assistant inspection of all 500 stored-reference fact records; targeted Wikipedia/official-page research for selected resolvable cases	Independent reading or unambiguous name/referent binding remains missing; not established as an inappropriate IME candidate.	"{""referenceFacts"":[],""otherReadingFacts"":[]}"
よこやまやすろう	横山保朗	1851	1851	neologd	held	unclassified	reading-evidence-missing	held	unclassified	reading-evidence-missing	no-independent-reading-evidence	assistant inspection of all 500 stored-reference fact records; targeted Wikipedia/official-page research for selected resolvable cases	Independent reading or unambiguous name/referent binding remains missing; not established as an inappropriate IME candidate.	"{""referenceFacts"":[],""otherReadingFacts"":[]}"
さくらいみゆき	桜井美雪	1851	1851	person	held	unclassified	reading-evidence-missing	held	unclassified	reading-evidence-missing	no-independent-reading-evidence	assistant inspection of all 500 stored-reference fact records; targeted Wikipedia/official-page research for selected resolvable cases	Independent reading or unambiguous name/referent binding remains missing; not established as an inappropriate IME candidate.	"{""referenceFacts"":[],""otherReadingFacts"":[]}"
あづちまちどおり	安土町通	1851	1851	neologd	held	unclassified	reading-evidence-missing	held	unclassified	reading-evidence-missing	no-independent-reading-evidence	assistant inspection of all 500 stored-reference fact records; targeted Wikipedia/official-page research for selected resolvable cases	Independent reading or unambiguous name/referent binding remains missing; not established as an inappropriate IME candidate.	"{""referenceFacts"":[],""otherReadingFacts"":[]}"
こがきよし	古賀清	1851	1851	neologd	held	unclassified	reading-evidence-missing	held	unclassified	reading-evidence-missing	no-independent-reading-evidence	assistant inspection of all 500 stored-reference fact records; targeted Wikipedia/official-page research for selected resolvable cases	Independent reading or unambiguous name/referent binding remains missing; not established as an inappropriate IME candidate.	"{""referenceFacts"":[],""otherReadingFacts"":[]}"
のなみつな	野波ツナ	1851	1851	neologd	held	unclassified	reading-evidence-missing	held	unclassified	reading-evidence-missing	no-independent-reading-evidence	assistant inspection of all 500 stored-reference fact records; targeted Wikipedia/official-page research for selected resolvable cases	Independent reading or unambiguous name/referent binding remains missing; not established as an inappropriate IME candidate.	"{""referenceFacts"":[],""otherReadingFacts"":[]}"
けんろくえんきくざくら	兼六園菊桜	1851	1851	neologd	held	unclassified	reading-evidence-missing	held	unclassified	reading-evidence-missing	no-independent-reading-evidence	assistant inspection of all 500 stored-reference fact records; targeted Wikipedia/official-page research for selected resolvable cases	Independent reading or unambiguous name/referent binding remains missing; not established as an inappropriate IME candidate.	"{""referenceFacts"":[{""id"":""Q5722212"",""name"":""ケンロクエンキクザクラ"",""types"":[""Q16521""],""readings"":[],""bound"":{}},{""id"":""Q5959635"",""name"":""兼六園菊桜"",""types"":[""Q11352785""],""readings"":[],""bound"":{}}],""otherReadingFacts"":[]}"
さむらいづかこふん	侍塚古墳	1851	1851	wiki	held	facility	reading-evidence-missing	held	facility	reading-evidence-missing	no-independent-reading-evidence	assistant inspection of all 500 stored-reference fact records; targeted Wikipedia/official-page research for selected resolvable cases	Independent reading or unambiguous name/referent binding remains missing; not established as an inappropriate IME candidate.	"{""referenceFacts"":[{""id"":""Q103991383"",""name"":""侍塚古墳"",""types"":[""Q1141225"",""Q11397225""],""readings"":[],""bound"":{}}],""otherReadingFacts"":[]}"
あけみばし	あけみ橋	1851	1851	common	held	facility	reading-evidence-missing	held	facility	reading-evidence-missing	no-independent-reading-evidence	assistant inspection of all 500 stored-reference fact records; targeted Wikipedia/official-page research for selected resolvable cases	Independent reading or unambiguous name/referent binding remains missing; not established as an inappropriate IME candidate.	"{""referenceFacts"":[{""id"":""Q11257087"",""name"":""あけみ橋"",""types"":[""Q12280""],""readings"":[],""bound"":{}}],""otherReadingFacts"":[]}"
しんじょうしょうがっこう	真城小学校	1851	1851	common	held	unclassified	entity-reading-unresolved-not-pair-error	held	unclassified	entity-reading-unresolved-not-pair-error	no-independent-reading-evidence	assistant inspection of all 500 stored-reference fact records; targeted Wikipedia/official-page research for selected resolvable cases	Independent reading or unambiguous name/referent binding remains missing; not established as an inappropriate IME candidate.	"{""referenceFacts"":[{""id"":""Q23985372"",""name"":""諫早市立真城小学校"",""types"":[""Q5358913""],""readings"":[],""bound"":{}},{""id"":""Q84161841"",""name"":""奥州市立真城小学校"",""types"":[""Q5358913""],""readings"":[""しんじょうしょうがっこう""],""bound"":{}},{""id"":""Q97203894"",""name"":""真城小学校"",""types"":[""Q4167410""],""readings"":[],""bound"":{}}],""otherReadingFacts"":[]}"
かなやまやへい	金山弥平	1851	1851	neologd	held	unclassified	reading-evidence-missing	held	unclassified	reading-evidence-missing	no-independent-reading-evidence	assistant inspection of all 500 stored-reference fact records; targeted Wikipedia/official-page research for selected resolvable cases	Independent reading or unambiguous name/referent binding remains missing; not established as an inappropriate IME candidate.	"{""referenceFacts"":[],""otherReadingFacts"":[]}"
きんばくびょうとう	緊縛病棟	1851	1851	neologd	held	unclassified	reading-evidence-missing	held	unclassified	reading-evidence-missing	no-independent-reading-evidence	assistant inspection of all 500 stored-reference fact records; targeted Wikipedia/official-page research for selected resolvable cases	Independent reading or unambiguous name/referent binding remains missing; not established as an inappropriate IME candidate.	"{""referenceFacts"":[],""otherReadingFacts"":[]}"
せやくちょう	瀬谷区長	1851	1851	neologd	held	unclassified	reading-evidence-missing	held	unclassified	reading-evidence-missing	no-independent-reading-evidence	assistant inspection of all 500 stored-reference fact records; targeted Wikipedia/official-page research for selected resolvable cases	Independent reading or unambiguous name/referent binding remains missing; not established as an inappropriate IME candidate.	"{""referenceFacts"":[],""otherReadingFacts"":[]}"
たこはつとむ	凧葉務	1851	1851	neologd	held	unclassified	reading-evidence-missing	held	unclassified	reading-evidence-missing	no-independent-reading-evidence	assistant inspection of all 500 stored-reference fact records; targeted Wikipedia/official-page research for selected resolvable cases	Independent reading or unambiguous name/referent binding remains missing; not established as an inappropriate IME candidate.	"{""referenceFacts"":[],""otherReadingFacts"":[]}"
こいがべすとですばい	こいがBESTですばい	1851	1851	common	held	work	reading-evidence-missing	held	work	reading-evidence-missing	no-independent-reading-evidence	assistant inspection of all 500 stored-reference fact records; targeted Wikipedia/official-page research for selected resolvable cases	Independent reading or unambiguous name/referent binding remains missing; not established as an inappropriate IME candidate.	"{""referenceFacts"":[{""id"":""Q11266125"",""name"":""こいがBESTですばい"",""types"":[""Q482994""],""readings"":[],""bound"":{}}],""otherReadingFacts"":[]}"
めろすのみち	メロスの道	1851	1851	neologd	held	unclassified	reading-evidence-missing	held	unclassified	reading-evidence-missing	no-independent-reading-evidence	assistant inspection of all 500 stored-reference fact records; targeted Wikipedia/official-page research for selected resolvable cases	Independent reading or unambiguous name/referent binding remains missing; not established as an inappropriate IME candidate.	"{""referenceFacts"":[],""otherReadingFacts"":[]}"
なみおよぎかねみつ	波游ぎ兼光	1851	1851	wiki	held	unclassified	reading-evidence-missing	held	unclassified	reading-evidence-missing	no-independent-reading-evidence	assistant inspection of all 500 stored-reference fact records; targeted Wikipedia/official-page research for selected resolvable cases	Independent reading or unambiguous name/referent binding remains missing; not established as an inappropriate IME candidate.	"{""referenceFacts"":[{""id"":""Q11555602"",""name"":""波游ぎ兼光"",""types"":[],""readings"":[],""bound"":{}}],""otherReadingFacts"":[]}"
てきがいどうきゅう	敵愾同仇	1851	1851	neologd	held	unclassified	reading-evidence-missing	held	unclassified	reading-evidence-missing	no-independent-reading-evidence	assistant inspection of all 500 stored-reference fact records; targeted Wikipedia/official-page research for selected resolvable cases	Independent reading or unambiguous name/referent binding remains missing; not established as an inappropriate IME candidate.	"{""referenceFacts"":[],""otherReadingFacts"":[]}"
こうつうがくいんえき	交通学院駅	1851	1851	common	held	station	reading-evidence-missing	held	station	reading-evidence-missing	no-independent-reading-evidence	assistant inspection of all 500 stored-reference fact records; targeted Wikipedia/official-page research for selected resolvable cases	Independent reading or unambiguous name/referent binding remains missing; not established as an inappropriate IME candidate.	"{""referenceFacts"":[{""id"":""Q10883011"",""name"":""交通学院駅"",""types"":[""Q928830"",""Q22808403""],""readings"":[],""bound"":{}}],""otherReadingFacts"":[]}"
ふるさわあきひと	古澤明仁	1851	1851	wiki	held	person	reading-evidence-missing	held	person	reading-evidence-missing	no-independent-reading-evidence	assistant inspection of all 500 stored-reference fact records; targeted Wikipedia/official-page research for selected resolvable cases	Independent reading or unambiguous name/referent binding remains missing; not established as an inappropriate IME candidate.	"{""referenceFacts"":[{""id"":""Q126006132"",""name"":""古澤明仁"",""types"":[""Q5""],""readings"":[],""bound"":{}}],""otherReadingFacts"":[]}"
がいぶへんけい	外部変形	1851	1851	common	held	unclassified	reading-evidence-missing	held	unclassified	reading-evidence-missing	no-independent-reading-evidence	assistant inspection of all 500 stored-reference fact records; targeted Wikipedia/official-page research for selected resolvable cases	Independent reading or unambiguous name/referent binding remains missing; not established as an inappropriate IME candidate.	"{""referenceFacts"":[{""id"":""Q11430562"",""name"":""外部変形"",""types"":[],""readings"":[],""bound"":{}}],""otherReadingFacts"":[]}"
はなわいちろう	塙一郎	1851	1851	neologd	held	unclassified	reading-evidence-missing	held	unclassified	reading-evidence-missing	no-independent-reading-evidence	assistant inspection of all 500 stored-reference fact records; targeted Wikipedia/official-page research for selected resolvable cases	Independent reading or unambiguous name/referent binding remains missing; not established as an inappropriate IME candidate.	"{""referenceFacts"":[],""otherReadingFacts"":[]}"
まえぞのひかり	前園ひかり	1851	1851	person	held	unclassified	reading-evidence-missing	held	unclassified	reading-evidence-missing	no-independent-reading-evidence	assistant inspection of all 500 stored-reference fact records; targeted Wikipedia/official-page research for selected resolvable cases	Independent reading or unambiguous name/referent binding remains missing; not established as an inappropriate IME candidate.	"{""referenceFacts"":[],""otherReadingFacts"":[]}"
ふらのしない	富良野市内	1851	1851	neologd	held	unclassified	reading-evidence-missing	held	unclassified	reading-evidence-missing	no-independent-reading-evidence	assistant inspection of all 500 stored-reference fact records; targeted Wikipedia/official-page research for selected resolvable cases	Independent reading or unambiguous name/referent binding remains missing; not established as an inappropriate IME candidate.	"{""referenceFacts"":[],""otherReadingFacts"":[]}"
てんげききねまとろん	天劇キネマトロン	1851	1851	wiki	held	facility	reading-evidence-missing	held	facility	reading-evidence-missing	no-independent-reading-evidence	assistant inspection of all 500 stored-reference fact records; targeted Wikipedia/official-page research for selected resolvable cases	Independent reading or unambiguous name/referent binding remains missing; not established as an inappropriate IME candidate.	"{""referenceFacts"":[{""id"":""Q124482987"",""name"":""天劇キネマトロン"",""types"":[""Q41176""],""readings"":[],""bound"":{}}],""otherReadingFacts"":[]}"
ふじえつこ	藤悦子	1851	1851	person	held	unclassified	reading-evidence-missing	held	unclassified	reading-evidence-missing	no-independent-reading-evidence	assistant inspection of all 500 stored-reference fact records; targeted Wikipedia/official-page research for selected resolvable cases	Independent reading or unambiguous name/referent binding remains missing; not established as an inappropriate IME candidate.	"{""referenceFacts"":[],""otherReadingFacts"":[]}"
いおんたうんみやこ	イオンタウン宮古	1851	1851	wiki	held	facility	reading-evidence-missing	held	facility	reading-evidence-missing	no-independent-reading-evidence	assistant inspection of all 500 stored-reference fact records; targeted Wikipedia/official-page research for selected resolvable cases	Independent reading or unambiguous name/referent binding remains missing; not established as an inappropriate IME candidate.	"{""referenceFacts"":[{""id"":""Q11286003"",""name"":""イオンタウン宮古"",""types"":[""Q11315""],""readings"":[],""bound"":{}}],""otherReadingFacts"":[]}"
だいろくじゅうしこくりつぎんこう	第六十四国立銀行	1851	1851	wiki	held	unclassified	reading-evidence-missing	held	unclassified	reading-evidence-missing	no-independent-reading-evidence	assistant inspection of all 500 stored-reference fact records; targeted Wikipedia/official-page research for selected resolvable cases	Independent reading or unambiguous name/referent binding remains missing; not established as an inappropriate IME candidate.	"{""referenceFacts"":[{""id"":""Q11602393"",""name"":""第六十四国立銀行"",""types"":[],""readings"":[],""bound"":{}}],""otherReadingFacts"":[]}"
あつひら	惇衡	1851	1851	neologd	held	unclassified	reading-evidence-missing	held	unclassified	reading-evidence-missing	no-independent-reading-evidence	assistant inspection of all 500 stored-reference fact records; targeted Wikipedia/official-page research for selected resolvable cases	Independent reading or unambiguous name/referent binding remains missing; not established as an inappropriate IME candidate.	"{""referenceFacts"":[],""otherReadingFacts"":[]}"
いめへる	イメヘル	1851	1851	wiki	held	unclassified	reading-evidence-missing	held	unclassified	reading-evidence-missing	no-independent-reading-evidence	assistant inspection of all 500 stored-reference fact records; targeted Wikipedia/official-page research for selected resolvable cases	Independent reading or unambiguous name/referent binding remains missing; not established as an inappropriate IME candidate.	"{""referenceFacts"":[{""id"":""Q3028958"",""name"":""ファッションヘルス"",""types"":[],""readings"":[],""bound"":{}}],""otherReadingFacts"":[]}"
ちーむじぇいこうえん	チームJ公演	1851	1851	neologd	held	unclassified	reading-evidence-missing	held	unclassified	reading-evidence-missing	no-independent-reading-evidence	assistant inspection of all 500 stored-reference fact records; targeted Wikipedia/official-page research for selected resolvable cases	Independent reading or unambiguous name/referent binding remains missing; not established as an inappropriate IME candidate.	"{""referenceFacts"":[],""otherReadingFacts"":[]}"
こはしごうへい	古橋郷平	1851	1851	neologd	held	unclassified	reading-evidence-missing	held	unclassified	reading-evidence-missing	no-independent-reading-evidence	assistant inspection of all 500 stored-reference fact records; targeted Wikipedia/official-page research for selected resolvable cases	Independent reading or unambiguous name/referent binding remains missing; not established as an inappropriate IME candidate.	"{""referenceFacts"":[],""otherReadingFacts"":[]}"
いたみまさひろ	伊丹雅博	1851	1851	neologd	held	unclassified	reading-evidence-missing	held	unclassified	reading-evidence-missing	no-independent-reading-evidence	assistant inspection of all 500 stored-reference fact records; targeted Wikipedia/official-page research for selected resolvable cases	Independent reading or unambiguous name/referent binding remains missing; not established as an inappropriate IME candidate.	"{""referenceFacts"":[],""otherReadingFacts"":[]}"
とくのう	得納	1851	1851	neologd	held	unclassified	reading-evidence-missing	held	unclassified	reading-evidence-missing	no-independent-reading-evidence	assistant inspection of all 500 stored-reference fact records; targeted Wikipedia/official-page research for selected resolvable cases	Independent reading or unambiguous name/referent binding remains missing; not established as an inappropriate IME candidate.	"{""referenceFacts"":[],""otherReadingFacts"":[]}"
じかんてきかち	時間的価値	1851	1851	neologd	held	unclassified	reading-evidence-missing	held	unclassified	reading-evidence-missing	no-independent-reading-evidence	assistant inspection of all 500 stored-reference fact records; targeted Wikipedia/official-page research for selected resolvable cases	Independent reading or unambiguous name/referent binding remains missing; not established as an inappropriate IME candidate.	"{""referenceFacts"":[],""otherReadingFacts"":[]}"
あかいわばし	赤岩橋	1851	1851	common	held	unclassified	reading-evidence-missing	held	unclassified	reading-evidence-missing	no-independent-reading-evidence	assistant inspection of all 500 stored-reference fact records; targeted Wikipedia/official-page research for selected resolvable cases	Independent reading or unambiguous name/referent binding remains missing; not established as an inappropriate IME candidate.	"{""referenceFacts"":[{""id"":""Q11635546"",""name"":""赤岩橋"",""types"":[""Q4167410""],""readings"":[],""bound"":{}}],""otherReadingFacts"":[]}"
あきの	聴乃	1851	1851	neologd	held	unclassified	reading-evidence-missing	held	unclassified	reading-evidence-missing	no-independent-reading-evidence	assistant inspection of all 500 stored-reference fact records; targeted Wikipedia/official-page research for selected resolvable cases	Independent reading or unambiguous name/referent binding remains missing; not established as an inappropriate IME candidate.	"{""referenceFacts"":[],""otherReadingFacts"":[]}"
さわいすずか	沢井涼	1851	1851	neologd	held	unclassified	reading-evidence-missing	held	unclassified	reading-evidence-missing	no-independent-reading-evidence	assistant inspection of all 500 stored-reference fact records; targeted Wikipedia/official-page research for selected resolvable cases	Independent reading or unambiguous name/referent binding remains missing; not established as an inappropriate IME candidate.	"{""referenceFacts"":[],""otherReadingFacts"":[]}"
しみんさんかがたばんぱく	市民参加型万博	1851	1851	common	held	unclassified	reading-evidence-missing	held	unclassified	reading-evidence-missing	no-independent-reading-evidence	assistant inspection of all 500 stored-reference fact records; targeted Wikipedia/official-page research for selected resolvable cases	Independent reading or unambiguous name/referent binding remains missing; not established as an inappropriate IME candidate.	"{""referenceFacts"":[{""id"":""Q11480588"",""name"":""市民参加型万博"",""types"":[],""readings"":[],""bound"":{}}],""otherReadingFacts"":[]}"
ぎとし	宜都市	1851	1851	wiki	held	place	reading-evidence-missing	held	place	reading-evidence-missing	no-independent-reading-evidence	assistant inspection of all 500 stored-reference fact records; targeted Wikipedia/official-page research for selected resolvable cases	Independent reading or unambiguous name/referent binding remains missing; not established as an inappropriate IME candidate.	"{""referenceFacts"":[{""id"":""Q282948"",""name"":""宜都市"",""types"":[""Q1070990"",""Q1549591""],""readings"":[],""bound"":{}}],""otherReadingFacts"":[]}"
しゃくなげでら	石楠花寺	1851	1851	common	held	unclassified	reading-evidence-missing	held	unclassified	reading-evidence-missing	no-independent-reading-evidence	assistant inspection of all 500 stored-reference fact records; targeted Wikipedia/official-page research for selected resolvable cases	Independent reading or unambiguous name/referent binding remains missing; not established as an inappropriate IME candidate.	"{""referenceFacts"":[{""id"":""Q11388514"",""name"":""光照寺 (鎌倉市)"",""types"":[""Q5393308""],""readings"":[],""bound"":{}},{""id"":""Q56345398"",""name"":""石楠花寺"",""types"":[],""readings"":[],""bound"":{}}],""otherReadingFacts"":[]}"
ぜんこくせんじろうどういいんかい	全国戦時労働委員会	1851	1851	wiki	held	unclassified	reading-evidence-missing	held	unclassified	reading-evidence-missing	no-independent-reading-evidence	assistant inspection of all 500 stored-reference fact records; targeted Wikipedia/official-page research for selected resolvable cases	Independent reading or unambiguous name/referent binding remains missing; not established as an inappropriate IME candidate.	"{""referenceFacts"":[{""id"":""Q62474876"",""name"":""全国戦時労働委員会"",""types"":[""Q4167410""],""readings"":[],""bound"":{}}],""otherReadingFacts"":[]}"
はづきえりか	葉月エリカ	1851	1851	neologd	held	unclassified	reading-evidence-missing	held	unclassified	reading-evidence-missing	no-independent-reading-evidence	assistant inspection of all 500 stored-reference fact records; targeted Wikipedia/official-page research for selected resolvable cases	Independent reading or unambiguous name/referent binding remains missing; not established as an inappropriate IME candidate.	"{""referenceFacts"":[],""otherReadingFacts"":[]}"
へいとれっと	ヘイトレット	1851	1851	neologd	held	unclassified	reading-evidence-missing	held	unclassified	reading-evidence-missing	no-independent-reading-evidence	assistant inspection of all 500 stored-reference fact records; targeted Wikipedia/official-page research for selected resolvable cases	Independent reading or unambiguous name/referent binding remains missing; not established as an inappropriate IME candidate.	"{""referenceFacts"":[],""otherReadingFacts"":[]}"
ゆうちょらりーきょうかい	郵貯ラリー協会	1851	1851	common	held	unclassified	reading-evidence-missing	held	unclassified	reading-evidence-missing	no-independent-reading-evidence	assistant inspection of all 500 stored-reference fact records; targeted Wikipedia/official-page research for selected resolvable cases	Independent reading or unambiguous name/referent binding remains missing; not established as an inappropriate IME candidate.	"{""referenceFacts"":[{""id"":""Q11643370"",""name"":""郵貯ラリー協会"",""types"":[],""readings"":[],""bound"":{}}],""otherReadingFacts"":[]}"
こんひたんれつ	魂飛胆裂	1851	1851	neologd	held	unclassified	reading-evidence-missing	held	unclassified	reading-evidence-missing	no-independent-reading-evidence	assistant inspection of all 500 stored-reference fact records; targeted Wikipedia/official-page research for selected resolvable cases	Independent reading or unambiguous name/referent binding remains missing; not established as an inappropriate IME candidate.	"{""referenceFacts"":[],""otherReadingFacts"":[]}"
しゅーはると	シューハルト	1851	1851	wiki	held	unclassified	reading-evidence-missing	held	unclassified	reading-evidence-missing	no-independent-reading-evidence	assistant inspection of all 500 stored-reference fact records; targeted Wikipedia/official-page research for selected resolvable cases	Independent reading or unambiguous name/referent binding remains missing; not established as an inappropriate IME candidate.	"{""referenceFacts"":[],""otherReadingFacts"":[]}"
みんぞくもんだいじんみんいいんぶ	民族問題人民委員部	1851	1851	common	held	organization	reading-evidence-missing	held	organization	reading-evidence-missing	no-independent-reading-evidence	assistant inspection of all 500 stored-reference fact records; targeted Wikipedia/official-page research for selected resolvable cases	Independent reading or unambiguous name/referent binding remains missing; not established as an inappropriate IME candidate.	"{""referenceFacts"":[{""id"":""Q1695906"",""name"":""民族問題人民委員部"",""types"":[""Q1551763""],""readings"":[],""bound"":{}}],""otherReadingFacts"":[]}"
それでもいえをかいました	それでも家を買いました	1851	1851	common	held	work	reading-evidence-missing	held	work	reading-evidence-missing	no-independent-reading-evidence	assistant inspection of all 500 stored-reference fact records; targeted Wikipedia/official-page research for selected resolvable cases	Independent reading or unambiguous name/referent binding remains missing; not established as an inappropriate IME candidate.	"{""referenceFacts"":[{""id"":""Q9592984"",""name"":""それでも家を買いました"",""types"":[""Q5398426""],""readings"":[],""bound"":{}}],""otherReadingFacts"":[]}"
たかはしあすか	高橋アスカ	1851	1851	person	held	unclassified	reading-evidence-missing	held	unclassified	reading-evidence-missing	no-independent-reading-evidence	assistant inspection of all 500 stored-reference fact records; targeted Wikipedia/official-page research for selected resolvable cases	Independent reading or unambiguous name/referent binding remains missing; not established as an inappropriate IME candidate.	"{""referenceFacts"":[],""otherReadingFacts"":[]}"
かげんのし	下弦の肆	1851	1851	neologd	held	unclassified	reading-evidence-missing	held	unclassified	reading-evidence-missing	no-independent-reading-evidence	assistant inspection of all 500 stored-reference fact records; targeted Wikipedia/official-page research for selected resolvable cases	Independent reading or unambiguous name/referent binding remains missing; not established as an inappropriate IME candidate.	"{""referenceFacts"":[],""otherReadingFacts"":[]}"
かわのみちつぐ	河野通継	1851	1851	wiki	held	person	reading-evidence-missing	held	person	reading-evidence-missing	no-independent-reading-evidence	assistant inspection of all 500 stored-reference fact records; targeted Wikipedia/official-page research for selected resolvable cases	Independent reading or unambiguous name/referent binding remains missing; not established as an inappropriate IME candidate.	"{""referenceFacts"":[{""id"":""Q24866775"",""name"":""河野通継"",""types"":[""Q5""],""readings"":[],""bound"":{}}],""otherReadingFacts"":[]}"
たくじ	啄二	1851	1851	neologd	held	unclassified	reading-evidence-missing	held	unclassified	reading-evidence-missing	no-independent-reading-evidence	assistant inspection of all 500 stored-reference fact records; targeted Wikipedia/official-page research for selected resolvable cases	Independent reading or unambiguous name/referent binding remains missing; not established as an inappropriate IME candidate.	"{""referenceFacts"":[],""otherReadingFacts"":[]}"
わきたすすむ	脇田進	1851	1851	wiki	held	person	reading-evidence-missing	held	person	reading-evidence-missing	no-independent-reading-evidence	assistant inspection of all 500 stored-reference fact records; targeted Wikipedia/official-page research for selected resolvable cases	Independent reading or unambiguous name/referent binding remains missing; not established as an inappropriate IME candidate.	"{""referenceFacts"":[{""id"":""Q7649804"",""name"":""脇田進"",""types"":[""Q5""],""readings"":[],""bound"":{}}],""otherReadingFacts"":[]}"
たなかててて	田中ててて	1851	1851	neologd	held	unclassified	reading-evidence-missing	held	unclassified	reading-evidence-missing	no-independent-reading-evidence	assistant inspection of all 500 stored-reference fact records; targeted Wikipedia/official-page research for selected resolvable cases	Independent reading or unambiguous name/referent binding remains missing; not established as an inappropriate IME candidate.	"{""referenceFacts"":[],""otherReadingFacts"":[]}"
きしえいじ	岸英治	1851	1851	neologd	held	unclassified	reading-evidence-missing	held	unclassified	reading-evidence-missing	no-independent-reading-evidence	assistant inspection of all 500 stored-reference fact records; targeted Wikipedia/official-page research for selected resolvable cases	Independent reading or unambiguous name/referent binding remains missing; not established as an inappropriate IME candidate.	"{""referenceFacts"":[],""otherReadingFacts"":[]}"
まつだあかり	松田あかり	1851	1851	person	held	unclassified	reading-evidence-missing	held	unclassified	reading-evidence-missing	no-independent-reading-evidence	assistant inspection of all 500 stored-reference fact records; targeted Wikipedia/official-page research for selected resolvable cases	Independent reading or unambiguous name/referent binding remains missing; not established as an inappropriate IME candidate.	"{""referenceFacts"":[],""otherReadingFacts"":[]}"
たまるいなのえもん	田丸稲之衛門	1851	1851	common	held	person	reading-evidence-missing	held	person	reading-evidence-missing	no-independent-reading-evidence	assistant inspection of all 500 stored-reference fact records; targeted Wikipedia/official-page research for selected resolvable cases	Independent reading or unambiguous name/referent binding remains missing; not established as an inappropriate IME candidate.	"{""referenceFacts"":[{""id"":""Q11576072"",""name"":""田丸稲之衛門"",""types"":[""Q5""],""readings"":[],""bound"":{}}],""otherReadingFacts"":[]}"
てらうちいしお	寺内石夫	1851	1851	wiki	held	person	reading-evidence-missing	held	person	reading-evidence-missing	no-independent-reading-evidence	assistant inspection of all 500 stored-reference fact records; targeted Wikipedia/official-page research for selected resolvable cases	Independent reading or unambiguous name/referent binding remains missing; not established as an inappropriate IME candidate.	"{""referenceFacts"":[{""id"":""Q131226399"",""name"":""寺内石夫"",""types"":[""Q5""],""readings"":[],""bound"":{}}],""otherReadingFacts"":[]}"
いわさあきひこ	岩朝暁彦	1851	1851	person	held	unclassified	reading-evidence-missing	held	unclassified	reading-evidence-missing	no-independent-reading-evidence	assistant inspection of all 500 stored-reference fact records; targeted Wikipedia/official-page research for selected resolvable cases	Independent reading or unambiguous name/referent binding remains missing; not established as an inappropriate IME candidate.	"{""referenceFacts"":[],""otherReadingFacts"":[]}"
あきのきりんそう	秋麒麟草	1851	1851	neologd	held	unclassified	reading-evidence-missing	held	unclassified	reading-evidence-missing	no-independent-reading-evidence	assistant inspection of all 500 stored-reference fact records; targeted Wikipedia/official-page research for selected resolvable cases	Independent reading or unambiguous name/referent binding remains missing; not established as an inappropriate IME candidate.	"{""referenceFacts"":[],""otherReadingFacts"":[]}"
みなとがくえん	みなと学園	1851	1851	common	held	organization	reading-evidence-missing	held	organization	reading-evidence-missing	no-independent-reading-evidence	assistant inspection of all 500 stored-reference fact records; targeted Wikipedia/official-page research for selected resolvable cases	Independent reading or unambiguous name/referent binding remains missing; not established as an inappropriate IME candidate.	"{""referenceFacts"":[{""id"":""Q11279149"",""name"":""みなと学園"",""types"":[""Q11626839""],""readings"":[],""bound"":{}}],""otherReadingFacts"":[]}"
かんこうるねさんすじぎょう	観光ルネサンス事業	1851	1851	common	held	unclassified	reading-evidence-missing	held	unclassified	reading-evidence-missing	no-independent-reading-evidence	assistant inspection of all 500 stored-reference fact records; targeted Wikipedia/official-page research for selected resolvable cases	Independent reading or unambiguous name/referent binding remains missing; not established as an inappropriate IME candidate.	"{""referenceFacts"":[{""id"":""Q11630510"",""name"":""観光ルネサンス事業"",""types"":[],""readings"":[],""bound"":{}}],""otherReadingFacts"":[]}"
ねぐされじくぼん	根腐軸盆	1851	1851	neologd	held	unclassified	reading-evidence-missing	held	unclassified	reading-evidence-missing	no-independent-reading-evidence	assistant inspection of all 500 stored-reference fact records; targeted Wikipedia/official-page research for selected resolvable cases	Independent reading or unambiguous name/referent binding remains missing; not established as an inappropriate IME candidate.	"{""referenceFacts"":[],""otherReadingFacts"":[]}"
かなやひさとも	金谷尚知	1851	1851	neologd	held	unclassified	reading-evidence-missing	held	unclassified	reading-evidence-missing	no-independent-reading-evidence	assistant inspection of all 500 stored-reference fact records; targeted Wikipedia/official-page research for selected resolvable cases	Independent reading or unambiguous name/referent binding remains missing; not established as an inappropriate IME candidate.	"{""referenceFacts"":[],""otherReadingFacts"":[]}"
すんいち	寸一	1851	1851	neologd	held	unclassified	reading-evidence-missing	held	unclassified	reading-evidence-missing	no-independent-reading-evidence	assistant inspection of all 500 stored-reference fact records; targeted Wikipedia/official-page research for selected resolvable cases	Independent reading or unambiguous name/referent binding remains missing; not established as an inappropriate IME candidate.	"{""referenceFacts"":[],""otherReadingFacts"":[]}"
やうちしょうてん	矢内商店	1851	1851	wiki	held	organization	reading-evidence-missing	held	organization	reading-evidence-missing	no-independent-reading-evidence	assistant inspection of all 500 stored-reference fact records; targeted Wikipedia/official-page research for selected resolvable cases	Independent reading or unambiguous name/referent binding remains missing; not established as an inappropriate IME candidate.	"{""referenceFacts"":[{""id"":""Q18459143"",""name"":""矢内商店"",""types"":[""Q4830453""],""readings"":[],""bound"":{}}],""otherReadingFacts"":[]}"
いわみつだ	石見津田	1851	1851	neologd	accepted	unclassified		unclassified	unclassified		mozc-exact-reading-surface	assistant inspection of all 500 stored-reference fact records; targeted Wikipedia/official-page research for selected resolvable cases	Reading supported, but a role within the twelve categories is not yet established.	"{""referenceFacts"":[],""otherReadingFacts"":[]}"
しゅうかれん	ShuuKaRen	1851	1851	neologd	held	organization	reading-evidence-missing	held	organization	reading-evidence-missing	no-independent-reading-evidence	assistant inspection of all 500 stored-reference fact records; targeted Wikipedia/official-page research for selected resolvable cases	Independent reading or unambiguous name/referent binding remains missing; not established as an inappropriate IME candidate.	"{""referenceFacts"":[{""id"":""Q26974485"",""name"":""ShuuKaRen"",""types"":[""Q215380""],""readings"":[],""bound"":{}}],""otherReadingFacts"":[]}"
このかのじょはふぃくしょんです	この彼女はフィクションです	1851	1851	neologd	held	unclassified	reading-evidence-missing	held	unclassified	reading-evidence-missing	no-independent-reading-evidence	assistant inspection of all 500 stored-reference fact records; targeted Wikipedia/official-page research for selected resolvable cases	Independent reading or unambiguous name/referent binding remains missing; not established as an inappropriate IME candidate.	"{""referenceFacts"":[],""otherReadingFacts"":[]}"
ぜんべいかんとくきょうかいしょう	全米監督協会賞	1851	1851	wiki	held	unclassified	reading-evidence-missing	held	unclassified	reading-evidence-missing	no-independent-reading-evidence	assistant inspection of all 500 stored-reference fact records; targeted Wikipedia/official-page research for selected resolvable cases	Independent reading or unambiguous name/referent binding remains missing; not established as an inappropriate IME candidate.	"{""referenceFacts"":[{""id"":""Q1111310"",""name"":""全米監督協会賞"",""types"":[""Q107655869""],""readings"":[],""bound"":{}}],""otherReadingFacts"":[]}"
むかいこうじ	向井康二	1851	1851	person,common	held	person	reading-evidence-missing	held	person	reading-evidence-missing	no-independent-reading-evidence	assistant inspection of all 500 stored-reference fact records; targeted Wikipedia/official-page research for selected resolvable cases	Independent reading or unambiguous name/referent binding remains missing; not established as an inappropriate IME candidate.	"{""referenceFacts"":[{""id"":""Q18339528"",""name"":""向井康二"",""types"":[""Q5""],""readings"":[],""bound"":{}}],""otherReadingFacts"":[]}"
まつもとまいこ	松本真以子	1851	1851	neologd	held	unclassified	reading-evidence-missing	held	unclassified	reading-evidence-missing	no-independent-reading-evidence	assistant inspection of all 500 stored-reference fact records; targeted Wikipedia/official-page research for selected resolvable cases	Independent reading or unambiguous name/referent binding remains missing; not established as an inappropriate IME candidate.	"{""referenceFacts"":[],""otherReadingFacts"":[]}"
ばいおうぇあ	BioWare	1851	1851	neologd	held	unclassified	reading-evidence-missing	held	unclassified	reading-evidence-missing	no-independent-reading-evidence	assistant inspection of all 500 stored-reference fact records; targeted Wikipedia/official-page research for selected resolvable cases	Independent reading or unambiguous name/referent binding remains missing; not established as an inappropriate IME candidate.	"{""referenceFacts"":[],""otherReadingFacts"":[]}"
おおすみえれな	大隈恵令奈	1851	1851	neologd	held	unclassified	reading-evidence-missing	held	unclassified	reading-evidence-missing	no-independent-reading-evidence	assistant inspection of all 500 stored-reference fact records; targeted Wikipedia/official-page research for selected resolvable cases	Independent reading or unambiguous name/referent binding remains missing; not established as an inappropriate IME candidate.	"{""referenceFacts"":[],""otherReadingFacts"":[]}"
しものもりどおり	下ノ森通	1851	1851	common	held	facility	reading-evidence-missing	held	facility	reading-evidence-missing	no-independent-reading-evidence	assistant inspection of all 500 stored-reference fact records; targeted Wikipedia/official-page research for selected resolvable cases	Independent reading or unambiguous name/referent binding remains missing; not established as an inappropriate IME candidate.	"{""referenceFacts"":[{""id"":""Q30931327"",""name"":""下ノ森通"",""types"":[""Q79007""],""readings"":[],""bound"":{}}],""otherReadingFacts"":[]}"
おおくらはるお	大倉晴男	1851	1851	neologd	held	unclassified	reading-evidence-missing	held	unclassified	reading-evidence-missing	no-independent-reading-evidence	assistant inspection of all 500 stored-reference fact records; targeted Wikipedia/official-page research for selected resolvable cases	Independent reading or unambiguous name/referent binding remains missing; not established as an inappropriate IME candidate.	"{""referenceFacts"":[],""otherReadingFacts"":[]}"
なかのみのくにこ	中臣国子	1851	1851	neologd	held	person	reading-evidence-missing	held	person	reading-evidence-missing	no-independent-reading-evidence	assistant inspection of all 500 stored-reference fact records; targeted Wikipedia/official-page research for selected resolvable cases	Independent reading or unambiguous name/referent binding remains missing; not established as an inappropriate IME candidate.	"{""referenceFacts"":[{""id"":""Q55407186"",""name"":""中臣国子"",""types"":[""Q5""],""readings"":[],""bound"":{}}],""otherReadingFacts"":[]}"
おおせんなり	大千成	1851	1851	neologd	held	unclassified	reading-evidence-missing	held	unclassified	reading-evidence-missing	no-independent-reading-evidence	assistant inspection of all 500 stored-reference fact records; targeted Wikipedia/official-page research for selected resolvable cases	Independent reading or unambiguous name/referent binding remains missing; not established as an inappropriate IME candidate.	"{""referenceFacts"":[],""otherReadingFacts"":[]}"
のぶみつ	順充	1851	1851	neologd	held	unclassified	reading-evidence-missing	held	unclassified	reading-evidence-missing	no-independent-reading-evidence	assistant inspection of all 500 stored-reference fact records; targeted Wikipedia/official-page research for selected resolvable cases	Independent reading or unambiguous name/referent binding remains missing; not established as an inappropriate IME candidate.	"{""referenceFacts"":[],""otherReadingFacts"":[]}"
むかいさとこ	向井佐都子	1851	1851	neologd	held	unclassified	entity-reading-unresolved-not-pair-error	held	unclassified	entity-reading-unresolved-not-pair-error	no-independent-reading-evidence	assistant inspection of all 500 stored-reference fact records; targeted Wikipedia/official-page research for selected resolvable cases	Independent reading or unambiguous name/referent binding remains missing; not established as an inappropriate IME candidate.	"{""referenceFacts"":[{""id"":""Q11279527"",""name"":""むかいさとこ"",""types"":[""Q5""],""readings"":[""むかい さとこ""],""bound"":{}}],""otherReadingFacts"":[]}"
むさしがわ	武藏川	1851	1851	neologd	held	unclassified	reading-evidence-missing	held	unclassified	reading-evidence-missing	no-independent-reading-evidence	assistant inspection of all 500 stored-reference fact records; targeted Wikipedia/official-page research for selected resolvable cases	Independent reading or unambiguous name/referent binding remains missing; not established as an inappropriate IME candidate.	"{""referenceFacts"":[],""otherReadingFacts"":[]}"
あくまのとりる	悪魔のトリル	1851	1851	common	held	work	reading-evidence-missing	held	work	reading-evidence-missing	no-independent-reading-evidence	assistant inspection of all 500 stored-reference fact records; targeted Wikipedia/official-page research for selected resolvable cases	Independent reading or unambiguous name/referent binding remains missing; not established as an inappropriate IME candidate.	"{""referenceFacts"":[{""id"":""Q2641249"",""name"":""悪魔のトリル"",""types"":[""Q105543609""],""readings"":[],""bound"":{}}],""otherReadingFacts"":[]}"
ゆきか	恕寡	1851	1851	neologd	held	unclassified	reading-evidence-missing	held	unclassified	reading-evidence-missing	no-independent-reading-evidence	assistant inspection of all 500 stored-reference fact records; targeted Wikipedia/official-page research for selected resolvable cases	Independent reading or unambiguous name/referent binding remains missing; not established as an inappropriate IME candidate.	"{""referenceFacts"":[],""otherReadingFacts"":[]}"
どうとうじゅうかんどうろ	道東縦貫道路	1851	1851	common	held	facility	reading-evidence-missing	held	facility	reading-evidence-missing	no-independent-reading-evidence	assistant inspection of all 500 stored-reference fact records; targeted Wikipedia/official-page research for selected resolvable cases	Independent reading or unambiguous name/referent binding remains missing; not established as an inappropriate IME candidate.	"{""referenceFacts"":[{""id"":""Q56346438"",""name"":""道東縦貫道路"",""types"":[""Q34442""],""readings"":[],""bound"":{}}],""otherReadingFacts"":[]}"
ていとうしょうけんほう	抵当証券法	1851	1851	common	held	unclassified	reading-evidence-missing	held	unclassified	reading-evidence-missing	no-independent-reading-evidence	assistant inspection of all 500 stored-reference fact records; targeted Wikipedia/official-page research for selected resolvable cases	Independent reading or unambiguous name/referent binding remains missing; not established as an inappropriate IME candidate.	"{""referenceFacts"":[{""id"":""Q11497628"",""name"":""抵当証券法"",""types"":[""Q820655""],""readings"":[],""bound"":{}}],""otherReadingFacts"":[]}"
げいにんほてる	芸人ホテル	1851	1851	common	held	work	reading-evidence-missing	held	work	reading-evidence-missing	no-independent-reading-evidence	assistant inspection of all 500 stored-reference fact records; targeted Wikipedia/official-page research for selected resolvable cases	Independent reading or unambiguous name/referent binding remains missing; not established as an inappropriate IME candidate.	"{""referenceFacts"":[{""id"":""Q1752485"",""name"":""芸人ホテル"",""types"":[""Q11424""],""readings"":[],""bound"":{}},{""id"":""Q7607984"",""name"":""芸人ホテル"",""types"":[""Q4167410""],""readings"":[],""bound"":{}}],""otherReadingFacts"":[]}"
はねだくうこうはっちゃくわく	羽田空港発着枠	1851	1851	common	held	unclassified	reading-evidence-missing	held	unclassified	reading-evidence-missing	no-independent-reading-evidence	assistant inspection of all 500 stored-reference fact records; targeted Wikipedia/official-page research for selected resolvable cases	Independent reading or unambiguous name/referent binding remains missing; not established as an inappropriate IME candidate.	"{""referenceFacts"":[{""id"":""Q11610325"",""name"":""羽田空港発着枠"",""types"":[""Q1249105""],""readings"":[],""bound"":{}}],""otherReadingFacts"":[]}"
さくまけい	さくまけい	1851	1851	neologd	held	unclassified	reading-evidence-missing	held	unclassified	reading-evidence-missing	no-independent-reading-evidence	assistant inspection of all 500 stored-reference fact records; targeted Wikipedia/official-page research for selected resolvable cases	Independent reading or unambiguous name/referent binding remains missing; not established as an inappropriate IME candidate.	"{""referenceFacts"":[],""otherReadingFacts"":[]}"
ながいひでゆき	永井秀之	1851	1851	neologd	held	unclassified	reading-evidence-missing	held	unclassified	reading-evidence-missing	no-independent-reading-evidence	assistant inspection of all 500 stored-reference fact records; targeted Wikipedia/official-page research for selected resolvable cases	Independent reading or unambiguous name/referent binding remains missing; not established as an inappropriate IME candidate.	"{""referenceFacts"":[],""otherReadingFacts"":[]}"
あいってなんだろ	愛ってなんだろ	1851	1851	wiki	held	work	reading-evidence-missing	held	work	reading-evidence-missing	no-independent-reading-evidence	assistant inspection of all 500 stored-reference fact records; targeted Wikipedia/official-page research for selected resolvable cases	Independent reading or unambiguous name/referent binding remains missing; not established as an inappropriate IME candidate.	"{""referenceFacts"":[{""id"":""Q109362315"",""name"":""愛ってなんだろ"",""types"":[""Q11424""],""readings"":[],""bound"":{}}],""otherReadingFacts"":[]}"
てぃあら	媛珠	1851	1851	neologd	held	unclassified	reading-evidence-missing	held	unclassified	reading-evidence-missing	no-independent-reading-evidence	assistant inspection of all 500 stored-reference fact records; targeted Wikipedia/official-page research for selected resolvable cases	Independent reading or unambiguous name/referent binding remains missing; not established as an inappropriate IME candidate.	"{""referenceFacts"":[],""otherReadingFacts"":[]}"
あさみりり	浅実梨里	1851	1851	neologd	held	unclassified	reading-evidence-missing	held	unclassified	reading-evidence-missing	no-independent-reading-evidence	assistant inspection of all 500 stored-reference fact records; targeted Wikipedia/official-page research for selected resolvable cases	Independent reading or unambiguous name/referent binding remains missing; not established as an inappropriate IME candidate.	"{""referenceFacts"":[],""otherReadingFacts"":[]}"
さんさんかきせのん	三酸化キセノン	1851	1851	common	held	technical	reading-evidence-missing	held	technical	reading-evidence-missing	no-independent-reading-evidence	assistant inspection of all 500 stored-reference fact records; targeted Wikipedia/official-page research for selected resolvable cases	Independent reading or unambiguous name/referent binding remains missing; not established as an inappropriate IME candidate.	"{""referenceFacts"":[{""id"":""Q411169"",""name"":""三酸化キセノン"",""types"":[""Q113145171""],""readings"":[],""bound"":{}}],""otherReadingFacts"":[]}"
うしえび	牛蝦	1851	1851	neologd	held	unclassified	reading-evidence-missing	held	unclassified	reading-evidence-missing	no-independent-reading-evidence	assistant inspection of all 500 stored-reference fact records; targeted Wikipedia/official-page research for selected resolvable cases	Independent reading or unambiguous name/referent binding remains missing; not established as an inappropriate IME candidate.	"{""referenceFacts"":[],""otherReadingFacts"":[]}"
ゆめは	夢波	1851	1851	neologd	held	unclassified	reading-evidence-missing	held	unclassified	reading-evidence-missing	no-independent-reading-evidence	assistant inspection of all 500 stored-reference fact records; targeted Wikipedia/official-page research for selected resolvable cases	Independent reading or unambiguous name/referent binding remains missing; not established as an inappropriate IME candidate.	"{""referenceFacts"":[],""otherReadingFacts"":[]}"
もりやちゅうおうとしょかん	守谷中央図書館	1851	1851	wiki	held	organization	reading-evidence-missing	held	organization	reading-evidence-missing	no-independent-reading-evidence	assistant inspection of all 500 stored-reference fact records; targeted Wikipedia/official-page research for selected resolvable cases	Independent reading or unambiguous name/referent binding remains missing; not established as an inappropriate IME candidate.	"{""referenceFacts"":[{""id"":""Q11450117"",""name"":""守谷中央図書館"",""types"":[""Q7075""],""readings"":[],""bound"":{}}],""otherReadingFacts"":[]}"
こあれす	コアレス	1851	1851	neologd	held	unclassified	reading-evidence-missing	held	unclassified	reading-evidence-missing	no-independent-reading-evidence	assistant inspection of all 500 stored-reference fact records; targeted Wikipedia/official-page research for selected resolvable cases	Independent reading or unambiguous name/referent binding remains missing; not established as an inappropriate IME candidate.	"{""referenceFacts"":[],""otherReadingFacts"":[]}"
ただたか	忠貴	1851	1851	neologd	held	unclassified	reading-evidence-missing	held	unclassified	reading-evidence-missing	no-independent-reading-evidence	assistant inspection of all 500 stored-reference fact records; targeted Wikipedia/official-page research for selected resolvable cases	Independent reading or unambiguous name/referent binding remains missing; not established as an inappropriate IME candidate.	"{""referenceFacts"":[],""otherReadingFacts"":[]}"
いのうえおりひめ	井上織姫	1851	1851	common	held	character	reading-evidence-missing	held	character	reading-evidence-missing	no-independent-reading-evidence	assistant inspection of all 500 stored-reference fact records; targeted Wikipedia/official-page research for selected resolvable cases	Independent reading or unambiguous name/referent binding remains missing; not established as an inappropriate IME candidate.	"{""referenceFacts"":[{""id"":""Q498184"",""name"":""井上織姫"",""types"":[""Q15632617"",""Q87576284"",""Q80447738""],""readings"":[],""bound"":{}}],""otherReadingFacts"":[]}"
にしじまじょう	西島城	1851	1851	common	held	unclassified	reading-evidence-missing	held	unclassified	reading-evidence-missing	no-independent-reading-evidence	assistant inspection of all 500 stored-reference fact records; targeted Wikipedia/official-page research for selected resolvable cases	Independent reading or unambiguous name/referent binding remains missing; not established as an inappropriate IME candidate.	"{""referenceFacts"":[{""id"":""Q97208056"",""name"":""西島城 (肥前国)"",""types"":[""Q23413""],""readings"":[],""bound"":{}}],""otherReadingFacts"":[]}"
よしあんり	誉司アンリ	1851	1851	neologd	held	unclassified	reading-evidence-missing	held	unclassified	reading-evidence-missing	no-independent-reading-evidence	assistant inspection of all 500 stored-reference fact records; targeted Wikipedia/official-page research for selected resolvable cases	Independent reading or unambiguous name/referent binding remains missing; not established as an inappropriate IME candidate.	"{""referenceFacts"":[],""otherReadingFacts"":[]}"
ぜんでんつうほーる	全電通ホール	1851	1851	neologd	held	unclassified	reading-evidence-missing	held	unclassified	reading-evidence-missing	no-independent-reading-evidence	assistant inspection of all 500 stored-reference fact records; targeted Wikipedia/official-page research for selected resolvable cases	Independent reading or unambiguous name/referent binding remains missing; not established as an inappropriate IME candidate.	"{""referenceFacts"":[],""otherReadingFacts"":[]}"
はいじまらいなー	拝島ライナー	1851	1851	common	held	unclassified	reading-evidence-missing	held	unclassified	reading-evidence-missing	no-independent-reading-evidence	assistant inspection of all 500 stored-reference fact records; targeted Wikipedia/official-page research for selected resolvable cases	Independent reading or unambiguous name/referent binding remains missing; not established as an inappropriate IME candidate.	"{""referenceFacts"":[{""id"":""Q48753104"",""name"":""拝島ライナー"",""types"":[""Q6549533"",""Q124130104"",""Q1067164"",""Q15141321"",""Q91908084""],""readings"":[],""bound"":{}}],""otherReadingFacts"":[]}"
ますき	升木	1851	1851	neologd	held	unclassified	reading-evidence-missing	held	unclassified	reading-evidence-missing	no-independent-reading-evidence	assistant inspection of all 500 stored-reference fact records; targeted Wikipedia/official-page research for selected resolvable cases	Independent reading or unambiguous name/referent binding remains missing; not established as an inappropriate IME candidate.	"{""referenceFacts"":[],""otherReadingFacts"":[]}"
りゅうせんえきく	竜泉駅区	1851	1851	common	held	place	reading-evidence-missing	held	place	reading-evidence-missing	no-independent-reading-evidence	assistant inspection of all 500 stored-reference fact records; targeted Wikipedia/official-page research for selected resolvable cases	Independent reading or unambiguous name/referent binding remains missing; not established as an inappropriate IME candidate.	"{""referenceFacts"":[{""id"":""Q1356079"",""name"":""竜泉駅区"",""types"":[""Q1065118""],""readings"":[],""bound"":{}}],""otherReadingFacts"":[]}"
つかさ	津華沙	1851	1851	neologd	held	unclassified	reading-evidence-missing	held	unclassified	reading-evidence-missing	no-independent-reading-evidence	assistant inspection of all 500 stored-reference fact records; targeted Wikipedia/official-page research for selected resolvable cases	Independent reading or unambiguous name/referent binding remains missing; not established as an inappropriate IME candidate.	"{""referenceFacts"":[],""otherReadingFacts"":[]}"
ぶつだい	佛大	1851	1851	neologd	held	unclassified	reading-evidence-missing	held	unclassified	reading-evidence-missing	no-independent-reading-evidence	assistant inspection of all 500 stored-reference fact records; targeted Wikipedia/official-page research for selected resolvable cases	Independent reading or unambiguous name/referent binding remains missing; not established as an inappropriate IME candidate.	"{""referenceFacts"":[],""otherReadingFacts"":[]}"
さかもとゆきお	坂本幸夫	1851	1851	wiki	held	person	reading-evidence-missing	held	person	reading-evidence-missing	no-independent-reading-evidence	assistant inspection of all 500 stored-reference fact records; targeted Wikipedia/official-page research for selected resolvable cases	Independent reading or unambiguous name/referent binding remains missing; not established as an inappropriate IME candidate.	"{""referenceFacts"":[{""id"":""Q116936697"",""name"":""坂本幸夫"",""types"":[""Q5""],""readings"":[],""bound"":{}}],""otherReadingFacts"":[]}"
おがさわらけい	小笠原慧	1851	1851	neologd	held	unclassified	entity-reading-unresolved-not-pair-error	held	unclassified	entity-reading-unresolved-not-pair-error	no-independent-reading-evidence	assistant inspection of all 500 stored-reference fact records; targeted Wikipedia/official-page research for selected resolvable cases	Independent reading or unambiguous name/referent binding remains missing; not established as an inappropriate IME candidate.	"{""referenceFacts"":[{""id"":""Q11473521"",""name"":""岡田尊司"",""types"":[""Q5""],""readings"":[""おかだ たかし""],""bound"":{}}],""otherReadingFacts"":[]}"
さんぷんかんまってやる	3分間待ってやる	1851	1851	neologd	held	unclassified	reading-evidence-missing	held	unclassified	reading-evidence-missing	no-independent-reading-evidence	assistant inspection of all 500 stored-reference fact records; targeted Wikipedia/official-page research for selected resolvable cases	Independent reading or unambiguous name/referent binding remains missing; not established as an inappropriate IME candidate.	"{""referenceFacts"":[],""otherReadingFacts"":[]}"
あかもと	赤元	1851	1851	neologd	held	unclassified	reading-evidence-missing	held	unclassified	reading-evidence-missing	no-independent-reading-evidence	assistant inspection of all 500 stored-reference fact records; targeted Wikipedia/official-page research for selected resolvable cases	Independent reading or unambiguous name/referent binding remains missing; not established as an inappropriate IME candidate.	"{""referenceFacts"":[],""otherReadingFacts"":[]}"
すずきりょうじ	鈴木亮司	1851	1851	neologd	held	unclassified	reading-evidence-missing	held	unclassified	reading-evidence-missing	no-independent-reading-evidence	assistant inspection of all 500 stored-reference fact records; targeted Wikipedia/official-page research for selected resolvable cases	Independent reading or unambiguous name/referent binding remains missing; not established as an inappropriate IME candidate.	"{""referenceFacts"":[],""otherReadingFacts"":[]}"
えんどうきり	遠藤桐	1851	1851	wiki	held	person	reading-evidence-missing	held	person	reading-evidence-missing	no-independent-reading-evidence	assistant inspection of all 500 stored-reference fact records; targeted Wikipedia/official-page research for selected resolvable cases	Independent reading or unambiguous name/referent binding remains missing; not established as an inappropriate IME candidate.	"{""referenceFacts"":[{""id"":""Q116936714"",""name"":""遠藤桐"",""types"":[""Q5""],""readings"":[],""bound"":{}}],""otherReadingFacts"":[]}"
つぃっくす	ツィックス	1851	1851	wiki	held	unclassified	reading-evidence-missing	held	unclassified	reading-evidence-missing	no-independent-reading-evidence	assistant inspection of all 500 stored-reference fact records; targeted Wikipedia/official-page research for selected resolvable cases	Independent reading or unambiguous name/referent binding remains missing; not established as an inappropriate IME candidate.	"{""referenceFacts"":[{""id"":""Q869733"",""name"":""Twix"",""types"":[""Q167270"",""Q16323605""],""readings"":[],""bound"":{}}],""otherReadingFacts"":[]}"
さんどうせん	三胴船	1851	1851	neologd	held	unclassified	reading-evidence-missing	held	unclassified	reading-evidence-missing	no-independent-reading-evidence	assistant inspection of all 500 stored-reference fact records; targeted Wikipedia/official-page research for selected resolvable cases	Independent reading or unambiguous name/referent binding remains missing; not established as an inappropriate IME candidate.	"{""referenceFacts"":[{""id"":""Q630415"",""name"":""トリマラン"",""types"":[""Q16335899""],""readings"":[],""bound"":{}}],""otherReadingFacts"":[]}"
なほこ	那穂子	1851	1851	neologd	held	unclassified	reading-evidence-missing	held	unclassified	reading-evidence-missing	no-independent-reading-evidence	assistant inspection of all 500 stored-reference fact records; targeted Wikipedia/official-page research for selected resolvable cases	Independent reading or unambiguous name/referent binding remains missing; not established as an inappropriate IME candidate.	"{""referenceFacts"":[],""otherReadingFacts"":[]}"
のりえ	倫栄	1851	1851	neologd	held	unclassified	reading-evidence-missing	held	unclassified	reading-evidence-missing	no-independent-reading-evidence	assistant inspection of all 500 stored-reference fact records; targeted Wikipedia/official-page research for selected resolvable cases	Independent reading or unambiguous name/referent binding remains missing; not established as an inappropriate IME candidate.	"{""referenceFacts"":[],""otherReadingFacts"":[]}"
かすがしゅんきち	春日俊吉	1851	1851	wiki	held	person	reading-evidence-missing	held	person	reading-evidence-missing	no-independent-reading-evidence	assistant inspection of all 500 stored-reference fact records; targeted Wikipedia/official-page research for selected resolvable cases	Independent reading or unambiguous name/referent binding remains missing; not established as an inappropriate IME candidate.	"{""referenceFacts"":[{""id"":""Q117460053"",""name"":""春日俊吉"",""types"":[""Q5""],""readings"":[],""bound"":{}}],""otherReadingFacts"":[]}"
やまざきがくえん	学校法人山崎学園	1851	1851	common	held	unclassified	reading-evidence-missing	held	unclassified	reading-evidence-missing	no-independent-reading-evidence	assistant inspection of all 500 stored-reference fact records; targeted Wikipedia/official-page research for selected resolvable cases	Independent reading or unambiguous name/referent binding remains missing; not established as an inappropriate IME candidate.	"{""referenceFacts"":[{""id"":""Q11448465"",""name"":""学校法人山崎学園"",""types"":[""Q4167410""],""readings"":[],""bound"":{}}],""otherReadingFacts"":[]}"
しまもとつねお	嶋本恒雄	1851	1851	wiki	held	person	reading-evidence-missing	held	person	reading-evidence-missing	no-independent-reading-evidence	assistant inspection of all 500 stored-reference fact records; targeted Wikipedia/official-page research for selected resolvable cases	Independent reading or unambiguous name/referent binding remains missing; not established as an inappropriate IME candidate.	"{""referenceFacts"":[{""id"":""Q130363636"",""name"":""嶋本恒雄"",""types"":[""Q5""],""readings"":[],""bound"":{}}],""otherReadingFacts"":[]}"
あまり	亜麻里	1851	1851	neologd	held	unclassified	reading-evidence-missing	held	unclassified	reading-evidence-missing	no-independent-reading-evidence	assistant inspection of all 500 stored-reference fact records; targeted Wikipedia/official-page research for selected resolvable cases	Independent reading or unambiguous name/referent binding remains missing; not established as an inappropriate IME candidate.	"{""referenceFacts"":[],""otherReadingFacts"":[]}"
せかいしんきょういくれんめい	世界新教育連盟	1851	1851	common	held	organization	reading-evidence-missing	held	organization	reading-evidence-missing	no-independent-reading-evidence	assistant inspection of all 500 stored-reference fact records; targeted Wikipedia/official-page research for selected resolvable cases	Independent reading or unambiguous name/referent binding remains missing; not established as an inappropriate IME candidate.	"{""referenceFacts"":[{""id"":""Q876001"",""name"":""世界新教育連盟"",""types"":[""Q43229""],""readings"":[],""bound"":{}}],""otherReadingFacts"":[]}"
ぽりあんな	POLLYANNA	1851	1851	neologd	held	unclassified	reading-evidence-missing	held	unclassified	reading-evidence-missing	no-independent-reading-evidence	assistant inspection of all 500 stored-reference fact records; targeted Wikipedia/official-page research for selected resolvable cases	Independent reading or unambiguous name/referent binding remains missing; not established as an inappropriate IME candidate.	"{""referenceFacts"":[{""id"":""Q120335862"",""name"":""POLLYANNA (日本のバンド)"",""types"":[""Q5741069""],""readings"":[],""bound"":{}}],""otherReadingFacts"":[]}"
ふきこ	復紀子	1851	1851	neologd	held	unclassified	reading-evidence-missing	held	unclassified	reading-evidence-missing	no-independent-reading-evidence	assistant inspection of all 500 stored-reference fact records; targeted Wikipedia/official-page research for selected resolvable cases	Independent reading or unambiguous name/referent binding remains missing; not established as an inappropriate IME candidate.	"{""referenceFacts"":[],""otherReadingFacts"":[]}"
てんしきょう	天使経	1851	1851	wiki	held	work	reading-evidence-missing	held	work	reading-evidence-missing	no-independent-reading-evidence	assistant inspection of all 500 stored-reference fact records; targeted Wikipedia/official-page research for selected resolvable cases	Independent reading or unambiguous name/referent binding remains missing; not established as an inappropriate IME candidate.	"{""referenceFacts"":[{""id"":""Q24262844"",""name"":""天使経"",""types"":[""Q209680""],""readings"":[],""bound"":{}}],""otherReadingFacts"":[]}"
あがた	阿加多	1851	1851	neologd	held	unclassified	reading-evidence-missing	held	unclassified	reading-evidence-missing	no-independent-reading-evidence	assistant inspection of all 500 stored-reference fact records; targeted Wikipedia/official-page research for selected resolvable cases	Independent reading or unambiguous name/referent binding remains missing; not established as an inappropriate IME candidate.	"{""referenceFacts"":[],""otherReadingFacts"":[]}"
たかきこすけ	高木公介	1851	1851	neologd	held	unclassified	reading-evidence-missing	held	unclassified	reading-evidence-missing	no-independent-reading-evidence	assistant inspection of all 500 stored-reference fact records; targeted Wikipedia/official-page research for selected resolvable cases	Independent reading or unambiguous name/referent binding remains missing; not established as an inappropriate IME candidate.	"{""referenceFacts"":[],""otherReadingFacts"":[]}"
おんじゅいん	遠寿院	1851	1851	neologd	held	unclassified	reading-evidence-missing	held	unclassified	reading-evidence-missing	no-independent-reading-evidence	assistant inspection of all 500 stored-reference fact records; targeted Wikipedia/official-page research for selected resolvable cases	Independent reading or unambiguous name/referent binding remains missing; not established as an inappropriate IME candidate.	"{""referenceFacts"":[],""otherReadingFacts"":[]}"
さわゆうすけ	左和ゆうすけ	1851	1851	neologd	held	unclassified	reading-evidence-missing	held	unclassified	reading-evidence-missing	no-independent-reading-evidence	assistant inspection of all 500 stored-reference fact records; targeted Wikipedia/official-page research for selected resolvable cases	Independent reading or unambiguous name/referent binding remains missing; not established as an inappropriate IME candidate.	"{""referenceFacts"":[],""otherReadingFacts"":[]}"
かさのおむね	笠雄宗	1851	1851	wiki	held	person	reading-evidence-missing	held	person	reading-evidence-missing	no-independent-reading-evidence	assistant inspection of all 500 stored-reference fact records; targeted Wikipedia/official-page research for selected resolvable cases	Independent reading or unambiguous name/referent binding remains missing; not established as an inappropriate IME candidate.	"{""referenceFacts"":[{""id"":""Q105711612"",""name"":""笠雄宗"",""types"":[""Q5""],""readings"":[],""bound"":{}}],""otherReadingFacts"":[]}"
らいごうじえき	来迎寺駅	1851	1851	neologd	held	unclassified	entity-reading-unresolved-not-pair-error	excluded				assistant inspection of all 500 stored-reference fact records; targeted Wikipedia/official-page research for selected resolvable cases	Wrong reading/surface pair confirmed against official publication; do not infer this from Wikidata alone.	"{""referenceFacts"":[{""id"":""Q7283860"",""name"":""来迎寺駅"",""types"":[""Q55488"",""Q4312270"",""Q121844689"",""Q123094976""],""readings"":[""らいこうじえき""],""bound"":{}}],""otherReadingFacts"":[]}"
わこうしとしょかん	和光市図書館	1851	1851	common	held	organization	reading-evidence-missing	held	organization	reading-evidence-missing	no-independent-reading-evidence	assistant inspection of all 500 stored-reference fact records; targeted Wikipedia/official-page research for selected resolvable cases	Independent reading or unambiguous name/referent binding remains missing; not established as an inappropriate IME candidate.	"{""referenceFacts"":[{""id"":""Q11417170"",""name"":""和光市図書館"",""types"":[""Q7075""],""readings"":[],""bound"":{}}],""otherReadingFacts"":[]}"
はるな	花瑠奈	1851	1851	neologd	held	unclassified	reading-evidence-missing	held	unclassified	reading-evidence-missing	no-independent-reading-evidence	assistant inspection of all 500 stored-reference fact records; targeted Wikipedia/official-page research for selected resolvable cases	Independent reading or unambiguous name/referent binding remains missing; not established as an inappropriate IME candidate.	"{""referenceFacts"":[],""otherReadingFacts"":[]}"
ぎふけんしょうぼうがっこう	岐阜県消防学校	1851	1851	common	held	organization	reading-evidence-missing	held	organization	reading-evidence-missing	no-independent-reading-evidence	assistant inspection of all 500 stored-reference fact records; targeted Wikipedia/official-page research for selected resolvable cases	Independent reading or unambiguous name/referent binding remains missing; not established as an inappropriate IME candidate.	"{""referenceFacts"":[{""id"":""Q11471464"",""name"":""岐阜県消防学校"",""types"":[""Q7429804""],""readings"":[],""bound"":{}}],""otherReadingFacts"":[]}"
ぼくりり	ぼくりり	1851	1851	wiki	held	unclassified	reading-evidence-missing	held	unclassified	reading-evidence-missing	no-independent-reading-evidence	assistant inspection of all 500 stored-reference fact records; targeted Wikipedia/official-page research for selected resolvable cases	Independent reading or unambiguous name/referent binding remains missing; not established as an inappropriate IME candidate.	"{""referenceFacts"":[],""otherReadingFacts"":[]}"
えあろそにっく	エアロソニック	1851	1851	neologd	held	unclassified	reading-evidence-missing	held	unclassified	reading-evidence-missing	no-independent-reading-evidence	assistant inspection of all 500 stored-reference fact records; targeted Wikipedia/official-page research for selected resolvable cases	Independent reading or unambiguous name/referent binding remains missing; not established as an inappropriate IME candidate.	"{""referenceFacts"":[],""otherReadingFacts"":[]}"
たどち	田杼	1851	1851	neologd	held	unclassified	reading-evidence-missing	held	unclassified	reading-evidence-missing	no-independent-reading-evidence	assistant inspection of all 500 stored-reference fact records; targeted Wikipedia/official-page research for selected resolvable cases	Independent reading or unambiguous name/referent binding remains missing; not established as an inappropriate IME candidate.	"{""referenceFacts"":[],""otherReadingFacts"":[]}"
かりだいにてつりーきせんせき	カリ第二鉄リーキ閃石	1851	1851	common	held	unclassified	reading-evidence-missing	held	unclassified	reading-evidence-missing	no-independent-reading-evidence	assistant inspection of all 500 stored-reference fact records; targeted Wikipedia/official-page research for selected resolvable cases	Independent reading or unambiguous name/referent binding remains missing; not established as an inappropriate IME candidate.	"{""referenceFacts"":[{""id"":""Q3909498"",""name"":""カリ第二鉄リーキ閃石"",""types"":[""Q12089225""],""readings"":[],""bound"":{}}],""otherReadingFacts"":[]}"
ぬくもり	温森	1851	1851	neologd	held	unclassified	reading-evidence-missing	held	unclassified	reading-evidence-missing	no-independent-reading-evidence	assistant inspection of all 500 stored-reference fact records; targeted Wikipedia/official-page research for selected resolvable cases	Independent reading or unambiguous name/referent binding remains missing; not established as an inappropriate IME candidate.	"{""referenceFacts"":[],""otherReadingFacts"":[]}"
あきよ	顕代	1851	1851	neologd	held	unclassified	reading-evidence-missing	held	unclassified	reading-evidence-missing	no-independent-reading-evidence	assistant inspection of all 500 stored-reference fact records; targeted Wikipedia/official-page research for selected resolvable cases	Independent reading or unambiguous name/referent binding remains missing; not established as an inappropriate IME candidate.	"{""referenceFacts"":[],""otherReadingFacts"":[]}"
かみのだい	神野太	1851	1851	neologd	held	unclassified	reading-evidence-missing	held	unclassified	reading-evidence-missing	no-independent-reading-evidence	assistant inspection of all 500 stored-reference fact records; targeted Wikipedia/official-page research for selected resolvable cases	Independent reading or unambiguous name/referent binding remains missing; not established as an inappropriate IME candidate.	"{""referenceFacts"":[],""otherReadingFacts"":[]}"
あまみやうり	雨宮うり	1851	1851	neologd	held	unclassified	reading-evidence-missing	held	unclassified	reading-evidence-missing	no-independent-reading-evidence	assistant inspection of all 500 stored-reference fact records; targeted Wikipedia/official-page research for selected resolvable cases	Independent reading or unambiguous name/referent binding remains missing; not established as an inappropriate IME candidate.	"{""referenceFacts"":[],""otherReadingFacts"":[]}"
やすだよしお	安田善雄	1851	1851	common	held	person	reading-evidence-missing	held	person	reading-evidence-missing	no-independent-reading-evidence	assistant inspection of all 500 stored-reference fact records; targeted Wikipedia/official-page research for selected resolvable cases	Independent reading or unambiguous name/referent binding remains missing; not established as an inappropriate IME candidate.	"{""referenceFacts"":[{""id"":""Q79017521"",""name"":""安田善雄"",""types"":[""Q5""],""readings"":[],""bound"":{}}],""otherReadingFacts"":[]}"
てんじゅうろう	天重朗	1851	1851	neologd	held	unclassified	reading-evidence-missing	held	unclassified	reading-evidence-missing	no-independent-reading-evidence	assistant inspection of all 500 stored-reference fact records; targeted Wikipedia/official-page research for selected resolvable cases	Independent reading or unambiguous name/referent binding remains missing; not established as an inappropriate IME candidate.	"{""referenceFacts"":[],""otherReadingFacts"":[]}"
おびひろしない	帯広市内	1851	1851	neologd	held	unclassified	reading-evidence-missing	held	unclassified	reading-evidence-missing	no-independent-reading-evidence	assistant inspection of all 500 stored-reference fact records; targeted Wikipedia/official-page research for selected resolvable cases	Independent reading or unambiguous name/referent binding remains missing; not established as an inappropriate IME candidate.	"{""referenceFacts"":[],""otherReadingFacts"":[]}"
せっつすいとしんようきんこ	摂津水都信用金庫	1851	1851	common	held	organization	reading-evidence-missing	held	organization	reading-evidence-missing	no-independent-reading-evidence	assistant inspection of all 500 stored-reference fact records; targeted Wikipedia/official-page research for selected resolvable cases	Independent reading or unambiguous name/referent binding remains missing; not established as an inappropriate IME candidate.	"{""referenceFacts"":[{""id"":""Q11498577"",""name"":""摂津水都信用金庫"",""types"":[""Q4830453""],""readings"":[],""bound"":{}}],""otherReadingFacts"":[]}"
ゆぎょしんごうじょう	流交信号場	1851	1851	common	held	station	reading-evidence-missing	held	station	reading-evidence-missing	no-independent-reading-evidence	assistant inspection of all 500 stored-reference fact records; targeted Wikipedia/official-page research for selected resolvable cases	Independent reading or unambiguous name/referent binding remains missing; not established as an inappropriate IME candidate.	"{""referenceFacts"":[{""id"":""Q619883"",""name"":""流交信号場"",""types"":[""Q55488""],""readings"":[],""bound"":{}}],""otherReadingFacts"":[]}"
れーべるふらっしゅ	Labelflash	1851	1851	neologd	held	product	reading-evidence-missing	held	product	reading-evidence-missing	no-independent-reading-evidence	assistant inspection of all 500 stored-reference fact records; targeted Wikipedia/official-page research for selected resolvable cases	Independent reading or unambiguous name/referent binding remains missing; not established as an inappropriate IME candidate.	"{""referenceFacts"":[{""id"":""Q1425174"",""name"":""Labelflash"",""types"":[""Q7397""],""readings"":[],""bound"":{}}],""otherReadingFacts"":[]}"
だいちいくこ	大池育子	1851	1851	neologd	held	unclassified	reading-evidence-missing	held	unclassified	reading-evidence-missing	no-independent-reading-evidence	assistant inspection of all 500 stored-reference fact records; targeted Wikipedia/official-page research for selected resolvable cases	Independent reading or unambiguous name/referent binding remains missing; not established as an inappropriate IME candidate.	"{""referenceFacts"":[],""otherReadingFacts"":[]}"
じほうじ	自法寺	1851	1851	common	held	facility	reading-evidence-missing	held	facility	reading-evidence-missing	no-independent-reading-evidence	assistant inspection of all 500 stored-reference fact records; targeted Wikipedia/official-page research for selected resolvable cases	Independent reading or unambiguous name/referent binding remains missing; not established as an inappropriate IME candidate.	"{""referenceFacts"":[{""id"":""Q97207948"",""name"":""自法寺"",""types"":[""Q5393308""],""readings"":[],""bound"":{}}],""otherReadingFacts"":[]}"
みせざき	店崎	1851	1851	neologd	held	unclassified	reading-evidence-missing	held	unclassified	reading-evidence-missing	no-independent-reading-evidence	assistant inspection of all 500 stored-reference fact records; targeted Wikipedia/official-page research for selected resolvable cases	Independent reading or unambiguous name/referent binding remains missing; not established as an inappropriate IME candidate.	"{""referenceFacts"":[],""otherReadingFacts"":[]}"
でんまる	伝丸	1851	1851	neologd	held	unclassified	reading-evidence-missing	held	unclassified	reading-evidence-missing	no-independent-reading-evidence	assistant inspection of all 500 stored-reference fact records; targeted Wikipedia/official-page research for selected resolvable cases	Independent reading or unambiguous name/referent binding remains missing; not established as an inappropriate IME candidate.	"{""referenceFacts"":[],""otherReadingFacts"":[]}"
かみほのき	上穂木	1851	1851	neologd	held	unclassified	reading-evidence-missing	held	unclassified	reading-evidence-missing	no-independent-reading-evidence	assistant inspection of all 500 stored-reference fact records; targeted Wikipedia/official-page research for selected resolvable cases	Independent reading or unambiguous name/referent binding remains missing; not established as an inappropriate IME candidate.	"{""referenceFacts"":[],""otherReadingFacts"":[]}"
あえんとつぱん	亜鉛凸版	1851	1851	neologd	held	unclassified	reading-evidence-missing	held	unclassified	reading-evidence-missing	no-independent-reading-evidence	assistant inspection of all 500 stored-reference fact records; targeted Wikipedia/official-page research for selected resolvable cases	Independent reading or unambiguous name/referent binding remains missing; not established as an inappropriate IME candidate.	"{""referenceFacts"":[],""otherReadingFacts"":[]}"
やまだまり	山田まり	1851	1851	neologd	held	unclassified	reading-evidence-missing	held	unclassified	reading-evidence-missing	no-independent-reading-evidence	assistant inspection of all 500 stored-reference fact records; targeted Wikipedia/official-page research for selected resolvable cases	Independent reading or unambiguous name/referent binding remains missing; not established as an inappropriate IME candidate.	"{""referenceFacts"":[],""otherReadingFacts"":[]}"
かけおよしお	掛尾良夫	1851	1851	neologd	held	unclassified	reading-evidence-missing	held	unclassified	reading-evidence-missing	no-independent-reading-evidence	assistant inspection of all 500 stored-reference fact records; targeted Wikipedia/official-page research for selected resolvable cases	Independent reading or unambiguous name/referent binding remains missing; not established as an inappropriate IME candidate.	"{""referenceFacts"":[],""otherReadingFacts"":[]}"
ごがた	後賀田	1851	1851	neologd	held	unclassified	reading-evidence-missing	held	unclassified	reading-evidence-missing	no-independent-reading-evidence	assistant inspection of all 500 stored-reference fact records; targeted Wikipedia/official-page research for selected resolvable cases	Independent reading or unambiguous name/referent binding remains missing; not established as an inappropriate IME candidate.	"{""referenceFacts"":[],""otherReadingFacts"":[]}"
しろのどはしぼそおおはしもず	白喉嘴細大嘴鵙	1851	1851	neologd	held	unclassified	reading-evidence-missing	held	unclassified	reading-evidence-missing	no-independent-reading-evidence	assistant inspection of all 500 stored-reference fact records; targeted Wikipedia/official-page research for selected resolvable cases	Independent reading or unambiguous name/referent binding remains missing; not established as an inappropriate IME candidate.	"{""referenceFacts"":[],""otherReadingFacts"":[]}"
まつざきのりあき	松崎憲晃	1851	1851	neologd	held	unclassified	reading-evidence-missing	held	unclassified	reading-evidence-missing	no-independent-reading-evidence	assistant inspection of all 500 stored-reference fact records; targeted Wikipedia/official-page research for selected resolvable cases	Independent reading or unambiguous name/referent binding remains missing; not established as an inappropriate IME candidate.	"{""referenceFacts"":[],""otherReadingFacts"":[]}"
ふぇるみせっしょくそうごさよう	フェルミ接触相互作用	1851	1851	common	held	unclassified	reading-evidence-missing	held	unclassified	reading-evidence-missing	no-independent-reading-evidence	assistant inspection of all 500 stored-reference fact records; targeted Wikipedia/official-page research for selected resolvable cases	Independent reading or unambiguous name/referent binding remains missing; not established as an inappropriate IME candidate.	"{""referenceFacts"":[{""id"":""Q5444399"",""name"":""フェルミ接触相互作用"",""types"":[""Q3239681""],""readings"":[],""bound"":{}}],""otherReadingFacts"":[]}"
だいじんひしょかん	大臣秘書官	1851	1851	neologd	held	unclassified	reading-evidence-missing	held	unclassified	reading-evidence-missing	no-independent-reading-evidence	assistant inspection of all 500 stored-reference fact records; targeted Wikipedia/official-page research for selected resolvable cases	Independent reading or unambiguous name/referent binding remains missing; not established as an inappropriate IME candidate.	"{""referenceFacts"":[{""id"":""Q7246152"",""name"":""秘書官"",""types"":[""Q4164871"",""Q28640""],""readings"":[],""bound"":{}}],""otherReadingFacts"":[]}"
ゆうこうき	熊向暉	1851	1851	common	held	person	reading-evidence-missing	held	person	reading-evidence-missing	no-independent-reading-evidence	assistant inspection of all 500 stored-reference fact records; targeted Wikipedia/official-page research for selected resolvable cases	Independent reading or unambiguous name/referent binding remains missing; not established as an inappropriate IME candidate.	"{""referenceFacts"":[{""id"":""Q699131"",""name"":""熊向暉"",""types"":[""Q5""],""readings"":[],""bound"":{}}],""otherReadingFacts"":[]}"
ちょうはくたん	張伯端	1851	1851	common	held	person	reading-evidence-missing	held	person	reading-evidence-missing	no-independent-reading-evidence	assistant inspection of all 500 stored-reference fact records; targeted Wikipedia/official-page research for selected resolvable cases	Independent reading or unambiguous name/referent binding remains missing; not established as an inappropriate IME candidate.	"{""referenceFacts"":[{""id"":""Q197165"",""name"":""張伯端"",""types"":[""Q5""],""readings"":[],""bound"":{}}],""otherReadingFacts"":[]}"
せつしょく	薛稷	1851	1851	common	held	person	reading-evidence-missing	held	person	reading-evidence-missing	no-independent-reading-evidence	assistant inspection of all 500 stored-reference fact records; targeted Wikipedia/official-page research for selected resolvable cases	Independent reading or unambiguous name/referent binding remains missing; not established as an inappropriate IME candidate.	"{""referenceFacts"":[{""id"":""Q6147970"",""name"":""薛稷"",""types"":[""Q5""],""readings"":[],""bound"":{}}],""otherReadingFacts"":[]}"
れんいち	廉市	1851	1851	neologd	held	unclassified	reading-evidence-missing	held	unclassified	reading-evidence-missing	no-independent-reading-evidence	assistant inspection of all 500 stored-reference fact records; targeted Wikipedia/official-page research for selected resolvable cases	Independent reading or unambiguous name/referent binding remains missing; not established as an inappropriate IME candidate.	"{""referenceFacts"":[],""otherReadingFacts"":[]}"
まつもときんご	松本金吾	1851	1851	neologd	held	unclassified	reading-evidence-missing	held	unclassified	reading-evidence-missing	no-independent-reading-evidence	assistant inspection of all 500 stored-reference fact records; targeted Wikipedia/official-page research for selected resolvable cases	Independent reading or unambiguous name/referent binding remains missing; not established as an inappropriate IME candidate.	"{""referenceFacts"":[],""otherReadingFacts"":[]}"
おおはしりょうこ	大橋諒子	1851	1851	neologd	held	unclassified	reading-evidence-missing	held	unclassified	reading-evidence-missing	no-independent-reading-evidence	assistant inspection of all 500 stored-reference fact records; targeted Wikipedia/official-page research for selected resolvable cases	Independent reading or unambiguous name/referent binding remains missing; not established as an inappropriate IME candidate.	"{""referenceFacts"":[],""otherReadingFacts"":[]}"
よしむらなるふみ	吉村成史	1851	1851	neologd	held	unclassified	reading-evidence-missing	held	unclassified	reading-evidence-missing	no-independent-reading-evidence	assistant inspection of all 500 stored-reference fact records; targeted Wikipedia/official-page research for selected resolvable cases	Independent reading or unambiguous name/referent binding remains missing; not established as an inappropriate IME candidate.	"{""referenceFacts"":[],""otherReadingFacts"":[]}"
とくをつむ	トクヲツム	1851	1851	neologd	held	unclassified	reading-evidence-missing	held	unclassified	reading-evidence-missing	no-independent-reading-evidence	assistant inspection of all 500 stored-reference fact records; targeted Wikipedia/official-page research for selected resolvable cases	Independent reading or unambiguous name/referent binding remains missing; not established as an inappropriate IME candidate.	"{""referenceFacts"":[],""otherReadingFacts"":[]}"
ぬまめぐり	沼回	1851	1851	neologd	held	unclassified	reading-evidence-missing	held	unclassified	reading-evidence-missing	no-independent-reading-evidence	assistant inspection of all 500 stored-reference fact records; targeted Wikipedia/official-page research for selected resolvable cases	Independent reading or unambiguous name/referent binding remains missing; not established as an inappropriate IME candidate.	"{""referenceFacts"":[],""otherReadingFacts"":[]}"
にながわちかまさ	蜷川親当	1851	1851	neologd	held	unclassified	entity-reading-unresolved-not-pair-error	held	unclassified	entity-reading-unresolved-not-pair-error	no-independent-reading-evidence	assistant inspection of all 500 stored-reference fact records; targeted Wikipedia/official-page research for selected resolvable cases	Independent reading or unambiguous name/referent binding remains missing; not established as an inappropriate IME candidate.	"{""referenceFacts"":[{""id"":""Q11514795"",""name"":""智蘊"",""types"":[""Q5""],""readings"":[""ちうん""],""bound"":{}}],""otherReadingFacts"":[]}"
ゆかわこう	湯川抗	1851	1851	neologd	held	unclassified	reading-evidence-missing	held	unclassified	reading-evidence-missing	no-independent-reading-evidence	assistant inspection of all 500 stored-reference fact records; targeted Wikipedia/official-page research for selected resolvable cases	Independent reading or unambiguous name/referent binding remains missing; not established as an inappropriate IME candidate.	"{""referenceFacts"":[],""otherReadingFacts"":[]}"
がいこうろせん	外交路線	1851	1851	neologd	held	unclassified	reading-evidence-missing	held	unclassified	reading-evidence-missing	no-independent-reading-evidence	assistant inspection of all 500 stored-reference fact records; targeted Wikipedia/official-page research for selected resolvable cases	Independent reading or unambiguous name/referent binding remains missing; not established as an inappropriate IME candidate.	"{""referenceFacts"":[],""otherReadingFacts"":[]}"
はいちはんばいぎょう	配置販売業	1851	1851	common	held	unclassified	reading-evidence-missing	held	unclassified	reading-evidence-missing	no-independent-reading-evidence	assistant inspection of all 500 stored-reference fact records; targeted Wikipedia/official-page research for selected resolvable cases	Independent reading or unambiguous name/referent binding remains missing; not established as an inappropriate IME candidate.	"{""referenceFacts"":[{""id"":""Q11643969"",""name"":""配置販売業"",""types"":[],""readings"":[],""bound"":{}}],""otherReadingFacts"":[]}"
ぶんかざいちょう	文化財庁	1851	1851	neologd	held	unclassified	reading-evidence-missing	held	unclassified	reading-evidence-missing	no-independent-reading-evidence	assistant inspection of all 500 stored-reference fact records; targeted Wikipedia/official-page research for selected resolvable cases	Independent reading or unambiguous name/referent binding remains missing; not established as an inappropriate IME candidate.	"{""referenceFacts"":[{""id"":""Q488764"",""name"":""国家遺産庁"",""types"":[""Q136542088""],""readings"":[],""bound"":{}}],""otherReadingFacts"":[]}"
さいうんほっしんのう	最雲法親王	1851	1851	common	held	person	reading-evidence-missing	held	person	reading-evidence-missing	no-independent-reading-evidence	assistant inspection of all 500 stored-reference fact records; targeted Wikipedia/official-page research for selected resolvable cases	Independent reading or unambiguous name/referent binding remains missing; not established as an inappropriate IME candidate.	"{""referenceFacts"":[{""id"":""Q11515668"",""name"":""最雲法親王"",""types"":[""Q5""],""readings"":[],""bound"":{}}],""otherReadingFacts"":[]}"
いくまながかつ	生熊長勝	1851	1851	common	held	person	reading-evidence-missing	held	person	reading-evidence-missing	no-independent-reading-evidence	assistant inspection of all 500 stored-reference fact records; targeted Wikipedia/official-page research for selected resolvable cases	Independent reading or unambiguous name/referent binding remains missing; not established as an inappropriate IME candidate.	"{""referenceFacts"":[{""id"":""Q11574700"",""name"":""生熊長勝"",""types"":[""Q5""],""readings"":[],""bound"":{}}],""otherReadingFacts"":[]}"
じゅうななさい	17歳	1851	1851	common	held	unclassified	reading-evidence-missing	held	unclassified	reading-evidence-missing	no-independent-reading-evidence	assistant inspection of all 500 stored-reference fact records; targeted Wikipedia/official-page research for selected resolvable cases	Independent reading or unambiguous name/referent binding remains missing; not established as an inappropriate IME candidate.	"{""referenceFacts"":[{""id"":""Q11602165"",""name"":""17歳 (映画)"",""types"":[""Q11424""],""readings"":[],""bound"":{}},{""id"":""Q16281189"",""name"":""17歳"",""types"":[""Q4167410""],""readings"":[],""bound"":{}},{""id"":""Q23458743"",""name"":""17歳"",""types"":[],""readings"":[],""bound"":{}},{""id"":""Q28469875"",""name"":""17歳"",""types"":[""Q11424""],""readings"":[],""bound"":{}},{""id"":""Q2893402"",""name"":""17歳 (エンジェルのエピソード)"",""types"":[""Q21191270""],""readings"":[],""bound"":{}}],""otherReadingFacts"":[]}"
ほうせきをちりばめて	宝石をちりばめて	1851	1851	neologd	held	unclassified	reading-evidence-missing	held	unclassified	reading-evidence-missing	no-independent-reading-evidence	assistant inspection of all 500 stored-reference fact records; targeted Wikipedia/official-page research for selected resolvable cases	Independent reading or unambiguous name/referent binding remains missing; not established as an inappropriate IME candidate.	"{""referenceFacts"":[],""otherReadingFacts"":[]}"
ぬしみかど	主御門	1851	1851	neologd	held	unclassified	reading-evidence-missing	held	unclassified	reading-evidence-missing	no-independent-reading-evidence	assistant inspection of all 500 stored-reference fact records; targeted Wikipedia/official-page research for selected resolvable cases	Independent reading or unambiguous name/referent binding remains missing; not established as an inappropriate IME candidate.	"{""referenceFacts"":[],""otherReadingFacts"":[]}"
きたがわむねただ	北川宗忠	1851	1851	neologd	held	unclassified	reading-evidence-missing	held	unclassified	reading-evidence-missing	no-independent-reading-evidence	assistant inspection of all 500 stored-reference fact records; targeted Wikipedia/official-page research for selected resolvable cases	Independent reading or unambiguous name/referent binding remains missing; not established as an inappropriate IME candidate.	"{""referenceFacts"":[],""otherReadingFacts"":[]}"
じぇいじぇいさにーちば	JJサニー千葉	1851	1851	neologd	held	unclassified	entity-reading-unresolved-not-pair-error	held	unclassified	entity-reading-unresolved-not-pair-error	no-independent-reading-evidence	assistant inspection of all 500 stored-reference fact records; targeted Wikipedia/official-page research for selected resolvable cases	Independent reading or unambiguous name/referent binding remains missing; not established as an inappropriate IME candidate.	"{""referenceFacts"":[{""id"":""Q351732"",""name"":""千葉真一"",""types"":[""Q5""],""readings"":[""ちば しんいち""],""bound"":{}}],""otherReadingFacts"":[]}"
りんしょうふくしせんもんがっこう	臨床福祉専門学校	1851	1851	common	held	organization	reading-evidence-missing	held	organization	reading-evidence-missing	no-independent-reading-evidence	assistant inspection of all 500 stored-reference fact records; targeted Wikipedia/official-page research for selected resolvable cases	Independent reading or unambiguous name/referent binding remains missing; not established as an inappropriate IME candidate.	"{""referenceFacts"":[{""id"":""Q18459512"",""name"":""臨床福祉専門学校"",""types"":[""Q17987422""],""readings"":[],""bound"":{}}],""otherReadingFacts"":[]}"
よっかいちしかりょくはつでんしょ	四日市火力発電所	1851	1851	neologd	held	unclassified	reading-evidence-missing	held	unclassified	reading-evidence-missing	no-independent-reading-evidence	assistant inspection of all 500 stored-reference fact records; targeted Wikipedia/official-page research for selected resolvable cases	Independent reading or unambiguous name/referent binding remains missing; not established as an inappropriate IME candidate.	"{""referenceFacts"":[{""id"":""Q11419964"",""name"":""四日市火力発電所"",""types"":[""Q3498533""],""readings"":[],""bound"":{}}],""otherReadingFacts"":[]}"
しゃいんしゅうけい	車胤聚蛍	1851	1851	neologd	held	unclassified	reading-evidence-missing	held	unclassified	reading-evidence-missing	no-independent-reading-evidence	assistant inspection of all 500 stored-reference fact records; targeted Wikipedia/official-page research for selected resolvable cases	Independent reading or unambiguous name/referent binding remains missing; not established as an inappropriate IME candidate.	"{""referenceFacts"":[],""otherReadingFacts"":[]}"
あおかりがねえがい	青雁江貝	1851	1851	neologd	held	unclassified	reading-evidence-missing	held	unclassified	reading-evidence-missing	no-independent-reading-evidence	assistant inspection of all 500 stored-reference fact records; targeted Wikipedia/official-page research for selected resolvable cases	Independent reading or unambiguous name/referent binding remains missing; not established as an inappropriate IME candidate.	"{""referenceFacts"":[],""otherReadingFacts"":[]}"
ひじき	比舗	1851	1851	neologd	held	unclassified	reading-evidence-missing	held	unclassified	reading-evidence-missing	no-independent-reading-evidence	assistant inspection of all 500 stored-reference fact records; targeted Wikipedia/official-page research for selected resolvable cases	Independent reading or unambiguous name/referent binding remains missing; not established as an inappropriate IME candidate.	"{""referenceFacts"":[],""otherReadingFacts"":[]}"
さんぼんうるし	三本漆	1851	1851	neologd	held	unclassified	reading-evidence-missing	held	unclassified	reading-evidence-missing	no-independent-reading-evidence	assistant inspection of all 500 stored-reference fact records; targeted Wikipedia/official-page research for selected resolvable cases	Independent reading or unambiguous name/referent binding remains missing; not established as an inappropriate IME candidate.	"{""referenceFacts"":[],""otherReadingFacts"":[]}"
さんじゅうななしゅう	37週	1851	1851	neologd	held	unclassified	reading-evidence-missing	held	unclassified	reading-evidence-missing	no-independent-reading-evidence	assistant inspection of all 500 stored-reference fact records; targeted Wikipedia/official-page research for selected resolvable cases	Independent reading or unambiguous name/referent binding remains missing; not established as an inappropriate IME candidate.	"{""referenceFacts"":[],""otherReadingFacts"":[]}"
ときや	釋舎	1851	1851	neologd	held	unclassified	reading-evidence-missing	held	unclassified	reading-evidence-missing	no-independent-reading-evidence	assistant inspection of all 500 stored-reference fact records; targeted Wikipedia/official-page research for selected resolvable cases	Independent reading or unambiguous name/referent binding remains missing; not established as an inappropriate IME candidate.	"{""referenceFacts"":[],""otherReadingFacts"":[]}"
やぎはしゆう	八木橋優	1851	1851	neologd	held	unclassified	reading-evidence-missing	held	unclassified	reading-evidence-missing	no-independent-reading-evidence	assistant inspection of all 500 stored-reference fact records; targeted Wikipedia/official-page research for selected resolvable cases	Independent reading or unambiguous name/referent binding remains missing; not established as an inappropriate IME candidate.	"{""referenceFacts"":[],""otherReadingFacts"":[]}"
きせき	妓籍	1851	1851	neologd	held	unclassified	reading-evidence-missing	held	unclassified	reading-evidence-missing	no-independent-reading-evidence	assistant inspection of all 500 stored-reference fact records; targeted Wikipedia/official-page research for selected resolvable cases	Independent reading or unambiguous name/referent binding remains missing; not established as an inappropriate IME candidate.	"{""referenceFacts"":[],""otherReadingFacts"":[]}"
おれたちのあそう	俺達の麻生	1851	1851	neologd	held	unclassified	reading-evidence-missing	held	unclassified	reading-evidence-missing	no-independent-reading-evidence	assistant inspection of all 500 stored-reference fact records; targeted Wikipedia/official-page research for selected resolvable cases	Independent reading or unambiguous name/referent binding remains missing; not established as an inappropriate IME candidate.	"{""referenceFacts"":[],""otherReadingFacts"":[]}"
りあーちぇ	リアーチェ	1851	1851	common	accepted	unclassified		unclassified	unclassified		orthographic-kana;https://www.wikidata.org/wiki/Q54639#name	assistant inspection of all 500 stored-reference fact records; targeted Wikipedia/official-page research for selected resolvable cases	Reading supported, but a role within the twelve categories is not yet established.	"{""referenceFacts"":[{""id"":""Q54639"",""name"":""リアーチェ"",""types"":[""Q747074""],""readings"":[],""bound"":{}}],""otherReadingFacts"":[]}"
ものえい	物永	1851	1851	neologd	held	unclassified	reading-evidence-missing	held	unclassified	reading-evidence-missing	no-independent-reading-evidence	assistant inspection of all 500 stored-reference fact records; targeted Wikipedia/official-page research for selected resolvable cases	Independent reading or unambiguous name/referent binding remains missing; not established as an inappropriate IME candidate.	"{""referenceFacts"":[],""otherReadingFacts"":[]}"
みゆか	未悠香	1851	1851	neologd	held	unclassified	reading-evidence-missing	held	unclassified	reading-evidence-missing	no-independent-reading-evidence	assistant inspection of all 500 stored-reference fact records; targeted Wikipedia/official-page research for selected resolvable cases	Independent reading or unambiguous name/referent binding remains missing; not established as an inappropriate IME candidate.	"{""referenceFacts"":[],""otherReadingFacts"":[]}"
ちでん	千伝	1851	1851	neologd	held	unclassified	reading-evidence-missing	held	unclassified	reading-evidence-missing	no-independent-reading-evidence	assistant inspection of all 500 stored-reference fact records; targeted Wikipedia/official-page research for selected resolvable cases	Independent reading or unambiguous name/referent binding remains missing; not established as an inappropriate IME candidate.	"{""referenceFacts"":[],""otherReadingFacts"":[]}"
わくもとみさこ	和久本みさ子	1851	1851	neologd	held	unclassified	reading-evidence-missing	held	unclassified	reading-evidence-missing	no-independent-reading-evidence	assistant inspection of all 500 stored-reference fact records; targeted Wikipedia/official-page research for selected resolvable cases	Independent reading or unambiguous name/referent binding remains missing; not established as an inappropriate IME candidate.	"{""referenceFacts"":[],""otherReadingFacts"":[]}"
ぜろあんだ	0安打	1851	1851	neologd	held	unclassified	reading-evidence-missing	held	unclassified	reading-evidence-missing	no-independent-reading-evidence	assistant inspection of all 500 stored-reference fact records; targeted Wikipedia/official-page research for selected resolvable cases	Independent reading or unambiguous name/referent binding remains missing; not established as an inappropriate IME candidate.	"{""referenceFacts"":[],""otherReadingFacts"":[]}"
きたがわちえ	北川智絵	1851	1851	person,neologd	held	unclassified	reading-evidence-missing	held	unclassified	reading-evidence-missing	no-independent-reading-evidence	assistant inspection of all 500 stored-reference fact records; targeted Wikipedia/official-page research for selected resolvable cases	Independent reading or unambiguous name/referent binding remains missing; not established as an inappropriate IME candidate.	"{""referenceFacts"":[],""otherReadingFacts"":[]}"
にけんのまでさんげんのやりつかう	二間の間で三間の槍使う	1851	1851	neologd	held	unclassified	reading-evidence-missing	held	unclassified	reading-evidence-missing	no-independent-reading-evidence	assistant inspection of all 500 stored-reference fact records; targeted Wikipedia/official-page research for selected resolvable cases	Independent reading or unambiguous name/referent binding remains missing; not established as an inappropriate IME candidate.	"{""referenceFacts"":[],""otherReadingFacts"":[]}"
じゆうきじゅつけいしき	自由記述形式	1851	1851	neologd	held	unclassified	reading-evidence-missing	held	unclassified	reading-evidence-missing	no-independent-reading-evidence	assistant inspection of all 500 stored-reference fact records; targeted Wikipedia/official-page research for selected resolvable cases	Independent reading or unambiguous name/referent binding remains missing; not established as an inappropriate IME candidate.	"{""referenceFacts"":[],""otherReadingFacts"":[]}"
ともくに	智國	1851	1851	neologd	held	unclassified	reading-evidence-missing	held	unclassified	reading-evidence-missing	no-independent-reading-evidence	assistant inspection of all 500 stored-reference fact records; targeted Wikipedia/official-page research for selected resolvable cases	Independent reading or unambiguous name/referent binding remains missing; not established as an inappropriate IME candidate.	"{""referenceFacts"":[],""otherReadingFacts"":[]}"
れんじ	蓮志	1851	1851	neologd	held	unclassified	reading-evidence-missing	held	unclassified	reading-evidence-missing	no-independent-reading-evidence	assistant inspection of all 500 stored-reference fact records; targeted Wikipedia/official-page research for selected resolvable cases	Independent reading or unambiguous name/referent binding remains missing; not established as an inappropriate IME candidate.	"{""referenceFacts"":[],""otherReadingFacts"":[]}"
あんどうまほろ	安藤まほろ	1851	1851	neologd	held	unclassified	reading-evidence-missing	held	unclassified	reading-evidence-missing	no-independent-reading-evidence	assistant inspection of all 500 stored-reference fact records; targeted Wikipedia/official-page research for selected resolvable cases	Independent reading or unambiguous name/referent binding remains missing; not established as an inappropriate IME candidate.	"{""referenceFacts"":[{""id"":""Q11278482"",""name"":""まほろまてぃっくの登場人物"",""types"":[""Q13406463""],""readings"":[],""bound"":{}},{""id"":""Q73000375"",""name"":""安藤まほろ"",""types"":[""Q102408544"",""Q87576284"",""Q80447738""],""readings"":[],""bound"":{}}],""otherReadingFacts"":[]}"
さいとうさっこ	齊藤さっこ	1851	1851	person,neologd	held	unclassified	reading-evidence-missing	held	unclassified	reading-evidence-missing	no-independent-reading-evidence	assistant inspection of all 500 stored-reference fact records; targeted Wikipedia/official-page research for selected resolvable cases	Independent reading or unambiguous name/referent binding remains missing; not established as an inappropriate IME candidate.	"{""referenceFacts"":[],""otherReadingFacts"":[]}"
さかざきみほ	坂咲みほ	1851	1851	person,common	held	unclassified	entity-reading-unresolved-not-pair-error	held	unclassified	entity-reading-unresolved-not-pair-error	no-independent-reading-evidence	assistant inspection of all 500 stored-reference fact records; targeted Wikipedia/official-page research for selected resolvable cases	Independent reading or unambiguous name/referent binding remains missing; not established as an inappropriate IME candidate.	"{""referenceFacts"":[{""id"":""Q11425022"",""name"":""坂咲みほ"",""types"":[""Q5""],""readings"":[""さかぐち みほの""],""bound"":{}}],""otherReadingFacts"":[]}"
なかしまだいち	中島大地	1851	1851	person,neologd	held	unclassified	reading-evidence-missing	held	unclassified	reading-evidence-missing	no-independent-reading-evidence	assistant inspection of all 500 stored-reference fact records; targeted Wikipedia/official-page research for selected resolvable cases	Independent reading or unambiguous name/referent binding remains missing; not established as an inappropriate IME candidate.	"{""referenceFacts"":[],""otherReadingFacts"":[]}"
いかがちいき	五十河地域	1851	1851	wiki	held	unclassified	entity-reading-unresolved-not-pair-error	held	unclassified	entity-reading-unresolved-not-pair-error	no-independent-reading-evidence	assistant inspection of all 500 stored-reference fact records; targeted Wikipedia/official-page research for selected resolvable cases	Independent reading or unambiguous name/referent binding remains missing; not established as an inappropriate IME candidate.	"{""referenceFacts"":[{""id"":""Q17192816"",""name"":""五十河地域"",""types"":[""Q424857""],""readings"":[""いかが""],""bound"":{}}],""otherReadingFacts"":[]}"
かまたありさ	鎌田安里紗	1851	1851	person	held	unclassified	entity-reading-unresolved-not-pair-error	excluded				assistant inspection of all 500 stored-reference fact records; targeted Wikipedia/official-page research for selected resolvable cases	Wrong reading/surface pair confirmed against official publication; do not infer this from Wikidata alone.	"{""referenceFacts"":[{""id"":""Q11651048"",""name"":""鎌田安里紗"",""types"":[""Q5""],""readings"":[""かまだ ありさ""],""bound"":{}}],""otherReadingFacts"":[]}"
ふれーむめーかー	フレームメーカー	1851	1851	wiki	held	unclassified	entity-reading-unresolved-not-pair-error	held	unclassified	entity-reading-unresolved-not-pair-error	no-independent-reading-evidence	assistant inspection of all 500 stored-reference fact records; targeted Wikipedia/official-page research for selected resolvable cases	Independent reading or unambiguous name/referent binding remains missing; not established as an inappropriate IME candidate.	"{""referenceFacts"":[{""id"":""Q1440655"",""name"":""Adobe FrameMaker"",""types"":[""Q131212""],""readings"":[""アドビ・フレームメーカー""],""bound"":{}}],""otherReadingFacts"":[]}"
あやせれん	綾瀬れん	1851	1851	person,neologd	held	unclassified	entity-reading-unresolved-not-pair-error	held	unclassified	entity-reading-unresolved-not-pair-error	no-independent-reading-evidence	assistant inspection of all 500 stored-reference fact records; targeted Wikipedia/official-page research for selected resolvable cases	Independent reading or unambiguous name/referent binding remains missing; not established as an inappropriate IME candidate.	"{""referenceFacts"":[{""id"":""Q110534919"",""name"":""綾瀬れん"",""types"":[""Q5""],""readings"":[""あやせ れん""],""bound"":{}}],""otherReadingFacts"":[]}"
