reading	surface	categories	sources	reading_evidence	reason	left_id	right_id	verdict	review_note
おかべかずお	岡部和雄	character,person	common	https://www.wikidata.org/wiki/Q51167128#P1814	https://www.wikidata.org/wiki/Q11473820,https://www.wikidata.org/wiki/Q51167128	1851	1851	categories_restricted	未確認の同名項目による分類を外す。最終カテゴリ: person
えいみ	えいみ	character,person	person	https://www.wikidata.org/wiki/Q136443655#P1814;https://www.wikidata.org/wiki/Q27181816#P1814	https://www.wikidata.org/wiki/Q136443655,https://www.wikidata.org/wiki/Q27181816	1851	1851	retained	照合済みの読みと役割を保持
みずのあみ	水野亜美	character,person	person,common	https://www.wikidata.org/wiki/Q101200163#P1814	https://www.wikidata.org/wiki/Q429403,https://www.wikidata.org/wiki/Q101200163	1851	1851	categories_restricted	未確認の同名項目による分類を外す。最終カテゴリ: person
たのがみ	田の神	character,place	place	https://www.post.japanpost.jp/service/search/zipcode/download/utf-zip.html	https://www.wikidata.org/wiki/Q7683716;https://www.post.japanpost.jp/service/search/zipcode/download/utf-zip.html	1851	1851	categories_restricted	未確認の同名項目による分類を外す。最終カテゴリ: place
うらしまたろう	浦島太郎	character,work	common	https://www.wikidata.org/wiki/Q1053441#P1814	https://www.wikidata.org/wiki/Q55617997,https://www.wikidata.org/wiki/Q1053441	1851	1851	categories_restricted	未確認の同名項目による分類を外す。最終カテゴリ: character
いりのしょう	入野賞	event	common	https://www.wikidata.org/wiki/Q288454#P1814	https://www.wikidata.org/wiki/Q47941921	1851	1851	review_data	根拠不足の一般語分類または同名項目による分類を外し、標準辞書から保留。
せいどうのきし	青銅の騎士	facility	common	mozc-exact-reading-surface	https://www.wikidata.org/wiki/Q672444	1851	1851	retained	照合済みの読みと役割を保持
しぶやすくらんぶるすくえあ	渋谷スクランブルスクエア	facility	place	https://www.shibuya-scramble-square.com/;https://www.shibuya-scramble-square.com/	https://www.wikidata.org/wiki/Q64026922;https://www.shibuya-scramble-square.com/;https://www.shibuya-scramble-square.com/	1851	1851	retained	照合済みの読みと役割を保持
あかさかびずたわー	赤坂Bizタワー	facility	place,neologd	https://www.wikidata.org/wiki/Q5364168;https://www.wikidata.org/wiki/Q5364168	no-semantic-evidence;https://www.wikidata.org/wiki/Q5364168;https://www.wikidata.org/wiki/Q5364168	1851	1851	retained	照合済みの読みと役割を保持
ばいかどう	梅花堂	facility,organization	common	https://www.wikidata.org/wiki/Q106832349#P1814	https://www.wikidata.org/wiki/Q11538655,https://www.wikidata.org/wiki/Q106832349	1851	1851	categories_restricted	未確認の同名項目による分類を外す。最終カテゴリ: facility
しょうじゅいん	松寿院	facility,person	common	https://www.wikidata.org/wiki/Q135433018#P1814	https://www.wikidata.org/wiki/Q11162547,https://www.wikidata.org/wiki/Q135433018	1851	1851	categories_restricted	未確認の同名項目による分類を外す。最終カテゴリ: facility
ふくしよういん	福正院	facility,person	wiki	https://www.wikidata.org/wiki/Q124483194#P1814	https://www.wikidata.org/wiki/Q861797,https://www.wikidata.org/wiki/Q124483194	1851	1851	categories_restricted	未確認の同名項目による分類を外す。最終カテゴリ: facility
おかずよこちょう	おかず横丁	facility,place	common	https://www.wikidata.org/wiki/Q47509851#P1814	https://www.wikidata.org/wiki/Q11261390,https://www.wikidata.org/wiki/Q47509851	1851	1851	categories_restricted	未確認の同名項目による分類を外す。最終カテゴリ: facility
なかのじまとおり	中之島通	facility,place	place	https://www.post.japanpost.jp/service/search/zipcode/download/utf-zip.html	https://www.wikidata.org/wiki/Q11362869;https://www.post.japanpost.jp/service/search/zipcode/download/utf-zip.html	1851	1851	categories_restricted	未確認の同名項目による分類を外す。最終カテゴリ: place
もえれぬまこうえん	モエレ沼公園	facility,place	place,common	https://www.post.japanpost.jp/service/search/zipcode/download/utf-zip.html	https://www.wikidata.org/wiki/Q1298335;https://www.post.japanpost.jp/service/search/zipcode/download/utf-zip.html	1851	1851	categories_restricted	未確認の同名項目による分類を外す。最終カテゴリ: place
はせくらまち	支倉町	facility,place	place,wiki	https://www.post.japanpost.jp/service/search/zipcode/download/utf-zip.html	https://www.wikidata.org/wiki/Q11498803;https://www.post.japanpost.jp/service/search/zipcode/download/utf-zip.html	1851	1851	categories_restricted	未確認の同名項目による分類を外す。最終カテゴリ: place
さどのきんざん	佐渡島の金山	facility,place	wiki	https://www.wikidata.org/wiki/Q127378385#P1814	https://www.wikidata.org/wiki/Q11248197,https://www.wikidata.org/wiki/Q127378385	1851	1851	categories_restricted	未確認の同名項目による分類を外す。最終カテゴリ: place
しろよね	白米	food,place	place	https://www.post.japanpost.jp/service/search/zipcode/download/utf-zip.html	https://www.wikidata.org/wiki/Q2674257;mozc-place-pair;https://www.post.japanpost.jp/service/search/zipcode/download/utf-zip.html	1851	1851	categories_restricted	未確認の同名項目による分類を外す。最終カテゴリ: place
こころのりろん	心の理論	general	common	mozc-exact-reading-surface	source-and-mozc-pos	1851	1851	review_data	根拠不足の一般語分類または同名項目による分類を外し、標準辞書から保留。
ぜいりしほうじん	税理士法人	general	neologd	mozc-exact-reading-surface	source-and-mozc-pos	1851	1851	review_data	根拠不足の一般語分類または同名項目による分類を外し、標準辞書から保留。
じえめい	ジエメイ	general	person	mozc-exact-reading-surface	source-and-mozc-pos	1851	1851	review_data	根拠不足の一般語分類または同名項目による分類を外し、標準辞書から保留。
おかもとこうき	オカモトコウキ	general	person,common	mozc-exact-reading-surface	source-and-mozc-pos	1851	1851	review_data	根拠不足の一般語分類または同名項目による分類を外し、標準辞書から保留。
てくねー	テクネー	general	wiki	mozc-exact-reading-surface	source-and-mozc-pos	1851	1851	review_data	根拠不足の一般語分類または同名項目による分類を外し、標準辞書から保留。
ろ	ろ	general,place	place	https://www.post.japanpost.jp/service/search/zipcode/download/utf-zip.html	source-and-mozc-pos;https://www.post.japanpost.jp/service/search/zipcode/download/utf-zip.html	1851	1851	categories_restricted	未確認の同名項目による分類を外す。最終カテゴリ: place
ふうすいかん	風水渙	general,work	common	https://www.wikidata.org/wiki/Q20025177#P1814	https://www.wikidata.org/wiki/Q120336558,https://www.wikidata.org/wiki/Q20025177	1851	1851	review_data	根拠不足の一般語分類または同名項目による分類を外し、標準辞書から保留。
おーえ	オーエ	organization	common	mozc-exact-reading-surface	https://www.wikidata.org/wiki/Q11293101	1851	1851	retained	照合済みの読みと役割を保持
だいきょういん	大教院	organization	neologd	mozc-exact-reading-surface	https://www.wikidata.org/wiki/Q11435598	1851	1851	retained	照合済みの読みと役割を保持
たいきょういん	大教院	organization	wiki	mozc-exact-reading-surface	https://www.wikidata.org/wiki/Q11435598	1851	1851	retained	照合済みの読みと役割を保持
えむえふえす	エムエフエス	organization,person	common	https://www.wikidata.org/wiki/Q123997684#P1814	https://www.wikidata.org/wiki/Q11290780,https://www.wikidata.org/wiki/Q123997684	1851	1851	categories_restricted	未確認の同名項目による分類を外す。最終カテゴリ: person
ゆうた	UTA	organization,person	neologd	https://www.wikidata.org/wiki/Q60986371#P1814	https://www.wikidata.org/wiki/Q1372406,https://www.wikidata.org/wiki/Q60986371	1851	1851	categories_restricted	未確認の同名項目による分類を外す。最終カテゴリ: person
こぐれ	こぐれ	organization,person	person	https://www.wikidata.org/wiki/Q26229911#P1814;https://www.wikidata.org/wiki/Q26438369#P1814	https://www.wikidata.org/wiki/Q38278597,https://www.wikidata.org/wiki/Q26229911,https://www.wikidata.org/wiki/Q26438369	1851	1851	categories_restricted	未確認の同名項目による分類を外す。最終カテゴリ: person
まつり	MATSURI	organization,person	wiki	https://www.wikidata.org/wiki/Q131275218#P1814	https://www.wikidata.org/wiki/Q115529864,https://www.wikidata.org/wiki/Q131275218	1851	1851	categories_restricted	未確認の同名項目による分類を外す。最終カテゴリ: organization
おおまつ	大松	organization,person,place	place	https://www.post.japanpost.jp/service/search/zipcode/download/utf-zip.html	https://www.wikidata.org/wiki/Q11436176,https://www.wikidata.org/wiki/Q136647920;mozc-place-pair;https://www.post.japanpost.jp/service/search/zipcode/download/utf-zip.html	1851	1851	categories_restricted	未確認の同名項目による分類を外す。最終カテゴリ: person,place
みらす	ミラス	organization,place	common	https://www.wikidata.org/wiki/Q924252#P1814	https://www.wikidata.org/wiki/Q60042,https://www.wikidata.org/wiki/Q924252	1851	1851	categories_restricted	未確認の同名項目による分類を外す。最終カテゴリ: place
とおがったおんせん	遠刈田温泉	organization,place	place	https://www.post.japanpost.jp/service/search/zipcode/download/utf-zip.html	https://www.wikidata.org/wiki/Q11641981;https://www.post.japanpost.jp/service/search/zipcode/download/utf-zip.html	1851	1851	categories_restricted	未確認の同名項目による分類を外す。最終カテゴリ: place
はわいおんせん	はわい温泉	organization,place	place,common	https://www.post.japanpost.jp/service/search/zipcode/download/utf-zip.html	https://www.wikidata.org/wiki/Q11610057;https://www.post.japanpost.jp/service/search/zipcode/download/utf-zip.html	1851	1851	categories_restricted	未確認の同名項目による分類を外す。最終カテゴリ: place
ちどり	千鳥	organization,place,work	place	https://www.post.japanpost.jp/service/search/zipcode/download/utf-zip.html	https://www.wikidata.org/wiki/Q11406898,https://www.wikidata.org/wiki/Q13603384;mozc-place-pair;https://www.post.japanpost.jp/service/search/zipcode/download/utf-zip.html	1851	1851	retained	照合済みの読みと役割を保持
しぇまつお	シェ松尾	organization,product	common	https://www.wikidata.org/wiki/Q11307027#P1814	https://www.wikidata.org/wiki/Q11307027	1851	1851	retained	照合済みの読みと役割を保持
ふぁんざ	FANZA	organization,product	neologd	https://www.wikidata.org/wiki/Q56347583#P1814	https://www.wikidata.org/wiki/Q56347583	1851	1851	retained	照合済みの読みと役割を保持
みっちゃん	みっちゃん	organization,product	person	mozc-exact-reading-surface	https://www.wikidata.org/wiki/Q11279012	1851	1851	retained	照合済みの読みと役割を保持
かいとりだいきち	買取大吉	organization,product	wiki	mozc-exact-reading-surface	https://www.wikidata.org/wiki/Q128991726	1851	1851	retained	照合済みの読みと役割を保持
かぜとろっく	風とロック	organization,work	common	https://www.wikidata.org/wiki/Q137757739#P1814	https://www.wikidata.org/wiki/Q11665235,https://www.wikidata.org/wiki/Q137757739	1851	1851	categories_restricted	未確認の同名項目による分類を外す。最終カテゴリ: organization
りこんでんせつ	離婚伝説	organization,work	person,wiki	https://www.wikidata.org/wiki/Q124497057#P1814	https://www.wikidata.org/wiki/Q914440,https://www.wikidata.org/wiki/Q124497057	1851	1851	categories_restricted	未確認の同名項目による分類を外す。最終カテゴリ: organization
とみけん	とみけん	person	common	https://www.wikidata.org/wiki/Q26216193#P1814	https://www.wikidata.org/wiki/Q11273355,https://www.wikidata.org/wiki/Q26216193	1851	1851	retained	照合済みの読みと役割を保持
かずはら	數原	person	neologd	https://www.wikidata.org/wiki/Q72277083#P1814	https://www.wikidata.org/wiki/Q72277083	1851	1851	retained	照合済みの読みと役割を保持
としみつ	としみつ	person	person	https://www.wikidata.org/wiki/Q131302484#P1814;https://www.wikidata.org/wiki/Q136213902#P1814;https://www.wikidata.org/wiki/Q7827733#P1814	https://www.wikidata.org/wiki/Q76283267,https://www.wikidata.org/wiki/Q131302484,https://www.wikidata.org/wiki/Q136213902,https://www.wikidata.org/wiki/Q7827733	1851	1851	retained	照合済みの読みと役割を保持
ふぢわら	ふぢわら	person	person,common	https://www.wikidata.org/wiki/Q26000635#P1814	https://www.wikidata.org/wiki/Q26000635	1851	1851	retained	照合済みの読みと役割を保持
やなぎやこさんじ	柳家小三治	person	person,neologd	https://www.wikidata.org/wiki/Q11534231#P1814	https://www.wikidata.org/wiki/Q97590166	1851	1851	review_data	根拠不足の一般語分類または同名項目による分類を外し、標準辞書から保留。
みった	みった	person	wiki	https://www.wikidata.org/wiki/Q26229549#P1814	https://www.wikidata.org/wiki/Q26229549	1851	1851	retained	照合済みの読みと役割を保持
いせしま	伊勢志摩	person,place	common	https://www.wikidata.org/wiki/Q16264103#P1814	https://www.wikidata.org/wiki/Q6079533,https://www.wikidata.org/wiki/Q16264103	1851	1851	categories_restricted	未確認の同名項目による分類を外す。最終カテゴリ: person
みなみりょう	南涼	person,place	person	https://www.wikidata.org/wiki/Q55534954#P1814	https://www.wikidata.org/wiki/Q1330290,https://www.wikidata.org/wiki/Q55534954	1851	1851	categories_restricted	未確認の同名項目による分類を外す。最終カテゴリ: person
おおつぼ	大坪	person,place	place	https://www.post.japanpost.jp/service/search/zipcode/download/utf-zip.html	https://www.wikidata.org/wiki/Q26212778;mozc-place-pair;https://www.post.japanpost.jp/service/search/zipcode/download/utf-zip.html	1851	1851	retained	照合済みの読みと役割を保持
ふじわらたかし	藤原京	person,place	wiki	https://www.wikidata.org/wiki/Q11623007#P1814	https://www.wikidata.org/wiki/Q1196381,https://www.wikidata.org/wiki/Q11623007	1851	1851	categories_restricted	未確認の同名項目による分類を外す。最終カテゴリ: person
はやて	HAYATE	person,work	common	https://www.wikidata.org/wiki/Q18234605#P1814	https://www.wikidata.org/wiki/Q11222306,https://www.wikidata.org/wiki/Q18234605	1851	1851	categories_restricted	未確認の同名項目による分類を外す。最終カテゴリ: person
けいこ	KCO	person,work	neologd	https://www.wikidata.org/wiki/Q266347#P1814	https://www.wikidata.org/wiki/Q5957444,https://www.wikidata.org/wiki/Q266347	1851	1851	categories_restricted	未確認の同名項目による分類を外す。最終カテゴリ: person
ひいろ	ひいろ	person,work	person	https://www.wikidata.org/wiki/Q27157086#P1814	https://www.wikidata.org/wiki/Q11276099,https://www.wikidata.org/wiki/Q27157086	1851	1851	categories_restricted	未確認の同名項目による分類を外す。最終カテゴリ: person
ひろみ	HIROMI	person,work	person,common	https://www.wikidata.org/wiki/Q38278071#P1814	https://www.wikidata.org/wiki/Q5770476,https://www.wikidata.org/wiki/Q38278071	1851	1851	categories_restricted	未確認の同名項目による分類を外す。最終カテゴリ: person
まりな	MARINA	person,work	person,neologd	https://www.wikidata.org/wiki/Q17210257#P1814	https://www.wikidata.org/wiki/Q11231034,https://www.wikidata.org/wiki/Q17210257	1851	1851	categories_restricted	未確認の同名項目による分類を外す。最終カテゴリ: person
えすける	エスケル	place	common	mozc-exact-reading-surface	https://www.wikidata.org/wiki/Q81656	1851	1851	retained	照合済みの読みと役割を保持
とうきょうとちゅうおうくつきじ	東京都中央区築地	place	neologd	https://www.post.japanpost.jp/service/search/zipcode/download/utf-zip.html	no-semantic-evidence;https://www.post.japanpost.jp/service/search/zipcode/download/utf-zip.html	1851	1851	retained	照合済みの読みと役割を保持
いさわちょうひがしたかはし	石和町東高橋	place	place	https://www.post.japanpost.jp/service/search/zipcode/download/utf-zip.html	no-semantic-evidence;https://www.post.japanpost.jp/service/search/zipcode/download/utf-zip.html	1851	1851	retained	照合済みの読みと役割を保持
ふじみまちこぐれ	富士見町小暮	place	place,common	https://www.post.japanpost.jp/service/search/zipcode/download/utf-zip.html	no-semantic-evidence;https://www.post.japanpost.jp/service/search/zipcode/download/utf-zip.html	1851	1851	retained	照合済みの読みと役割を保持
いしべきた	石部北	place	place,neologd	https://www.post.japanpost.jp/service/search/zipcode/download/utf-zip.html	no-semantic-evidence;https://www.post.japanpost.jp/service/search/zipcode/download/utf-zip.html	1851	1851	retained	照合済みの読みと役割を保持
たきみなみまち	多気南町	place	place,wiki	https://www.post.japanpost.jp/service/search/zipcode/download/utf-zip.html	no-semantic-evidence;https://www.post.japanpost.jp/service/search/zipcode/download/utf-zip.html	1851	1851	retained	照合済みの読みと役割を保持
ふくらこう	福浦港	place,station	place	https://www.post.japanpost.jp/service/search/zipcode/download/utf-zip.html	https://www.wikidata.org/wiki/Q11593982;https://www.post.japanpost.jp/service/search/zipcode/download/utf-zip.html	1851	1851	categories_restricted	未確認の同名項目による分類を外す。最終カテゴリ: place
とうきょうときたくあかばね	東京都北区赤羽	place,work	common	https://www.post.japanpost.jp/service/search/zipcode/download/utf-zip.html	https://www.wikidata.org/wiki/Q11525269;https://www.post.japanpost.jp/service/search/zipcode/download/utf-zip.html	1851	1851	categories_restricted	未確認の同名項目による分類を外す。最終カテゴリ: place
やまが	山河	place,work	place	https://www.post.japanpost.jp/service/search/zipcode/download/utf-zip.html	https://www.wikidata.org/wiki/Q11469980;https://www.post.japanpost.jp/service/search/zipcode/download/utf-zip.html	1851	1851	categories_restricted	未確認の同名項目による分類を外す。最終カテゴリ: place
しぶやくまるやまちょう	渋谷区円山町	place,work	place,wiki	https://www.post.japanpost.jp/service/search/zipcode/download/utf-zip.html	https://www.wikidata.org/wiki/Q11561688;https://www.post.japanpost.jp/service/search/zipcode/download/utf-zip.html	1851	1851	categories_restricted	未確認の同名項目による分類を外す。最終カテゴリ: place
あまぞんうぇぶさーびす	AWS	product	neologd	https://aws.amazon.com/jp/what-is-aws/;https://aws.amazon.com/jp/what-is-aws/	no-semantic-evidence;https://aws.amazon.com/jp/what-is-aws/;https://aws.amazon.com/jp/what-is-aws/	1851	1851	retained	照合済みの読みと役割を保持
じゃゔぁ	Java	technical	neologd	https://www.java.com/ja/download/help/whatis_java.html;https://www.java.com/ja/download/help/whatis_java.html	https://www.wikidata.org/wiki/Q251;https://www.java.com/ja/download/help/whatis_java.html;https://www.java.com/ja/download/help/whatis_java.html	1851	1851	retained	照合済みの読みと役割を保持
はなのまち	花の街	work	common	mozc-exact-reading-surface	https://www.wikidata.org/wiki/Q11615058	1851	1851	retained	照合済みの読みと役割を保持
ぴんきー	PINKY	work	neologd	https://www.wikidata.org/wiki/Q123515975#P1814	https://www.wikidata.org/wiki/Q5362490	1851	1851	review_data	根拠不足の一般語分類または同名項目による分類を外し、標準辞書から保留。
いきたい	生きたい	work	wiki	mozc-exact-reading-surface	https://www.wikidata.org/wiki/Q8003247	1851	1851	retained	照合済みの読みと役割を保持
きたじままや	北島マヤ	character,person	common	https://www.wikidata.org/wiki/Q17129388#P1814	https://www.wikidata.org/wiki/Q11401518,https://www.wikidata.org/wiki/Q17129388	1851	1851	categories_restricted	未確認の同名項目による分類を外す。最終カテゴリ: person
はにゅう	羽入	character,place	place	https://www.post.japanpost.jp/service/search/zipcode/download/utf-zip.html	https://www.wikidata.org/wiki/Q5365499;mozc-place-pair;https://www.post.japanpost.jp/service/search/zipcode/download/utf-zip.html	1851	1851	categories_restricted	未確認の同名項目による分類を外す。最終カテゴリ: place
はいしゃふっかつせん	敗者復活戦	event	common	mozc-exact-reading-surface	https://www.wikidata.org/wiki/Q1423755	1851	1851	retained	照合済みの読みと役割を保持
えいじゅいん	栄寿院	facility,person	common	https://www.wikidata.org/wiki/Q114236203#P1814	https://www.wikidata.org/wiki/Q10518081,https://www.wikidata.org/wiki/Q114236203	1851	1851	categories_restricted	未確認の同名項目による分類を外す。最終カテゴリ: facility
しゅうこういん	周光院	facility,person	wiki	https://www.wikidata.org/wiki/Q135217762#P1814	https://www.wikidata.org/wiki/Q115587047,https://www.wikidata.org/wiki/Q135217762	1851	1851	categories_restricted	未確認の同名項目による分類を外す。最終カテゴリ: facility
ちょうらくじ	長楽寺	facility,place	place	https://www.post.japanpost.jp/service/search/zipcode/download/utf-zip.html	https://www.wikidata.org/wiki/Q107922354,https://www.wikidata.org/wiki/Q11653111,https://www.wikidata.org/wiki/Q11653112,https://www.wikidata.org/wiki/Q134918710,https://www.wikidata.org/wiki/Q135417759,https://www.wikidata.org/wiki/Q135444071,https://www.wikidata.org/wiki/Q135445770,https://www.wikidata.org/wiki/Q18338711;mozc-place-pair;https://www.post.japanpost.jp/service/search/zipcode/download/utf-zip.html	1851	1851	retained	照合済みの読みと役割を保持
はまじまちょうひやまじ	浜島町桧山路	facility,place	place,common	https://www.post.japanpost.jp/service/search/zipcode/download/utf-zip.html	https://www.wikidata.org/wiki/Q11557663;https://www.post.japanpost.jp/service/search/zipcode/download/utf-zip.html	1851	1851	categories_restricted	未確認の同名項目による分類を外す。最終カテゴリ: place
しあわせのむら	しあわせの村	facility,place	place,wiki	https://www.post.japanpost.jp/service/search/zipcode/download/utf-zip.html	https://www.wikidata.org/wiki/Q11268717;https://www.post.japanpost.jp/service/search/zipcode/download/utf-zip.html	1851	1851	categories_restricted	未確認の同名項目による分類を外す。最終カテゴリ: place
ぬか	糠	food,place	place	https://www.post.japanpost.jp/service/search/zipcode/download/utf-zip.html	https://www.wikidata.org/wiki/Q188672;mozc-place-pair;https://www.post.japanpost.jp/service/search/zipcode/download/utf-zip.html	1851	1851	categories_restricted	未確認の同名項目による分類を外す。最終カテゴリ: place
せきゆふぁんひーたー	石油ファンヒーター	general	common	mozc-exact-reading-surface	source-and-mozc-pos	1851	1851	review_data	根拠不足の一般語分類または同名項目による分類を外し、標準辞書から保留。
にっしょうぼき	日商簿記	general	neologd	mozc-exact-reading-surface	source-and-mozc-pos	1851	1851	review_data	根拠不足の一般語分類または同名項目による分類を外し、標準辞書から保留。
かいじゅーばいみー	カイジューバイミー	general	person	mozc-exact-reading-surface	source-and-mozc-pos	1851	1851	review_data	根拠不足の一般語分類または同名項目による分類を外し、標準辞書から保留。
すのーくりすたる	スノークリスタル	general	person,common	mozc-exact-reading-surface	source-and-mozc-pos	1851	1851	review_data	根拠不足の一般語分類または同名項目による分類を外し、標準辞書から保留。
かりやん	カリヤン	general	wiki	mozc-exact-reading-surface	source-and-mozc-pos	1851	1851	review_data	根拠不足の一般語分類または同名項目による分類を外し、標準辞書から保留。
めつけ	目付	general,place	place	https://www.post.japanpost.jp/service/search/zipcode/download/utf-zip.html	source-and-mozc-pos;https://www.post.japanpost.jp/service/search/zipcode/download/utf-zip.html	1851	1851	categories_restricted	未確認の同名項目による分類を外す。最終カテゴリ: place
へきかいでんきてつどう	碧海電気鉄道	organization	common	mozc-exact-reading-surface	https://www.wikidata.org/wiki/Q24886494	1851	1851	retained	照合済みの読みと役割を保持
ゆーすりー	U3	organization	neologd	https://www.wikidata.org/wiki/Q134876089#P1814	https://www.wikidata.org/wiki/Q1144924	1851	1851	review_data	根拠不足の一般語分類または同名項目による分類を外し、標準辞書から保留。
たくろう	たくろう	organization,person	person	https://www.wikidata.org/wiki/Q105703961#P1814;https://www.wikidata.org/wiki/Q124350216#P1814;https://www.wikidata.org/wiki/Q136812337#P1814;https://www.wikidata.org/wiki/Q137603366#P1814;https://www.wikidata.org/wiki/Q137803988#P1814	https://www.wikidata.org/wiki/Q60986912,https://www.wikidata.org/wiki/Q105703961,https://www.wikidata.org/wiki/Q124350216,https://www.wikidata.org/wiki/Q136812337,https://www.wikidata.org/wiki/Q137603366,https://www.wikidata.org/wiki/Q137803988	1851	1851	categories_restricted	未確認の同名項目による分類を外す。最終カテゴリ: person
おおうら	大浦	organization,person,place	place	https://www.post.japanpost.jp/service/search/zipcode/download/utf-zip.html	https://www.wikidata.org/wiki/Q39239870,https://www.wikidata.org/wiki/Q92951837;mozc-place-pair;https://www.post.japanpost.jp/service/search/zipcode/download/utf-zip.html	1851	1851	retained	照合済みの読みと役割を保持
たかす	高須	organization,place	place	https://www.post.japanpost.jp/service/search/zipcode/download/utf-zip.html	https://www.wikidata.org/wiki/Q92953186;mozc-place-pair;https://www.post.japanpost.jp/service/search/zipcode/download/utf-zip.html	1851	1851	retained	照合済みの読みと役割を保持
にしはらだい	西原台	organization,place	place,common	https://www.post.japanpost.jp/service/search/zipcode/download/utf-zip.html	https://www.wikidata.org/wiki/Q18337684,https://www.wikidata.org/wiki/Q11677056;https://www.post.japanpost.jp/service/search/zipcode/download/utf-zip.html	1851	1851	retained	照合済みの読みと役割を保持
きょうとかつぎゅう	京都勝牛	organization,product	common	https://www.wikidata.org/wiki/Q28682444#P1814	https://www.wikidata.org/wiki/Q28682444	1851	1851	retained	照合済みの読みと役割を保持
じょいさうんど	JOYSOUND	organization,product	neologd	https://www.wikidata.org/wiki/Q11226033#P1814	https://www.wikidata.org/wiki/Q118173446,https://www.wikidata.org/wiki/Q11226033	1851	1851	retained	照合済みの読みと役割を保持
ゆきりん	YukiRing	organization,product	wiki	https://www.wikidata.org/wiki/Q4301358#P1814	https://www.wikidata.org/wiki/Q4301358	1851	1851	retained	照合済みの読みと役割を保持
おおやしま	大八洲	person	common	https://www.wikidata.org/wiki/Q39239747#P1814	https://www.wikidata.org/wiki/Q39239747	1851	1851	retained	照合済みの読みと役割を保持
ともはる	具治	person	neologd	https://www.wikidata.org/wiki/Q29965137#P1814	https://www.wikidata.org/wiki/Q29965137	1851	1851	retained	照合済みの読みと役割を保持
ゆめこ	ゆめこ	person	person	https://www.wikidata.org/wiki/Q140317376#P1814	https://www.wikidata.org/wiki/Q140317376	1851	1851	retained	照合済みの読みと役割を保持
かみぢ	かみぢ	person	wiki	https://www.wikidata.org/wiki/Q26448695#P1814	https://www.wikidata.org/wiki/Q26448695	1851	1851	retained	照合済みの読みと役割を保持
なかまち	中町	person,place	place	https://www.post.japanpost.jp/service/search/zipcode/download/utf-zip.html	https://www.wikidata.org/wiki/Q11366784,https://www.wikidata.org/wiki/Q11366790,https://www.wikidata.org/wiki/Q11366791,https://www.wikidata.org/wiki/Q130222035,https://www.wikidata.org/wiki/Q137797036;mozc-place-pair;https://www.post.japanpost.jp/service/search/zipcode/download/utf-zip.html	1851	1851	retained	照合済みの読みと役割を保持
たまひよ	たまひよ	person,work	common	https://www.wikidata.org/wiki/Q11271362#P1814	https://www.wikidata.org/wiki/Q115714981,https://www.wikidata.org/wiki/Q11271362	1851	1851	categories_restricted	未確認の同名項目による分類を外す。最終カテゴリ: person
ひとひら	ひとひら	person,work	person	https://www.wikidata.org/wiki/Q27166804#P1814	https://www.wikidata.org/wiki/Q933589,https://www.wikidata.org/wiki/Q27166804	1851	1851	categories_restricted	未確認の同名項目による分類を外す。最終カテゴリ: person
ねじしき	ねじ式	person,work	person,common	https://www.wikidata.org/wiki/Q111112009#P1814	https://www.wikidata.org/wiki/Q1975060,https://www.wikidata.org/wiki/Q111112009	1851	1851	categories_restricted	未確認の同名項目による分類を外す。最終カテゴリ: person
けふぁろにあとう	ケファロニア島	place	common	mozc-exact-reading-surface	https://www.wikidata.org/wiki/Q178488	1851	1851	retained	照合済みの読みと役割を保持
いわてけんもりおかしあおやま	岩手県盛岡市青山	place	neologd	https://www.post.japanpost.jp/service/search/zipcode/download/utf-zip.html	no-semantic-evidence;https://www.post.japanpost.jp/service/search/zipcode/download/utf-zip.html	1851	1851	retained	照合済みの読みと役割を保持
かめがわしのゆまち	亀川四の湯町	place	place	https://www.post.japanpost.jp/service/search/zipcode/download/utf-zip.html	no-semantic-evidence;https://www.post.japanpost.jp/service/search/zipcode/download/utf-zip.html	1851	1851	retained	照合済みの読みと役割を保持
いけだちょうはやし	池田町ハヤシ	place	place,common	https://www.post.japanpost.jp/service/search/zipcode/download/utf-zip.html	no-semantic-evidence;https://www.post.japanpost.jp/service/search/zipcode/download/utf-zip.html	1851	1851	retained	照合済みの読みと役割を保持
さかうちひろせ	坂内広瀬	place	place,neologd	https://www.post.japanpost.jp/service/search/zipcode/download/utf-zip.html	no-semantic-evidence;https://www.post.japanpost.jp/service/search/zipcode/download/utf-zip.html	1851	1851	retained	照合済みの読みと役割を保持
たいけいじちょう	大慶寺町	place	place,wiki	https://www.post.japanpost.jp/service/search/zipcode/download/utf-zip.html	no-semantic-evidence;https://www.post.japanpost.jp/service/search/zipcode/download/utf-zip.html	1851	1851	retained	照合済みの読みと役割を保持
なつぞら	なつぞら	place,work	place	https://www.post.japanpost.jp/service/search/zipcode/download/utf-zip.html	https://www.wikidata.org/wiki/Q48937958;https://www.post.japanpost.jp/service/search/zipcode/download/utf-zip.html	1851	1851	categories_restricted	未確認の同名項目による分類を外す。最終カテゴリ: place
じゃば	Java	technical	neologd	https://www.java.com/ja/download/help/whatis_java.html;https://www.java.com/ja/download/help/whatis_java.html	https://www.wikidata.org/wiki/Q251;https://www.java.com/ja/download/help/whatis_java.html;https://www.java.com/ja/download/help/whatis_java.html	1851	1851	retained	照合済みの読みと役割を保持
すぎょうろく	宗鏡録	work	common	https://www.wikidata.org/wiki/Q51488700#P1814	https://www.wikidata.org/wiki/Q5363914	1851	1851	review_data	根拠不足の一般語分類または同名項目による分類を外し、標準辞書から保留。
げんかい	言海	work	neologd	https://www.wikidata.org/wiki/Q136773353#P1814	https://www.wikidata.org/wiki/Q11630981	1851	1851	review_data	根拠不足の一般語分類または同名項目による分類を外し、標準辞書から保留。
すいじん	水神	character,place	place	https://www.post.japanpost.jp/service/search/zipcode/download/utf-zip.html	https://www.wikidata.org/wiki/Q3137449,https://www.wikidata.org/wiki/Q38746013;mozc-place-pair;https://www.post.japanpost.jp/service/search/zipcode/download/utf-zip.html	1851	1851	categories_restricted	未確認の同名項目による分類を外す。最終カテゴリ: place
ほうれんいん	宝蓮院	facility,person	common	https://www.wikidata.org/wiki/Q135217341#P1814	https://www.wikidata.org/wiki/Q7137380,https://www.wikidata.org/wiki/Q135217341	1851	1851	categories_restricted	未確認の同名項目による分類を外す。最終カテゴリ: facility
やぐもじんじゃ	八雲神社	facility,place	place	https://www.post.japanpost.jp/service/search/zipcode/download/utf-zip.html	https://www.wikidata.org/wiki/Q134603271,https://www.wikidata.org/wiki/Q134886365,https://www.wikidata.org/wiki/Q134886929,https://www.wikidata.org/wiki/Q134887265,https://www.wikidata.org/wiki/Q134955759,https://www.wikidata.org/wiki/Q134956114,https://www.wikidata.org/wiki/Q135154206,https://www.wikidata.org/wiki/Q135260643,https://www.wikidata.org/wiki/Q137321737,https://www.wikidata.org/wiki/Q19754774;mozc-place-pair;https://www.post.japanpost.jp/service/search/zipcode/download/utf-zip.html	1851	1851	retained	照合済みの読みと役割を保持
すんぷじょうこうえん	駿府城公園	facility,place	place,common	https://www.post.japanpost.jp/service/search/zipcode/download/utf-zip.html	https://www.wikidata.org/wiki/Q11668474;https://www.post.japanpost.jp/service/search/zipcode/download/utf-zip.html	1851	1851	categories_restricted	未確認の同名項目による分類を外す。最終カテゴリ: place
さくらのさと	さくらの里	facility,place	place,wiki	https://www.post.japanpost.jp/service/search/zipcode/download/utf-zip.html	https://www.wikidata.org/wiki/Q107293219;https://www.post.japanpost.jp/service/search/zipcode/download/utf-zip.html	1851	1851	categories_restricted	未確認の同名項目による分類を外す。最終カテゴリ: place
みどりのふるさと	緑のふるさと	general	common	mozc-exact-reading-surface	source-and-mozc-pos	1851	1851	review_data	根拠不足の一般語分類または同名項目による分類を外し、標準辞書から保留。
わらにんぎょうろんぽう	藁人形論法	general	neologd	mozc-exact-reading-surface	source-and-mozc-pos	1851	1851	review_data	根拠不足の一般語分類または同名項目による分類を外し、標準辞書から保留。
ちょこれーとみるく	チョコレートミルク	general	wiki	mozc-exact-reading-surface	source-and-mozc-pos	1851	1851	review_data	根拠不足の一般語分類または同名項目による分類を外し、標準辞書から保留。
ぱいろっと	パイロット	general,place	place	https://www.post.japanpost.jp/service/search/zipcode/download/utf-zip.html	source-and-mozc-pos;https://www.post.japanpost.jp/service/search/zipcode/download/utf-zip.html	1851	1851	categories_restricted	未確認の同名項目による分類を外す。最終カテゴリ: place
あくそん	アクソン	organization	common	mozc-exact-reading-surface	https://www.wikidata.org/wiki/Q690604	1851	1851	retained	照合済みの読みと役割を保持
あさひ	旭	organization,person,place	place	https://www.post.japanpost.jp/service/search/zipcode/download/utf-zip.html	https://www.wikidata.org/wiki/Q27263513,https://www.wikidata.org/wiki/Q92951207;mozc-place-pair;https://www.post.japanpost.jp/service/search/zipcode/download/utf-zip.html	1851	1851	retained	照合済みの読みと役割を保持
せいわ	星和	organization,place	place	https://www.post.japanpost.jp/service/search/zipcode/download/utf-zip.html	https://www.wikidata.org/wiki/Q17994857;mozc-place-pair;https://www.post.japanpost.jp/service/search/zipcode/download/utf-zip.html	1851	1851	categories_restricted	未確認の同名項目による分類を外す。最終カテゴリ: place
ぎっとはぶ	GitHub	organization,product	neologd	https://www.wikidata.org/wiki/Q364#P1814	https://www.wikidata.org/wiki/Q364	1851	1851	retained	照合済みの読みと役割を保持
とちあずま	栃東	person	common	https://www.wikidata.org/wiki/Q16640621#P1814	https://www.wikidata.org/wiki/Q16640621	1851	1851	retained	照合済みの読みと役割を保持
やすちか	安親	person	neologd	https://www.wikidata.org/wiki/Q139570293#P1814	https://www.wikidata.org/wiki/Q139570293	1851	1851	retained	照合済みの読みと役割を保持
けんや	けんや	person	person	https://www.wikidata.org/wiki/Q123910238#P1814;https://www.wikidata.org/wiki/Q137973049#P1814	https://www.wikidata.org/wiki/Q123910238,https://www.wikidata.org/wiki/Q137973049	1851	1851	retained	照合済みの読みと役割を保持
もにえ	モニエ	person	wiki	mozc-exact-reading-surface	https://www.wikidata.org/wiki/Q21512228	1851	1851	retained	照合済みの読みと役割を保持
よしわら	よしわら	person,place	place	https://www.post.japanpost.jp/service/search/zipcode/download/utf-zip.html	https://www.wikidata.org/wiki/Q26203157;https://www.post.japanpost.jp/service/search/zipcode/download/utf-zip.html	1851	1851	retained	照合済みの読みと役割を保持
くまあらし	羆嵐	person,work	common	https://www.wikidata.org/wiki/Q24864563#P1814	https://www.wikidata.org/wiki/Q140467414,https://www.wikidata.org/wiki/Q24864563	1851	1851	categories_restricted	未確認の同名項目による分類を外す。最終カテゴリ: person
とうきょうとみなとく	東京都港区	place	neologd	https://www.post.japanpost.jp/service/search/zipcode/download/utf-zip.html	no-semantic-evidence;https://www.post.japanpost.jp/service/search/zipcode/download/utf-zip.html	1851	1851	retained	照合済みの読みと役割を保持
とやましふちゅうまちねむのき	富山市婦中町ねむの木	place	place	https://www.post.japanpost.jp/service/search/zipcode/download/utf-zip.html	no-semantic-evidence;https://www.post.japanpost.jp/service/search/zipcode/download/utf-zip.html	1851	1851	retained	照合済みの読みと役割を保持
みなくちちょうもとあやの	水口町本綾野	place	place,common	https://www.post.japanpost.jp/service/search/zipcode/download/utf-zip.html	no-semantic-evidence;https://www.post.japanpost.jp/service/search/zipcode/download/utf-zip.html	1851	1851	retained	照合済みの読みと役割を保持
ひがしこうぎょうだんち	東工業団地	place	place,neologd	https://www.post.japanpost.jp/service/search/zipcode/download/utf-zip.html	no-semantic-evidence;https://www.post.japanpost.jp/service/search/zipcode/download/utf-zip.html	1851	1851	retained	照合済みの読みと役割を保持
こまるちょう	小丸町	place	place,wiki	https://www.post.japanpost.jp/service/search/zipcode/download/utf-zip.html	no-semantic-evidence;https://www.post.japanpost.jp/service/search/zipcode/download/utf-zip.html	1851	1851	retained	照合済みの読みと役割を保持
ぱいそん	Python	technical	neologd	https://www.python.jp/pages/about.html;https://www.python.jp/pages/about.html	https://www.wikidata.org/wiki/Q28865;https://www.python.jp/pages/about.html;https://www.python.jp/pages/about.html	1851	1851	retained	照合済みの読みと役割を保持
かぜのくに	風の国	work	common	https://www.wikidata.org/wiki/Q2964044#P1814	https://www.wikidata.org/wiki/Q493035	1851	1851	review_data	根拠不足の一般語分類または同名項目による分類を外し、標準辞書から保留。
けいこういん	慶光院	facility,person	common	https://www.wikidata.org/wiki/Q11495108#P1814;https://www.wikidata.org/wiki/Q117306405#P1814	https://www.wikidata.org/wiki/Q11495108,https://www.wikidata.org/wiki/Q117306405	1851	1851	retained	照合済みの読みと役割を保持
じょうどじ	浄土寺	facility,place	place	https://www.post.japanpost.jp/service/search/zipcode/download/utf-zip.html	https://www.wikidata.org/wiki/Q106836762,https://www.wikidata.org/wiki/Q116053694,https://www.wikidata.org/wiki/Q134918288,https://www.wikidata.org/wiki/Q85881945;mozc-place-pair;https://www.post.japanpost.jp/service/search/zipcode/download/utf-zip.html	1851	1851	retained	照合済みの読みと役割を保持
ゆりがはらこうえん	百合が原公園	facility,place	place,common	https://www.post.japanpost.jp/service/search/zipcode/download/utf-zip.html	https://www.wikidata.org/wiki/Q11580696;https://www.post.japanpost.jp/service/search/zipcode/download/utf-zip.html	1851	1851	categories_restricted	未確認の同名項目による分類を外す。最終カテゴリ: place
あいのことば	愛のことば	general	common	mozc-exact-reading-surface	source-and-mozc-pos	1851	1851	review_data	根拠不足の一般語分類または同名項目による分類を外し、標準辞書から保留。
りとらー	リトラー	general	neologd	mozc-exact-reading-surface	source-and-mozc-pos	1851	1851	review_data	根拠不足の一般語分類または同名項目による分類を外し、標準辞書から保留。
こたつきじ	コタツ記事	general	wiki	mozc-exact-reading-surface	source-and-mozc-pos	1851	1851	review_data	根拠不足の一般語分類または同名項目による分類を外し、標準辞書から保留。
ぜんいき	全域	general,place	place	https://www.post.japanpost.jp/service/search/zipcode/download/utf-zip.html	source-and-mozc-pos;https://www.post.japanpost.jp/service/search/zipcode/download/utf-zip.html	1851	1851	review_data	根拠不足の一般語分類または同名項目による分類を外し、標準辞書から保留。
もりのがっこう	森の学校	organization	common	mozc-exact-reading-surface	https://www.wikidata.org/wiki/Q11539079	1851	1851	retained	照合済みの読みと役割を保持
みなみ	南	organization,person,place	place	https://www.post.japanpost.jp/service/search/zipcode/download/utf-zip.html	https://www.wikidata.org/wiki/Q11407276,https://www.wikidata.org/wiki/Q11676573,https://www.wikidata.org/wiki/Q139328935,https://www.wikidata.org/wiki/Q24090532,https://www.wikidata.org/wiki/Q92953194;https://www.post.japanpost.jp/service/search/zipcode/download/utf-zip.html	1851	1851	retained	照合済みの読みと役割を保持
しんわ	新和	organization,place	place	https://www.post.japanpost.jp/service/search/zipcode/download/utf-zip.html	https://www.wikidata.org/wiki/Q11501494;mozc-place-pair;https://www.post.japanpost.jp/service/search/zipcode/download/utf-zip.html	1851	1851	categories_restricted	未確認の同名項目による分類を外す。最終カテゴリ: place
どらまじっくす	Dramagix	organization,product	neologd	https://www.wikidata.org/wiki/Q11197158#P1814	https://www.wikidata.org/wiki/Q11197158	1851	1851	retained	照合済みの読みと役割を保持
くしむ	クシム	person	common	mozc-exact-reading-surface	https://www.wikidata.org/wiki/Q28220082	1851	1851	retained	照合済みの読みと役割を保持
たたみや	田々宮	person	neologd	https://www.wikidata.org/wiki/Q40105111#P1814	https://www.wikidata.org/wiki/Q40105111	1851	1851	retained	照合済みの読みと役割を保持
ゆきひこ	ゆきひこ	person	person	https://www.wikidata.org/wiki/Q136645133#P1814	https://www.wikidata.org/wiki/Q136645133	1851	1851	retained	照合済みの読みと役割を保持
いーそん	イーソン	person	wiki	mozc-exact-reading-surface	https://www.wikidata.org/wiki/Q37469834	1851	1851	retained	照合済みの読みと役割を保持
かなおか	金岡	person,place	place	https://www.post.japanpost.jp/service/search/zipcode/download/utf-zip.html	https://www.wikidata.org/wiki/Q27168984;mozc-place-pair;https://www.post.japanpost.jp/service/search/zipcode/download/utf-zip.html	1851	1851	retained	照合済みの読みと役割を保持
ちんしょ	陳書	person,work	common	https://www.wikidata.org/wiki/Q2962602#P1814	https://www.wikidata.org/wiki/Q1275744,https://www.wikidata.org/wiki/Q2962602	1851	1851	categories_restricted	未確認の同名項目による分類を外す。最終カテゴリ: person
とうきょうときたく	東京都北区	place	neologd	https://www.post.japanpost.jp/service/search/zipcode/download/utf-zip.html	no-semantic-evidence;https://www.post.japanpost.jp/service/search/zipcode/download/utf-zip.html	1851	1851	retained	照合済みの読みと役割を保持
みなみうわぐんあいなんちょうなかのかわ	南宇和郡愛南町中川	place	place	https://www.post.japanpost.jp/service/search/zipcode/download/utf-zip.html	no-semantic-evidence;https://www.post.japanpost.jp/service/search/zipcode/download/utf-zip.html	1851	1851	retained	照合済みの読みと役割を保持
ふじみまちみなざわ	富士見町皆沢	place	place,common	https://www.post.japanpost.jp/service/search/zipcode/download/utf-zip.html	no-semantic-evidence;https://www.post.japanpost.jp/service/search/zipcode/download/utf-zip.html	1851	1851	retained	照合済みの読みと役割を保持
さぎやまひがし	鷺山東	place	place,neologd	https://www.post.japanpost.jp/service/search/zipcode/download/utf-zip.html	no-semantic-evidence;https://www.post.japanpost.jp/service/search/zipcode/download/utf-zip.html	1851	1851	retained	照合済みの読みと役割を保持
しんまいこひがしまち	新舞子東町	place	place,wiki	https://www.post.japanpost.jp/service/search/zipcode/download/utf-zip.html	no-semantic-evidence;https://www.post.japanpost.jp/service/search/zipcode/download/utf-zip.html	1851	1851	retained	照合済みの読みと役割を保持
うぇぶじーえる	WebGL	technical	neologd	https://www.wikidata.org/wiki/Q375913#P1814	https://www.wikidata.org/wiki/Q375913	1851	1851	retained	照合済みの読みと役割を保持
すがたさんしろう	姿三四郎	work	common	https://www.wikidata.org/wiki/Q39984030#P1814	https://www.wikidata.org/wiki/Q11447629	1851	1851	review_data	根拠不足の一般語分類または同名項目による分類を外し、標準辞書から保留。
ちょうしょういん	長昌院	facility,person	common	https://www.wikidata.org/wiki/Q135116012#P1814	https://www.wikidata.org/wiki/Q11653022,https://www.wikidata.org/wiki/Q135116012	1851	1851	categories_restricted	未確認の同名項目による分類を外す。最終カテゴリ: facility
まんねんじ	万年寺	facility,place	place	https://www.post.japanpost.jp/service/search/zipcode/download/utf-zip.html	https://www.wikidata.org/wiki/Q135115544;https://www.post.japanpost.jp/service/search/zipcode/download/utf-zip.html	1851	1851	retained	照合済みの読みと役割を保持
ねやがわこうえん	寝屋川公園	facility,place	place,common	https://www.post.japanpost.jp/service/search/zipcode/download/utf-zip.html	https://www.wikidata.org/wiki/Q61927288;mozc-place-pair;https://www.post.japanpost.jp/service/search/zipcode/download/utf-zip.html;https://www.wikidata.org/wiki/Q61927288;https://www.post.japanpost.jp/service/search/zipcode/download/utf-zip.html	1851	1851	categories_restricted	未確認の同名項目による分類を外す。最終カテゴリ: place
ゆめふうせん	夢ふうせん	general	common	mozc-exact-reading-surface	source-and-mozc-pos	1851	1851	review_data	根拠不足の一般語分類または同名項目による分類を外し、標準辞書から保留。
うまー	ウマー	general	neologd	mozc-exact-reading-surface	source-and-mozc-pos	1851	1851	review_data	根拠不足の一般語分類または同名項目による分類を外し、標準辞書から保留。
しんふぉにすと	シンフォニスト	general	wiki	mozc-exact-reading-surface	source-and-mozc-pos	1851	1851	review_data	根拠不足の一般語分類または同名項目による分類を外し、標準辞書から保留。
ふなぞこ	船底	general,place	place	https://www.post.japanpost.jp/service/search/zipcode/download/utf-zip.html	source-and-mozc-pos;https://www.post.japanpost.jp/service/search/zipcode/download/utf-zip.html	1851	1851	categories_restricted	未確認の同名項目による分類を外す。最終カテゴリ: place
よしいけ	吉池	organization,person,place	place	https://www.post.japanpost.jp/service/search/zipcode/download/utf-zip.html	https://www.wikidata.org/wiki/Q11413418,https://www.wikidata.org/wiki/Q27315207;https://www.post.japanpost.jp/service/search/zipcode/download/utf-zip.html	1851	1851	categories_restricted	未確認の同名項目による分類を外す。最終カテゴリ: person,place
つちはし	土橋	organization,place	place	https://www.post.japanpost.jp/service/search/zipcode/download/utf-zip.html	https://www.wikidata.org/wiki/Q92951158;mozc-place-pair;https://www.post.japanpost.jp/service/search/zipcode/download/utf-zip.html	1851	1851	retained	照合済みの読みと役割を保持
むーんすとーん	MOONSTONE	organization,product	neologd	https://www.wikidata.org/wiki/Q1134504#P1814	https://www.wikidata.org/wiki/Q1134504	1851	1851	retained	照合済みの読みと役割を保持
らっかす	ラッカス	person	common	mozc-exact-reading-surface	https://www.wikidata.org/wiki/Q4381991	1851	1851	retained	照合済みの読みと役割を保持
ひろまさ	太将	person	neologd	https://www.wikidata.org/wiki/Q127869115#P1814	https://www.wikidata.org/wiki/Q127869115	1851	1851	retained	照合済みの読みと役割を保持
かなまる	かなまる	person	person	https://www.wikidata.org/wiki/Q26229812#P1814	https://www.wikidata.org/wiki/Q112869791,https://www.wikidata.org/wiki/Q26229812	1851	1851	retained	照合済みの読みと役割を保持
あらず	あらず	person	wiki	https://www.wikidata.org/wiki/Q27306981#P1814	https://www.wikidata.org/wiki/Q27306981	1851	1851	retained	照合済みの読みと役割を保持
ほりのうち	堀之内	person,place	place	https://www.post.japanpost.jp/service/search/zipcode/download/utf-zip.html	https://www.wikidata.org/wiki/Q27157295;mozc-place-pair;https://www.post.japanpost.jp/service/search/zipcode/download/utf-zip.html	1851	1851	retained	照合済みの読みと役割を保持
こうしゅうしえんざんおやしき	甲州市塩山小屋敷	place	place	https://www.post.japanpost.jp/service/search/zipcode/download/utf-zip.html	no-semantic-evidence;https://www.post.japanpost.jp/service/search/zipcode/download/utf-zip.html	1851	1851	retained	照合済みの読みと役割を保持
かすかわまちおなぶち	粕川町女渕	place	place,common	https://www.post.japanpost.jp/service/search/zipcode/download/utf-zip.html	no-semantic-evidence;https://www.post.japanpost.jp/service/search/zipcode/download/utf-zip.html	1851	1851	retained	照合済みの読みと役割を保持
わにいまじゅく	和邇今宿	place	place,neologd	https://www.post.japanpost.jp/service/search/zipcode/download/utf-zip.html	no-semantic-evidence;https://www.post.japanpost.jp/service/search/zipcode/download/utf-zip.html	1851	1851	retained	照合済みの読みと役割を保持
なかかわらまち	中瓦町	place	place,wiki	https://www.post.japanpost.jp/service/search/zipcode/download/utf-zip.html	no-semantic-evidence;https://www.post.japanpost.jp/service/search/zipcode/download/utf-zip.html	1851	1851	retained	照合済みの読みと役割を保持
よしつねせんぼんざくら	義経千本桜	work	common	https://www.wikidata.org/wiki/Q62126830#P1814	https://www.wikidata.org/wiki/Q1052028	1851	1851	review_data	根拠不足の一般語分類または同名項目による分類を外し、標準辞書から保留。
しょうとくいん	正徳院	facility,person	common	https://www.wikidata.org/wiki/Q134535828#P1814;https://www.wikidata.org/wiki/Q135446421#P1814	https://www.wikidata.org/wiki/Q18011475,https://www.wikidata.org/wiki/Q134535828,https://www.wikidata.org/wiki/Q135446421	1851	1851	categories_restricted	未確認の同名項目による分類を外す。最終カテゴリ: facility
きたどおり	北通	facility,place	place	https://www.post.japanpost.jp/service/search/zipcode/download/utf-zip.html	https://www.wikidata.org/wiki/Q11404143;mozc-place-pair;https://www.post.japanpost.jp/service/search/zipcode/download/utf-zip.html	1851	1851	categories_restricted	未確認の同名項目による分類を外す。最終カテゴリ: place
すいどうめーたー	水道メーター	general	common	mozc-exact-reading-surface	source-and-mozc-pos	1851	1851	review_data	根拠不足の一般語分類または同名項目による分類を外し、標準辞書から保留。
せかいぼうえきせんたー	世界貿易センター	general	neologd	mozc-exact-reading-surface	source-and-mozc-pos	1851	1851	review_data	根拠不足の一般語分類または同名項目による分類を外し、標準辞書から保留。
おうごんのかぎ	黄金の鍵	general	wiki	mozc-exact-reading-surface	source-and-mozc-pos	1851	1851	review_data	根拠不足の一般語分類または同名項目による分類を外し、標準辞書から保留。
ちゅうぶちく	中部地区	general,place	place	https://www.post.japanpost.jp/service/search/zipcode/download/utf-zip.html	source-and-mozc-pos;https://www.post.japanpost.jp/service/search/zipcode/download/utf-zip.html	1851	1851	categories_restricted	未確認の同名項目による分類を外す。最終カテゴリ: place
かさぎ	笠木	organization,person,place	place	https://www.post.japanpost.jp/service/search/zipcode/download/utf-zip.html	https://www.wikidata.org/wiki/Q40103103,https://www.wikidata.org/wiki/Q92953321;mozc-place-pair;https://www.post.japanpost.jp/service/search/zipcode/download/utf-zip.html	1851	1851	retained	照合済みの読みと役割を保持
やましろおんせん	山代温泉	organization,place	place	https://www.post.japanpost.jp/service/search/zipcode/download/utf-zip.html	https://www.wikidata.org/wiki/Q11466275;mozc-place-pair;https://www.post.japanpost.jp/service/search/zipcode/download/utf-zip.html	1851	1851	retained	照合済みの読みと役割を保持
びーうぃー	BEWE	organization,product	neologd	https://www.wikidata.org/wiki/Q11191151#P1814	https://www.wikidata.org/wiki/Q11191151	1851	1851	retained	照合済みの読みと役割を保持
ひゅうず	ひゅうず	person	common	https://www.wikidata.org/wiki/Q26447012#P1814	https://www.wikidata.org/wiki/Q26447012	1851	1851	retained	照合済みの読みと役割を保持
まちだ	街田	person	neologd	https://www.wikidata.org/wiki/Q124527939#P1814	https://www.wikidata.org/wiki/Q124527939	1851	1851	retained	照合済みの読みと役割を保持
ひゅうが	ひゅうが	person	person	https://www.wikidata.org/wiki/Q133285390#P1814;https://www.wikidata.org/wiki/Q1641747#P1814;https://www.wikidata.org/wiki/Q26447820#P1814	https://www.wikidata.org/wiki/Q133285390,https://www.wikidata.org/wiki/Q26447820	1851	1851	retained	照合済みの読みと役割を保持
とむりん	トムリン	person	wiki	mozc-exact-reading-surface	https://www.wikidata.org/wiki/Q21493221	1851	1851	retained	照合済みの読みと役割を保持
しもやま	下山	person,place	place	https://www.post.japanpost.jp/service/search/zipcode/download/utf-zip.html	https://www.wikidata.org/wiki/Q26216088;mozc-place-pair;https://www.post.japanpost.jp/service/search/zipcode/download/utf-zip.html	1851	1851	retained	照合済みの読みと役割を保持
わかやましもとまちぶぎょうちょう	和歌山市元町奉行丁	place	place	https://www.post.japanpost.jp/service/search/zipcode/download/utf-zip.html	no-semantic-evidence;https://www.post.japanpost.jp/service/search/zipcode/download/utf-zip.html	1851	1851	retained	照合済みの読みと役割を保持
きしだちょう	岸田町	place	place,common	https://www.post.japanpost.jp/service/search/zipcode/download/utf-zip.html	no-semantic-evidence;https://www.post.japanpost.jp/service/search/zipcode/download/utf-zip.html	1851	1851	retained	照合済みの読みと役割を保持
とよさとなか	豊郷中	place	place,neologd	https://www.post.japanpost.jp/service/search/zipcode/download/utf-zip.html	no-semantic-evidence;https://www.post.japanpost.jp/service/search/zipcode/download/utf-zip.html	1851	1851	retained	照合済みの読みと役割を保持
やくらちょう	矢倉町	place	place,wiki	https://www.post.japanpost.jp/service/search/zipcode/download/utf-zip.html	no-semantic-evidence;https://www.post.japanpost.jp/service/search/zipcode/download/utf-zip.html	1851	1851	retained	照合済みの読みと役割を保持
そうぜんじばば	崇禅寺馬場	work	common	https://www.wikidata.org/wiki/Q60807375#P1814	https://www.wikidata.org/wiki/Q7572061	1851	1851	review_data	根拠不足の一般語分類または同名項目による分類を外し、標準辞書から保留。
ようとくいん	養徳院	facility,person	common	https://www.wikidata.org/wiki/Q134917998#P1814	https://www.wikidata.org/wiki/Q11666829,https://www.wikidata.org/wiki/Q134917998	1851	1851	categories_restricted	未確認の同名項目による分類を外す。最終カテゴリ: facility
そうこうじ	宗光寺	facility,place	place	https://www.post.japanpost.jp/service/search/zipcode/download/utf-zip.html	https://www.wikidata.org/wiki/Q131991589,https://www.wikidata.org/wiki/Q135217804;mozc-place-pair;https://www.post.japanpost.jp/service/search/zipcode/download/utf-zip.html	1851	1851	retained	照合済みの読みと役割を保持
あいそまー	アイソマー	general	common	mozc-exact-reading-surface	source-and-mozc-pos	1851	1851	review_data	根拠不足の一般語分類または同名項目による分類を外し、標準辞書から保留。
きゅうせいきかんしえん	急性気管支炎	general	neologd	mozc-exact-reading-surface	source-and-mozc-pos	1851	1851	review_data	根拠不足の一般語分類または同名項目による分類を外し、標準辞書から保留。
つぁりーつぁ	ツァリーツァ	general	wiki	mozc-exact-reading-surface	source-and-mozc-pos	1851	1851	review_data	根拠不足の一般語分類または同名項目による分類を外し、標準辞書から保留。
はつけ	八卦	general,place	place	https://www.post.japanpost.jp/service/search/zipcode/download/utf-zip.html	https://www.wikidata.org/wiki/Q340846;https://www.post.japanpost.jp/service/search/zipcode/download/utf-zip.html	1851	1851	categories_restricted	未確認の同名項目による分類を外す。最終カテゴリ: place
にしの	西野	organization,person,place	place	https://www.post.japanpost.jp/service/search/zipcode/download/utf-zip.html	https://www.wikidata.org/wiki/Q26157583,https://www.wikidata.org/wiki/Q92954004;mozc-place-pair;https://www.post.japanpost.jp/service/search/zipcode/download/utf-zip.html	1851	1851	retained	照合済みの読みと役割を保持
ほんみょう	本名	organization,place	place	https://www.post.japanpost.jp/service/search/zipcode/download/utf-zip.html	https://www.wikidata.org/wiki/Q11676610;mozc-place-pair;https://www.post.japanpost.jp/service/search/zipcode/download/utf-zip.html	1851	1851	retained	照合済みの読みと役割を保持
しんじゅん	真淳	person	common	https://www.wikidata.org/wiki/Q118545055#P1814	https://www.wikidata.org/wiki/Q6606643,https://www.wikidata.org/wiki/Q118545055	1851	1851	retained	照合済みの読みと役割を保持
めいさ	芽衣咲	person	neologd	https://www.wikidata.org/wiki/Q127608811#P1814	https://www.wikidata.org/wiki/Q127608811	1851	1851	retained	照合済みの読みと役割を保持
もえか	もえか	person	person	https://www.wikidata.org/wiki/Q140134613#P1814	https://www.wikidata.org/wiki/Q140134613	1851	1851	retained	照合済みの読みと役割を保持
ふがし	ふがし	person	wiki	https://www.wikidata.org/wiki/Q26216190#P1814	https://www.wikidata.org/wiki/Q26216190	1851	1851	retained	照合済みの読みと役割を保持
おおだいら	大平	person,place	place	https://www.post.japanpost.jp/service/search/zipcode/download/utf-zip.html	https://www.wikidata.org/wiki/Q26203370;mozc-place-pair;https://www.post.japanpost.jp/service/search/zipcode/download/utf-zip.html	1851	1851	retained	照合済みの読みと役割を保持
やいづしかたのかみ	焼津市方ノ上	place	place	https://www.post.japanpost.jp/service/search/zipcode/download/utf-zip.html	no-semantic-evidence;https://www.post.japanpost.jp/service/search/zipcode/download/utf-zip.html	1851	1851	retained	照合済みの読みと役割を保持
まついだまちこくが	松井田町国衙	place	place,common	https://www.post.japanpost.jp/service/search/zipcode/download/utf-zip.html	no-semantic-evidence;https://www.post.japanpost.jp/service/search/zipcode/download/utf-zip.html	1851	1851	retained	照合済みの読みと役割を保持
ひだかちょうえばら	日高町江原	place	place,neologd	https://www.post.japanpost.jp/service/search/zipcode/download/utf-zip.html	no-semantic-evidence;https://www.post.japanpost.jp/service/search/zipcode/download/utf-zip.html	1851	1851	retained	照合済みの読みと役割を保持
なかやまうしろちょう	那加山後町	place	place,wiki	https://www.post.japanpost.jp/service/search/zipcode/download/utf-zip.html	no-semantic-evidence;https://www.post.japanpost.jp/service/search/zipcode/download/utf-zip.html	1851	1851	retained	照合済みの読みと役割を保持
ちゅうおうどおり	中央通り	facility,place	place	https://www.post.japanpost.jp/service/search/zipcode/download/utf-zip.html	https://www.wikidata.org/wiki/Q10875123;mozc-place-pair;https://www.post.japanpost.jp/service/search/zipcode/download/utf-zip.html	1851	1851	retained	照合済みの読みと役割を保持
じしんじょうほう	地震情報	general	common	mozc-exact-reading-surface	source-and-mozc-pos	1851	1851	review_data	根拠不足の一般語分類または同名項目による分類を外し、標準辞書から保留。
むようのよう	無用の用	general	neologd	mozc-exact-reading-surface	source-and-mozc-pos	1851	1851	review_data	根拠不足の一般語分類または同名項目による分類を外し、標準辞書から保留。
わくしー	ワクシー	general	wiki	mozc-exact-reading-surface	source-and-mozc-pos	1851	1851	review_data	根拠不足の一般語分類または同名項目による分類を外し、標準辞書から保留。
く	区	general,place	place	https://www.post.japanpost.jp/service/search/zipcode/download/utf-zip.html	source-and-mozc-pos;https://www.post.japanpost.jp/service/search/zipcode/download/utf-zip.html	1851	1851	review_data	郵便注記を標準候補から除去
たいせい	大成	organization,person,place	place	https://www.post.japanpost.jp/service/search/zipcode/download/utf-zip.html	https://www.wikidata.org/wiki/Q136457342,https://www.wikidata.org/wiki/Q92951314;mozc-place-pair;https://www.post.japanpost.jp/service/search/zipcode/download/utf-zip.html	1851	1851	retained	照合済みの読みと役割を保持
だいさん	大三	organization,place	place	https://www.post.japanpost.jp/service/search/zipcode/download/utf-zip.html	https://www.wikidata.org/wiki/Q11431806;https://www.post.japanpost.jp/service/search/zipcode/download/utf-zip.html	1851	1851	categories_restricted	未確認の同名項目による分類を外す。最終カテゴリ: place
たてかぶと	楯甲	person	common	https://www.wikidata.org/wiki/Q40160609#P1814	https://www.wikidata.org/wiki/Q40160609	1851	1851	retained	照合済みの読みと役割を保持
きよえ	貴世江	person	neologd	https://www.wikidata.org/wiki/Q81196895#P1814	https://www.wikidata.org/wiki/Q81196895	1851	1851	retained	照合済みの読みと役割を保持
ゆずの	ゆずの	person	person	https://www.wikidata.org/wiki/Q127608820#P1814	https://www.wikidata.org/wiki/Q127608820	1851	1851	retained	照合済みの読みと役割を保持
かみだに	上谷	person,place	place	https://www.post.japanpost.jp/service/search/zipcode/download/utf-zip.html	https://www.wikidata.org/wiki/Q27167779;mozc-place-pair;https://www.post.japanpost.jp/service/search/zipcode/download/utf-zip.html	1851	1851	retained	照合済みの読みと役割を保持
ぎょうだしかみいけもり	行田市上池守	place	place	https://www.post.japanpost.jp/service/search/zipcode/download/utf-zip.html	no-semantic-evidence;https://www.post.japanpost.jp/service/search/zipcode/download/utf-zip.html	1851	1851	retained	照合済みの読みと役割を保持
きたしおみざか	北汐見坂	place	place,common	https://www.post.japanpost.jp/service/search/zipcode/download/utf-zip.html	no-semantic-evidence;https://www.post.japanpost.jp/service/search/zipcode/download/utf-zip.html	1851	1851	retained	照合済みの読みと役割を保持
にじょうふかえ	二丈深江	place	place,neologd	https://www.post.japanpost.jp/service/search/zipcode/download/utf-zip.html	no-semantic-evidence;https://www.post.japanpost.jp/service/search/zipcode/download/utf-zip.html	1851	1851	retained	照合済みの読みと役割を保持
ひがしじょうちょう	東條町	place	place,wiki	https://www.post.japanpost.jp/service/search/zipcode/download/utf-zip.html	no-semantic-evidence;https://www.post.japanpost.jp/service/search/zipcode/download/utf-zip.html	1851	1851	retained	照合済みの読みと役割を保持
いわみくうこう	石見空港	facility,place	place	https://www.post.japanpost.jp/service/search/zipcode/download/utf-zip.html	https://www.wikidata.org/wiki/Q1431559;https://www.post.japanpost.jp/service/search/zipcode/download/utf-zip.html	1851	1851	categories_restricted	未確認の同名項目による分類を外す。最終カテゴリ: place
あくまがく	悪魔学	general	common	mozc-exact-reading-surface	source-and-mozc-pos	1851	1851	review_data	根拠不足の一般語分類または同名項目による分類を外し、標準辞書から保留。
ふるおろえらすとまー	フルオロエラストマー	general	neologd	mozc-exact-reading-surface	source-and-mozc-pos	1851	1851	review_data	根拠不足の一般語分類または同名項目による分類を外し、標準辞書から保留。
かーらっく	カーラック	general	wiki	mozc-exact-reading-surface	source-and-mozc-pos	1851	1851	review_data	根拠不足の一般語分類または同名項目による分類を外し、標準辞書から保留。
きたやま	北山	organization,person,place	place	https://www.post.japanpost.jp/service/search/zipcode/download/utf-zip.html	https://www.wikidata.org/wiki/Q11447611,https://www.wikidata.org/wiki/Q26215462;mozc-place-pair;https://www.post.japanpost.jp/service/search/zipcode/download/utf-zip.html	1851	1851	retained	照合済みの読みと役割を保持
たかのす	鷹巣	organization,place	place	https://www.post.japanpost.jp/service/search/zipcode/download/utf-zip.html	https://www.wikidata.org/wiki/Q92952592,https://www.wikidata.org/wiki/Q92955389;mozc-place-pair;https://www.post.japanpost.jp/service/search/zipcode/download/utf-zip.html	1851	1851	retained	照合済みの読みと役割を保持
みごう	御江	person	neologd	https://www.wikidata.org/wiki/Q137652990#P1814	https://www.wikidata.org/wiki/Q137652990	1851	1851	retained	照合済みの読みと役割を保持
やぎぬま	やぎぬま	person	person	https://www.wikidata.org/wiki/Q130785881#P1814;https://www.wikidata.org/wiki/Q26447666#P1814	https://www.wikidata.org/wiki/Q130785881,https://www.wikidata.org/wiki/Q26447666	1851	1851	retained	照合済みの読みと役割を保持
すなはら	砂原	person,place	place	https://www.post.japanpost.jp/service/search/zipcode/download/utf-zip.html	https://www.wikidata.org/wiki/Q27264878;mozc-place-pair;https://www.post.japanpost.jp/service/search/zipcode/download/utf-zip.html	1851	1851	retained	照合済みの読みと役割を保持
ふくろいしてんじんちょう	袋井市天神町	place	place	https://www.post.japanpost.jp/service/search/zipcode/download/utf-zip.html	no-semantic-evidence;https://www.post.japanpost.jp/service/search/zipcode/download/utf-zip.html	1851	1851	retained	照合済みの読みと役割を保持
ひがしいやくき	東祖谷九鬼	place	place,common	https://www.post.japanpost.jp/service/search/zipcode/download/utf-zip.html	no-semantic-evidence;https://www.post.japanpost.jp/service/search/zipcode/download/utf-zip.html	1851	1851	retained	照合済みの読みと役割を保持
たいしんとよち	大信豊地	place	place,neologd	https://www.post.japanpost.jp/service/search/zipcode/download/utf-zip.html	no-semantic-evidence;https://www.post.japanpost.jp/service/search/zipcode/download/utf-zip.html	1851	1851	retained	照合済みの読みと役割を保持
はちにんまち	八人町	place	place,wiki	https://www.post.japanpost.jp/service/search/zipcode/download/utf-zip.html	no-semantic-evidence;https://www.post.japanpost.jp/service/search/zipcode/download/utf-zip.html	1851	1851	retained	照合済みの読みと役割を保持
しょうほうじ	正法寺	facility,place	place	https://www.post.japanpost.jp/service/search/zipcode/download/utf-zip.html	https://www.wikidata.org/wiki/Q115100762,https://www.wikidata.org/wiki/Q131323999,https://www.wikidata.org/wiki/Q135115450,https://www.wikidata.org/wiki/Q135433011,https://www.wikidata.org/wiki/Q135708230,https://www.wikidata.org/wiki/Q29408023;mozc-place-pair;https://www.post.japanpost.jp/service/search/zipcode/download/utf-zip.html	1851	1851	retained	照合済みの読みと役割を保持
きゃっつあいこうか	キャッツアイ効果	general	common	mozc-exact-reading-surface	source-and-mozc-pos	1851	1851	review_data	根拠不足の一般語分類または同名項目による分類を外し、標準辞書から保留。
うぃんくる	ウィンクル	general	neologd	mozc-exact-reading-surface	source-and-mozc-pos	1851	1851	review_data	根拠不足の一般語分類または同名項目による分類を外し、標準辞書から保留。
えひう	エヒウ	general	wiki	mozc-exact-reading-surface	source-and-mozc-pos	1851	1851	review_data	根拠不足の一般語分類または同名項目による分類を外し、標準辞書から保留。
たかおか	高岡	organization,person,place	place	https://www.post.japanpost.jp/service/search/zipcode/download/utf-zip.html	https://www.wikidata.org/wiki/Q17225778,https://www.wikidata.org/wiki/Q26215280,https://www.wikidata.org/wiki/Q92953276;mozc-place-pair;https://www.post.japanpost.jp/service/search/zipcode/download/utf-zip.html	1851	1851	retained	照合済みの読みと役割を保持
さんあい	三愛	organization,place	place	https://www.post.japanpost.jp/service/search/zipcode/download/utf-zip.html	https://www.wikidata.org/wiki/Q11355423;mozc-place-pair;https://www.post.japanpost.jp/service/search/zipcode/download/utf-zip.html	1851	1851	categories_restricted	未確認の同名項目による分類を外す。最終カテゴリ: place
はるな	春七	person	neologd	https://www.wikidata.org/wiki/Q127471011#P1814	https://www.wikidata.org/wiki/Q127471011	1851	1851	retained	照合済みの読みと役割を保持
よじょう	よじょう	person	person	https://www.wikidata.org/wiki/Q47092355#P1814	https://www.wikidata.org/wiki/Q47092355	1851	1851	retained	照合済みの読みと役割を保持
みやこし	宮腰	person,place	place	https://www.post.japanpost.jp/service/search/zipcode/download/utf-zip.html	https://www.wikidata.org/wiki/Q11455256,https://www.wikidata.org/wiki/Q27166030;https://www.post.japanpost.jp/service/search/zipcode/download/utf-zip.html	1851	1851	retained	照合済みの読みと役割を保持
かったぐんしちかしゅくまちかみのだい	刈田郡七ヶ宿町上ノ台	place	place	https://www.post.japanpost.jp/service/search/zipcode/download/utf-zip.html	no-semantic-evidence;https://www.post.japanpost.jp/service/search/zipcode/download/utf-zip.html	1851	1851	retained	照合済みの読みと役割を保持
みなくちちょうしもやま	水口町下山	place	place,common	https://www.post.japanpost.jp/service/search/zipcode/download/utf-zip.html	no-semantic-evidence;https://www.post.japanpost.jp/service/search/zipcode/download/utf-zip.html	1851	1851	retained	照合済みの読みと役割を保持
おおさかしみなとく	大阪市港区	place	place,neologd	https://www.post.japanpost.jp/service/search/zipcode/download/utf-zip.html	no-semantic-evidence;https://www.post.japanpost.jp/service/search/zipcode/download/utf-zip.html	1851	1851	retained	照合済みの読みと役割を保持
ひえだちょう	冷田町	place	place,wiki	https://www.post.japanpost.jp/service/search/zipcode/download/utf-zip.html	no-semantic-evidence;https://www.post.japanpost.jp/service/search/zipcode/download/utf-zip.html	1851	1851	retained	照合済みの読みと役割を保持
だいほうじ	大宝寺	facility,place	place	https://www.post.japanpost.jp/service/search/zipcode/download/utf-zip.html	https://www.wikidata.org/wiki/Q11434511,https://www.wikidata.org/wiki/Q135446495;mozc-place-pair;https://www.post.japanpost.jp/service/search/zipcode/download/utf-zip.html	1851	1851	retained	照合済みの読みと役割を保持
はくすりー	ハクスリー	general	common	mozc-exact-reading-surface	source-and-mozc-pos	1851	1851	review_data	根拠不足の一般語分類または同名項目による分類を外し、標準辞書から保留。
かしあん	カシアン	general	neologd	mozc-exact-reading-surface	source-and-mozc-pos	1851	1851	review_data	根拠不足の一般語分類または同名項目による分類を外し、標準辞書から保留。
もんくっと	モンクット	general	wiki	mozc-exact-reading-surface	source-and-mozc-pos	1851	1851	review_data	根拠不足の一般語分類または同名項目による分類を外し、標準辞書から保留。
さかい	境	organization,person,place	place	https://www.post.japanpost.jp/service/search/zipcode/download/utf-zip.html	https://www.wikidata.org/wiki/Q124049729,https://www.wikidata.org/wiki/Q20044472;mozc-place-pair;https://www.post.japanpost.jp/service/search/zipcode/download/utf-zip.html	1851	1851	retained	照合済みの読みと役割を保持
よしだ	吉田	organization,place	place	https://www.post.japanpost.jp/service/search/zipcode/download/utf-zip.html	https://www.wikidata.org/wiki/Q11676578;mozc-place-pair;https://www.post.japanpost.jp/service/search/zipcode/download/utf-zip.html	1851	1851	retained	照合済みの読みと役割を保持
ひろまさ	洋雅	person	neologd	https://www.wikidata.org/wiki/Q127868688#P1814	https://www.wikidata.org/wiki/Q127868688	1851	1851	retained	照合済みの読みと役割を保持
さくら	桜空	person	person	https://www.wikidata.org/wiki/Q130530519#P1814	https://www.wikidata.org/wiki/Q130530519	1851	1851	retained	照合済みの読みと役割を保持
いわや	岩谷	person,place	place	https://www.post.japanpost.jp/service/search/zipcode/download/utf-zip.html	https://www.wikidata.org/wiki/Q134371513;mozc-place-pair;https://www.post.japanpost.jp/service/search/zipcode/download/utf-zip.html	1851	1851	retained	照合済みの読みと役割を保持
いまばりしちかみちょう	今治市近見町	place	place	https://www.post.japanpost.jp/service/search/zipcode/download/utf-zip.html	no-semantic-evidence;https://www.post.japanpost.jp/service/search/zipcode/download/utf-zip.html	1851	1851	retained	照合済みの読みと役割を保持
くらつき	鞍月	place	place,common	https://www.post.japanpost.jp/service/search/zipcode/download/utf-zip.html	no-semantic-evidence;https://www.post.japanpost.jp/service/search/zipcode/download/utf-zip.html	1851	1851	retained	照合済みの読みと役割を保持
あやめがおか	あやめが丘	place	place,neologd	https://www.post.japanpost.jp/service/search/zipcode/download/utf-zip.html	no-semantic-evidence;https://www.post.japanpost.jp/service/search/zipcode/download/utf-zip.html	1851	1851	retained	照合済みの読みと役割を保持
ほくちく	北筑	place	place,wiki	https://www.post.japanpost.jp/service/search/zipcode/download/utf-zip.html	no-semantic-evidence;https://www.post.japanpost.jp/service/search/zipcode/download/utf-zip.html	1851	1851	retained	照合済みの読みと役割を保持
しょうわどおり	昭和通り	facility,place	place	https://www.post.japanpost.jp/service/search/zipcode/download/utf-zip.html	https://www.wikidata.org/wiki/Q11088946,https://www.wikidata.org/wiki/Q11514149;mozc-place-pair;https://www.post.japanpost.jp/service/search/zipcode/download/utf-zip.html	1851	1851	retained	照合済みの読みと役割を保持
しゃかいてきふびょうどう	社会的不平等	general	common	mozc-exact-reading-surface	source-and-mozc-pos	1851	1851	review_data	根拠不足の一般語分類または同名項目による分類を外し、標準辞書から保留。
どくぶつがく	毒物学	general	neologd	mozc-exact-reading-surface	source-and-mozc-pos	1851	1851	review_data	根拠不足の一般語分類または同名項目による分類を外し、標準辞書から保留。
せれすてぃーな	セレスティーナ	general	wiki	mozc-exact-reading-surface	source-and-mozc-pos	1851	1851	review_data	根拠不足の一般語分類または同名項目による分類を外し、標準辞書から保留。
かわはら	川原	organization,person,place	place	https://www.post.japanpost.jp/service/search/zipcode/download/utf-zip.html	https://www.wikidata.org/wiki/Q17990442,https://www.wikidata.org/wiki/Q26157681;mozc-place-pair;https://www.post.japanpost.jp/service/search/zipcode/download/utf-zip.html	1851	1851	retained	照合済みの読みと役割を保持
やまだ	山田	organization,place	place	https://www.post.japanpost.jp/service/search/zipcode/download/utf-zip.html	https://www.wikidata.org/wiki/Q11447616;mozc-place-pair;https://www.post.japanpost.jp/service/search/zipcode/download/utf-zip.html	1851	1851	retained	照合済みの読みと役割を保持
しょうた	将汰	person	neologd	https://www.wikidata.org/wiki/Q134594038#P1814	https://www.wikidata.org/wiki/Q134594038	1851	1851	retained	照合済みの読みと役割を保持
やまち	やまち	person	person	https://www.wikidata.org/wiki/Q26000429#P1814;https://www.wikidata.org/wiki/Q26448406#P1814	https://www.wikidata.org/wiki/Q26000429,https://www.wikidata.org/wiki/Q26448406	1851	1851	retained	照合済みの読みと役割を保持
かわにし	川西	person,place	place	https://www.post.japanpost.jp/service/search/zipcode/download/utf-zip.html	https://www.wikidata.org/wiki/Q26230438;mozc-place-pair;https://www.post.japanpost.jp/service/search/zipcode/download/utf-zip.html	1851	1851	retained	照合済みの読みと役割を保持
かみきたぐんしちのへまちてんじんばやし	上北郡七戸町天神林	place	place	https://www.post.japanpost.jp/service/search/zipcode/download/utf-zip.html	no-semantic-evidence;https://www.post.japanpost.jp/service/search/zipcode/download/utf-zip.html	1851	1851	retained	照合済みの読みと役割を保持
やましろちょうあいかわ	山城町相川	place	place,common	https://www.post.japanpost.jp/service/search/zipcode/download/utf-zip.html	no-semantic-evidence;https://www.post.japanpost.jp/service/search/zipcode/download/utf-zip.html	1851	1851	retained	照合済みの読みと役割を保持
たかやだい	高屋台	place	place,neologd	https://www.post.japanpost.jp/service/search/zipcode/download/utf-zip.html	no-semantic-evidence;https://www.post.japanpost.jp/service/search/zipcode/download/utf-zip.html	1851	1851	retained	照合済みの読みと役割を保持
みとちょうあかね	御津町赤根	place	place,wiki	https://www.post.japanpost.jp/service/search/zipcode/download/utf-zip.html	no-semantic-evidence;https://www.post.japanpost.jp/service/search/zipcode/download/utf-zip.html	1851	1851	retained	照合済みの読みと役割を保持
ぜいかんしょくいん	税関職員	general	common	mozc-exact-reading-surface	source-and-mozc-pos	1851	1851	review_data	根拠不足の一般語分類または同名項目による分類を外し、標準辞書から保留。
どぼくいさん	土木遺産	general	neologd	mozc-exact-reading-surface	source-and-mozc-pos	1851	1851	review_data	根拠不足の一般語分類または同名項目による分類を外し、標準辞書から保留。
とくりゅう	トクリュウ	general	wiki	mozc-exact-reading-surface	source-and-mozc-pos	1851	1851	review_data	根拠不足の一般語分類または同名項目による分類を外し、標準辞書から保留。
おおさと	大里	organization,person,place	place	https://www.post.japanpost.jp/service/search/zipcode/download/utf-zip.html	https://www.wikidata.org/wiki/Q11439447,https://www.wikidata.org/wiki/Q26450103,https://www.wikidata.org/wiki/Q92951245;mozc-place-pair;https://www.post.japanpost.jp/service/search/zipcode/download/utf-zip.html	1851	1851	retained	照合済みの読みと役割を保持
よしまつ	吉松	organization,place	place	https://www.post.japanpost.jp/service/search/zipcode/download/utf-zip.html	https://www.wikidata.org/wiki/Q92952740;mozc-place-pair;https://www.post.japanpost.jp/service/search/zipcode/download/utf-zip.html	1851	1851	retained	照合済みの読みと役割を保持
てつひこ	鐵彦	person	neologd	https://www.wikidata.org/wiki/Q127624004#P1814	https://www.wikidata.org/wiki/Q127624004	1851	1851	retained	照合済みの読みと役割を保持
じょう	じょう	person	person	https://www.wikidata.org/wiki/Q11578854#P1814;https://www.wikidata.org/wiki/Q133323639#P1814;https://www.wikidata.org/wiki/Q136733937#P1814;https://www.wikidata.org/wiki/Q139504797#P1814;https://www.wikidata.org/wiki/Q26447458#P1814;https://www.wikidata.org/wiki/Q27180033#P1814	https://www.wikidata.org/wiki/Q133323639,https://www.wikidata.org/wiki/Q136733937,https://www.wikidata.org/wiki/Q139504797,https://www.wikidata.org/wiki/Q26447458,https://www.wikidata.org/wiki/Q27180033	1851	1851	retained	照合済みの読みと役割を保持
やち	谷地	person,place	place	https://www.post.japanpost.jp/service/search/zipcode/download/utf-zip.html	https://www.wikidata.org/wiki/Q124389220;mozc-place-pair;https://www.post.japanpost.jp/service/search/zipcode/download/utf-zip.html	1851	1851	retained	照合済みの読みと役割を保持
あきたしあらやまつみがおかひがしちょう	秋田市新屋松美ガ丘東町	place	place	https://www.post.japanpost.jp/service/search/zipcode/download/utf-zip.html	no-semantic-evidence;https://www.post.japanpost.jp/service/search/zipcode/download/utf-zip.html	1851	1851	retained	照合済みの読みと役割を保持
てんこう	天興	place	place,common	https://www.post.japanpost.jp/service/search/zipcode/download/utf-zip.html	no-semantic-evidence;https://www.post.japanpost.jp/service/search/zipcode/download/utf-zip.html	1851	1851	retained	照合済みの読みと役割を保持
あしあらい	足洗	place	place,neologd	https://www.post.japanpost.jp/service/search/zipcode/download/utf-zip.html	no-semantic-evidence;https://www.post.japanpost.jp/service/search/zipcode/download/utf-zip.html	1851	1851	retained	照合済みの読みと役割を保持
だいちしんまち	大地新町	place	place,wiki	https://www.post.japanpost.jp/service/search/zipcode/download/utf-zip.html	no-semantic-evidence;https://www.post.japanpost.jp/service/search/zipcode/download/utf-zip.html	1851	1851	retained	照合済みの読みと役割を保持
ほたるっく	ホタルック	general	common	mozc-exact-reading-surface	source-and-mozc-pos	1851	1851	review_data	根拠不足の一般語分類または同名項目による分類を外し、標準辞書から保留。
きじくつうか	基軸通貨	general	neologd	mozc-exact-reading-surface	source-and-mozc-pos	1851	1851	review_data	根拠不足の一般語分類または同名項目による分類を外し、標準辞書から保留。
てぃーえすわん	ティーエスワン	general	wiki	mozc-exact-reading-surface	source-and-mozc-pos	1851	1851	review_data	根拠不足の一般語分類または同名項目による分類を外し、標準辞書から保留。
ひしだ	菱田	organization,person,place	place	https://www.post.japanpost.jp/service/search/zipcode/download/utf-zip.html	https://www.wikidata.org/wiki/Q117184090,https://www.wikidata.org/wiki/Q92953846;mozc-place-pair;https://www.post.japanpost.jp/service/search/zipcode/download/utf-zip.html	1851	1851	retained	照合済みの読みと役割を保持
くにみ	国見	organization,place	place	https://www.post.japanpost.jp/service/search/zipcode/download/utf-zip.html	https://www.wikidata.org/wiki/Q92953916;mozc-place-pair;https://www.post.japanpost.jp/service/search/zipcode/download/utf-zip.html	1851	1851	retained	照合済みの読みと役割を保持
せきや	關屋	person	neologd	https://www.wikidata.org/wiki/Q121422852#P1814	https://www.wikidata.org/wiki/Q121422852	1851	1851	retained	照合済みの読みと役割を保持
ますだ	ますだ	person	person	https://www.wikidata.org/wiki/Q127368222#P1814;https://www.wikidata.org/wiki/Q27157189#P1814;https://www.wikidata.org/wiki/Q27307268#P1814	https://www.wikidata.org/wiki/Q127368222,https://www.wikidata.org/wiki/Q27157189,https://www.wikidata.org/wiki/Q27307268	1851	1851	retained	照合済みの読みと役割を保持
あかつか	赤塚	person,place	place	https://www.post.japanpost.jp/service/search/zipcode/download/utf-zip.html	https://www.wikidata.org/wiki/Q117462789,https://www.wikidata.org/wiki/Q26439038;mozc-place-pair;https://www.post.japanpost.jp/service/search/zipcode/download/utf-zip.html	1851	1851	retained	照合済みの読みと役割を保持
いなざわしえきまえ	稲沢市駅前	place	place	https://www.post.japanpost.jp/service/search/zipcode/download/utf-zip.html	no-semantic-evidence;https://www.post.japanpost.jp/service/search/zipcode/download/utf-zip.html	1851	1851	retained	照合済みの読みと役割を保持
かすかわまちまえがいと	粕川町前皆戸	place	place,common	https://www.post.japanpost.jp/service/search/zipcode/download/utf-zip.html	no-semantic-evidence;https://www.post.japanpost.jp/service/search/zipcode/download/utf-zip.html	1851	1851	retained	照合済みの読みと役割を保持
ゆうひがおかきたく	雄飛が丘北区	place	place,neologd	https://www.post.japanpost.jp/service/search/zipcode/download/utf-zip.html	no-semantic-evidence;https://www.post.japanpost.jp/service/search/zipcode/download/utf-zip.html	1851	1851	retained	照合済みの読みと役割を保持
きんりょうちょう	錦綾町	place	place,wiki	https://www.post.japanpost.jp/service/search/zipcode/download/utf-zip.html	no-semantic-evidence;https://www.post.japanpost.jp/service/search/zipcode/download/utf-zip.html	1851	1851	retained	照合済みの読みと役割を保持
きゅうせいちゅうじえん	急性中耳炎	general	common	mozc-exact-reading-surface	source-and-mozc-pos	1851	1851	review_data	根拠不足の一般語分類または同名項目による分類を外し、標準辞書から保留。
あつさしすう	暑さ指数	general	neologd	mozc-exact-reading-surface	source-and-mozc-pos	1851	1851	review_data	根拠不足の一般語分類または同名項目による分類を外し、標準辞書から保留。
めんえきふぜん	免疫不全	general	wiki	mozc-exact-reading-surface	source-and-mozc-pos	1851	1851	review_data	根拠不足の一般語分類または同名項目による分類を外し、標準辞書から保留。
はちまん	八幡	organization,person,place	place	https://www.post.japanpost.jp/service/search/zipcode/download/utf-zip.html	https://www.wikidata.org/wiki/Q26444479,https://www.wikidata.org/wiki/Q92954452;mozc-place-pair;https://www.post.japanpost.jp/service/search/zipcode/download/utf-zip.html	1851	1851	retained	照合済みの読みと役割を保持
おおた	大田	organization,place	place	https://www.post.japanpost.jp/service/search/zipcode/download/utf-zip.html	https://www.wikidata.org/wiki/Q17990437;mozc-place-pair;https://www.post.japanpost.jp/service/search/zipcode/download/utf-zip.html	1851	1851	retained	照合済みの読みと役割を保持
てつかわ	鐵川	person	neologd	https://www.wikidata.org/wiki/Q43609775#P1814	https://www.wikidata.org/wiki/Q43609775	1851	1851	retained	照合済みの読みと役割を保持
かげつ	かげつ	person	person	https://www.wikidata.org/wiki/Q27157254#P1814	https://www.wikidata.org/wiki/Q27157254	1851	1851	retained	照合済みの読みと役割を保持
さが	佐賀	person,place	place	https://www.post.japanpost.jp/service/search/zipcode/download/utf-zip.html	https://www.wikidata.org/wiki/Q27179576;mozc-place-pair;https://www.post.japanpost.jp/service/search/zipcode/download/utf-zip.html	1851	1851	retained	照合済みの読みと役割を保持
きょうとしやましなくしのみやしばはたちょう	京都市山科区四ノ宮芝畑町	place	place	https://www.post.japanpost.jp/service/search/zipcode/download/utf-zip.html	no-semantic-evidence;https://www.post.japanpost.jp/service/search/zipcode/download/utf-zip.html	1851	1851	retained	照合済みの読みと役割を保持
かすかわまちむろさわ	粕川町室沢	place	place,common	https://www.post.japanpost.jp/service/search/zipcode/download/utf-zip.html	no-semantic-evidence;https://www.post.japanpost.jp/service/search/zipcode/download/utf-zip.html	1851	1851	retained	照合済みの読みと役割を保持
さいたましきたく	さいたま市北区	place	place,neologd	https://www.post.japanpost.jp/service/search/zipcode/download/utf-zip.html	no-semantic-evidence;https://www.post.japanpost.jp/service/search/zipcode/download/utf-zip.html	1851	1851	retained	照合済みの読みと役割を保持
かみながいそまち	上長磯町	place	place,wiki	https://www.post.japanpost.jp/service/search/zipcode/download/utf-zip.html	no-semantic-evidence;https://www.post.japanpost.jp/service/search/zipcode/download/utf-zip.html	1851	1851	retained	照合済みの読みと役割を保持
あかたまねぎ	赤たまねぎ	general	common	mozc-exact-reading-surface	source-and-mozc-pos	1851	1851	review_data	根拠不足の一般語分類または同名項目による分類を外し、標準辞書から保留。
えくせきゅーしょなー	エクセキューショナー	general	neologd	mozc-exact-reading-surface	source-and-mozc-pos	1851	1851	review_data	根拠不足の一般語分類または同名項目による分類を外し、標準辞書から保留。
まてんろうすかい	マテンロウスカイ	general	wiki	mozc-exact-reading-surface	source-and-mozc-pos	1851	1851	review_data	根拠不足の一般語分類または同名項目による分類を外し、標準辞書から保留。
みやうち	宮内	organization,person,place	place	https://www.post.japanpost.jp/service/search/zipcode/download/utf-zip.html	https://www.wikidata.org/wiki/Q17990462,https://www.wikidata.org/wiki/Q26203182,https://www.wikidata.org/wiki/Q38742588;mozc-place-pair;https://www.post.japanpost.jp/service/search/zipcode/download/utf-zip.html	1851	1851	retained	照合済みの読みと役割を保持
ひがしどおり	東通	organization,place	place	https://www.post.japanpost.jp/service/search/zipcode/download/utf-zip.html	https://www.wikidata.org/wiki/Q11528396;mozc-place-pair;https://www.post.japanpost.jp/service/search/zipcode/download/utf-zip.html	1851	1851	categories_restricted	未確認の同名項目による分類を外す。最終カテゴリ: place
しょうじろう	章二郎	person	neologd	https://www.wikidata.org/wiki/Q29555643#P1814	https://www.wikidata.org/wiki/Q29555643	1851	1851	retained	照合済みの読みと役割を保持
たいが	たいが	person	person	https://www.wikidata.org/wiki/Q123594599#P1814;https://www.wikidata.org/wiki/Q135431937#P1814;https://www.wikidata.org/wiki/Q26448352#P1814	https://www.wikidata.org/wiki/Q123594599,https://www.wikidata.org/wiki/Q135431937,https://www.wikidata.org/wiki/Q26448352	1851	1851	retained	照合済みの読みと役割を保持
きたはら	北原	person,place	place	https://www.post.japanpost.jp/service/search/zipcode/download/utf-zip.html	https://www.wikidata.org/wiki/Q26203428;mozc-place-pair;https://www.post.japanpost.jp/service/search/zipcode/download/utf-zip.html	1851	1851	retained	照合済みの読みと役割を保持
まにわしかみいちぜ	真庭市上市瀬	place	place	https://www.post.japanpost.jp/service/search/zipcode/download/utf-zip.html	no-semantic-evidence;https://www.post.japanpost.jp/service/search/zipcode/download/utf-zip.html	1851	1851	retained	照合済みの読みと役割を保持
ももやまちょうつかつき	桃山町調月	place	place,common	https://www.post.japanpost.jp/service/search/zipcode/download/utf-zip.html	no-semantic-evidence;https://www.post.japanpost.jp/service/search/zipcode/download/utf-zip.html	1851	1851	retained	照合済みの読みと役割を保持
しんじゅくくおおくぼ	新宿区大久保	place	place,neologd	https://www.post.japanpost.jp/service/search/zipcode/download/utf-zip.html	no-semantic-evidence;https://www.post.japanpost.jp/service/search/zipcode/download/utf-zip.html	1851	1851	retained	照合済みの読みと役割を保持
みやのちょう	宮野町	place	place,wiki	https://www.post.japanpost.jp/service/search/zipcode/download/utf-zip.html	no-semantic-evidence;https://www.post.japanpost.jp/service/search/zipcode/download/utf-zip.html	1851	1851	retained	照合済みの読みと役割を保持
りふるしゃっふる	リフルシャッフル	general	common	mozc-exact-reading-surface	source-and-mozc-pos	1851	1851	review_data	根拠不足の一般語分類または同名項目による分類を外し、標準辞書から保留。
とぅっく	トゥック	general	neologd	mozc-exact-reading-surface	source-and-mozc-pos	1851	1851	review_data	根拠不足の一般語分類または同名項目による分類を外し、標準辞書から保留。
えらいさ	エライサ	general	wiki	mozc-exact-reading-surface	source-and-mozc-pos	1851	1851	review_data	根拠不足の一般語分類または同名項目による分類を外し、標準辞書から保留。
みずず	みずず	person	neologd	https://www.wikidata.org/wiki/Q27264209#P1814	https://www.wikidata.org/wiki/Q27264209	1851	1851	retained	照合済みの読みと役割を保持
ここな	ここな	person	person	https://www.wikidata.org/wiki/Q126176865#P1814	https://www.wikidata.org/wiki/Q126176865	1851	1851	retained	照合済みの読みと役割を保持
たかばたけ	高畑	person,place	place	https://www.post.japanpost.jp/service/search/zipcode/download/utf-zip.html	https://www.wikidata.org/wiki/Q118332244;mozc-place-pair;https://www.post.japanpost.jp/service/search/zipcode/download/utf-zip.html	1851	1851	retained	照合済みの読みと役割を保持
しずおかしあおいくかどや	静岡市葵区門屋	place	place	https://www.post.japanpost.jp/service/search/zipcode/download/utf-zip.html	no-semantic-evidence;https://www.post.japanpost.jp/service/search/zipcode/download/utf-zip.html	1851	1851	retained	照合済みの読みと役割を保持
かすかわまちしもひがしたなぼ	粕川町下東田面	place	place,common	https://www.post.japanpost.jp/service/search/zipcode/download/utf-zip.html	no-semantic-evidence;https://www.post.japanpost.jp/service/search/zipcode/download/utf-zip.html	1851	1851	retained	照合済みの読みと役割を保持
はりすりきた	針摺北	place	place,neologd	https://www.post.japanpost.jp/service/search/zipcode/download/utf-zip.html	no-semantic-evidence;https://www.post.japanpost.jp/service/search/zipcode/download/utf-zip.html	1851	1851	retained	照合済みの読みと役割を保持
いのくちしんまち	井ノ口新町	place	place,wiki	https://www.post.japanpost.jp/service/search/zipcode/download/utf-zip.html	no-semantic-evidence;https://www.post.japanpost.jp/service/search/zipcode/download/utf-zip.html	1851	1851	retained	照合済みの読みと役割を保持
しょうぶのこころ	尚武のこころ	general	common	https://www.wikidata.org/wiki/Q11464801#P1814	source-and-mozc-pos	1851	1851	review_data	根拠不足の一般語分類または同名項目による分類を外し、標準辞書から保留。
しゅはり	守破離	general	neologd	mozc-exact-reading-surface	source-and-mozc-pos	1851	1851	review_data	根拠不足の一般語分類または同名項目による分類を外し、標準辞書から保留。
えっほえっほ	エッホエッホ	general	wiki	mozc-exact-reading-surface	source-and-mozc-pos	1851	1851	review_data	根拠不足の一般語分類または同名項目による分類を外し、標準辞書から保留。
ひろあき	央耿	person	neologd	https://www.wikidata.org/wiki/Q141170315#P1814	https://www.wikidata.org/wiki/Q141170315	1851	1851	retained	照合済みの読みと役割を保持
みなみかわ	みなみかわ	person	person	https://www.wikidata.org/wiki/Q27167365#P1814	https://www.wikidata.org/wiki/Q115528941,https://www.wikidata.org/wiki/Q27167365	1851	1851	retained	照合済みの読みと役割を保持
みなみの	南野	person,place	place	https://www.post.japanpost.jp/service/search/zipcode/download/utf-zip.html	https://www.wikidata.org/wiki/Q27167126;mozc-place-pair;https://www.post.japanpost.jp/service/search/zipcode/download/utf-zip.html	1851	1851	retained	照合済みの読みと役割を保持
いがしたかやま	伊賀市高山	place	place	https://www.post.japanpost.jp/service/search/zipcode/download/utf-zip.html	no-semantic-evidence;https://www.post.japanpost.jp/service/search/zipcode/download/utf-zip.html	1851	1851	retained	照合済みの読みと役割を保持
なかまるちょう	中丸町	place	place,common	https://www.post.japanpost.jp/service/search/zipcode/download/utf-zip.html	no-semantic-evidence;https://www.post.japanpost.jp/service/search/zipcode/download/utf-zip.html	1851	1851	retained	照合済みの読みと役割を保持
まえばるきた	前原北	place	place,neologd	https://www.post.japanpost.jp/service/search/zipcode/download/utf-zip.html	no-semantic-evidence;https://www.post.japanpost.jp/service/search/zipcode/download/utf-zip.html	1851	1851	retained	照合済みの読みと役割を保持
こざかしまち	小坂子町	place	place,wiki	https://www.post.japanpost.jp/service/search/zipcode/download/utf-zip.html	no-semantic-evidence;https://www.post.japanpost.jp/service/search/zipcode/download/utf-zip.html	1851	1851	retained	照合済みの読みと役割を保持
はなのてら	花の寺	general	common	mozc-exact-reading-surface	source-and-mozc-pos	1851	1851	review_data	根拠不足の一般語分類または同名項目による分類を外し、標準辞書から保留。
そうだりん	操舵輪	general	neologd	mozc-exact-reading-surface	source-and-mozc-pos	1851	1851	review_data	根拠不足の一般語分類または同名項目による分類を外し、標準辞書から保留。
あさーと	アサート	general	wiki	mozc-exact-reading-surface	source-and-mozc-pos	1851	1851	review_data	根拠不足の一般語分類または同名項目による分類を外し、標準辞書から保留。
こあき	小秋	person	neologd	https://www.wikidata.org/wiki/Q131304832#P1814	https://www.wikidata.org/wiki/Q131304832	1851	1851	retained	照合済みの読みと役割を保持
あさくら	あさくら	person	person	https://www.wikidata.org/wiki/Q113879238#P1814;https://www.wikidata.org/wiki/Q27169075#P1814	https://www.wikidata.org/wiki/Q113879238,https://www.wikidata.org/wiki/Q27169075	1851	1851	retained	照合済みの読みと役割を保持
すざき	須崎	person,place	place	https://www.post.japanpost.jp/service/search/zipcode/download/utf-zip.html	https://www.wikidata.org/wiki/Q26449649;mozc-place-pair;https://www.post.japanpost.jp/service/search/zipcode/download/utf-zip.html	1851	1851	retained	照合済みの読みと役割を保持
だいせんしすぎやまだ	大仙市杉山田	place	place	https://www.post.japanpost.jp/service/search/zipcode/download/utf-zip.html	no-semantic-evidence;https://www.post.japanpost.jp/service/search/zipcode/download/utf-zip.html	1851	1851	retained	照合済みの読みと役割を保持
かいようこうえん	海洋公園	place	place,common	https://www.post.japanpost.jp/service/search/zipcode/download/utf-zip.html	no-semantic-evidence;https://www.post.japanpost.jp/service/search/zipcode/download/utf-zip.html	1851	1851	retained	照合済みの読みと役割を保持
みしまちゅうおう	三島中央	place	place,neologd	https://www.post.japanpost.jp/service/search/zipcode/download/utf-zip.html	no-semantic-evidence;https://www.post.japanpost.jp/service/search/zipcode/download/utf-zip.html	1851	1851	retained	照合済みの読みと役割を保持
のなかちょう	野中町	place	place,wiki	https://www.post.japanpost.jp/service/search/zipcode/download/utf-zip.html	no-semantic-evidence;https://www.post.japanpost.jp/service/search/zipcode/download/utf-zip.html	1851	1851	retained	照合済みの読みと役割を保持
さんせるも	サンセルモ	general	common	mozc-exact-reading-surface	source-and-mozc-pos	1851	1851	review_data	根拠不足の一般語分類または同名項目による分類を外し、標準辞書から保留。
はんかちのき	ハンカチの木	general	neologd	mozc-exact-reading-surface	source-and-mozc-pos	1851	1851	review_data	根拠不足の一般語分類または同名項目による分類を外し、標準辞書から保留。
てゅるきえ	テュルキエ	general	wiki	mozc-exact-reading-surface	source-and-mozc-pos	1851	1851	review_data	根拠不足の一般語分類または同名項目による分類を外し、標準辞書から保留。
ゆりな	夕里菜	person	neologd	https://www.wikidata.org/wiki/Q132851694#P1814	https://www.wikidata.org/wiki/Q132851694	1851	1851	retained	照合済みの読みと役割を保持
しゅうへい	しゅうへい	person	person	https://www.wikidata.org/wiki/Q123688190#P1814;https://www.wikidata.org/wiki/Q136487279#P1814;https://www.wikidata.org/wiki/Q139559618#P1814	https://www.wikidata.org/wiki/Q123688190,https://www.wikidata.org/wiki/Q136487279,https://www.wikidata.org/wiki/Q139559618	1851	1851	retained	照合済みの読みと役割を保持
しまむら	島村	person,place	place	https://www.post.japanpost.jp/service/search/zipcode/download/utf-zip.html	https://www.wikidata.org/wiki/Q11476375,https://www.wikidata.org/wiki/Q11476376,https://www.wikidata.org/wiki/Q11476377,https://www.wikidata.org/wiki/Q11476378,https://www.wikidata.org/wiki/Q17175261,https://www.wikidata.org/wiki/Q18988942,https://www.wikidata.org/wiki/Q18989014,https://www.wikidata.org/wiki/Q22130176,https://www.wikidata.org/wiki/Q26215392;mozc-place-pair;https://www.post.japanpost.jp/service/search/zipcode/download/utf-zip.html	1851	1851	retained	照合済みの読みと役割を保持
なんようしかねざわ	南陽市金沢	place	place	https://www.post.japanpost.jp/service/search/zipcode/download/utf-zip.html	no-semantic-evidence;https://www.post.japanpost.jp/service/search/zipcode/download/utf-zip.html	1851	1851	retained	照合済みの読みと役割を保持
こじまたまち	小島田町	place	place,common	https://www.post.japanpost.jp/service/search/zipcode/download/utf-zip.html	no-semantic-evidence;https://www.post.japanpost.jp/service/search/zipcode/download/utf-zip.html	1851	1851	retained	照合済みの読みと役割を保持
たくまち	多久町	place	place,neologd	https://www.post.japanpost.jp/service/search/zipcode/download/utf-zip.html	no-semantic-evidence;https://www.post.japanpost.jp/service/search/zipcode/download/utf-zip.html	1851	1851	retained	照合済みの読みと役割を保持
ふくいちょう	福井町	place	place,wiki	https://www.post.japanpost.jp/service/search/zipcode/download/utf-zip.html	no-semantic-evidence;https://www.post.japanpost.jp/service/search/zipcode/download/utf-zip.html	1851	1851	retained	照合済みの読みと役割を保持
だんどうがく	弾道学	general	common	mozc-exact-reading-surface	source-and-mozc-pos	1851	1851	review_data	根拠不足の一般語分類または同名項目による分類を外し、標準辞書から保留。
じゃくらんはん	雀卵斑	general	neologd	mozc-exact-reading-surface	source-and-mozc-pos	1851	1851	review_data	根拠不足の一般語分類または同名項目による分類を外し、標準辞書から保留。
でんきぎし	電気技師	general	wiki	mozc-exact-reading-surface	source-and-mozc-pos	1851	1851	review_data	根拠不足の一般語分類または同名項目による分類を外し、標準辞書から保留。
みつい	三都井	person	neologd	https://www.wikidata.org/wiki/Q43660503#P1814	https://www.wikidata.org/wiki/Q43660503	1851	1851	retained	照合済みの読みと役割を保持
たなか	たなか	person	person	https://www.wikidata.org/wiki/Q125504504#P1814	https://www.wikidata.org/wiki/Q125504504	1851	1851	retained	照合済みの読みと役割を保持
はたはら	畑原	person,place	place	https://www.post.japanpost.jp/service/search/zipcode/download/utf-zip.html	https://www.wikidata.org/wiki/Q11578437,https://www.wikidata.org/wiki/Q40105351;mozc-place-pair;https://www.post.japanpost.jp/service/search/zipcode/download/utf-zip.html	1851	1851	retained	照合済みの読みと役割を保持
ひがしつがるぐんよもぎたむらひろせ	東津軽郡蓬田村広瀬	place	place	https://www.post.japanpost.jp/service/search/zipcode/download/utf-zip.html	no-semantic-evidence;https://www.post.japanpost.jp/service/search/zipcode/download/utf-zip.html	1851	1851	retained	照合済みの読みと役割を保持
なないちゅうおう	七井中央	place	place,common	https://www.post.japanpost.jp/service/search/zipcode/download/utf-zip.html	no-semantic-evidence;https://www.post.japanpost.jp/service/search/zipcode/download/utf-zip.html	1851	1851	retained	照合済みの読みと役割を保持
おさちしずめ	長地鎮	place	place,neologd	https://www.post.japanpost.jp/service/search/zipcode/download/utf-zip.html	no-semantic-evidence;https://www.post.japanpost.jp/service/search/zipcode/download/utf-zip.html	1851	1851	retained	照合済みの読みと役割を保持
かわらはままち	河原浜町	place	place,wiki	https://www.post.japanpost.jp/service/search/zipcode/download/utf-zip.html	no-semantic-evidence;https://www.post.japanpost.jp/service/search/zipcode/download/utf-zip.html	1851	1851	retained	照合済みの読みと役割を保持
もれった	モレッタ	general	common	mozc-exact-reading-surface	source-and-mozc-pos	1851	1851	review_data	根拠不足の一般語分類または同名項目による分類を外し、標準辞書から保留。
ぜつがん	舌がん	general	neologd	mozc-exact-reading-surface	source-and-mozc-pos	1851	1851	review_data	根拠不足の一般語分類または同名項目による分類を外し、標準辞書から保留。
はまめっと	ハマメット	general	wiki	mozc-exact-reading-surface	source-and-mozc-pos	1851	1851	review_data	根拠不足の一般語分類または同名項目による分類を外し、標準辞書から保留。
れいざぶろう	麗三郎	person	neologd	https://www.wikidata.org/wiki/Q128587930#P1814	https://www.wikidata.org/wiki/Q128587930	1851	1851	retained	照合済みの読みと役割を保持
ちゃた	ちゃた	person	person	https://www.wikidata.org/wiki/Q27238042#P1814	https://www.wikidata.org/wiki/Q27238042	1851	1851	retained	照合済みの読みと役割を保持
しんでん	新田	person,place	place	https://www.post.japanpost.jp/service/search/zipcode/download/utf-zip.html	https://www.wikidata.org/wiki/Q11503674,https://www.wikidata.org/wiki/Q26157593,https://www.wikidata.org/wiki/Q38744499;mozc-place-pair;https://www.post.japanpost.jp/service/search/zipcode/download/utf-zip.html	1851	1851	retained	照合済みの読みと役割を保持
たなべしほんぐうちょうのだけ	田辺市本宮町野竹	place	place	https://www.post.japanpost.jp/service/search/zipcode/download/utf-zip.html	no-semantic-evidence;https://www.post.japanpost.jp/service/search/zipcode/download/utf-zip.html	1851	1851	retained	照合済みの読みと役割を保持
いちばだい	市場台	place	place,common	https://www.post.japanpost.jp/service/search/zipcode/download/utf-zip.html	no-semantic-evidence;https://www.post.japanpost.jp/service/search/zipcode/download/utf-zip.html	1851	1851	retained	照合済みの読みと役割を保持
さいたましみなみく	さいたま市南区	place	place,neologd	https://www.post.japanpost.jp/service/search/zipcode/download/utf-zip.html	no-semantic-evidence;https://www.post.japanpost.jp/service/search/zipcode/download/utf-zip.html	1851	1851	retained	照合済みの読みと役割を保持
こまだちちょう	駒立町	place	place,wiki	https://www.post.japanpost.jp/service/search/zipcode/download/utf-zip.html	no-semantic-evidence;https://www.post.japanpost.jp/service/search/zipcode/download/utf-zip.html	1851	1851	retained	照合済みの読みと役割を保持
どぼくぎじゅつ	土木技術	general	common	mozc-exact-reading-surface	source-and-mozc-pos	1851	1851	review_data	根拠不足の一般語分類または同名項目による分類を外し、標準辞書から保留。
やくぶつどうたい	薬物動態	general	neologd	mozc-exact-reading-surface	source-and-mozc-pos	1851	1851	review_data	根拠不足の一般語分類または同名項目による分類を外し、標準辞書から保留。
こてんがく	古典学	general	wiki	mozc-exact-reading-surface	source-and-mozc-pos	1851	1851	review_data	根拠不足の一般語分類または同名項目による分類を外し、標準辞書から保留。
しょういちろう	笙一郎	person	neologd	https://www.wikidata.org/wiki/Q29553818#P1814	https://www.wikidata.org/wiki/Q29553818	1851	1851	retained	照合済みの読みと役割を保持
しのはら	しのはら	person	person	https://www.wikidata.org/wiki/Q26444715#P1814;https://www.wikidata.org/wiki/Q27237641#P1814	https://www.wikidata.org/wiki/Q26444715,https://www.wikidata.org/wiki/Q27237641	1851	1851	retained	照合済みの読みと役割を保持
かしゅう	賀集	person,place	place	https://www.post.japanpost.jp/service/search/zipcode/download/utf-zip.html	https://www.wikidata.org/wiki/Q43512093;mozc-place-pair;https://www.post.japanpost.jp/service/search/zipcode/download/utf-zip.html	1851	1851	retained	照合済みの読みと役割を保持
さかいしまるおかちょうまつかわちょう	坂井市丸岡町松川町	place	place	https://www.post.japanpost.jp/service/search/zipcode/download/utf-zip.html	no-semantic-evidence;https://www.post.japanpost.jp/service/search/zipcode/download/utf-zip.html	1851	1851	retained	照合済みの読みと役割を保持
かたひらちょう	片平町	place	place,common	https://www.post.japanpost.jp/service/search/zipcode/download/utf-zip.html	no-semantic-evidence;https://www.post.japanpost.jp/service/search/zipcode/download/utf-zip.html	1851	1851	retained	照合済みの読みと役割を保持
やとみしたけた	弥富市竹田	place	place,neologd	https://www.post.japanpost.jp/service/search/zipcode/download/utf-zip.html	no-semantic-evidence;https://www.post.japanpost.jp/service/search/zipcode/download/utf-zip.html	1851	1851	retained	照合済みの読みと役割を保持
ふくおかまちえじり	福岡町江尻	place	place,wiki	https://www.post.japanpost.jp/service/search/zipcode/download/utf-zip.html	no-semantic-evidence;https://www.post.japanpost.jp/service/search/zipcode/download/utf-zip.html	1851	1851	retained	照合済みの読みと役割を保持
すとっくしゃしん	ストック写真	general	common	mozc-exact-reading-surface	source-and-mozc-pos	1851	1851	review_data	根拠不足の一般語分類または同名項目による分類を外し、標準辞書から保留。
いものこ	芋の子	general	neologd	mozc-exact-reading-surface	source-and-mozc-pos	1851	1851	review_data	根拠不足の一般語分類または同名項目による分類を外し、標準辞書から保留。
うぉーたーりひと	ウォーターリヒト	general	wiki	mozc-exact-reading-surface	source-and-mozc-pos	1851	1851	review_data	根拠不足の一般語分類または同名項目による分類を外し、標準辞書から保留。
きりたに	桐溪	person	neologd	https://www.wikidata.org/wiki/Q121366110#P1814	https://www.wikidata.org/wiki/Q121366110	1851	1851	retained	照合済みの読みと役割を保持
かずま	かずま	person	person	https://www.wikidata.org/wiki/Q127463287#P1814;https://www.wikidata.org/wiki/Q135295154#P1814;https://www.wikidata.org/wiki/Q136460027#P1814	https://www.wikidata.org/wiki/Q127463287,https://www.wikidata.org/wiki/Q135295154,https://www.wikidata.org/wiki/Q136460027	1851	1851	retained	照合済みの読みと役割を保持
しげまつ	重松	person,place	place	https://www.post.japanpost.jp/service/search/zipcode/download/utf-zip.html	https://www.wikidata.org/wiki/Q43609474;mozc-place-pair;https://www.post.japanpost.jp/service/search/zipcode/download/utf-zip.html	1851	1851	retained	照合済みの読みと役割を保持
ながはまちょうくしゅうこう	長浜町櫛生甲	place	place	https://www.post.japanpost.jp/service/search/zipcode/download/utf-zip.html	no-semantic-evidence;https://www.post.japanpost.jp/service/search/zipcode/download/utf-zip.html	1851	1851	retained	照合済みの読みと役割を保持
きょうえいまち	共栄町	place	place,common	https://www.post.japanpost.jp/service/search/zipcode/download/utf-zip.html	no-semantic-evidence;https://www.post.japanpost.jp/service/search/zipcode/download/utf-zip.html	1851	1851	retained	照合済みの読みと役割を保持
そういんひがし	惣印東	place	place,neologd	https://www.post.japanpost.jp/service/search/zipcode/download/utf-zip.html	no-semantic-evidence;https://www.post.japanpost.jp/service/search/zipcode/download/utf-zip.html	1851	1851	retained	照合済みの読みと役割を保持
さくらいほんまち	桜井本町	place	place,wiki	https://www.post.japanpost.jp/service/search/zipcode/download/utf-zip.html	no-semantic-evidence;https://www.post.japanpost.jp/service/search/zipcode/download/utf-zip.html	1851	1851	retained	照合済みの読みと役割を保持
すなっふふぃるむ	スナッフフィルム	general	common	mozc-exact-reading-surface	source-and-mozc-pos	1851	1851	review_data	根拠不足の一般語分類または同名項目による分類を外し、標準辞書から保留。
めんてなー	メンテナー	general	neologd	mozc-exact-reading-surface	source-and-mozc-pos	1851	1851	review_data	根拠不足の一般語分類または同名項目による分類を外し、標準辞書から保留。
たいひょうめんせき	体表面積	general	wiki	mozc-exact-reading-surface	source-and-mozc-pos	1851	1851	review_data	根拠不足の一般語分類または同名項目による分類を外し、標準辞書から保留。
たんね	丹根	person	neologd	https://www.wikidata.org/wiki/Q120669011#P1814	https://www.wikidata.org/wiki/Q120669011	1851	1851	retained	照合済みの読みと役割を保持
さかもと	さかもと	person	person	https://www.wikidata.org/wiki/Q26215453#P1814;https://www.wikidata.org/wiki/Q26216169#P1814;https://www.wikidata.org/wiki/Q26216357#P1814;https://www.wikidata.org/wiki/Q26450393#P1814	https://www.wikidata.org/wiki/Q26215453,https://www.wikidata.org/wiki/Q26216169,https://www.wikidata.org/wiki/Q26216357,https://www.wikidata.org/wiki/Q26450393	1851	1851	retained	照合済みの読みと役割を保持
こたけ	小竹	person,place	place	https://www.post.japanpost.jp/service/search/zipcode/download/utf-zip.html	https://www.wikidata.org/wiki/Q26439294;mozc-place-pair;https://www.post.japanpost.jp/service/search/zipcode/download/utf-zip.html	1851	1851	retained	照合済みの読みと役割を保持
うだしはいばらひふ	宇陀市榛原比布	place	place	https://www.post.japanpost.jp/service/search/zipcode/download/utf-zip.html	no-semantic-evidence;https://www.post.japanpost.jp/service/search/zipcode/download/utf-zip.html	1851	1851	retained	照合済みの読みと役割を保持
みなくちちょうなかやしき	水口町中邸	place	place,common	https://www.post.japanpost.jp/service/search/zipcode/download/utf-zip.html	no-semantic-evidence;https://www.post.japanpost.jp/service/search/zipcode/download/utf-zip.html	1851	1851	retained	照合済みの読みと役割を保持
ささまち	笹町	place	place,neologd	https://www.post.japanpost.jp/service/search/zipcode/download/utf-zip.html	no-semantic-evidence;https://www.post.japanpost.jp/service/search/zipcode/download/utf-zip.html	1851	1851	retained	照合済みの読みと役割を保持
こしづちょう	越津町	place	place,wiki	https://www.post.japanpost.jp/service/search/zipcode/download/utf-zip.html	no-semantic-evidence;https://www.post.japanpost.jp/service/search/zipcode/download/utf-zip.html	1851	1851	retained	照合済みの読みと役割を保持
いらりおん	イラリオン	general	common	mozc-exact-reading-surface	source-and-mozc-pos	1851	1851	review_data	根拠不足の一般語分類または同名項目による分類を外し、標準辞書から保留。
おひがん	お彼岸	general	neologd	mozc-exact-reading-surface	source-and-mozc-pos	1851	1851	review_data	根拠不足の一般語分類または同名項目による分類を外し、標準辞書から保留。
よらーん	ヨラーン	general	wiki	mozc-exact-reading-surface	source-and-mozc-pos	1851	1851	review_data	根拠不足の一般語分類または同名項目による分類を外し、標準辞書から保留。
ただし	忠始	person	neologd	https://www.wikidata.org/wiki/Q131005818#P1814	https://www.wikidata.org/wiki/Q131005818	1851	1851	retained	照合済みの読みと役割を保持
このえ	このえ	person	person	https://www.wikidata.org/wiki/Q26449022#P1814;https://www.wikidata.org/wiki/Q43609174#P1814	https://www.wikidata.org/wiki/Q26449022,https://www.wikidata.org/wiki/Q43609174	1851	1851	retained	照合済みの読みと役割を保持
たかつ	高津	person,place	place	https://www.post.japanpost.jp/service/search/zipcode/download/utf-zip.html	https://www.wikidata.org/wiki/Q26439016,https://www.wikidata.org/wiki/Q38744297;mozc-place-pair;https://www.post.japanpost.jp/service/search/zipcode/download/utf-zip.html	1851	1851	retained	照合済みの読みと役割を保持
いいじままつねひがしちょう	飯島松根東町	place	place	https://www.post.japanpost.jp/service/search/zipcode/download/utf-zip.html	no-semantic-evidence;https://www.post.japanpost.jp/service/search/zipcode/download/utf-zip.html	1851	1851	retained	照合済みの読みと役割を保持
しもおきまち	下沖町	place	place,common	https://www.post.japanpost.jp/service/search/zipcode/download/utf-zip.html	no-semantic-evidence;https://www.post.japanpost.jp/service/search/zipcode/download/utf-zip.html	1851	1851	retained	照合済みの読みと役割を保持
なかほろない	中幌内	place	place,neologd	https://www.post.japanpost.jp/service/search/zipcode/download/utf-zip.html	no-semantic-evidence;https://www.post.japanpost.jp/service/search/zipcode/download/utf-zip.html	1851	1851	retained	照合済みの読みと役割を保持
きよたけちょうにししんまち	清武町西新町	place	place,wiki	https://www.post.japanpost.jp/service/search/zipcode/download/utf-zip.html	no-semantic-evidence;https://www.post.japanpost.jp/service/search/zipcode/download/utf-zip.html	1851	1851	retained	照合済みの読みと役割を保持
もきしふろきさしん	モキシフロキサシン	general	common	mozc-exact-reading-surface	source-and-mozc-pos	1851	1851	review_data	根拠不足の一般語分類または同名項目による分類を外し、標準辞書から保留。
ふゆうがき	富有柿	general	neologd	mozc-exact-reading-surface	source-and-mozc-pos	1851	1851	review_data	根拠不足の一般語分類または同名項目による分類を外し、標準辞書から保留。
えにまり	エニマリ	general	wiki	mozc-exact-reading-surface	source-and-mozc-pos	1851	1851	review_data	根拠不足の一般語分類または同名項目による分類を外し、標準辞書から保留。
なかしな	中科	person	neologd	https://www.wikidata.org/wiki/Q49149666#P1814	https://www.wikidata.org/wiki/Q49149666	1851	1851	retained	照合済みの読みと役割を保持
れいら	れいら	person	person	https://www.wikidata.org/wiki/Q46995842#P1814	https://www.wikidata.org/wiki/Q46995842	1851	1851	retained	照合済みの読みと役割を保持
ぬまかわ	沼川	person,place	place	https://www.post.japanpost.jp/service/search/zipcode/download/utf-zip.html	https://www.wikidata.org/wiki/Q40103933;https://www.post.japanpost.jp/service/search/zipcode/download/utf-zip.html	1851	1851	retained	照合済みの読みと役割を保持
うんぜんしくにみちょうこうじろき	雲仙市国見町神代己	place	place	https://www.post.japanpost.jp/service/search/zipcode/download/utf-zip.html	no-semantic-evidence;https://www.post.japanpost.jp/service/search/zipcode/download/utf-zip.html	1851	1851	retained	照合済みの読みと役割を保持
ふじかわあらこ	藤川荒古	place	place,common	https://www.post.japanpost.jp/service/search/zipcode/download/utf-zip.html	no-semantic-evidence;https://www.post.japanpost.jp/service/search/zipcode/download/utf-zip.html	1851	1851	retained	照合済みの読みと役割を保持
きょうわく	協和区	place	place,neologd	https://www.post.japanpost.jp/service/search/zipcode/download/utf-zip.html	no-semantic-evidence;https://www.post.japanpost.jp/service/search/zipcode/download/utf-zip.html	1851	1851	retained	照合済みの読みと役割を保持
なかはまみちょう	那加浜見町	place	place,wiki	https://www.post.japanpost.jp/service/search/zipcode/download/utf-zip.html	no-semantic-evidence;https://www.post.japanpost.jp/service/search/zipcode/download/utf-zip.html	1851	1851	retained	照合済みの読みと役割を保持
とぅわーく	トゥワーク	general	common	mozc-exact-reading-surface	source-and-mozc-pos	1851	1851	review_data	根拠不足の一般語分類または同名項目による分類を外し、標準辞書から保留。
かかおまめ	カカオ豆	general	neologd	mozc-exact-reading-surface	source-and-mozc-pos	1851	1851	review_data	根拠不足の一般語分類または同名項目による分類を外し、標準辞書から保留。
おんこりす	オンコリス	general	wiki	mozc-exact-reading-surface	source-and-mozc-pos	1851	1851	review_data	根拠不足の一般語分類または同名項目による分類を外し、標準辞書から保留。
たのはた	田ノ畑	person	neologd	https://www.wikidata.org/wiki/Q131394310#P1814	https://www.wikidata.org/wiki/Q131394310	1851	1851	retained	照合済みの読みと役割を保持
れんじろう	れんじろう	person	person	https://www.wikidata.org/wiki/Q127524153#P1814	https://www.wikidata.org/wiki/Q127524153	1851	1851	retained	照合済みの読みと役割を保持
くろべ	黒部	person,place	place	https://www.post.japanpost.jp/service/search/zipcode/download/utf-zip.html	https://www.wikidata.org/wiki/Q43610880;mozc-place-pair;https://www.post.japanpost.jp/service/search/zipcode/download/utf-zip.html	1851	1851	retained	照合済みの読みと役割を保持
しずおかしあおいくかわなべちょう	静岡市葵区川辺町	place	place	https://www.post.japanpost.jp/service/search/zipcode/download/utf-zip.html	no-semantic-evidence;https://www.post.japanpost.jp/service/search/zipcode/download/utf-zip.html	1851	1851	retained	照合済みの読みと役割を保持
やつおまちめっき	八尾町滅鬼	place	place,common	https://www.post.japanpost.jp/service/search/zipcode/download/utf-zip.html	no-semantic-evidence;https://www.post.japanpost.jp/service/search/zipcode/download/utf-zip.html	1851	1851	retained	照合済みの読みと役割を保持
かいろうやまみなみ	海老山南	place	place,neologd	https://www.post.japanpost.jp/service/search/zipcode/download/utf-zip.html	no-semantic-evidence;https://www.post.japanpost.jp/service/search/zipcode/download/utf-zip.html	1851	1851	retained	照合済みの読みと役割を保持
みやいしちょう	宮石町	place	place,wiki	https://www.post.japanpost.jp/service/search/zipcode/download/utf-zip.html	no-semantic-evidence;https://www.post.japanpost.jp/service/search/zipcode/download/utf-zip.html	1851	1851	retained	照合済みの読みと役割を保持
ふりーほいーる	フリーホイール	general	common	mozc-exact-reading-surface	source-and-mozc-pos	1851	1851	review_data	根拠不足の一般語分類または同名項目による分類を外し、標準辞書から保留。
せんもんがっか	専門学科	general	neologd	mozc-exact-reading-surface	source-and-mozc-pos	1851	1851	review_data	根拠不足の一般語分類または同名項目による分類を外し、標準辞書から保留。
かせいのじょおう	火星の女王	general	wiki	mozc-exact-reading-surface	source-and-mozc-pos	1851	1851	review_data	根拠不足の一般語分類または同名項目による分類を外し、標準辞書から保留。
すぎさき	杉咲	person	neologd	https://www.wikidata.org/wiki/Q131781483#P1814	https://www.wikidata.org/wiki/Q131781483	1851	1851	retained	照合済みの読みと役割を保持
あおい	碧唯	person	person	https://www.wikidata.org/wiki/Q134527455#P1814	https://www.wikidata.org/wiki/Q134527455	1851	1851	retained	照合済みの読みと役割を保持
あかた	赤田	person,place	place	https://www.post.japanpost.jp/service/search/zipcode/download/utf-zip.html	https://www.wikidata.org/wiki/Q27242737;mozc-place-pair;https://www.post.japanpost.jp/service/search/zipcode/download/utf-zip.html	1851	1851	retained	照合済みの読みと役割を保持
はやし	林	place	place	https://www.post.japanpost.jp/service/search/zipcode/download/utf-zip.html	source-and-mozc-pos;https://www.post.japanpost.jp/service/search/zipcode/download/utf-zip.html	1851	1851	retained	照合済みの読みと役割を保持
まついだまちはら	松井田町原	place	place,common	https://www.post.japanpost.jp/service/search/zipcode/download/utf-zip.html	no-semantic-evidence;https://www.post.japanpost.jp/service/search/zipcode/download/utf-zip.html	1851	1851	retained	照合済みの読みと役割を保持
ひゃくねんこうえん	百年公園	place	place,neologd	https://www.post.japanpost.jp/service/search/zipcode/download/utf-zip.html	no-semantic-evidence;https://www.post.japanpost.jp/service/search/zipcode/download/utf-zip.html	1851	1851	retained	照合済みの読みと役割を保持
なかだいもんちょう	那加大門町	place	place,wiki	https://www.post.japanpost.jp/service/search/zipcode/download/utf-zip.html	no-semantic-evidence;https://www.post.japanpost.jp/service/search/zipcode/download/utf-zip.html	1851	1851	retained	照合済みの読みと役割を保持
りけっつ	リケッツ	general	common	mozc-exact-reading-surface	source-and-mozc-pos	1851	1851	review_data	根拠不足の一般語分類または同名項目による分類を外し、標準辞書から保留。
ちゅうかそば	中華蕎麦	general	neologd	mozc-exact-reading-surface	source-and-mozc-pos	1851	1851	review_data	根拠不足の一般語分類または同名項目による分類を外し、標準辞書から保留。
きらーめ	キラーメ	general	wiki	mozc-exact-reading-surface	source-and-mozc-pos	1851	1851	review_data	根拠不足の一般語分類または同名項目による分類を外し、標準辞書から保留。
たくみ	太組	person	neologd	https://www.wikidata.org/wiki/Q130423989#P1814	https://www.wikidata.org/wiki/Q130423989	1851	1851	retained	照合済みの読みと役割を保持
みくに	みくに	person	person	https://www.wikidata.org/wiki/Q27166221#P1814	https://www.wikidata.org/wiki/Q27166221	1851	1851	retained	照合済みの読みと役割を保持
にしき	錦	person,place	place	https://www.post.japanpost.jp/service/search/zipcode/download/utf-zip.html	https://www.wikidata.org/wiki/Q43609797;mozc-place-pair;https://www.post.japanpost.jp/service/search/zipcode/download/utf-zip.html	1851	1851	retained	照合済みの読みと役割を保持
はちおうじしはざままち	八王子市狭間町	place	place	https://www.post.japanpost.jp/service/search/zipcode/download/utf-zip.html	no-semantic-evidence;https://www.post.japanpost.jp/service/search/zipcode/download/utf-zip.html	1851	1851	retained	照合済みの読みと役割を保持
こうなんちょうのがわ	甲南町野川	place	place,common	https://www.post.japanpost.jp/service/search/zipcode/download/utf-zip.html	no-semantic-evidence;https://www.post.japanpost.jp/service/search/zipcode/download/utf-zip.html	1851	1851	retained	照合済みの読みと役割を保持
にしきまちみなみ	錦町南	place	place,neologd	https://www.post.japanpost.jp/service/search/zipcode/download/utf-zip.html	no-semantic-evidence;https://www.post.japanpost.jp/service/search/zipcode/download/utf-zip.html	1851	1851	retained	照合済みの読みと役割を保持
はこだまち	箱田町	place	place,wiki	https://www.post.japanpost.jp/service/search/zipcode/download/utf-zip.html	no-semantic-evidence;https://www.post.japanpost.jp/service/search/zipcode/download/utf-zip.html	1851	1851	retained	照合済みの読みと役割を保持
きりのうみ	霧の海	general	common	mozc-exact-reading-surface	source-and-mozc-pos	1851	1851	review_data	根拠不足の一般語分類または同名項目による分類を外し、標準辞書から保留。
いるふぁ	イルファ	general	neologd	mozc-exact-reading-surface	source-and-mozc-pos	1851	1851	review_data	根拠不足の一般語分類または同名項目による分類を外し、標準辞書から保留。
りらくしあ	リラクシア	general	wiki	mozc-exact-reading-surface	source-and-mozc-pos	1851	1851	review_data	根拠不足の一般語分類または同名項目による分類を外し、標準辞書から保留。
さつき	茶月	person	neologd	https://www.wikidata.org/wiki/Q131411321#P1814	https://www.wikidata.org/wiki/Q131411321	1851	1851	retained	照合済みの読みと役割を保持
にいな	にいな	person	person	https://www.wikidata.org/wiki/Q127608721#P1814;https://www.wikidata.org/wiki/Q27169095#P1814;https://www.wikidata.org/wiki/Q27307918#P1814;https://www.wikidata.org/wiki/Q43659151#P1814	https://www.wikidata.org/wiki/Q127608721,https://www.wikidata.org/wiki/Q27169095,https://www.wikidata.org/wiki/Q27307918,https://www.wikidata.org/wiki/Q43659151	1851	1851	retained	照合済みの読みと役割を保持
い	い	person,place	place	https://www.post.japanpost.jp/service/search/zipcode/download/utf-zip.html	https://www.wikidata.org/wiki/Q27165969;https://www.post.japanpost.jp/service/search/zipcode/download/utf-zip.html	1851	1851	retained	照合済みの読みと役割を保持
ぎふしかどやせいひき	岐阜市門屋勢引	place	place	https://www.post.japanpost.jp/service/search/zipcode/download/utf-zip.html	no-semantic-evidence;https://www.post.japanpost.jp/service/search/zipcode/download/utf-zip.html	1851	1851	retained	照合済みの読みと役割を保持
げいのうちょううじい	芸濃町雲林院	place	place,common	https://www.post.japanpost.jp/service/search/zipcode/download/utf-zip.html	no-semantic-evidence;https://www.post.japanpost.jp/service/search/zipcode/download/utf-zip.html	1851	1851	retained	照合済みの読みと役割を保持
やさこく	八迫区	place	place,neologd	https://www.post.japanpost.jp/service/search/zipcode/download/utf-zip.html	no-semantic-evidence;https://www.post.japanpost.jp/service/search/zipcode/download/utf-zip.html	1851	1851	retained	照合済みの読みと役割を保持
しもほんまち	下本町	place	place,wiki	https://www.post.japanpost.jp/service/search/zipcode/download/utf-zip.html	no-semantic-evidence;https://www.post.japanpost.jp/service/search/zipcode/download/utf-zip.html	1851	1851	retained	照合済みの読みと役割を保持
かむかむ	カムカム	general	common	mozc-exact-reading-surface	source-and-mozc-pos	1851	1851	review_data	根拠不足の一般語分類または同名項目による分類を外し、標準辞書から保留。
ろうけんほーむ	老犬ホーム	general	neologd	mozc-exact-reading-surface	source-and-mozc-pos	1851	1851	review_data	根拠不足の一般語分類または同名項目による分類を外し、標準辞書から保留。
ふぁいあすとーむ	ファイアストーム	general	wiki	mozc-exact-reading-surface	source-and-mozc-pos	1851	1851	review_data	根拠不足の一般語分類または同名項目による分類を外し、標準辞書から保留。
やまがた	山像	person	neologd	https://www.wikidata.org/wiki/Q134422794#P1814	https://www.wikidata.org/wiki/Q134422794	1851	1851	retained	照合済みの読みと役割を保持
そうま	そうま	person	person	https://www.wikidata.org/wiki/Q27156430#P1814	https://www.wikidata.org/wiki/Q27156430	1851	1851	retained	照合済みの読みと役割を保持
あかまつ	赤松	person,place	place	https://www.post.japanpost.jp/service/search/zipcode/download/utf-zip.html	https://www.wikidata.org/wiki/Q26229378;mozc-place-pair;https://www.post.japanpost.jp/service/search/zipcode/download/utf-zip.html	1851	1851	retained	照合済みの読みと役割を保持
やすぎしひろせちょうしもやまさ	安来市広瀬町下山佐	place	place	https://www.post.japanpost.jp/service/search/zipcode/download/utf-zip.html	no-semantic-evidence;https://www.post.japanpost.jp/service/search/zipcode/download/utf-zip.html	1851	1851	retained	照合済みの読みと役割を保持
うちわらちょう	内原町	place	place,common	https://www.post.japanpost.jp/service/search/zipcode/download/utf-zip.html	no-semantic-evidence;https://www.post.japanpost.jp/service/search/zipcode/download/utf-zip.html	1851	1851	retained	照合済みの読みと役割を保持
ふなばししかなすぎ	船橋市金杉	place	place,neologd	https://www.post.japanpost.jp/service/search/zipcode/download/utf-zip.html	no-semantic-evidence;https://www.post.japanpost.jp/service/search/zipcode/download/utf-zip.html	1851	1851	retained	照合済みの読みと役割を保持
しののめにしまち	東雲西町	place	place,wiki	https://www.post.japanpost.jp/service/search/zipcode/download/utf-zip.html	no-semantic-evidence;https://www.post.japanpost.jp/service/search/zipcode/download/utf-zip.html	1851	1851	retained	照合済みの読みと役割を保持
すいちゅうもーたー	水中モーター	general	common	mozc-exact-reading-surface	source-and-mozc-pos	1851	1851	review_data	根拠不足の一般語分類または同名項目による分類を外し、標準辞書から保留。
ごぐん	語群	general	neologd	mozc-exact-reading-surface	source-and-mozc-pos	1851	1851	review_data	根拠不足の一般語分類または同名項目による分類を外し、標準辞書から保留。
ちおえーてる	チオエーテル	general	wiki	mozc-exact-reading-surface	source-and-mozc-pos	1851	1851	review_data	根拠不足の一般語分類または同名項目による分類を外し、標準辞書から保留。
ほんあみ	本阿彌	person	neologd	https://www.wikidata.org/wiki/Q39256178#P1814	https://www.wikidata.org/wiki/Q39256178	1851	1851	retained	照合済みの読みと役割を保持
